order_id,user_id,created_at,status
1,168,2026-03-09 12:14:00,shipped
2,433,2025-05-05 16:48:00,delivered
3,628,2025-07-10 09:41:00,delivered
4,829,2025-07-04 13:12:00,delivered
5,187,2024-10-06 09:07:00,delivered
6,633,2026-07-16 08:44:00,delivered
7,193,2025-10-18 00:09:00,pending
8,548,2024-02-15 05:06:00,shipped
9,129,2026-06-16 23:00:00,processing
10,155,2024-01-31 15:13:00,shipped
11,320,2026-10-17 11:29:00,delivered
12,33,2025-11-07 02:53:00,delivered
13,150,2024-04-24 08:49:00,shipped
14,557,2026-08-20 05:12:00,delivered
15,257,2026-02-20 00:07:00,cancelled
16,732,2025-05-24 12:49:00,cancelled
17,254,2024-03-09 06:29:00,delivered
18,97,2026-12-03 21:13:00,delivered
19,698,2025-10-01 10:10:00,delivered
20,44,2026-12-02 03:16:00,delivered
21,306,2025-02-10 11:56:00,pending
22,683,2025-03-22 03:15:00,delivered
23,333,2024-01-31 05:50:00,shipped
24,123,2026-03-21 07:00:00,cancelled
25,596,2026-08-31 22:38:00,processing
26,790,2024-07-02 07:10:00,delivered
27,703,2025-11-24 20:03:00,pending
28,661,2024-11-11 22:34:00,delivered
29,129,2026-09-26 07:20:00,cancelled
30,808,2025-12-12 14:46:00,processing
31,706,2026-02-12 11:46:00,processing
32,921,2024-03-21 15:45:00,shipped
33,302,2026-09-30 06:36:00,processing
34,357,2025-10-24 23:29:00,shipped
35,852,2024-11-24 02:33:00,processing
36,303,2025-06-23 17:23:00,delivered
37,795,2026-11-02 12:46:00,processing
38,20,2026-01-15 19:15:00,shipped
39,65,2026-03-04 06:33:00,delivered
40,785,2024-11-11 19:18:00,shipped
41,657,2025-10-21 03:06:00,delivered
42,69,2024-03-30 04:11:00,delivered
43,207,2024-08-07 15:12:00,pending
44,585,2026-03-06 21:31:00,delivered
45,719,2025-06-08 01:23:00,processing
46,736,2024-05-25 00:59:00,cancelled
47,672,2026-10-03 02:29:00,delivered
48,63,2026-01-09 17:47:00,cancelled
49,426,2026-01-25 22:03:00,delivered
50,273,2026-12-19 01:46:00,pending
51,312,2024-06-08 06:33:00,pending
52,743,2025-04-18 17:24:00,processing
53,539,2025-05-24 18:40:00,cancelled
54,572,2026-04-30 23:06:00,delivered
55,591,2026-01-03 21:29:00,delivered
56,438,2024-08-01 05:50:00,processing
57,412,2026-10-30 10:42:00,processing
58,615,2026-06-26 11:57:00,shipped
59,333,2026-01-31 13:48:00,delivered
60,846,2025-10-24 19:15:00,delivered
61,220,2026-02-07 17:59:00,delivered
62,369,2026-07-15 14:25:00,pending
63,36,2025-08-05 19:01:00,delivered
64,912,2025-09-10 00:19:00,cancelled
65,220,2025-10-06 00:49:00,delivered
66,707,2025-07-19 17:32:00,delivered
67,949,2024-11-12 03:02:00,delivered
68,160,2024-10-10 08:23:00,delivered
69,256,2025-04-22 08:51:00,shipped
70,585,2026-03-29 18:58:00,processing
71,80,2025-10-26 15:11:00,delivered
72,921,2024-07-14 19:41:00,shipped
73,749,2026-02-20 02:49:00,pending
74,790,2025-11-15 11:56:00,delivered
75,427,2024-09-03 07:47:00,delivered
76,617,2024-01-24 20:49:00,delivered
77,56,2025-09-16 16:02:00,shipped
78,579,2024-11-02 10:32:00,delivered
79,157,2024-04-13 21:46:00,cancelled
80,995,2026-07-01 19:36:00,delivered
81,228,2026-06-03 09:50:00,shipped
82,136,2025-11-19 02:30:00,delivered
83,51,2026-03-28 08:05:00,shipped
84,445,2024-09-24 04:30:00,delivered
85,500,2026-03-20 20:36:00,processing
86,631,2026-12-09 07:15:00,pending
87,796,2026-05-30 10:43:00,cancelled
88,92,2024-08-18 21:26:00,shipped
89,357,2025-01-25 10:22:00,delivered
90,25,2025-09-16 05:22:00,delivered
91,823,2026-06-24 19:09:00,shipped
92,947,2025-04-23 06:43:00,shipped
93,776,2024-06-24 03:47:00,pending
94,972,2024-10-29 09:00:00,shipped
95,824,2024-08-15 09:28:00,delivered
96,340,2025-03-04 23:34:00,processing
97,560,2026-12-07 08:35:00,delivered
98,748,2024-10-16 22:44:00,delivered
99,386,2026-12-14 01:16:00,processing
100,291,2025-02-15 22:39:00,shipped
101,477,2024-01-18 02:24:00,delivered
102,679,2026-01-07 03:01:00,shipped
103,905,2026-03-02 07:24:00,delivered
104,727,2024-07-22 10:31:00,delivered
105,545,2024-06-29 05:12:00,delivered
106,469,2024-02-14 01:15:00,cancelled
107,313,2025-11-14 15:25:00,delivered
108,19,2025-12-11 21:22:00,shipped
109,310,2025-04-28 16:17:00,delivered
110,641,2025-06-11 12:56:00,cancelled
111,31,2025-07-27 07:09:00,shipped
112,403,2024-10-08 02:46:00,shipped
113,984,2025-04-10 13:15:00,delivered
114,437,2025-10-01 19:21:00,shipped
115,135,2025-02-27 20:08:00,delivered
116,701,2025-02-18 04:19:00,delivered
117,921,2026-12-08 04:27:00,cancelled
118,1000,2024-10-24 20:59:00,delivered
119,162,2025-10-12 02:35:00,delivered
120,737,2024-08-30 05:20:00,delivered
121,150,2024-03-01 10:56:00,cancelled
122,985,2026-04-22 09:28:00,delivered
123,842,2025-07-14 04:49:00,processing
124,135,2025-01-13 00:48:00,cancelled
125,632,2025-06-30 19:36:00,delivered
126,611,2025-04-20 07:43:00,pending
127,82,2026-09-03 04:32:00,delivered
128,481,2026-02-04 05:54:00,shipped
129,486,2024-10-08 05:12:00,processing
130,419,2024-01-31 08:26:00,processing
131,688,2025-02-19 06:04:00,processing
132,978,2026-06-18 19:31:00,delivered
133,888,2026-07-26 07:27:00,shipped
134,43,2026-02-18 23:20:00,shipped
135,962,2026-12-11 20:56:00,delivered
136,40,2026-12-02 03:28:00,delivered
137,899,2024-03-27 07:33:00,delivered
138,753,2024-03-21 17:24:00,delivered
139,646,2024-04-10 06:18:00,shipped
140,906,2025-09-15 09:29:00,processing
141,302,2024-04-21 22:33:00,cancelled
142,475,2026-07-14 02:46:00,delivered
143,185,2024-10-04 12:26:00,shipped
144,26,2025-01-01 14:37:00,delivered
145,918,2025-02-17 14:05:00,shipped
146,709,2024-12-01 22:46:00,processing
147,117,2026-07-09 20:23:00,pending
148,725,2026-02-25 23:50:00,cancelled
149,627,2024-11-23 12:35:00,shipped
150,787,2024-12-15 10:36:00,delivered
151,884,2024-11-03 05:55:00,processing
152,788,2024-04-15 13:19:00,shipped
153,788,2026-07-02 09:40:00,processing
154,921,2024-09-26 06:00:00,delivered
155,260,2024-01-26 14:31:00,delivered
156,557,2024-01-12 19:56:00,delivered
157,223,2026-09-01 14:26:00,shipped
158,616,2024-01-14 07:56:00,delivered
159,635,2025-03-01 01:11:00,processing
160,669,2025-12-15 01:09:00,delivered
161,684,2025-09-03 10:58:00,pending
162,112,2026-05-03 05:10:00,delivered
163,626,2024-12-29 14:47:00,delivered
164,954,2024-03-14 02:49:00,shipped
165,378,2026-02-15 02:48:00,shipped
166,564,2024-05-12 09:30:00,processing
167,712,2025-07-16 10:33:00,shipped
168,215,2025-03-04 19:03:00,processing
169,748,2026-12-19 02:30:00,delivered
170,620,2025-08-11 13:38:00,delivered
171,266,2026-12-12 18:39:00,shipped
172,133,2026-10-13 16:46:00,delivered
173,505,2025-01-03 19:14:00,delivered
174,199,2024-01-04 03:01:00,delivered
175,816,2024-08-29 23:54:00,processing
176,631,2026-04-29 13:02:00,shipped
177,574,2025-03-10 00:40:00,processing
178,289,2025-06-05 02:19:00,shipped
179,564,2025-10-25 00:07:00,delivered
180,350,2026-03-22 23:36:00,delivered
181,30,2024-12-25 06:21:00,delivered
182,945,2026-09-08 15:51:00,pending
183,140,2026-09-13 04:40:00,delivered
184,886,2025-11-17 14:50:00,delivered
185,951,2024-04-24 16:19:00,delivered
186,695,2025-10-08 17:34:00,pending
187,592,2025-11-10 11:04:00,cancelled
188,288,2024-03-04 10:24:00,delivered
189,863,2024-12-05 18:38:00,shipped
190,610,2024-08-27 09:45:00,delivered
191,727,2024-03-05 08:26:00,pending
192,899,2025-05-01 11:28:00,delivered
193,310,2025-03-18 16:19:00,processing
194,384,2024-03-17 06:58:00,pending
195,519,2024-02-21 15:57:00,delivered
196,195,2025-11-27 15:46:00,delivered
197,318,2025-11-01 04:49:00,delivered
198,842,2026-11-23 21:08:00,processing
199,38,2026-07-29 12:45:00,delivered
200,119,2024-01-09 09:59:00,pending
201,869,2024-06-27 10:29:00,delivered
202,106,2026-12-02 21:47:00,shipped
203,592,2025-10-01 20:57:00,processing
204,206,2025-01-29 09:17:00,delivered
205,792,2026-06-22 21:07:00,shipped
206,162,2025-07-14 03:00:00,cancelled
207,574,2026-11-18 03:13:00,delivered
208,563,2025-10-14 08:09:00,cancelled
209,824,2025-08-03 18:15:00,processing
210,319,2025-11-24 17:28:00,pending
211,30,2026-08-22 21:03:00,processing
212,56,2024-06-25 13:25:00,processing
213,611,2026-07-02 19:22:00,shipped
214,838,2025-02-09 22:48:00,delivered
215,547,2024-06-09 14:36:00,processing
216,833,2026-08-17 03:29:00,shipped
217,660,2026-08-11 15:14:00,cancelled
218,148,2025-06-12 11:25:00,processing
219,940,2025-11-07 10:29:00,delivered
220,67,2026-08-31 03:22:00,delivered
221,867,2024-12-15 09:49:00,shipped
222,589,2024-09-17 16:06:00,shipped
223,732,2024-08-07 10:35:00,delivered
224,812,2025-09-10 17:29:00,shipped
225,424,2025-05-03 19:15:00,delivered
226,998,2026-09-14 12:04:00,shipped
227,834,2026-06-01 13:36:00,delivered
228,558,2025-04-28 05:42:00,delivered
229,758,2026-09-23 03:37:00,delivered
230,334,2024-07-18 14:11:00,shipped
231,416,2024-05-22 19:06:00,delivered
232,611,2026-02-15 10:31:00,delivered
233,63,2024-07-04 06:52:00,processing
234,595,2024-01-01 04:42:00,processing
235,545,2025-08-19 12:39:00,delivered
236,201,2025-02-25 21:56:00,shipped
237,584,2025-09-15 13:45:00,cancelled
238,353,2024-07-01 18:00:00,delivered
239,523,2026-04-07 04:54:00,shipped
240,379,2024-04-18 00:45:00,delivered
241,368,2024-08-12 09:55:00,pending
242,443,2026-03-18 20:20:00,delivered
243,416,2026-02-20 13:34:00,processing
244,178,2026-08-30 04:12:00,delivered
245,864,2026-01-07 13:09:00,shipped
246,894,2024-09-14 04:00:00,pending
247,17,2024-10-21 23:56:00,delivered
248,448,2024-10-05 02:08:00,delivered
249,426,2026-07-22 22:38:00,cancelled
250,639,2025-01-03 14:32:00,shipped
251,840,2026-07-10 12:22:00,processing
252,435,2024-01-16 18:31:00,delivered
253,243,2026-10-24 08:26:00,cancelled
254,591,2026-01-21 01:02:00,delivered
255,722,2026-01-24 03:37:00,delivered
256,708,2024-06-12 04:46:00,delivered
257,880,2025-07-26 14:33:00,pending
258,912,2024-06-30 07:30:00,delivered
259,680,2024-06-08 21:40:00,delivered
260,594,2025-10-01 19:03:00,cancelled
261,548,2024-01-23 15:29:00,delivered
262,481,2025-11-09 13:22:00,cancelled
263,818,2025-08-26 09:10:00,pending
264,946,2025-09-14 23:50:00,delivered
265,63,2026-08-27 18:10:00,delivered
266,673,2025-08-20 23:39:00,pending
267,497,2024-06-17 04:32:00,pending
268,803,2025-07-23 08:08:00,delivered
269,282,2025-06-10 00:47:00,processing
270,179,2024-11-05 21:28:00,shipped
271,180,2025-06-19 22:15:00,delivered
272,819,2026-12-16 01:21:00,cancelled
273,991,2024-10-24 19:59:00,delivered
274,858,2026-10-12 13:49:00,shipped
275,677,2026-06-20 23:40:00,processing
276,592,2025-12-07 01:41:00,shipped
277,840,2024-08-25 01:10:00,delivered
278,488,2025-09-09 15:47:00,cancelled
279,945,2026-12-26 07:24:00,delivered
280,400,2026-08-29 08:09:00,delivered
281,446,2024-01-25 09:59:00,delivered
282,392,2025-10-08 16:43:00,cancelled
283,100,2026-12-24 20:22:00,cancelled
284,443,2025-07-12 10:17:00,shipped
285,101,2025-06-06 20:37:00,shipped
286,792,2025-05-10 23:43:00,delivered
287,200,2026-11-30 10:43:00,delivered
288,185,2025-10-03 17:00:00,delivered
289,852,2024-05-19 00:26:00,pending
290,107,2026-07-02 11:14:00,delivered
291,258,2025-01-30 01:01:00,delivered
292,59,2025-03-20 19:40:00,processing
293,981,2024-09-02 02:54:00,delivered
294,385,2025-01-13 03:44:00,processing
295,302,2026-08-14 21:59:00,pending
296,465,2025-07-20 13:44:00,cancelled
297,789,2025-10-24 08:10:00,delivered
298,284,2024-05-07 12:24:00,shipped
299,62,2025-06-12 08:11:00,shipped
300,504,2025-02-14 19:25:00,processing
301,504,2024-08-10 04:34:00,delivered
302,224,2024-08-05 14:45:00,shipped
303,36,2024-05-29 02:36:00,delivered
304,796,2026-07-02 00:57:00,delivered
305,669,2024-01-02 01:42:00,shipped
306,156,2025-11-06 12:36:00,pending
307,725,2026-10-01 15:27:00,shipped
308,746,2024-05-23 17:14:00,pending
309,978,2026-09-14 03:36:00,delivered
310,368,2025-11-13 21:19:00,shipped
311,648,2024-07-04 11:34:00,delivered
312,349,2024-06-13 14:48:00,delivered
313,664,2025-02-19 05:35:00,pending
314,394,2025-01-26 09:44:00,shipped
315,110,2026-01-05 15:05:00,delivered
316,449,2025-01-23 04:02:00,processing
317,738,2025-05-03 15:24:00,pending
318,554,2025-09-22 15:34:00,cancelled
319,832,2026-07-09 00:02:00,shipped
320,346,2024-03-28 12:07:00,processing
321,670,2026-12-07 14:43:00,delivered
322,550,2024-11-01 23:37:00,processing
323,74,2024-03-16 23:09:00,delivered
324,20,2026-08-23 19:02:00,processing
325,665,2024-09-24 00:11:00,delivered
326,927,2025-09-21 03:29:00,delivered
327,856,2024-05-10 03:07:00,delivered
328,819,2025-03-27 02:51:00,processing
329,346,2026-04-03 10:07:00,cancelled
330,590,2024-10-08 10:53:00,cancelled
331,219,2024-04-03 18:11:00,shipped
332,124,2025-07-14 04:48:00,shipped
333,714,2026-01-27 17:10:00,shipped
334,948,2024-03-24 04:06:00,delivered
335,648,2026-02-09 05:01:00,delivered
336,83,2024-01-14 00:11:00,cancelled
337,724,2025-08-04 13:44:00,delivered
338,792,2026-09-01 22:08:00,processing
339,656,2025-07-08 16:28:00,shipped
340,961,2024-12-23 19:44:00,pending
341,185,2026-10-20 19:05:00,delivered
342,802,2025-09-08 11:26:00,pending
343,242,2025-01-28 03:33:00,cancelled
344,634,2026-01-11 17:32:00,processing
345,789,2025-03-02 08:03:00,processing
346,816,2024-11-01 21:54:00,cancelled
347,486,2026-10-15 05:10:00,delivered
348,45,2024-04-20 20:23:00,shipped
349,446,2025-05-29 10:39:00,delivered
350,777,2026-07-17 01:06:00,delivered
351,948,2024-12-26 05:50:00,pending
352,528,2024-08-25 02:57:00,processing
353,456,2025-10-29 13:12:00,delivered
354,920,2025-10-29 07:49:00,processing
355,234,2024-07-19 07:47:00,shipped
356,205,2026-02-08 07:04:00,delivered
357,497,2024-04-21 13:09:00,processing
358,625,2026-07-20 05:24:00,shipped
359,469,2025-02-01 20:22:00,cancelled
360,208,2025-11-18 04:02:00,delivered
361,62,2025-07-28 04:07:00,delivered
362,470,2026-05-06 05:48:00,shipped
363,908,2025-08-27 19:10:00,delivered
364,654,2024-12-14 18:35:00,delivered
365,89,2026-04-23 16:31:00,delivered
366,222,2026-08-27 14:17:00,pending
367,439,2025-05-20 07:20:00,shipped
368,228,2024-11-01 18:57:00,pending
369,46,2024-03-23 15:46:00,delivered
370,35,2026-05-21 16:25:00,delivered
371,818,2024-07-19 14:31:00,processing
372,572,2024-01-26 22:46:00,shipped
373,224,2024-09-28 11:18:00,processing
374,93,2024-02-02 15:42:00,shipped
375,721,2026-07-29 18:47:00,delivered
376,1000,2026-07-20 14:49:00,processing
377,721,2026-04-10 05:50:00,delivered
378,642,2026-08-08 22:40:00,pending
379,643,2024-05-24 12:57:00,delivered
380,544,2024-03-07 09:27:00,delivered
381,715,2025-02-28 21:05:00,delivered
382,344,2024-04-22 16:58:00,delivered
383,910,2024-04-15 03:24:00,shipped
384,634,2024-03-24 11:23:00,processing
385,573,2024-05-17 17:45:00,delivered
386,142,2025-11-16 07:34:00,processing
387,490,2025-03-05 23:48:00,processing
388,362,2025-07-01 16:43:00,shipped
389,56,2024-05-09 11:22:00,delivered
390,514,2026-12-14 03:30:00,delivered
391,695,2026-12-27 09:28:00,delivered
392,820,2024-05-14 06:57:00,delivered
393,90,2024-06-13 12:57:00,processing
394,982,2024-06-06 03:10:00,shipped
395,714,2024-10-30 15:09:00,delivered
396,534,2024-02-16 09:26:00,cancelled
397,555,2024-09-27 15:22:00,shipped
398,756,2024-02-13 09:12:00,pending
399,893,2025-04-20 16:41:00,shipped
400,593,2025-12-03 20:41:00,delivered
401,498,2026-12-21 17:28:00,delivered
402,581,2024-09-27 09:10:00,delivered
403,233,2026-09-18 11:18:00,delivered
404,49,2024-10-30 11:18:00,delivered
405,171,2024-11-25 22:34:00,shipped
406,997,2024-12-25 22:44:00,cancelled
407,814,2024-11-10 05:15:00,processing
408,325,2024-09-16 14:16:00,shipped
409,211,2024-03-12 21:20:00,cancelled
410,152,2026-02-02 14:34:00,cancelled
411,547,2025-09-09 03:58:00,pending
412,954,2026-10-19 04:29:00,cancelled
413,160,2024-01-09 23:34:00,cancelled
414,340,2025-08-28 15:57:00,shipped
415,967,2024-10-28 18:46:00,cancelled
416,453,2025-11-24 22:07:00,delivered
417,922,2024-03-23 04:43:00,delivered
418,316,2024-02-20 12:39:00,delivered
419,457,2026-01-01 02:20:00,pending
420,657,2025-02-03 18:33:00,processing
421,959,2025-07-23 06:01:00,pending
422,870,2026-07-01 21:42:00,cancelled
423,1000,2026-11-14 12:12:00,delivered
424,618,2026-11-13 01:58:00,delivered
425,408,2024-10-29 22:54:00,shipped
426,396,2026-02-02 00:18:00,shipped
427,316,2026-07-01 17:05:00,processing
428,910,2026-06-28 23:26:00,delivered
429,296,2024-12-01 23:57:00,shipped
430,918,2026-04-28 04:53:00,delivered
431,89,2024-10-21 06:19:00,delivered
432,889,2026-12-11 10:04:00,cancelled
433,605,2026-02-08 02:00:00,shipped
434,937,2025-07-13 13:11:00,delivered
435,728,2024-10-07 06:11:00,delivered
436,297,2026-10-01 01:52:00,delivered
437,855,2025-09-14 15:35:00,delivered
438,230,2024-02-24 00:09:00,shipped
439,979,2026-08-25 03:41:00,delivered
440,295,2026-05-04 05:31:00,cancelled
441,661,2025-05-16 00:07:00,delivered
442,505,2024-05-16 19:47:00,shipped
443,493,2026-06-12 08:40:00,delivered
444,998,2024-09-01 11:32:00,delivered
445,18,2025-06-15 05:37:00,pending
446,328,2026-08-02 22:08:00,shipped
447,55,2025-07-12 11:26:00,delivered
448,979,2025-12-30 01:18:00,shipped
449,655,2024-06-06 16:12:00,delivered
450,188,2024-07-12 19:48:00,processing
451,331,2025-10-09 21:51:00,shipped
452,702,2026-01-12 03:34:00,delivered
453,844,2024-10-21 00:08:00,delivered
454,382,2026-09-20 13:21:00,cancelled
455,167,2024-07-28 06:09:00,delivered
456,852,2025-01-20 17:39:00,delivered
457,976,2026-12-12 17:45:00,delivered
458,775,2024-08-21 13:29:00,cancelled
459,120,2024-09-25 00:30:00,shipped
460,708,2026-01-12 04:52:00,shipped
461,612,2026-12-07 10:11:00,delivered
462,30,2024-08-30 07:08:00,delivered
463,146,2025-04-09 09:08:00,processing
464,81,2026-05-20 22:48:00,delivered
465,80,2024-02-08 15:48:00,shipped
466,202,2024-08-08 01:50:00,delivered
467,608,2024-05-01 15:07:00,cancelled
468,45,2024-05-15 09:42:00,pending
469,99,2024-09-10 19:13:00,delivered
470,205,2025-01-13 21:22:00,pending
471,150,2025-07-22 18:22:00,shipped
472,876,2026-10-22 23:39:00,processing
473,584,2024-05-19 03:52:00,delivered
474,15,2026-12-19 06:45:00,processing
475,289,2024-12-17 17:00:00,cancelled
476,102,2025-03-14 16:54:00,delivered
477,376,2025-01-14 14:43:00,cancelled
478,186,2025-12-27 12:27:00,processing
479,234,2026-04-14 03:48:00,cancelled
480,127,2026-08-12 03:33:00,processing
481,781,2026-01-09 22:18:00,delivered
482,42,2024-06-17 10:31:00,processing
483,291,2026-07-24 19:47:00,shipped
484,1000,2026-06-28 07:35:00,shipped
485,876,2026-05-26 06:54:00,pending
486,862,2026-09-01 21:23:00,processing
487,691,2026-10-03 21:06:00,shipped
488,536,2024-06-23 03:09:00,shipped
489,712,2024-07-27 23:59:00,delivered
490,173,2024-05-12 11:12:00,shipped
491,610,2026-04-07 03:14:00,delivered
492,743,2026-10-19 08:48:00,delivered
493,596,2025-07-13 20:25:00,shipped
494,683,2026-04-08 15:32:00,shipped
495,787,2026-07-20 03:07:00,shipped
496,510,2025-04-17 20:08:00,pending
497,756,2024-04-18 02:31:00,delivered
498,996,2025-01-01 12:38:00,delivered
499,157,2025-09-12 19:39:00,pending
500,79,2026-11-30 15:50:00,delivered
501,301,2026-10-16 15:32:00,shipped
502,352,2024-02-06 01:27:00,delivered
503,122,2026-02-24 14:20:00,delivered
504,454,2026-07-30 01:02:00,processing
505,676,2025-09-12 22:10:00,delivered
506,138,2025-10-01 22:24:00,delivered
507,113,2026-10-01 21:35:00,delivered
508,586,2026-08-20 15:35:00,delivered
509,519,2024-04-24 12:16:00,delivered
510,995,2026-02-12 19:43:00,shipped
511,292,2025-10-18 01:01:00,delivered
512,132,2026-01-20 11:51:00,delivered
513,28,2025-11-29 12:06:00,shipped
514,366,2026-04-23 11:03:00,delivered
515,254,2025-04-25 20:19:00,delivered
516,933,2024-05-14 09:07:00,shipped
517,21,2025-10-29 01:29:00,delivered
518,433,2026-11-20 13:17:00,pending
519,481,2024-02-15 10:24:00,delivered
520,331,2024-07-19 15:06:00,delivered
521,211,2025-11-19 15:32:00,delivered
522,684,2025-11-26 05:39:00,shipped
523,993,2026-06-11 06:31:00,delivered
524,998,2024-06-03 17:13:00,shipped
525,49,2025-08-31 18:25:00,delivered
526,640,2024-07-07 22:54:00,delivered
527,607,2025-11-20 08:04:00,delivered
528,544,2026-08-31 13:13:00,shipped
529,79,2025-09-10 16:51:00,shipped
530,680,2025-10-03 06:26:00,shipped
531,640,2026-11-21 14:42:00,delivered
532,185,2024-02-08 20:45:00,delivered
533,192,2026-10-19 06:42:00,cancelled
534,761,2026-08-15 08:59:00,delivered
535,829,2026-06-07 18:46:00,delivered
536,535,2025-02-14 11:29:00,processing
537,155,2025-09-06 13:26:00,shipped
538,851,2024-05-11 20:13:00,delivered
539,274,2025-08-10 20:10:00,shipped
540,616,2025-04-28 12:15:00,processing
541,197,2024-02-26 07:51:00,delivered
542,476,2026-09-21 17:27:00,shipped
543,928,2024-03-16 06:10:00,shipped
544,30,2025-06-13 08:42:00,delivered
545,660,2024-03-27 23:31:00,delivered
546,57,2024-06-20 10:38:00,shipped
547,66,2026-04-13 11:42:00,delivered
548,93,2026-03-23 23:53:00,processing
549,115,2026-10-21 03:33:00,delivered
550,595,2026-12-11 08:31:00,delivered
551,244,2024-09-07 10:21:00,delivered
552,755,2026-03-09 23:47:00,processing
553,434,2025-03-22 04:06:00,processing
554,994,2025-07-16 14:26:00,shipped
555,604,2024-04-24 15:34:00,shipped
556,972,2024-08-19 10:34:00,shipped
557,700,2025-05-19 08:56:00,delivered
558,149,2026-01-13 15:45:00,shipped
559,316,2024-02-13 20:57:00,delivered
560,862,2024-04-21 22:58:00,delivered
561,246,2025-06-02 17:24:00,shipped
562,982,2026-01-13 21:07:00,delivered
563,243,2026-06-25 12:00:00,cancelled
564,403,2025-06-07 09:05:00,cancelled
565,775,2025-04-27 09:13:00,delivered
566,165,2026-06-17 20:20:00,delivered
567,786,2026-04-12 01:17:00,delivered
568,843,2026-10-03 15:47:00,shipped
569,862,2025-11-12 22:27:00,delivered
570,840,2024-07-24 05:44:00,shipped
571,68,2025-12-21 13:38:00,delivered
572,561,2025-10-31 14:44:00,pending
573,54,2025-01-11 20:28:00,delivered
574,140,2024-01-07 12:12:00,delivered
575,322,2024-06-17 03:10:00,processing
576,731,2024-09-23 19:43:00,shipped
577,962,2025-10-16 14:30:00,delivered
578,137,2025-06-17 05:43:00,delivered
579,336,2025-07-31 06:05:00,shipped
580,187,2026-03-16 12:53:00,delivered
581,230,2024-02-12 00:59:00,delivered
582,627,2025-04-13 02:29:00,processing
583,719,2024-12-11 01:25:00,delivered
584,615,2025-06-16 04:05:00,cancelled
585,175,2024-08-28 00:45:00,delivered
586,792,2026-07-18 21:31:00,processing
587,731,2025-02-20 06:55:00,delivered
588,273,2025-08-12 23:31:00,shipped
589,442,2025-02-27 19:13:00,cancelled
590,290,2025-01-22 13:11:00,shipped
591,150,2024-02-28 09:16:00,processing
592,462,2025-05-23 11:37:00,delivered
593,470,2024-06-24 00:30:00,processing
594,332,2026-03-25 21:13:00,delivered
595,726,2026-05-16 23:38:00,shipped
596,98,2024-04-30 01:21:00,cancelled
597,483,2025-12-26 19:42:00,cancelled
598,613,2024-04-03 00:16:00,delivered
599,391,2025-09-11 12:42:00,shipped
600,992,2024-03-25 18:11:00,shipped
601,516,2026-10-06 10:56:00,delivered
602,92,2025-10-11 22:33:00,shipped
603,267,2024-08-27 10:02:00,cancelled
604,512,2025-07-29 23:23:00,cancelled
605,290,2025-06-23 19:53:00,delivered
606,271,2026-11-24 10:27:00,delivered
607,324,2026-10-03 04:35:00,delivered
608,674,2026-06-20 01:12:00,processing
609,236,2025-01-10 01:30:00,shipped
610,723,2026-08-14 13:07:00,cancelled
611,950,2026-10-10 01:28:00,shipped
612,727,2026-09-20 14:31:00,processing
613,738,2024-10-30 03:22:00,pending
614,890,2025-08-04 05:53:00,processing
615,521,2025-07-12 18:57:00,delivered
616,218,2024-01-09 16:49:00,delivered
617,427,2024-06-06 07:49:00,delivered
618,97,2025-11-04 00:18:00,delivered
619,697,2024-09-06 12:23:00,delivered
620,975,2024-08-05 10:09:00,pending
621,472,2026-09-09 14:40:00,cancelled
622,609,2024-01-12 10:02:00,delivered
623,974,2026-07-16 10:46:00,cancelled
624,929,2024-09-21 06:55:00,pending
625,660,2025-08-02 10:51:00,pending
626,73,2026-02-20 02:25:00,shipped
627,246,2026-03-27 02:01:00,delivered
628,167,2026-03-06 12:18:00,delivered
629,978,2024-11-11 03:19:00,delivered
630,443,2025-09-27 21:38:00,processing
631,682,2024-07-15 11:32:00,processing
632,457,2026-03-05 15:17:00,delivered
633,434,2024-07-03 13:51:00,shipped
634,191,2026-06-08 20:27:00,pending
635,526,2025-11-30 14:43:00,processing
636,703,2024-11-13 15:33:00,delivered
637,538,2024-06-20 09:29:00,shipped
638,929,2026-09-05 09:09:00,cancelled
639,701,2025-09-07 07:33:00,shipped
640,583,2024-04-07 17:04:00,cancelled
641,526,2024-08-08 16:27:00,shipped
642,476,2025-06-02 11:16:00,delivered
643,788,2026-10-28 00:07:00,delivered
644,474,2025-01-02 05:53:00,shipped
645,86,2026-05-02 22:19:00,shipped
646,742,2026-07-20 21:28:00,delivered
647,272,2025-11-30 05:13:00,processing
648,765,2025-06-15 21:06:00,shipped
649,19,2024-01-12 12:07:00,pending
650,672,2026-09-04 14:44:00,shipped
651,674,2026-09-23 09:39:00,delivered
652,632,2026-01-08 22:43:00,cancelled
653,692,2026-03-19 09:05:00,processing
654,15,2025-01-25 03:52:00,pending
655,994,2025-01-20 00:13:00,delivered
656,149,2025-05-10 13:53:00,delivered
657,809,2025-01-25 02:19:00,delivered
658,152,2026-08-28 13:01:00,processing
659,925,2024-11-08 23:44:00,shipped
660,497,2026-08-23 00:55:00,shipped
661,249,2025-02-16 09:36:00,delivered
662,402,2024-04-14 10:00:00,processing
663,868,2026-06-03 13:54:00,delivered
664,593,2025-08-18 01:31:00,shipped
665,526,2026-09-26 07:45:00,pending
666,20,2026-05-14 18:20:00,delivered
667,275,2026-05-04 15:07:00,delivered
668,962,2025-12-11 14:44:00,shipped
669,166,2025-08-12 23:12:00,delivered
670,449,2025-04-20 16:14:00,delivered
671,702,2025-11-25 19:54:00,delivered
672,673,2026-08-17 04:56:00,shipped
673,729,2026-03-10 13:53:00,cancelled
674,669,2026-01-07 15:51:00,cancelled
675,166,2025-02-28 09:44:00,delivered
676,684,2026-09-15 04:11:00,processing
677,621,2026-10-04 03:50:00,shipped
678,506,2025-09-13 07:13:00,delivered
679,19,2026-01-04 08:22:00,delivered
680,179,2026-10-28 01:51:00,pending
681,441,2024-08-21 19:14:00,processing
682,230,2026-09-23 08:21:00,delivered
683,788,2024-04-05 17:17:00,delivered
684,874,2026-11-21 19:42:00,processing
685,52,2026-06-15 14:53:00,delivered
686,999,2024-08-04 19:39:00,delivered
687,971,2024-07-27 17:02:00,delivered
688,172,2024-08-29 06:58:00,shipped
689,746,2025-08-21 22:28:00,delivered
690,511,2024-07-22 04:41:00,shipped
691,839,2024-10-09 03:54:00,processing
692,993,2026-05-01 00:15:00,delivered
693,486,2025-11-30 09:32:00,processing
694,273,2026-02-01 22:48:00,shipped
695,645,2025-05-17 04:48:00,delivered
696,432,2025-04-12 04:51:00,shipped
697,941,2026-04-18 14:54:00,delivered
698,699,2026-01-10 00:28:00,processing
699,11,2026-11-25 02:05:00,shipped
700,412,2024-12-02 13:03:00,shipped
701,38,2024-11-05 18:03:00,cancelled
702,731,2026-11-30 09:26:00,shipped
703,698,2025-09-15 23:47:00,shipped
704,353,2024-01-17 08:57:00,delivered
705,943,2024-10-27 22:25:00,shipped
706,211,2026-06-24 22:22:00,delivered
707,801,2026-04-08 06:56:00,shipped
708,38,2025-11-16 12:46:00,delivered
709,901,2024-09-15 16:34:00,shipped
710,96,2026-11-13 17:19:00,delivered
711,776,2024-11-23 00:01:00,delivered
712,553,2025-06-13 07:53:00,delivered
713,744,2026-05-15 16:07:00,delivered
714,862,2026-02-02 08:40:00,delivered
715,127,2024-04-07 20:07:00,shipped
716,587,2024-01-11 14:21:00,cancelled
717,825,2026-12-28 19:14:00,shipped
718,292,2024-10-13 22:24:00,delivered
719,254,2024-08-03 10:33:00,delivered
720,843,2026-01-09 14:06:00,processing
721,436,2026-04-23 02:05:00,pending
722,910,2024-09-23 15:13:00,shipped
723,379,2026-12-13 12:37:00,delivered
724,798,2026-03-19 08:37:00,delivered
725,434,2026-06-20 22:59:00,cancelled
726,750,2026-05-03 05:09:00,delivered
727,497,2026-07-26 04:45:00,delivered
728,542,2024-08-29 22:13:00,delivered
729,34,2024-11-17 17:23:00,cancelled
730,122,2026-04-16 03:07:00,shipped
731,297,2024-03-23 16:09:00,processing
732,313,2026-02-05 09:18:00,delivered
733,811,2024-10-19 04:50:00,delivered
734,50,2025-09-16 09:13:00,processing
735,758,2026-09-28 00:07:00,delivered
736,70,2024-04-01 13:30:00,delivered
737,580,2026-07-15 10:50:00,shipped
738,855,2024-09-28 04:32:00,delivered
739,780,2026-07-10 21:28:00,processing
740,746,2025-10-28 02:51:00,delivered
741,639,2026-04-18 12:14:00,cancelled
742,348,2024-04-03 21:56:00,shipped
743,285,2024-06-30 05:45:00,pending
744,646,2025-09-24 17:41:00,processing
745,573,2024-06-23 06:39:00,delivered
746,776,2024-04-18 18:33:00,processing
747,488,2026-10-26 00:07:00,delivered
748,545,2025-01-03 00:17:00,delivered
749,252,2026-06-28 02:51:00,delivered
750,329,2026-04-02 18:02:00,delivered
751,957,2024-02-17 10:27:00,processing
752,25,2026-12-17 10:24:00,shipped
753,118,2024-07-22 17:10:00,shipped
754,188,2025-06-07 02:09:00,shipped
755,418,2024-12-12 01:39:00,cancelled
756,186,2024-02-25 22:03:00,shipped
757,102,2025-10-17 04:26:00,delivered
758,265,2026-02-08 03:03:00,processing
759,771,2025-04-29 15:32:00,delivered
760,395,2024-08-23 08:03:00,shipped
761,567,2026-04-13 02:30:00,pending
762,649,2025-04-23 00:17:00,delivered
763,601,2024-07-26 07:48:00,delivered
764,805,2024-09-14 09:36:00,shipped
765,86,2026-10-21 06:50:00,cancelled
766,383,2024-12-10 07:34:00,cancelled
767,985,2026-07-14 01:00:00,delivered
768,985,2025-08-15 20:10:00,pending
769,956,2026-09-14 08:38:00,shipped
770,697,2026-02-17 11:53:00,delivered
771,600,2026-11-11 09:02:00,processing
772,547,2024-05-23 09:05:00,shipped
773,126,2024-10-13 23:35:00,cancelled
774,900,2026-06-03 06:39:00,delivered
775,822,2025-10-13 21:21:00,delivered
776,771,2026-07-16 08:15:00,delivered
777,330,2025-11-30 06:29:00,cancelled
778,337,2024-02-02 22:08:00,delivered
779,3,2026-09-02 00:57:00,pending
780,178,2026-04-26 17:57:00,delivered
781,501,2026-03-15 17:05:00,delivered
782,665,2024-06-07 17:01:00,delivered
783,836,2026-06-30 21:07:00,shipped
784,833,2026-02-09 19:22:00,shipped
785,860,2024-01-18 03:29:00,shipped
786,198,2026-06-29 00:14:00,delivered
787,777,2025-07-29 21:58:00,delivered
788,197,2024-07-03 19:40:00,shipped
789,736,2025-03-28 07:31:00,cancelled
790,38,2025-07-28 15:57:00,delivered
791,621,2025-03-04 00:12:00,cancelled
792,654,2026-03-22 03:55:00,shipped
793,513,2026-10-08 05:35:00,processing
794,757,2024-12-25 02:37:00,processing
795,67,2024-09-17 08:59:00,delivered
796,234,2026-12-07 23:50:00,shipped
797,869,2024-02-17 22:43:00,delivered
798,259,2026-07-18 00:27:00,delivered
799,966,2024-04-16 10:27:00,delivered
800,417,2025-07-15 03:43:00,delivered
801,508,2026-01-10 16:48:00,pending
802,739,2025-04-04 01:17:00,cancelled
803,546,2026-07-08 10:00:00,shipped
804,343,2024-06-16 18:51:00,pending
805,756,2025-04-07 22:27:00,cancelled
806,940,2025-05-26 06:10:00,shipped
807,65,2024-07-17 00:30:00,shipped
808,25,2025-11-15 08:15:00,processing
809,245,2025-11-28 01:52:00,shipped
810,814,2025-04-29 02:49:00,delivered
811,450,2024-07-14 20:28:00,delivered
812,88,2024-05-04 01:24:00,shipped
813,869,2024-05-13 04:03:00,cancelled
814,453,2024-04-22 09:39:00,delivered
815,68,2024-07-27 21:03:00,delivered
816,302,2026-02-20 12:06:00,delivered
817,421,2025-04-22 19:50:00,delivered
818,11,2026-07-17 12:29:00,delivered
819,902,2024-07-26 10:41:00,cancelled
820,802,2024-02-23 14:33:00,shipped
821,198,2024-08-09 03:00:00,delivered
822,70,2025-01-31 18:08:00,delivered
823,263,2025-12-28 13:30:00,delivered
824,456,2025-01-15 07:08:00,delivered
825,62,2024-09-18 09:37:00,shipped
826,983,2026-01-02 09:37:00,delivered
827,795,2024-10-25 04:30:00,shipped
828,352,2025-08-19 11:00:00,delivered
829,674,2024-10-23 01:15:00,delivered
830,856,2024-04-21 13:22:00,processing
831,206,2025-02-16 02:21:00,processing
832,488,2026-08-15 19:44:00,shipped
833,593,2025-11-18 19:19:00,shipped
834,167,2024-08-02 14:56:00,delivered
835,44,2026-10-12 07:58:00,pending
836,229,2025-04-16 14:39:00,processing
837,493,2025-11-09 23:24:00,processing
838,189,2024-01-14 11:00:00,pending
839,31,2024-08-23 04:18:00,shipped
840,647,2026-01-07 01:01:00,processing
841,291,2024-12-22 07:56:00,shipped
842,179,2025-11-26 17:15:00,processing
843,23,2024-12-26 08:58:00,processing
844,852,2024-10-08 12:41:00,delivered
845,114,2025-11-24 06:19:00,delivered
846,379,2026-02-01 21:10:00,cancelled
847,819,2026-06-07 22:04:00,processing
848,904,2024-09-24 06:12:00,delivered
849,712,2026-02-05 10:38:00,shipped
850,652,2025-05-15 01:48:00,delivered
851,194,2025-08-25 04:20:00,processing
852,645,2025-07-27 04:54:00,delivered
853,599,2026-09-28 06:46:00,pending
854,482,2024-05-12 05:32:00,shipped
855,904,2026-11-08 11:31:00,delivered
856,184,2025-10-21 22:23:00,delivered
857,495,2026-10-10 15:17:00,delivered
858,654,2024-03-15 06:14:00,delivered
859,463,2025-04-25 12:13:00,shipped
860,911,2026-02-11 18:10:00,cancelled
861,384,2025-06-05 17:05:00,processing
862,87,2025-08-27 14:33:00,shipped
863,598,2024-03-25 14:32:00,delivered
864,437,2026-07-12 14:27:00,shipped
865,824,2026-10-15 10:17:00,shipped
866,184,2026-06-23 07:16:00,delivered
867,368,2024-06-17 09:53:00,delivered
868,560,2024-06-09 08:59:00,processing
869,122,2024-05-26 11:02:00,delivered
870,342,2025-02-06 21:21:00,shipped
871,764,2025-07-16 06:45:00,delivered
872,142,2025-06-18 00:49:00,shipped
873,843,2025-12-10 12:25:00,delivered
874,776,2024-01-25 15:41:00,delivered
875,780,2024-11-01 12:14:00,processing
876,768,2025-03-05 15:14:00,delivered
877,805,2026-08-17 23:52:00,delivered
878,811,2024-06-24 10:54:00,processing
879,789,2026-05-05 06:28:00,shipped
880,572,2024-03-02 11:08:00,delivered
881,132,2025-09-17 23:00:00,delivered
882,675,2025-12-27 10:14:00,shipped
883,703,2026-04-06 22:34:00,shipped
884,602,2024-02-17 18:50:00,pending
885,143,2024-11-10 10:36:00,delivered
886,618,2026-03-11 12:13:00,cancelled
887,66,2026-12-30 12:12:00,delivered
888,337,2026-07-13 20:57:00,shipped
889,176,2024-08-01 21:35:00,processing
890,847,2026-09-27 00:11:00,processing
891,934,2026-03-01 09:13:00,processing
892,676,2026-12-09 02:29:00,pending
893,531,2024-01-23 05:20:00,delivered
894,421,2026-03-11 05:07:00,processing
895,429,2026-09-06 23:04:00,shipped
896,926,2025-02-26 04:55:00,processing
897,443,2026-08-30 05:38:00,delivered
898,318,2025-02-19 16:45:00,delivered
899,283,2025-02-17 00:09:00,shipped
900,845,2026-03-28 19:51:00,processing
901,337,2026-10-02 14:29:00,delivered
902,755,2024-07-05 09:41:00,delivered
903,468,2025-12-11 22:53:00,delivered
904,305,2026-03-11 19:52:00,delivered
905,180,2026-04-30 07:11:00,delivered
906,751,2026-06-03 14:24:00,cancelled
907,188,2024-07-14 12:44:00,cancelled
908,246,2024-11-19 08:56:00,delivered
909,299,2024-05-16 22:46:00,delivered
910,223,2026-10-07 13:48:00,delivered
911,378,2024-06-05 03:32:00,delivered
912,334,2026-04-19 14:10:00,shipped
913,519,2024-04-01 14:01:00,pending
914,712,2026-08-03 12:21:00,delivered
915,877,2025-02-02 12:02:00,pending
916,118,2024-10-06 10:42:00,delivered
917,497,2026-08-02 02:05:00,delivered
918,249,2026-06-15 04:30:00,delivered
919,862,2024-11-26 05:53:00,pending
920,103,2024-12-28 09:07:00,delivered
921,401,2024-12-10 02:42:00,delivered
922,694,2025-07-13 04:28:00,shipped
923,222,2024-03-11 21:34:00,processing
924,714,2024-04-07 20:51:00,delivered
925,679,2024-07-29 12:44:00,shipped
926,54,2024-01-10 01:49:00,shipped
927,207,2025-05-26 11:58:00,processing
928,94,2024-02-02 13:01:00,cancelled
929,346,2025-01-28 21:42:00,pending
930,982,2024-07-16 21:10:00,delivered
931,46,2026-05-01 16:06:00,delivered
932,331,2025-01-23 19:13:00,cancelled
933,405,2026-05-26 03:14:00,processing
934,366,2025-10-24 05:00:00,shipped
935,324,2024-01-25 12:13:00,delivered
936,68,2025-07-24 20:39:00,shipped
937,69,2025-03-23 13:19:00,delivered
938,512,2024-07-27 22:34:00,delivered
939,945,2024-12-17 08:06:00,delivered
940,647,2026-03-06 21:59:00,cancelled
941,711,2024-09-29 10:11:00,delivered
942,906,2025-10-13 21:30:00,pending
943,19,2026-07-08 12:32:00,delivered
944,239,2026-10-28 18:45:00,cancelled
945,239,2024-02-13 19:48:00,delivered
946,317,2025-04-29 23:27:00,delivered
947,635,2024-06-11 01:08:00,shipped
948,304,2025-02-17 04:24:00,processing
949,39,2025-05-02 23:38:00,cancelled
950,455,2025-11-04 04:17:00,shipped
951,806,2024-03-22 16:50:00,cancelled
952,664,2025-08-13 00:14:00,delivered
953,340,2025-12-02 07:13:00,delivered
954,929,2025-05-23 21:44:00,delivered
955,623,2026-02-20 16:20:00,processing
956,645,2024-01-13 02:55:00,delivered
957,977,2025-01-29 01:40:00,cancelled
958,961,2025-02-22 04:05:00,processing
959,563,2025-02-22 07:32:00,pending
960,743,2026-08-14 09:10:00,delivered
961,251,2026-05-18 05:38:00,processing
962,293,2026-07-07 20:12:00,shipped
963,801,2026-09-12 02:23:00,shipped
964,172,2026-08-22 14:27:00,delivered
965,753,2026-06-06 04:52:00,cancelled
966,494,2024-02-10 12:27:00,delivered
967,778,2025-09-06 19:34:00,processing
968,745,2024-12-25 08:24:00,delivered
969,465,2025-08-03 12:35:00,delivered
970,74,2025-11-13 04:45:00,delivered
971,159,2025-01-23 00:00:00,delivered
972,748,2026-02-05 15:25:00,cancelled
973,963,2026-03-19 23:23:00,shipped
974,316,2024-05-25 13:56:00,pending
975,944,2024-09-11 12:59:00,delivered
976,199,2026-06-12 08:49:00,cancelled
977,740,2025-12-14 16:45:00,delivered
978,706,2026-01-24 22:03:00,delivered
979,949,2026-05-18 23:15:00,processing
980,36,2026-01-10 20:45:00,delivered
981,715,2024-10-29 08:38:00,delivered
982,698,2024-10-28 08:15:00,delivered
983,975,2024-11-26 00:07:00,delivered
984,660,2026-02-26 12:45:00,delivered
985,923,2024-06-13 16:58:00,processing
986,434,2024-12-05 13:16:00,delivered
987,513,2026-12-27 21:56:00,shipped
988,316,2026-04-22 23:55:00,pending
989,652,2025-12-06 04:17:00,delivered
990,953,2026-03-26 22:19:00,pending
991,173,2026-10-04 00:06:00,pending
992,714,2026-05-05 16:26:00,delivered
993,751,2026-06-01 05:11:00,shipped
994,721,2024-10-02 06:31:00,processing
995,972,2024-08-13 14:36:00,delivered
996,191,2025-02-15 01:47:00,processing
997,778,2025-01-27 08:57:00,delivered
998,452,2024-08-11 20:10:00,pending
999,88,2026-02-12 03:17:00,pending
1000,31,2025-04-25 15:31:00,delivered
1001,104,2024-01-20 01:17:00,delivered
1002,8,2024-03-26 03:13:00,delivered
1003,8,2026-02-08 19:33:00,cancelled
1004,780,2025-06-28 15:30:00,delivered
1005,619,2026-05-29 10:23:00,delivered
1006,352,2025-10-07 07:23:00,delivered
1007,388,2024-04-27 11:55:00,shipped
1008,103,2024-01-07 14:55:00,delivered
1009,743,2024-10-11 00:38:00,processing
1010,544,2025-07-26 22:48:00,delivered
1011,378,2026-07-14 19:43:00,delivered
1012,487,2026-11-20 13:42:00,processing
1013,654,2025-10-21 00:40:00,shipped
1014,47,2025-10-28 21:28:00,processing
1015,497,2026-03-30 23:39:00,delivered
1016,357,2026-05-26 15:42:00,delivered
1017,927,2024-07-24 23:24:00,shipped
1018,200,2024-10-20 16:56:00,delivered
1019,878,2026-10-30 01:08:00,delivered
1020,90,2025-09-09 21:35:00,cancelled
1021,479,2024-12-10 14:07:00,delivered
1022,554,2025-05-08 07:13:00,processing
1023,967,2024-07-02 03:27:00,cancelled
1024,30,2024-11-24 10:57:00,shipped
1025,288,2025-03-27 23:16:00,delivered
1026,975,2024-09-09 21:08:00,cancelled
1027,649,2026-10-04 02:50:00,delivered
1028,893,2025-04-03 18:49:00,cancelled
1029,67,2025-12-03 12:58:00,delivered
1030,754,2026-02-20 20:41:00,delivered
1031,990,2026-06-13 07:14:00,shipped
1032,298,2024-06-28 03:05:00,shipped
1033,607,2025-01-20 23:07:00,delivered
1034,131,2025-10-03 12:36:00,delivered
1035,319,2024-05-06 18:34:00,processing
1036,398,2026-05-17 10:49:00,shipped
1037,696,2024-09-15 16:42:00,delivered
1038,228,2024-08-06 12:00:00,delivered
1039,472,2025-10-09 04:52:00,cancelled
1040,858,2025-03-24 15:43:00,delivered
1041,616,2025-08-03 04:47:00,delivered
1042,821,2024-03-11 19:20:00,shipped
1043,706,2024-09-09 08:54:00,delivered
1044,490,2025-03-17 15:18:00,delivered
1045,386,2024-04-30 10:09:00,delivered
1046,216,2025-04-05 22:47:00,pending
1047,887,2025-01-01 15:46:00,shipped
1048,835,2024-11-22 00:35:00,shipped
1049,433,2026-08-27 11:48:00,shipped
1050,74,2026-12-17 23:18:00,shipped
1051,946,2025-02-03 22:54:00,delivered
1052,100,2024-09-25 10:48:00,delivered
1053,887,2024-04-20 22:19:00,delivered
1054,168,2024-10-08 14:44:00,delivered
1055,919,2024-10-23 06:13:00,delivered
1056,201,2024-01-19 11:46:00,delivered
1057,105,2024-10-29 12:27:00,delivered
1058,173,2024-04-25 03:22:00,cancelled
1059,184,2024-04-17 03:32:00,delivered
1060,608,2026-06-07 04:40:00,delivered
1061,251,2024-03-10 03:15:00,shipped
1062,310,2024-12-19 20:47:00,shipped
1063,709,2024-07-02 14:55:00,delivered
1064,392,2025-07-17 20:41:00,shipped
1065,12,2024-09-02 03:05:00,processing
1066,657,2026-11-09 07:01:00,delivered
1067,587,2026-09-09 08:44:00,delivered
1068,814,2025-01-05 12:30:00,cancelled
1069,720,2026-06-07 09:36:00,processing
1070,334,2024-05-10 22:58:00,delivered
1071,551,2025-01-13 12:52:00,delivered
1072,404,2026-12-21 15:04:00,delivered
1073,599,2024-09-11 06:42:00,delivered
1074,186,2025-01-03 00:35:00,shipped
1075,322,2024-09-08 01:08:00,delivered
1076,669,2024-11-26 02:35:00,shipped
1077,772,2024-03-12 02:07:00,delivered
1078,373,2024-12-17 13:42:00,pending
1079,308,2024-04-04 16:57:00,delivered
1080,675,2026-12-29 14:08:00,delivered
1081,712,2025-10-02 16:58:00,cancelled
1082,361,2026-11-11 06:44:00,pending
1083,840,2024-04-01 07:02:00,processing
1084,307,2025-03-16 04:38:00,delivered
1085,606,2026-01-05 08:08:00,delivered
1086,433,2024-06-01 17:16:00,shipped
1087,666,2024-11-30 12:29:00,pending
1088,261,2026-05-21 22:09:00,delivered
1089,73,2025-07-05 20:44:00,delivered
1090,732,2026-02-01 18:42:00,delivered
1091,524,2024-12-01 13:52:00,processing
1092,807,2026-06-07 12:01:00,cancelled
1093,254,2024-06-07 08:07:00,delivered
1094,701,2026-04-13 02:21:00,delivered
1095,372,2025-11-14 08:09:00,delivered
1096,232,2025-07-14 00:06:00,shipped
1097,993,2025-03-31 12:06:00,delivered
1098,127,2024-12-25 16:46:00,delivered
1099,603,2026-09-29 03:33:00,shipped
1100,586,2025-07-31 17:17:00,delivered
1101,919,2024-04-08 05:20:00,cancelled
1102,399,2025-01-05 11:51:00,delivered
1103,992,2026-12-24 17:38:00,delivered
1104,413,2026-09-03 18:08:00,shipped
1105,704,2026-11-17 22:09:00,delivered
1106,147,2026-02-14 18:47:00,shipped
1107,941,2026-01-28 22:49:00,processing
1108,624,2026-05-06 22:29:00,processing
1109,363,2026-08-17 16:18:00,shipped
1110,439,2026-12-02 22:56:00,cancelled
1111,235,2025-09-17 20:54:00,pending
1112,313,2026-04-12 10:54:00,pending
1113,82,2024-06-06 23:15:00,cancelled
1114,170,2024-04-27 02:47:00,shipped
1115,952,2026-10-06 00:27:00,delivered
1116,955,2024-10-06 15:31:00,delivered
1117,694,2026-12-26 22:07:00,shipped
1118,632,2025-01-24 23:00:00,delivered
1119,720,2026-12-30 23:22:00,processing
1120,757,2026-12-17 21:38:00,pending
1121,460,2024-12-11 21:59:00,delivered
1122,537,2025-04-05 05:04:00,shipped
1123,137,2026-11-18 11:03:00,shipped
1124,389,2024-12-15 11:07:00,shipped
1125,696,2025-05-26 17:54:00,delivered
1126,121,2025-08-17 09:30:00,shipped
1127,219,2024-01-05 23:40:00,delivered
1128,223,2025-09-16 20:32:00,delivered
1129,37,2026-08-06 19:54:00,delivered
1130,365,2024-01-13 19:29:00,shipped
1131,363,2024-08-07 00:22:00,delivered
1132,191,2026-04-03 11:00:00,processing
1133,504,2025-02-08 02:33:00,delivered
1134,158,2026-04-21 03:58:00,delivered
1135,160,2025-05-27 07:30:00,shipped
1136,307,2026-01-16 13:57:00,processing
1137,832,2025-07-05 03:28:00,delivered
1138,450,2024-11-27 04:22:00,delivered
1139,6,2026-01-05 22:12:00,processing
1140,292,2024-03-23 04:25:00,shipped
1141,340,2024-03-05 05:42:00,processing
1142,491,2025-06-28 03:26:00,delivered
1143,508,2024-09-17 10:48:00,delivered
1144,903,2026-03-29 16:46:00,cancelled
1145,864,2026-03-07 04:07:00,cancelled
1146,812,2024-02-13 04:09:00,shipped
1147,14,2025-04-29 01:43:00,delivered
1148,440,2024-01-17 13:30:00,shipped
1149,498,2024-06-18 13:15:00,delivered
1150,747,2026-11-13 05:15:00,shipped
1151,118,2025-06-23 22:15:00,delivered
1152,440,2025-02-10 15:45:00,delivered
1153,106,2026-10-25 19:11:00,processing
1154,876,2024-10-31 07:07:00,processing
1155,40,2025-07-14 06:59:00,processing
1156,19,2025-02-12 02:55:00,pending
1157,418,2026-12-11 09:44:00,delivered
1158,237,2025-03-30 10:27:00,delivered
1159,523,2026-05-24 20:03:00,shipped
1160,276,2026-01-14 08:22:00,delivered
1161,253,2025-10-17 01:11:00,pending
1162,54,2025-10-20 06:18:00,delivered
1163,931,2024-07-25 13:11:00,shipped
1164,504,2026-01-14 10:19:00,processing
1165,686,2024-01-28 21:35:00,delivered
1166,134,2025-11-09 11:47:00,delivered
1167,761,2026-12-19 19:23:00,processing
1168,283,2025-03-06 18:24:00,pending
1169,109,2024-09-24 20:47:00,delivered
1170,43,2025-01-25 06:45:00,shipped
1171,102,2024-06-02 17:39:00,shipped
1172,743,2026-08-29 06:34:00,delivered
1173,45,2024-09-18 06:26:00,delivered
1174,259,2025-12-12 11:28:00,delivered
1175,121,2026-06-12 02:30:00,shipped
1176,954,2026-10-28 00:10:00,delivered
1177,714,2024-09-21 09:02:00,cancelled
1178,63,2025-01-24 23:52:00,shipped
1179,702,2026-12-26 16:04:00,processing
1180,769,2026-11-09 12:35:00,delivered
1181,411,2025-07-10 06:11:00,pending
1182,586,2025-03-22 18:44:00,pending
1183,951,2026-11-16 14:32:00,delivered
1184,538,2025-06-14 09:54:00,processing
1185,726,2025-07-03 17:07:00,processing
1186,47,2026-12-28 07:18:00,pending
1187,152,2025-07-22 04:17:00,delivered
1188,53,2025-05-24 06:34:00,processing
1189,665,2025-12-12 20:38:00,cancelled
1190,333,2024-06-19 22:56:00,delivered
1191,740,2024-09-30 13:57:00,delivered
1192,333,2024-04-27 20:52:00,pending
1193,365,2025-03-25 23:17:00,processing
1194,995,2024-02-02 17:42:00,cancelled
1195,797,2024-08-05 23:47:00,delivered
1196,969,2025-06-11 20:40:00,delivered
1197,212,2026-06-24 07:20:00,shipped
1198,596,2026-03-20 04:28:00,processing
1199,744,2026-06-07 11:09:00,cancelled
1200,96,2026-10-12 05:29:00,processing
1201,884,2024-12-26 06:36:00,delivered
1202,747,2025-01-04 20:18:00,pending
1203,167,2024-12-29 12:43:00,delivered
1204,72,2024-10-20 02:27:00,processing
1205,931,2026-04-04 03:46:00,delivered
1206,745,2024-01-25 19:06:00,shipped
1207,22,2024-08-13 00:48:00,delivered
1208,958,2024-03-30 04:15:00,delivered
1209,275,2024-10-19 20:38:00,pending
1210,990,2024-01-20 03:34:00,delivered
1211,347,2024-06-23 06:08:00,delivered
1212,577,2026-06-28 05:19:00,shipped
1213,159,2025-05-14 01:34:00,delivered
1214,643,2024-09-09 00:52:00,pending
1215,558,2025-08-30 03:32:00,delivered
1216,426,2024-10-17 00:58:00,processing
1217,233,2026-05-24 12:09:00,shipped
1218,294,2025-04-07 21:24:00,delivered
1219,733,2024-08-18 15:10:00,cancelled
1220,230,2024-07-27 09:22:00,pending
1221,342,2024-08-30 11:59:00,cancelled
1222,87,2024-03-29 19:09:00,processing
1223,544,2025-11-16 19:11:00,delivered
1224,154,2025-09-09 19:52:00,shipped
1225,897,2024-07-31 08:58:00,delivered
1226,378,2025-06-27 22:51:00,pending
1227,3,2024-10-31 20:09:00,shipped
1228,400,2026-07-03 23:50:00,delivered
1229,490,2024-05-17 03:36:00,shipped
1230,745,2025-07-24 04:05:00,shipped
1231,131,2025-01-07 12:22:00,shipped
1232,435,2026-09-12 22:26:00,delivered
1233,652,2025-11-13 04:51:00,cancelled
1234,944,2025-05-18 12:26:00,delivered
1235,552,2026-12-29 15:34:00,delivered
1236,236,2026-02-26 02:37:00,delivered
1237,540,2025-03-25 22:05:00,processing
1238,3,2025-02-20 00:23:00,delivered
1239,981,2024-09-30 03:03:00,cancelled
1240,370,2024-10-12 09:29:00,processing
1241,874,2026-05-12 07:13:00,delivered
1242,58,2024-10-09 03:44:00,delivered
1243,387,2024-02-23 22:27:00,shipped
1244,719,2024-08-05 21:37:00,pending
1245,858,2024-11-19 00:09:00,shipped
1246,81,2025-05-16 02:00:00,delivered
1247,834,2026-05-02 04:48:00,processing
1248,762,2024-10-13 23:33:00,delivered
1249,307,2026-08-20 13:46:00,shipped
1250,801,2024-01-28 09:07:00,processing
1251,903,2024-03-06 19:48:00,processing
1252,165,2024-01-23 12:53:00,shipped
1253,971,2026-07-19 17:45:00,delivered
1254,942,2026-10-24 09:45:00,processing
1255,954,2024-11-17 08:05:00,delivered
1256,974,2024-09-13 23:13:00,shipped
1257,58,2025-03-24 12:11:00,delivered
1258,1000,2024-06-07 22:29:00,delivered
1259,669,2026-04-09 12:10:00,pending
1260,381,2026-05-18 06:17:00,processing
1261,80,2026-01-12 19:49:00,delivered
1262,29,2025-05-05 09:10:00,delivered
1263,67,2025-03-09 19:00:00,delivered
1264,317,2025-01-19 17:12:00,delivered
1265,34,2025-05-07 08:05:00,cancelled
1266,579,2024-04-01 18:50:00,delivered
1267,50,2025-10-06 02:19:00,pending
1268,366,2025-08-01 12:32:00,processing
1269,770,2026-03-11 23:22:00,cancelled
1270,720,2024-07-18 10:26:00,delivered
1271,516,2024-07-25 16:51:00,delivered
1272,25,2026-02-21 15:37:00,delivered
1273,39,2025-08-17 05:09:00,delivered
1274,81,2024-07-10 22:14:00,delivered
1275,827,2024-10-15 22:10:00,cancelled
1276,514,2026-11-23 23:38:00,delivered
1277,953,2025-11-30 14:50:00,processing
1278,298,2026-01-07 19:54:00,cancelled
1279,41,2026-03-04 07:13:00,cancelled
1280,622,2024-06-02 04:36:00,delivered
1281,510,2024-07-18 00:09:00,delivered
1282,317,2024-06-27 15:06:00,delivered
1283,174,2025-08-28 05:04:00,shipped
1284,373,2025-12-24 02:04:00,processing
1285,791,2026-08-01 08:30:00,cancelled
1286,782,2026-06-24 20:59:00,processing
1287,127,2026-09-26 01:23:00,delivered
1288,411,2026-04-17 19:58:00,delivered
1289,452,2026-01-21 16:54:00,delivered
1290,322,2026-02-04 02:43:00,shipped
1291,461,2025-06-22 21:02:00,delivered
1292,660,2024-04-26 23:50:00,processing
1293,841,2024-01-17 04:54:00,processing
1294,385,2024-11-20 18:25:00,delivered
1295,229,2026-03-06 14:42:00,pending
1296,478,2026-08-17 20:34:00,cancelled
1297,477,2024-08-11 02:11:00,delivered
1298,940,2026-03-23 13:12:00,shipped
1299,67,2025-10-11 10:38:00,delivered
1300,720,2026-09-02 03:17:00,delivered
1301,559,2024-11-14 15:09:00,delivered
1302,328,2024-03-05 19:49:00,shipped
1303,959,2026-01-10 13:30:00,processing
1304,217,2024-02-16 21:27:00,shipped
1305,651,2024-12-26 02:09:00,pending
1306,415,2024-06-16 09:55:00,delivered
1307,893,2026-05-09 16:13:00,delivered
1308,266,2025-01-11 01:05:00,delivered
1309,439,2025-12-01 09:10:00,processing
1310,965,2026-05-08 15:30:00,delivered
1311,803,2024-11-25 22:27:00,shipped
1312,710,2026-03-07 00:35:00,delivered
1313,612,2025-02-10 02:46:00,delivered
1314,632,2024-10-23 10:42:00,cancelled
1315,962,2025-10-10 00:09:00,delivered
1316,957,2024-10-29 15:55:00,shipped
1317,812,2026-04-12 08:33:00,delivered
1318,462,2024-09-14 20:28:00,delivered
1319,593,2024-07-18 01:13:00,delivered
1320,193,2026-05-10 22:34:00,delivered
1321,616,2026-02-12 06:22:00,processing
1322,196,2024-01-30 11:52:00,shipped
1323,310,2025-09-20 16:52:00,delivered
1324,717,2026-10-19 20:29:00,shipped
1325,361,2025-12-22 17:27:00,delivered
1326,784,2025-11-18 03:59:00,processing
1327,439,2026-02-03 05:35:00,delivered
1328,556,2026-06-11 12:18:00,delivered
1329,706,2026-06-14 20:18:00,delivered
1330,961,2024-07-22 02:51:00,delivered
1331,92,2024-02-03 19:59:00,shipped
1332,509,2024-07-23 20:28:00,delivered
1333,826,2024-03-07 21:18:00,delivered
1334,217,2025-04-01 14:35:00,shipped
1335,201,2026-08-19 03:22:00,cancelled
1336,936,2026-08-08 13:58:00,delivered
1337,721,2026-03-21 00:23:00,delivered
1338,520,2025-08-03 08:56:00,delivered
1339,315,2026-04-29 21:15:00,pending
1340,931,2026-04-29 01:00:00,pending
1341,810,2026-02-05 16:52:00,delivered
1342,326,2025-11-17 05:36:00,cancelled
1343,248,2026-03-12 06:39:00,delivered
1344,849,2024-04-15 18:27:00,processing
1345,652,2026-03-10 23:11:00,shipped
1346,326,2026-11-25 05:27:00,processing
1347,728,2024-09-15 16:07:00,delivered
1348,804,2026-03-13 20:58:00,shipped
1349,567,2024-11-21 10:13:00,pending
1350,27,2026-06-14 00:40:00,delivered
1351,157,2024-02-26 19:45:00,delivered
1352,996,2024-06-10 18:24:00,pending
1353,752,2024-09-24 14:40:00,delivered
1354,367,2025-01-17 07:41:00,delivered
1355,305,2025-01-31 17:53:00,processing
1356,799,2026-02-13 08:42:00,pending
1357,85,2024-10-21 20:01:00,delivered
1358,594,2024-07-30 03:29:00,cancelled
1359,126,2024-08-07 04:18:00,shipped
1360,185,2024-07-09 02:31:00,delivered
1361,935,2025-03-01 12:06:00,delivered
1362,23,2026-04-27 02:31:00,cancelled
1363,79,2025-03-06 21:26:00,shipped
1364,322,2026-07-12 05:11:00,shipped
1365,926,2024-12-31 21:36:00,delivered
1366,876,2024-03-05 03:21:00,cancelled
1367,496,2024-01-11 05:33:00,delivered
1368,949,2024-09-06 06:38:00,pending
1369,24,2026-11-26 16:48:00,processing
1370,888,2026-01-17 03:57:00,processing
1371,336,2024-10-10 07:05:00,delivered
1372,963,2024-09-16 08:17:00,delivered
1373,977,2024-07-07 11:45:00,delivered
1374,302,2026-08-14 23:51:00,delivered
1375,525,2026-03-30 06:16:00,processing
1376,704,2025-07-29 12:06:00,delivered
1377,785,2025-09-30 05:50:00,processing
1378,740,2026-09-26 13:56:00,shipped
1379,611,2025-07-10 10:39:00,processing
1380,393,2026-05-29 06:36:00,shipped
1381,920,2024-05-11 14:10:00,delivered
1382,982,2026-11-13 08:37:00,shipped
1383,619,2026-12-22 11:25:00,pending
1384,185,2025-10-22 13:50:00,processing
1385,252,2024-05-28 06:42:00,shipped
1386,149,2025-10-05 03:00:00,shipped
1387,12,2025-11-04 06:29:00,delivered
1388,330,2025-04-21 17:04:00,shipped
1389,617,2025-03-10 16:13:00,processing
1390,285,2024-06-02 18:57:00,delivered
1391,699,2026-06-10 10:52:00,shipped
1392,202,2024-04-11 15:31:00,pending
1393,282,2026-05-12 03:07:00,delivered
1394,616,2025-10-31 18:24:00,processing
1395,22,2025-08-06 00:41:00,delivered
1396,590,2024-01-10 14:18:00,processing
1397,991,2026-04-04 01:57:00,delivered
1398,541,2024-03-21 10:41:00,pending
1399,482,2024-07-13 13:46:00,shipped
1400,325,2025-12-09 12:05:00,delivered
1401,321,2026-10-08 19:03:00,shipped
1402,714,2026-07-19 15:54:00,delivered
1403,933,2024-09-05 11:39:00,processing
1404,230,2024-04-07 00:08:00,processing
1405,331,2026-06-11 07:10:00,pending
1406,742,2026-01-25 17:00:00,cancelled
1407,889,2024-04-17 08:56:00,delivered
1408,114,2024-04-08 09:04:00,shipped
1409,705,2026-02-16 08:44:00,processing
1410,142,2026-08-01 03:08:00,shipped
1411,152,2026-04-26 20:28:00,delivered
1412,535,2026-12-16 07:36:00,delivered
1413,502,2025-07-28 10:49:00,delivered
1414,232,2024-07-07 08:49:00,shipped
1415,85,2025-12-23 17:53:00,delivered
1416,676,2025-02-25 22:04:00,pending
1417,507,2024-05-03 06:00:00,delivered
1418,480,2026-02-27 06:31:00,processing
1419,214,2026-12-16 16:54:00,shipped
1420,968,2025-09-30 22:29:00,delivered
1421,869,2026-10-30 03:58:00,processing
1422,939,2026-01-14 12:28:00,delivered
1423,526,2025-02-19 12:12:00,pending
1424,434,2024-12-02 21:19:00,cancelled
1425,592,2024-07-28 04:29:00,delivered
1426,763,2024-08-13 07:01:00,delivered
1427,192,2025-06-30 00:30:00,delivered
1428,464,2025-12-21 08:07:00,cancelled
1429,87,2025-12-26 13:13:00,processing
1430,515,2026-06-01 16:21:00,pending
1431,280,2026-01-27 03:03:00,delivered
1432,750,2026-05-15 06:18:00,processing
1433,181,2025-07-19 16:38:00,delivered
1434,444,2024-08-11 21:03:00,delivered
1435,982,2024-08-15 07:07:00,pending
1436,37,2025-06-29 07:04:00,delivered
1437,283,2025-04-08 19:44:00,delivered
1438,402,2026-03-15 03:14:00,delivered
1439,901,2025-07-03 15:13:00,processing
1440,209,2025-12-12 20:18:00,delivered
1441,295,2024-01-07 03:11:00,delivered
1442,718,2026-09-03 23:19:00,delivered
1443,705,2025-05-03 05:20:00,delivered
1444,171,2025-01-18 10:57:00,delivered
1445,986,2024-01-27 21:30:00,shipped
1446,22,2024-12-29 08:56:00,pending
1447,696,2024-01-20 19:22:00,cancelled
1448,598,2024-01-03 15:55:00,processing
1449,113,2024-04-02 00:36:00,delivered
1450,298,2025-04-12 16:32:00,processing
1451,151,2024-07-11 03:19:00,delivered
1452,344,2026-07-15 15:47:00,shipped
1453,559,2025-06-11 21:31:00,shipped
1454,470,2024-01-28 11:19:00,delivered
1455,913,2026-11-26 21:54:00,delivered
1456,864,2026-09-18 03:17:00,delivered
1457,746,2024-02-12 04:26:00,delivered
1458,676,2024-10-17 11:31:00,pending
1459,592,2026-06-01 11:13:00,delivered
1460,199,2026-02-12 20:06:00,cancelled
1461,899,2026-07-09 16:11:00,shipped
1462,696,2025-12-15 10:25:00,delivered
1463,968,2025-07-19 09:12:00,pending
1464,533,2025-12-04 19:07:00,shipped
1465,466,2025-12-11 09:07:00,cancelled
1466,511,2024-10-28 14:43:00,processing
1467,990,2025-08-16 19:35:00,delivered
1468,311,2026-09-24 09:04:00,delivered
1469,16,2026-07-18 01:13:00,shipped
1470,608,2024-09-09 01:31:00,shipped
1471,441,2025-12-22 21:53:00,pending
1472,258,2024-10-09 11:56:00,shipped
1473,880,2026-10-25 21:49:00,delivered
1474,977,2024-06-25 22:17:00,processing
1475,751,2025-02-06 13:37:00,cancelled
1476,298,2025-03-24 01:30:00,cancelled
1477,255,2026-03-02 13:25:00,cancelled
1478,101,2025-06-19 09:38:00,shipped
1479,578,2026-06-11 21:56:00,shipped
1480,593,2024-10-12 21:49:00,processing
1481,139,2026-05-02 17:12:00,shipped
1482,88,2025-08-31 18:59:00,delivered
1483,559,2025-01-10 12:50:00,delivered
1484,448,2024-07-15 04:33:00,shipped
1485,321,2026-10-28 21:45:00,shipped
1486,363,2026-05-25 14:26:00,cancelled
1487,473,2024-02-26 17:01:00,cancelled
1488,432,2024-06-30 04:39:00,cancelled
1489,806,2025-05-11 18:32:00,shipped
1490,636,2025-08-23 01:48:00,delivered
1491,129,2026-04-05 21:00:00,delivered
1492,782,2026-11-26 14:53:00,pending
1493,57,2025-07-07 20:06:00,shipped
1494,100,2025-08-18 18:30:00,delivered
1495,886,2024-05-04 03:47:00,delivered
1496,524,2024-04-18 22:13:00,delivered
1497,576,2026-10-11 04:14:00,delivered
1498,656,2024-11-12 09:40:00,shipped
1499,960,2024-01-14 15:39:00,delivered
1500,118,2024-05-17 00:09:00,delivered
1501,124,2026-11-30 03:15:00,processing
1502,486,2024-02-20 16:28:00,shipped
1503,949,2024-09-06 09:25:00,delivered
1504,189,2025-04-26 17:16:00,delivered
1505,698,2026-06-18 21:39:00,processing
1506,150,2024-02-14 05:09:00,delivered
1507,674,2025-05-07 05:32:00,delivered
1508,560,2025-02-14 15:30:00,shipped
1509,684,2024-07-23 18:31:00,shipped
1510,282,2026-03-12 12:44:00,delivered
1511,476,2026-05-03 13:09:00,pending
1512,469,2024-09-03 18:24:00,pending
1513,311,2024-03-10 20:41:00,delivered
1514,635,2026-06-29 01:58:00,cancelled
1515,986,2024-10-12 14:56:00,delivered
1516,284,2024-01-19 05:22:00,delivered
1517,882,2026-10-27 06:22:00,cancelled
1518,538,2026-03-10 16:04:00,processing
1519,156,2025-12-21 20:46:00,delivered
1520,471,2024-10-13 08:50:00,delivered
1521,311,2026-03-17 02:58:00,delivered
1522,496,2026-02-10 15:38:00,delivered
1523,590,2026-11-04 21:33:00,shipped
1524,715,2025-10-25 18:37:00,shipped
1525,633,2026-04-06 02:02:00,pending
1526,751,2024-11-21 07:06:00,delivered
1527,512,2026-09-02 10:48:00,processing
1528,791,2025-04-29 03:57:00,delivered
1529,746,2026-02-25 13:59:00,pending
1530,627,2025-05-27 03:02:00,delivered
1531,75,2026-06-23 11:38:00,delivered
1532,31,2024-12-22 10:06:00,delivered
1533,387,2024-09-29 20:36:00,delivered
1534,201,2025-06-01 15:28:00,delivered
1535,231,2025-02-16 23:10:00,shipped
1536,542,2025-01-28 02:37:00,pending
1537,983,2024-07-16 06:02:00,delivered
1538,915,2024-01-11 11:49:00,shipped
1539,560,2024-05-27 10:11:00,delivered
1540,981,2026-12-17 15:12:00,delivered
1541,585,2026-08-28 16:22:00,shipped
1542,922,2024-10-09 02:28:00,shipped
1543,386,2024-05-25 18:05:00,processing
1544,530,2025-09-02 03:07:00,delivered
1545,53,2025-11-08 00:14:00,delivered
1546,297,2025-05-29 12:45:00,shipped
1547,894,2024-11-19 09:04:00,delivered
1548,248,2026-11-26 19:32:00,shipped
1549,634,2024-04-26 17:44:00,delivered
1550,597,2026-08-22 08:41:00,pending
1551,347,2026-05-13 08:12:00,shipped
1552,784,2024-05-01 04:13:00,delivered
1553,752,2025-11-06 21:58:00,delivered
1554,242,2026-10-07 02:51:00,cancelled
1555,927,2024-03-13 11:04:00,cancelled
1556,613,2024-06-14 17:30:00,cancelled
1557,278,2024-03-26 03:02:00,delivered
1558,231,2025-12-18 13:30:00,shipped
1559,871,2025-04-11 00:59:00,pending
1560,793,2025-02-05 17:38:00,delivered
1561,699,2024-02-07 17:30:00,pending
1562,785,2026-02-11 22:08:00,shipped
1563,438,2024-10-09 03:28:00,processing
1564,631,2026-01-23 11:12:00,shipped
1565,941,2024-04-28 07:14:00,pending
1566,11,2025-04-10 13:47:00,delivered
1567,828,2024-04-03 00:55:00,delivered
1568,833,2024-04-26 02:03:00,processing
1569,185,2025-08-01 01:20:00,shipped
1570,671,2025-05-15 09:08:00,delivered
1571,491,2024-09-07 21:04:00,pending
1572,961,2025-02-25 15:45:00,delivered
1573,366,2025-03-27 14:45:00,shipped
1574,376,2025-08-22 20:15:00,delivered
1575,274,2025-10-15 22:34:00,delivered
1576,56,2025-12-10 13:45:00,cancelled
1577,498,2025-07-26 02:13:00,cancelled
1578,862,2026-12-02 07:19:00,delivered
1579,216,2024-09-08 11:46:00,delivered
1580,146,2024-03-14 07:44:00,shipped
1581,783,2026-07-18 03:01:00,delivered
1582,35,2025-07-07 08:37:00,shipped
1583,848,2024-06-22 01:17:00,delivered
1584,394,2026-10-11 00:55:00,shipped
1585,455,2024-03-31 07:13:00,shipped
1586,676,2026-06-01 17:03:00,delivered
1587,33,2025-12-13 00:58:00,delivered
1588,915,2025-11-19 08:51:00,delivered
1589,222,2024-02-26 10:46:00,delivered
1590,445,2026-05-25 23:59:00,delivered
1591,59,2024-08-11 17:24:00,cancelled
1592,955,2025-08-11 17:29:00,shipped
1593,737,2026-11-28 08:10:00,cancelled
1594,479,2025-05-02 04:58:00,pending
1595,819,2025-07-15 02:15:00,delivered
1596,303,2025-11-22 18:25:00,pending
1597,281,2026-01-10 08:42:00,shipped
1598,669,2024-01-26 03:19:00,delivered
1599,329,2025-06-25 05:28:00,delivered
1600,451,2024-01-19 14:02:00,cancelled
1601,492,2025-03-22 13:03:00,delivered
1602,82,2025-07-20 19:35:00,shipped
1603,66,2026-06-21 05:16:00,delivered
1604,283,2025-06-15 15:08:00,processing
1605,179,2024-10-27 19:41:00,pending
1606,118,2024-03-19 05:43:00,delivered
1607,451,2025-10-11 01:35:00,delivered
1608,63,2025-06-14 08:01:00,delivered
1609,879,2025-12-24 17:45:00,pending
1610,241,2025-12-17 03:04:00,delivered
1611,116,2026-11-12 02:15:00,processing
1612,585,2026-01-30 21:26:00,pending
1613,437,2025-08-02 04:01:00,shipped
1614,808,2026-01-07 10:26:00,delivered
1615,384,2026-08-21 09:39:00,pending
1616,378,2024-04-01 09:59:00,processing
1617,606,2024-02-22 03:38:00,processing
1618,321,2026-11-12 22:49:00,delivered
1619,803,2025-12-05 06:24:00,delivered
1620,34,2024-11-03 12:48:00,cancelled
1621,81,2024-06-07 07:36:00,delivered
1622,589,2026-05-06 17:46:00,processing
1623,900,2026-12-16 01:38:00,delivered
1624,538,2026-12-01 14:20:00,shipped
1625,857,2025-08-23 07:21:00,processing
1626,787,2026-01-11 07:29:00,shipped
1627,996,2024-08-24 22:15:00,shipped
1628,981,2026-04-19 11:05:00,shipped
1629,518,2024-06-05 11:41:00,delivered
1630,236,2026-07-08 13:14:00,delivered
1631,847,2024-09-13 17:15:00,delivered
1632,418,2024-10-09 19:16:00,delivered
1633,350,2025-10-04 03:05:00,shipped
1634,518,2024-10-30 18:31:00,delivered
1635,792,2025-02-09 05:56:00,delivered
1636,171,2024-09-04 13:16:00,delivered
1637,729,2026-08-20 23:06:00,processing
1638,35,2026-06-02 00:44:00,processing
1639,75,2024-09-28 16:55:00,delivered
1640,398,2026-05-14 11:08:00,shipped
1641,571,2025-05-09 22:18:00,processing
1642,919,2025-11-20 18:38:00,delivered
1643,740,2024-04-02 02:47:00,cancelled
1644,973,2026-07-08 13:40:00,shipped
1645,855,2026-06-11 09:48:00,delivered
1646,138,2025-01-10 23:49:00,delivered
1647,840,2026-11-09 02:09:00,delivered
1648,608,2026-01-27 21:41:00,delivered
1649,329,2026-06-17 05:32:00,delivered
1650,287,2024-07-17 07:19:00,delivered
1651,50,2026-11-26 16:37:00,delivered
1652,951,2026-05-23 09:20:00,shipped
1653,776,2024-12-31 04:02:00,delivered
1654,753,2025-03-07 13:33:00,shipped
1655,901,2025-10-05 03:22:00,shipped
1656,122,2025-08-12 08:31:00,shipped
1657,907,2024-12-12 09:58:00,shipped
1658,621,2024-08-05 07:42:00,shipped
1659,99,2025-02-27 17:53:00,delivered
1660,173,2024-02-26 19:57:00,pending
1661,913,2025-02-03 00:31:00,delivered
1662,27,2026-01-26 06:18:00,cancelled
1663,585,2026-05-23 23:28:00,delivered
1664,851,2026-07-18 09:58:00,processing
1665,724,2024-09-02 14:56:00,shipped
1666,270,2024-06-26 04:17:00,delivered
1667,120,2025-12-25 02:47:00,delivered
1668,745,2024-06-01 10:10:00,delivered
1669,283,2026-07-17 20:47:00,delivered
1670,796,2024-05-31 22:44:00,shipped
1671,947,2024-03-19 13:06:00,cancelled
1672,814,2026-12-03 10:12:00,delivered
1673,677,2024-03-13 20:40:00,pending
1674,141,2026-02-09 07:43:00,processing
1675,482,2024-11-06 15:52:00,processing
1676,509,2025-08-01 04:12:00,delivered
1677,91,2026-11-23 23:47:00,processing
1678,445,2024-05-17 15:35:00,delivered
1679,728,2024-12-30 01:26:00,delivered
1680,629,2026-02-17 20:37:00,processing
1681,358,2026-09-18 16:42:00,cancelled
1682,899,2025-09-06 07:56:00,shipped
1683,497,2026-09-30 20:25:00,delivered
1684,557,2026-09-12 09:06:00,processing
1685,987,2025-08-11 13:28:00,shipped
1686,679,2026-05-20 03:11:00,delivered
1687,327,2024-08-20 11:44:00,shipped
1688,132,2026-09-17 15:38:00,shipped
1689,241,2024-02-29 09:17:00,delivered
1690,912,2026-04-17 01:35:00,delivered
1691,268,2025-10-12 13:25:00,delivered
1692,436,2026-03-27 08:58:00,pending
1693,498,2025-03-24 10:40:00,delivered
1694,316,2026-07-05 13:14:00,delivered
1695,171,2025-02-26 20:07:00,cancelled
1696,629,2025-11-06 04:38:00,delivered
1697,974,2024-02-13 12:05:00,delivered
1698,342,2025-12-23 17:04:00,delivered
1699,532,2025-03-07 11:34:00,processing
1700,161,2026-03-21 22:14:00,shipped
1701,166,2026-02-04 10:26:00,processing
1702,751,2025-05-24 00:02:00,delivered
1703,774,2026-12-14 03:32:00,shipped
1704,497,2024-03-27 05:18:00,shipped
1705,236,2025-05-21 01:17:00,delivered
1706,833,2026-02-12 20:25:00,processing
1707,759,2025-07-06 02:04:00,pending
1708,740,2026-04-30 00:00:00,delivered
1709,555,2024-11-06 03:47:00,delivered
1710,401,2025-02-01 19:54:00,shipped
1711,332,2026-05-20 16:47:00,pending
1712,281,2026-07-28 06:06:00,shipped
1713,672,2026-08-23 12:18:00,shipped
1714,228,2026-04-12 17:17:00,delivered
1715,930,2026-12-28 16:15:00,shipped
1716,509,2026-03-17 11:48:00,delivered
1717,111,2026-07-15 07:36:00,cancelled
1718,407,2025-04-20 14:23:00,delivered
1719,112,2025-09-28 10:09:00,delivered
1720,1000,2024-06-20 03:35:00,processing
1721,886,2026-09-30 18:15:00,pending
1722,413,2026-08-27 16:46:00,delivered
1723,779,2025-04-21 01:49:00,delivered
1724,422,2025-09-29 23:21:00,delivered
1725,38,2025-10-20 22:36:00,delivered
1726,893,2024-01-12 08:44:00,processing
1727,576,2026-09-27 17:31:00,shipped
1728,668,2025-04-27 10:29:00,delivered
1729,527,2024-06-15 03:27:00,delivered
1730,385,2024-09-17 00:10:00,delivered
1731,125,2024-12-06 06:28:00,delivered
1732,117,2024-03-20 13:31:00,processing
1733,823,2026-12-10 15:08:00,delivered
1734,561,2026-05-06 12:00:00,shipped
1735,446,2025-08-25 23:59:00,delivered
1736,278,2026-12-06 10:39:00,delivered
1737,578,2024-12-05 04:18:00,delivered
1738,210,2026-01-30 16:38:00,shipped
1739,474,2025-03-07 10:59:00,delivered
1740,873,2024-10-04 05:33:00,delivered
1741,486,2024-01-21 10:26:00,processing
1742,482,2024-05-17 00:19:00,delivered
1743,205,2024-07-11 17:29:00,shipped
1744,63,2026-08-17 19:10:00,pending
1745,652,2025-04-07 11:40:00,pending
1746,198,2025-07-16 09:52:00,cancelled
1747,437,2025-09-18 11:39:00,delivered
1748,957,2025-06-05 17:34:00,delivered
1749,208,2024-06-07 18:09:00,processing
1750,222,2025-07-27 05:16:00,delivered
1751,130,2026-12-05 18:41:00,delivered
1752,339,2025-07-21 23:55:00,delivered
1753,932,2026-08-27 06:10:00,pending
1754,238,2025-03-19 02:59:00,delivered
1755,151,2024-10-20 05:30:00,delivered
1756,332,2024-06-08 01:08:00,delivered
1757,451,2026-05-21 21:30:00,shipped
1758,513,2024-08-28 07:35:00,shipped
1759,793,2026-02-28 22:30:00,shipped
1760,859,2026-12-05 10:33:00,pending
1761,620,2025-03-14 05:40:00,delivered
1762,729,2024-10-19 13:35:00,shipped
1763,712,2025-05-28 21:07:00,delivered
1764,446,2025-12-14 05:01:00,delivered
1765,876,2026-08-12 21:22:00,delivered
1766,219,2025-01-26 12:23:00,processing
1767,766,2024-01-22 06:28:00,shipped
1768,200,2024-01-12 18:19:00,shipped
1769,933,2026-01-25 08:32:00,cancelled
1770,622,2025-07-13 01:41:00,shipped
1771,491,2026-03-26 01:44:00,delivered
1772,281,2024-04-27 18:52:00,pending
1773,736,2026-08-22 19:40:00,delivered
1774,178,2026-08-27 23:55:00,delivered
1775,559,2024-07-31 01:23:00,pending
1776,916,2024-11-09 22:47:00,processing
1777,872,2024-09-26 02:26:00,delivered
1778,123,2024-04-24 14:40:00,delivered
1779,322,2024-07-18 17:17:00,cancelled
1780,199,2024-02-04 10:53:00,delivered
1781,922,2025-10-10 22:10:00,cancelled
1782,601,2026-01-20 16:00:00,cancelled
1783,413,2026-05-02 21:42:00,pending
1784,198,2026-10-24 04:46:00,shipped
1785,177,2026-06-27 01:17:00,delivered
1786,706,2026-11-01 13:11:00,delivered
1787,863,2024-01-07 09:17:00,delivered
1788,121,2025-11-30 14:36:00,delivered
1789,89,2026-08-06 02:07:00,cancelled
1790,187,2024-06-25 05:20:00,delivered
1791,989,2024-02-11 05:50:00,pending
1792,654,2026-02-06 14:05:00,delivered
1793,966,2025-05-20 09:53:00,delivered
1794,966,2025-01-26 23:48:00,delivered
1795,318,2024-04-19 12:45:00,shipped
1796,286,2024-10-14 18:20:00,shipped
1797,856,2025-01-20 08:56:00,processing
1798,303,2025-06-15 22:28:00,shipped
1799,502,2025-12-28 18:23:00,shipped
1800,658,2026-12-07 14:53:00,delivered
1801,852,2024-12-15 01:53:00,delivered
1802,160,2025-03-07 22:27:00,shipped
1803,831,2025-08-14 06:21:00,delivered
1804,516,2025-07-04 02:32:00,delivered
1805,265,2025-03-22 14:16:00,pending
1806,119,2026-11-24 21:40:00,processing
1807,144,2026-08-14 18:20:00,shipped
1808,387,2024-03-10 10:44:00,processing
1809,368,2024-01-17 05:26:00,delivered
1810,345,2024-07-24 05:58:00,shipped
1811,167,2026-08-14 17:11:00,delivered
1812,450,2026-07-23 18:36:00,delivered
1813,749,2026-03-28 15:53:00,processing
1814,741,2026-02-03 19:21:00,delivered
1815,411,2025-09-06 01:59:00,delivered
1816,782,2026-11-04 03:26:00,shipped
1817,276,2026-03-31 18:01:00,processing
1818,171,2025-09-07 19:44:00,cancelled
1819,204,2024-10-12 04:42:00,shipped
1820,983,2024-04-20 02:19:00,delivered
1821,145,2025-12-09 14:25:00,processing
1822,1,2024-10-29 06:56:00,processing
1823,315,2024-06-13 05:15:00,delivered
1824,448,2024-07-03 23:15:00,processing
1825,569,2026-02-05 00:30:00,processing
1826,103,2026-08-22 17:43:00,shipped
1827,218,2026-08-25 21:24:00,delivered
1828,724,2025-05-12 03:24:00,processing
1829,782,2024-09-30 12:49:00,shipped
1830,290,2026-05-19 19:25:00,delivered
1831,356,2026-09-27 21:47:00,cancelled
1832,28,2025-03-30 19:11:00,delivered
1833,378,2026-01-11 10:32:00,delivered
1834,626,2026-03-26 02:41:00,processing
1835,512,2025-01-19 01:13:00,shipped
1836,96,2025-11-26 12:41:00,processing
1837,155,2025-08-06 09:24:00,delivered
1838,493,2024-03-12 08:26:00,processing
1839,408,2026-11-25 03:29:00,delivered
1840,355,2024-07-26 20:55:00,shipped
1841,827,2024-01-26 05:20:00,processing
1842,520,2026-02-25 21:29:00,pending
1843,670,2026-04-02 13:49:00,pending
1844,436,2025-06-13 23:40:00,processing
1845,827,2026-07-11 16:23:00,delivered
1846,730,2025-11-17 17:23:00,processing
1847,184,2026-05-18 17:48:00,shipped
1848,691,2024-06-12 04:00:00,shipped
1849,957,2025-06-12 06:32:00,delivered
1850,746,2026-07-20 13:03:00,delivered
1851,41,2024-09-05 15:29:00,shipped
1852,911,2026-01-26 08:27:00,shipped
1853,304,2024-02-18 17:17:00,processing
1854,366,2026-05-04 00:28:00,shipped
1855,652,2024-03-13 19:07:00,shipped
1856,38,2026-12-24 23:25:00,processing
1857,87,2026-12-31 03:08:00,delivered
1858,649,2026-10-07 13:57:00,shipped
1859,996,2026-07-27 22:39:00,processing
1860,846,2026-12-08 18:29:00,pending
1861,335,2026-02-02 01:09:00,delivered
1862,742,2024-07-26 12:32:00,cancelled
1863,81,2025-11-22 20:47:00,shipped
1864,411,2024-02-15 05:47:00,shipped
1865,669,2024-06-11 13:07:00,delivered
1866,585,2025-06-18 09:39:00,delivered
1867,875,2025-05-14 22:51:00,pending
1868,588,2026-08-26 06:48:00,cancelled
1869,282,2025-01-15 08:32:00,delivered
1870,620,2026-03-27 05:43:00,shipped
1871,6,2026-04-13 06:01:00,delivered
1872,673,2024-09-22 08:17:00,delivered
1873,810,2025-10-13 03:14:00,processing
1874,727,2025-10-26 07:04:00,delivered
1875,746,2026-08-01 18:26:00,delivered
1876,337,2026-03-07 15:59:00,delivered
1877,352,2025-11-28 10:22:00,delivered
1878,156,2026-08-04 23:31:00,processing
1879,715,2024-12-14 21:24:00,shipped
1880,34,2024-06-09 20:31:00,delivered
1881,354,2024-06-19 06:47:00,cancelled
1882,379,2025-09-14 09:48:00,shipped
1883,691,2026-08-15 00:09:00,delivered
1884,171,2025-12-21 18:27:00,shipped
1885,784,2024-02-17 09:35:00,delivered
1886,241,2026-02-07 17:08:00,shipped
1887,972,2024-09-09 03:25:00,processing
1888,114,2025-08-15 05:55:00,processing
1889,797,2026-04-01 17:26:00,shipped
1890,223,2026-05-06 19:17:00,shipped
1891,372,2024-08-04 21:56:00,delivered
1892,649,2025-10-12 16:34:00,delivered
1893,231,2026-04-07 15:48:00,delivered
1894,846,2026-07-09 05:59:00,delivered
1895,410,2025-08-13 00:34:00,delivered
1896,782,2026-08-08 20:11:00,delivered
1897,101,2026-02-24 18:41:00,shipped
1898,429,2026-04-20 06:40:00,pending
1899,230,2024-10-10 19:39:00,delivered
1900,83,2026-04-17 00:20:00,delivered
1901,171,2026-08-24 21:05:00,cancelled
1902,24,2026-03-08 17:32:00,delivered
1903,871,2024-11-26 14:23:00,delivered
1904,246,2024-12-24 15:59:00,delivered
1905,205,2025-10-22 04:18:00,pending
1906,32,2025-02-27 18:29:00,delivered
1907,701,2026-06-27 07:50:00,processing
1908,473,2026-10-21 20:07:00,delivered
1909,858,2025-11-09 05:15:00,delivered
1910,986,2024-05-23 00:47:00,pending
1911,694,2026-04-12 16:30:00,delivered
1912,73,2026-05-04 08:56:00,delivered
1913,124,2026-12-29 22:01:00,shipped
1914,848,2024-05-02 09:51:00,shipped
1915,843,2024-03-22 11:25:00,delivered
1916,524,2026-06-20 13:50:00,processing
1917,150,2025-06-21 18:48:00,delivered
1918,740,2024-12-12 11:26:00,delivered
1919,146,2025-05-12 15:13:00,shipped
1920,338,2024-05-31 14:57:00,delivered
1921,771,2025-05-16 08:21:00,shipped
1922,456,2025-11-08 14:44:00,shipped
1923,282,2024-03-14 04:09:00,delivered
1924,27,2025-03-28 11:36:00,shipped
1925,299,2025-09-20 22:10:00,delivered
1926,313,2026-08-31 22:28:00,delivered
1927,159,2024-09-20 04:38:00,shipped
1928,394,2025-06-10 20:14:00,pending
1929,217,2025-09-12 04:37:00,pending
1930,373,2026-11-07 23:55:00,cancelled
1931,416,2026-09-03 19:57:00,processing
1932,353,2024-11-15 18:54:00,delivered
1933,536,2026-02-05 12:55:00,cancelled
1934,664,2024-12-12 16:30:00,processing
1935,919,2026-02-16 00:42:00,cancelled
1936,351,2025-04-05 09:13:00,processing
1937,285,2024-09-01 20:12:00,shipped
1938,471,2024-01-25 23:54:00,delivered
1939,807,2026-12-09 07:47:00,processing
1940,681,2024-03-08 12:40:00,pending
1941,338,2026-11-05 02:17:00,delivered
1942,548,2024-06-11 01:28:00,delivered
1943,254,2025-05-16 08:51:00,delivered
1944,707,2025-05-16 07:44:00,delivered
1945,182,2024-03-23 19:17:00,delivered
1946,94,2025-01-24 23:53:00,cancelled
1947,928,2024-09-28 16:19:00,pending
1948,234,2025-05-14 18:48:00,delivered
1949,476,2024-07-20 17:56:00,delivered
1950,327,2024-05-29 06:30:00,processing
1951,86,2026-09-01 06:06:00,delivered
1952,221,2026-09-24 09:36:00,pending
1953,441,2024-08-16 23:56:00,shipped
1954,659,2025-02-02 18:51:00,delivered
1955,774,2026-07-23 00:16:00,delivered
1956,616,2025-07-08 15:40:00,processing
1957,520,2026-09-16 16:18:00,cancelled
1958,307,2025-06-25 17:15:00,shipped
1959,695,2026-10-27 09:40:00,shipped
1960,775,2025-01-08 15:00:00,shipped
1961,998,2026-11-09 15:31:00,processing
1962,68,2026-06-03 21:19:00,pending
1963,883,2026-06-26 10:40:00,delivered
1964,843,2025-01-09 06:49:00,processing
1965,238,2025-03-12 09:32:00,shipped
1966,785,2026-12-22 15:06:00,delivered
1967,950,2025-03-06 18:43:00,processing
1968,161,2025-01-28 12:50:00,processing
1969,162,2024-11-17 10:33:00,cancelled
1970,670,2026-05-03 23:17:00,processing
1971,270,2026-08-24 09:23:00,processing
1972,342,2025-12-25 23:20:00,shipped
1973,436,2026-03-16 13:00:00,delivered
1974,414,2024-04-23 13:22:00,delivered
1975,144,2026-07-24 08:01:00,delivered
1976,208,2025-03-03 21:45:00,shipped
1977,853,2026-02-03 00:20:00,shipped
1978,392,2025-10-29 17:35:00,delivered
1979,817,2025-03-16 19:32:00,shipped
1980,281,2024-08-06 02:15:00,processing
1981,741,2026-09-09 23:37:00,delivered
1982,995,2024-04-04 21:24:00,delivered
1983,931,2026-09-24 07:17:00,cancelled
1984,601,2026-02-07 01:06:00,pending
1985,351,2025-07-19 17:23:00,shipped
1986,292,2024-08-15 15:08:00,delivered
1987,76,2025-10-26 23:26:00,delivered
1988,895,2024-11-04 18:19:00,delivered
1989,576,2024-06-29 14:15:00,shipped
1990,560,2025-06-17 17:33:00,delivered
1991,707,2024-02-14 04:49:00,delivered
1992,892,2025-10-04 11:57:00,delivered
1993,766,2025-03-15 05:20:00,delivered
1994,472,2026-01-11 10:12:00,delivered
1995,721,2025-06-14 08:38:00,delivered
1996,24,2024-10-14 03:41:00,shipped
1997,406,2026-09-23 01:53:00,delivered
1998,935,2026-11-15 11:01:00,delivered
1999,33,2026-10-29 10:50:00,delivered
2000,290,2025-11-14 20:04:00,delivered
2001,579,2024-07-07 17:49:00,processing
2002,163,2026-11-17 02:36:00,cancelled
2003,625,2025-01-25 02:49:00,delivered
2004,838,2025-07-21 14:28:00,delivered
2005,757,2024-11-07 20:21:00,pending
2006,664,2025-11-26 14:33:00,delivered
2007,758,2026-06-04 00:25:00,delivered
2008,7,2026-03-09 00:00:00,processing
2009,438,2024-11-04 08:54:00,processing
2010,691,2025-10-30 17:29:00,delivered
2011,206,2025-12-27 22:55:00,delivered
2012,194,2024-10-30 06:19:00,processing
2013,27,2026-12-28 19:54:00,pending
2014,131,2025-12-14 02:20:00,delivered
2015,951,2025-04-16 21:13:00,processing
2016,168,2026-05-18 08:14:00,cancelled
2017,223,2025-12-28 00:08:00,delivered
2018,968,2026-06-19 03:53:00,cancelled
2019,27,2026-06-28 23:54:00,delivered
2020,390,2024-04-10 14:28:00,shipped
2021,211,2026-02-18 18:52:00,processing
2022,993,2024-12-24 16:58:00,delivered
2023,529,2024-09-06 05:48:00,processing
2024,964,2026-09-28 23:38:00,shipped
2025,325,2026-04-30 06:13:00,cancelled
2026,819,2026-11-04 11:30:00,shipped
2027,115,2026-07-24 00:00:00,shipped
2028,431,2026-03-30 03:22:00,shipped
2029,318,2024-05-13 13:54:00,delivered
2030,235,2024-06-21 20:41:00,delivered
2031,897,2026-08-23 00:17:00,delivered
2032,919,2025-10-24 01:09:00,delivered
2033,182,2024-01-19 04:33:00,processing
2034,712,2026-08-20 01:03:00,delivered
2035,215,2025-08-23 11:39:00,shipped
2036,162,2026-05-08 05:11:00,cancelled
2037,989,2024-11-06 23:51:00,delivered
2038,186,2026-01-17 03:50:00,processing
2039,510,2025-02-21 09:25:00,delivered
2040,931,2025-06-27 19:20:00,pending
2041,27,2025-11-10 00:56:00,delivered
2042,753,2024-10-22 13:02:00,delivered
2043,781,2026-12-11 05:10:00,processing
2044,358,2025-04-01 02:26:00,cancelled
2045,116,2026-09-01 14:26:00,delivered
2046,550,2026-06-20 04:54:00,delivered
2047,653,2024-01-02 09:30:00,delivered
2048,925,2025-06-10 04:20:00,delivered
2049,375,2024-07-16 15:31:00,delivered
2050,873,2025-02-05 04:14:00,delivered
2051,825,2024-10-19 07:42:00,pending
2052,98,2026-04-07 09:56:00,delivered
2053,256,2025-04-08 08:11:00,delivered
2054,309,2025-11-04 22:29:00,delivered
2055,533,2026-11-24 18:56:00,shipped
2056,922,2024-09-26 10:27:00,shipped
2057,149,2024-03-11 23:57:00,delivered
2058,648,2024-04-08 06:11:00,pending
2059,650,2024-03-10 07:10:00,shipped
2060,12,2026-09-11 15:54:00,shipped
2061,644,2026-04-10 14:13:00,delivered
2062,270,2026-06-19 03:47:00,shipped
2063,787,2026-11-19 10:21:00,cancelled
2064,191,2025-06-06 10:51:00,delivered
2065,791,2026-07-23 21:06:00,delivered
2066,351,2026-11-29 08:04:00,delivered
2067,437,2024-02-22 17:08:00,pending
2068,999,2026-07-25 03:07:00,delivered
2069,303,2024-09-15 11:19:00,delivered
2070,567,2024-06-18 16:11:00,shipped
2071,964,2026-11-12 06:09:00,delivered
2072,228,2024-02-04 06:46:00,delivered
2073,539,2024-11-06 18:55:00,delivered
2074,49,2026-12-27 11:34:00,processing
2075,970,2026-12-23 05:23:00,processing
2076,697,2024-12-05 20:40:00,delivered
2077,232,2024-11-07 17:39:00,shipped
2078,208,2025-07-24 01:25:00,shipped
2079,923,2026-12-04 13:57:00,delivered
2080,330,2024-10-05 23:19:00,pending
2081,258,2025-09-30 06:59:00,delivered
2082,609,2024-05-16 01:48:00,shipped
2083,148,2026-09-11 05:48:00,cancelled
2084,1000,2025-05-11 12:50:00,processing
2085,430,2026-03-11 18:12:00,processing
2086,359,2024-05-24 07:17:00,processing
2087,412,2024-09-09 23:47:00,delivered
2088,689,2024-11-06 06:28:00,processing
2089,283,2025-11-01 00:40:00,processing
2090,319,2026-12-09 03:49:00,delivered
2091,483,2025-04-20 21:28:00,shipped
2092,128,2026-07-19 04:04:00,delivered
2093,773,2025-11-30 08:02:00,shipped
2094,913,2025-06-07 03:40:00,delivered
2095,600,2024-12-10 22:44:00,delivered
2096,499,2025-08-19 07:33:00,processing
2097,750,2026-01-12 07:55:00,delivered
2098,507,2026-06-04 13:03:00,delivered
2099,886,2025-07-27 23:46:00,shipped
2100,258,2026-11-06 10:26:00,delivered
2101,258,2025-12-31 02:00:00,processing
2102,826,2026-09-21 07:37:00,delivered
2103,606,2026-06-07 21:17:00,processing
2104,800,2026-09-26 17:38:00,delivered
2105,385,2026-11-28 21:24:00,pending
2106,111,2024-07-20 18:06:00,processing
2107,783,2025-05-03 11:37:00,delivered
2108,926,2026-05-13 12:45:00,delivered
2109,356,2026-06-20 14:36:00,delivered
2110,39,2026-03-27 20:47:00,delivered
2111,686,2024-02-22 06:36:00,processing
2112,646,2025-11-04 03:18:00,cancelled
2113,822,2024-02-28 23:29:00,delivered
2114,260,2026-01-04 21:22:00,shipped
2115,989,2025-05-24 08:28:00,delivered
2116,333,2026-07-27 22:40:00,shipped
2117,813,2024-11-24 06:35:00,delivered
2118,561,2025-10-21 23:25:00,delivered
2119,800,2024-12-18 15:54:00,pending
2120,361,2025-04-11 10:53:00,shipped
2121,937,2024-07-04 20:25:00,shipped
2122,510,2025-01-16 12:12:00,shipped
2123,725,2026-09-21 11:21:00,delivered
2124,918,2026-01-10 05:10:00,shipped
2125,115,2025-01-23 18:19:00,cancelled
2126,718,2025-08-29 17:34:00,processing
2127,634,2024-06-04 06:05:00,pending
2128,613,2026-04-08 08:09:00,delivered
2129,546,2025-12-25 12:08:00,cancelled
2130,107,2025-08-24 19:36:00,cancelled
2131,332,2025-04-05 14:52:00,pending
2132,562,2024-11-13 21:17:00,pending
2133,230,2025-03-24 07:56:00,processing
2134,664,2025-03-18 04:00:00,shipped
2135,988,2024-02-12 19:30:00,delivered
2136,425,2025-01-28 13:11:00,delivered
2137,595,2026-03-29 20:36:00,delivered
2138,397,2025-06-19 22:50:00,cancelled
2139,823,2025-06-23 13:23:00,shipped
2140,948,2025-04-25 10:34:00,shipped
2141,982,2024-10-02 10:55:00,delivered
2142,720,2025-05-20 17:37:00,processing
2143,940,2026-11-05 22:30:00,delivered
2144,108,2025-04-11 23:22:00,delivered
2145,661,2025-04-03 14:17:00,delivered
2146,55,2026-07-31 19:28:00,delivered
2147,447,2024-05-12 05:01:00,delivered
2148,573,2024-04-27 11:30:00,delivered
2149,152,2024-05-10 21:22:00,pending
2150,737,2025-07-19 18:16:00,cancelled
2151,746,2024-02-26 22:38:00,delivered
2152,722,2024-09-30 12:13:00,delivered
2153,318,2025-09-15 10:14:00,delivered
2154,897,2026-11-06 13:09:00,delivered
2155,698,2025-10-06 00:39:00,pending
2156,773,2026-01-03 18:07:00,delivered
2157,73,2024-05-10 16:26:00,delivered
2158,751,2025-02-02 07:38:00,delivered
2159,184,2025-01-06 00:41:00,cancelled
2160,747,2024-09-01 10:05:00,pending
2161,414,2026-03-04 13:24:00,delivered
2162,142,2025-12-04 05:06:00,shipped
2163,182,2026-05-31 08:31:00,pending
2164,267,2026-04-02 06:14:00,shipped
2165,663,2024-06-16 10:28:00,delivered
2166,537,2025-06-11 00:56:00,delivered
2167,571,2024-05-01 21:23:00,pending
2168,2,2026-12-19 00:00:00,shipped
2169,314,2024-02-26 18:36:00,shipped
2170,72,2024-12-19 06:40:00,delivered
2171,187,2025-03-23 11:06:00,delivered
2172,935,2024-11-12 19:23:00,delivered
2173,913,2026-06-21 22:54:00,delivered
2174,182,2026-11-05 04:52:00,delivered
2175,32,2024-03-20 17:56:00,cancelled
2176,964,2024-09-03 09:59:00,shipped
2177,358,2025-01-04 18:33:00,processing
2178,103,2026-10-16 06:38:00,processing
2179,628,2025-11-21 14:59:00,delivered
2180,852,2026-03-07 14:07:00,delivered
2181,68,2025-11-23 07:23:00,processing
2182,984,2026-10-02 06:50:00,shipped
2183,367,2024-04-30 15:51:00,delivered
2184,676,2024-07-21 16:05:00,delivered
2185,329,2026-12-15 18:36:00,delivered
2186,535,2026-03-18 17:41:00,processing
2187,329,2024-10-04 14:48:00,processing
2188,967,2026-05-23 12:27:00,shipped
2189,503,2024-02-18 15:06:00,shipped
2190,496,2026-03-07 09:31:00,cancelled
2191,790,2025-08-11 21:44:00,pending
2192,852,2024-03-26 06:05:00,shipped
2193,602,2024-12-21 20:20:00,delivered
2194,548,2024-02-27 01:19:00,shipped
2195,361,2024-04-17 21:55:00,shipped
2196,521,2026-12-09 05:32:00,shipped
2197,716,2024-04-01 06:06:00,delivered
2198,191,2025-03-29 22:20:00,pending
2199,209,2026-10-11 06:36:00,delivered
2200,16,2024-04-02 12:13:00,cancelled
2201,120,2025-08-17 00:57:00,processing
2202,834,2025-11-08 05:24:00,delivered
2203,381,2026-04-03 01:09:00,processing
2204,253,2025-06-12 13:43:00,delivered
2205,885,2025-09-26 06:56:00,delivered
2206,936,2025-07-12 13:44:00,pending
2207,844,2026-04-27 12:17:00,delivered
2208,195,2026-09-26 08:38:00,pending
2209,710,2026-03-20 01:44:00,delivered
2210,132,2025-04-01 02:40:00,processing
2211,163,2026-09-27 02:11:00,delivered
2212,172,2025-06-09 21:45:00,cancelled
2213,408,2025-08-06 17:18:00,shipped
2214,584,2025-06-19 03:48:00,processing
2215,843,2025-02-17 02:35:00,delivered
2216,206,2024-09-17 16:02:00,delivered
2217,112,2024-08-16 07:02:00,delivered
2218,189,2024-06-20 22:51:00,pending
2219,447,2026-01-29 14:47:00,processing
2220,612,2024-03-25 21:59:00,delivered
2221,998,2025-01-22 06:46:00,shipped
2222,583,2024-01-30 04:21:00,delivered
2223,257,2024-12-25 11:29:00,processing
2224,660,2024-04-25 12:24:00,processing
2225,299,2026-11-01 02:14:00,processing
2226,200,2025-11-18 21:46:00,shipped
2227,893,2026-06-21 02:53:00,processing
2228,542,2025-08-12 17:10:00,processing
2229,988,2025-10-12 01:07:00,delivered
2230,420,2026-11-26 17:01:00,delivered
2231,174,2025-10-20 11:02:00,processing
2232,107,2025-04-23 00:24:00,pending
2233,60,2026-03-04 18:07:00,delivered
2234,781,2024-03-13 18:34:00,pending
2235,665,2026-09-02 18:41:00,shipped
2236,703,2026-03-03 14:58:00,delivered
2237,700,2026-10-01 19:16:00,shipped
2238,652,2026-07-20 15:58:00,delivered
2239,466,2026-01-07 07:09:00,shipped
2240,749,2024-12-23 12:16:00,delivered
2241,377,2024-02-12 13:51:00,shipped
2242,44,2026-07-30 13:45:00,delivered
2243,873,2025-04-09 12:08:00,delivered
2244,362,2025-03-02 12:26:00,delivered
2245,472,2026-07-15 14:24:00,delivered
2246,346,2025-10-29 21:25:00,processing
2247,543,2025-02-25 07:13:00,delivered
2248,583,2025-02-02 23:42:00,delivered
2249,373,2026-08-06 17:55:00,delivered
2250,419,2026-02-06 20:19:00,processing
2251,145,2026-08-21 03:34:00,delivered
2252,308,2026-04-24 01:12:00,processing
2253,565,2024-11-16 21:24:00,cancelled
2254,443,2025-01-04 14:01:00,delivered
2255,396,2024-12-18 08:47:00,delivered
2256,788,2024-11-15 20:25:00,delivered
2257,821,2025-02-09 04:26:00,shipped
2258,252,2024-09-24 15:20:00,delivered
2259,782,2026-12-22 23:40:00,delivered
2260,693,2024-07-17 02:05:00,pending
2261,943,2024-04-18 10:54:00,pending
2262,954,2025-12-31 06:47:00,processing
2263,219,2025-09-21 02:23:00,delivered
2264,324,2026-07-03 15:21:00,delivered
2265,297,2025-09-13 03:51:00,delivered
2266,923,2024-11-07 05:26:00,processing
2267,933,2026-04-19 05:35:00,delivered
2268,481,2025-07-29 22:54:00,cancelled
2269,1000,2024-08-20 21:09:00,cancelled
2270,100,2024-03-21 04:56:00,shipped
2271,389,2026-09-03 05:49:00,pending
2272,705,2026-01-12 14:37:00,delivered
2273,459,2024-02-10 15:42:00,delivered
2274,907,2025-11-26 02:56:00,shipped
2275,182,2024-10-03 19:19:00,delivered
2276,939,2024-11-02 03:59:00,delivered
2277,685,2025-02-07 20:20:00,shipped
2278,812,2024-06-19 11:38:00,cancelled
2279,507,2024-02-02 19:57:00,delivered
2280,174,2026-01-17 08:12:00,delivered
2281,533,2024-02-18 15:20:00,cancelled
2282,54,2025-05-04 22:19:00,shipped
2283,444,2025-11-22 01:17:00,delivered
2284,778,2026-07-27 21:05:00,shipped
2285,33,2024-09-24 19:00:00,delivered
2286,20,2025-09-11 12:12:00,cancelled
2287,390,2026-03-06 01:44:00,delivered
2288,714,2026-02-07 10:23:00,delivered
2289,875,2026-05-19 13:45:00,shipped
2290,966,2025-12-10 23:16:00,delivered
2291,501,2025-07-30 08:05:00,cancelled
2292,941,2024-06-22 21:58:00,shipped
2293,522,2024-08-20 00:51:00,processing
2294,781,2024-08-07 07:04:00,processing
2295,67,2024-11-11 18:51:00,processing
2296,90,2024-06-03 00:46:00,pending
2297,827,2025-11-29 19:04:00,processing
2298,642,2026-08-01 20:55:00,shipped
2299,681,2024-08-04 19:07:00,pending
2300,143,2025-02-12 23:59:00,pending
2301,94,2024-07-06 00:27:00,delivered
2302,239,2025-03-06 01:45:00,pending
2303,329,2026-12-20 06:30:00,delivered
2304,726,2026-10-11 19:45:00,processing
2305,295,2024-05-05 14:11:00,delivered
2306,82,2024-12-26 06:16:00,processing
2307,556,2025-01-22 22:07:00,delivered
2308,78,2025-01-20 05:54:00,shipped
2309,234,2024-11-28 12:40:00,delivered
2310,304,2026-04-24 16:40:00,shipped
2311,437,2025-05-28 11:47:00,processing
2312,8,2025-05-30 09:48:00,processing
2313,64,2024-05-08 15:22:00,cancelled
2314,62,2026-05-30 02:43:00,delivered
2315,734,2026-07-02 00:47:00,delivered
2316,327,2026-01-10 22:43:00,delivered
2317,983,2024-05-14 18:16:00,delivered
2318,327,2026-07-12 11:47:00,delivered
2319,380,2026-10-20 09:48:00,delivered
2320,560,2025-01-24 07:37:00,processing
2321,708,2025-12-23 13:29:00,delivered
2322,333,2026-04-05 14:55:00,delivered
2323,464,2024-11-08 04:47:00,delivered
2324,430,2024-02-20 04:50:00,shipped
2325,892,2024-11-01 12:23:00,pending
2326,811,2024-12-19 04:37:00,cancelled
2327,223,2024-07-13 00:25:00,delivered
2328,278,2025-11-21 06:01:00,delivered
2329,163,2025-09-13 17:17:00,processing
2330,499,2026-10-19 13:27:00,cancelled
2331,164,2026-09-25 21:03:00,shipped
2332,109,2024-05-17 10:45:00,delivered
2333,297,2024-10-16 07:33:00,cancelled
2334,823,2025-03-19 13:31:00,pending
2335,316,2024-11-20 10:40:00,shipped
2336,634,2026-05-28 19:07:00,delivered
2337,543,2025-07-31 10:46:00,shipped
2338,706,2024-09-19 11:36:00,cancelled
2339,65,2024-02-06 14:23:00,shipped
2340,215,2025-10-30 22:14:00,cancelled
2341,925,2025-10-02 20:58:00,cancelled
2342,488,2025-07-28 17:21:00,delivered
2343,340,2025-02-02 04:20:00,delivered
2344,587,2025-04-13 22:37:00,delivered
2345,833,2025-05-25 15:36:00,delivered
2346,20,2025-10-03 16:56:00,pending
2347,769,2024-10-30 19:20:00,pending
2348,503,2026-08-05 19:57:00,delivered
2349,982,2025-06-28 02:28:00,shipped
2350,198,2025-07-19 22:09:00,shipped
2351,797,2024-04-30 15:15:00,processing
2352,4,2025-11-01 11:52:00,delivered
2353,576,2024-10-26 08:20:00,delivered
2354,322,2025-02-13 20:12:00,cancelled
2355,612,2024-09-03 09:46:00,pending
2356,907,2025-02-03 16:51:00,delivered
2357,255,2026-02-09 13:44:00,delivered
2358,12,2025-09-02 08:13:00,processing
2359,26,2024-02-29 20:41:00,delivered
2360,81,2026-01-24 14:49:00,cancelled
2361,152,2026-07-03 20:24:00,delivered
2362,609,2026-06-28 10:06:00,cancelled
2363,467,2025-07-19 06:45:00,delivered
2364,292,2024-11-29 18:08:00,shipped
2365,18,2024-09-10 01:55:00,shipped
2366,489,2026-01-25 04:20:00,delivered
2367,385,2024-02-22 20:27:00,delivered
2368,406,2024-12-30 10:39:00,delivered
2369,36,2025-08-02 10:36:00,delivered
2370,41,2026-11-13 01:46:00,delivered
2371,136,2026-10-14 02:59:00,pending
2372,156,2024-07-28 16:10:00,cancelled
2373,241,2024-07-07 11:22:00,shipped
2374,423,2025-12-04 02:31:00,shipped
2375,64,2026-12-10 13:41:00,delivered
2376,712,2024-11-13 17:52:00,pending
2377,213,2026-07-07 05:07:00,delivered
2378,890,2025-06-18 07:15:00,pending
2379,700,2024-02-19 01:41:00,delivered
2380,231,2026-09-07 01:02:00,processing
2381,239,2024-11-08 04:32:00,shipped
2382,397,2026-03-21 00:32:00,delivered
2383,505,2024-02-18 21:45:00,delivered
2384,564,2024-05-19 01:12:00,delivered
2385,214,2025-04-15 18:31:00,pending
2386,719,2024-06-14 18:56:00,shipped
2387,921,2024-12-02 12:13:00,processing
2388,8,2025-07-30 08:35:00,shipped
2389,398,2024-11-23 06:48:00,delivered
2390,343,2025-02-04 10:57:00,shipped
2391,123,2025-08-07 14:01:00,shipped
2392,991,2026-11-14 12:13:00,processing
2393,43,2026-03-04 03:47:00,cancelled
2394,211,2025-02-13 18:47:00,delivered
2395,853,2025-03-14 18:52:00,shipped
2396,475,2024-04-21 20:40:00,processing
2397,912,2025-05-31 06:32:00,pending
2398,13,2025-03-19 05:55:00,shipped
2399,512,2026-03-06 23:20:00,delivered
2400,401,2024-12-04 15:30:00,delivered
2401,293,2025-05-23 02:39:00,processing
2402,1,2024-03-04 19:03:00,delivered
2403,970,2025-07-15 00:19:00,shipped
2404,747,2024-11-22 03:03:00,shipped
2405,662,2025-01-25 13:47:00,delivered
2406,78,2025-07-27 13:41:00,pending
2407,789,2024-03-12 03:19:00,processing
2408,468,2025-02-23 03:58:00,delivered
2409,976,2024-03-03 15:11:00,pending
2410,89,2025-04-25 14:55:00,delivered
2411,712,2025-07-13 08:01:00,delivered
2412,492,2024-05-09 23:44:00,processing
2413,67,2026-03-25 21:24:00,pending
2414,510,2026-06-04 14:26:00,processing
2415,14,2024-03-31 21:04:00,cancelled
2416,898,2025-07-29 22:18:00,delivered
2417,208,2025-07-01 00:42:00,shipped
2418,893,2025-01-20 07:44:00,shipped
2419,2,2024-03-31 18:53:00,delivered
2420,573,2026-09-27 07:45:00,delivered
2421,49,2025-08-09 11:05:00,delivered
2422,468,2026-08-25 17:10:00,shipped
2423,924,2026-01-30 23:35:00,delivered
2424,329,2025-12-11 13:11:00,delivered
2425,382,2026-08-15 11:49:00,shipped
2426,834,2026-10-09 21:34:00,shipped
2427,985,2026-06-03 02:38:00,shipped
2428,141,2025-11-12 11:41:00,delivered
2429,772,2024-12-02 01:21:00,delivered
2430,881,2024-10-24 19:21:00,delivered
2431,852,2024-11-22 18:08:00,cancelled
2432,812,2025-02-25 22:25:00,pending
2433,430,2024-08-17 16:34:00,pending
2434,107,2024-01-09 08:59:00,delivered
2435,965,2024-12-03 23:14:00,delivered
2436,807,2025-11-16 15:07:00,shipped
2437,857,2026-02-03 17:59:00,shipped
2438,673,2026-03-15 07:36:00,shipped
2439,418,2024-08-05 07:40:00,delivered
2440,160,2025-01-20 22:00:00,delivered
2441,993,2026-10-30 03:31:00,processing
2442,74,2025-09-19 07:48:00,shipped
2443,846,2025-03-04 17:40:00,pending
2444,835,2025-01-26 00:01:00,pending
2445,124,2025-02-28 05:52:00,delivered
2446,74,2024-05-17 08:28:00,cancelled
2447,433,2026-01-02 21:25:00,pending
2448,612,2025-09-06 10:24:00,shipped
2449,312,2026-05-27 19:37:00,cancelled
2450,651,2024-03-26 21:31:00,cancelled
2451,512,2025-10-16 11:01:00,shipped
2452,485,2026-02-24 17:49:00,pending
2453,706,2025-12-19 21:31:00,cancelled
2454,390,2024-03-20 15:48:00,cancelled
2455,487,2025-05-31 17:05:00,pending
2456,742,2024-07-11 14:24:00,delivered
2457,248,2026-08-19 01:20:00,shipped
2458,796,2026-07-13 06:39:00,shipped
2459,11,2024-09-19 18:55:00,delivered
2460,29,2026-11-02 14:04:00,delivered
2461,475,2025-07-16 22:36:00,shipped
2462,948,2024-04-09 08:37:00,processing
2463,530,2026-10-02 05:57:00,delivered
2464,875,2024-11-29 01:18:00,delivered
2465,437,2024-08-12 21:09:00,cancelled
2466,79,2025-02-11 15:31:00,processing
2467,397,2024-12-27 12:02:00,shipped
2468,229,2025-11-27 21:37:00,delivered
2469,235,2026-06-29 22:58:00,processing
2470,169,2024-10-12 04:47:00,cancelled
2471,620,2024-02-18 14:31:00,shipped
2472,716,2026-05-30 00:45:00,delivered
2473,711,2026-01-24 20:34:00,processing
2474,486,2024-03-09 08:27:00,delivered
2475,433,2024-05-17 02:05:00,shipped
2476,972,2026-01-02 15:25:00,delivered
2477,250,2024-10-08 03:01:00,processing
2478,585,2025-01-17 21:12:00,shipped
2479,560,2026-02-03 17:16:00,delivered
2480,995,2025-01-14 18:26:00,processing
2481,41,2025-04-20 06:09:00,shipped
2482,765,2026-03-11 00:23:00,pending
2483,808,2024-01-25 03:33:00,delivered
2484,600,2026-12-22 00:19:00,delivered
2485,141,2025-10-16 07:55:00,delivered
2486,219,2025-01-21 21:30:00,delivered
2487,220,2024-07-21 05:24:00,delivered
2488,643,2024-05-25 04:42:00,processing
2489,523,2024-10-24 02:30:00,delivered
2490,75,2024-12-03 07:40:00,delivered
2491,860,2026-01-10 07:52:00,shipped
2492,62,2026-06-03 01:55:00,shipped
2493,405,2024-02-26 06:42:00,delivered
2494,383,2026-03-11 14:38:00,delivered
2495,231,2024-09-17 15:39:00,cancelled
2496,522,2026-04-12 20:55:00,delivered
2497,162,2025-05-09 19:33:00,shipped
2498,792,2024-06-02 13:38:00,pending
2499,68,2024-06-22 22:57:00,delivered
2500,792,2024-03-22 11:17:00,shipped
2501,476,2025-11-30 09:53:00,delivered
2502,335,2025-09-23 15:32:00,delivered
2503,776,2024-10-08 15:21:00,pending
2504,502,2025-12-02 17:33:00,delivered
2505,65,2025-05-30 20:17:00,cancelled
2506,896,2025-08-14 19:32:00,processing
2507,950,2025-10-25 07:36:00,processing
2508,996,2025-09-19 06:52:00,shipped
2509,693,2026-04-22 08:16:00,delivered
2510,686,2025-01-20 19:56:00,delivered
2511,822,2025-08-27 06:43:00,delivered
2512,730,2025-10-19 06:51:00,delivered
2513,533,2024-12-21 03:46:00,delivered
2514,299,2025-05-20 06:38:00,delivered
2515,851,2025-11-21 05:56:00,delivered
2516,509,2026-02-06 07:25:00,delivered
2517,278,2026-07-29 17:21:00,processing
2518,621,2024-05-27 08:07:00,cancelled
2519,833,2026-03-16 00:04:00,processing
2520,957,2025-06-05 15:29:00,cancelled
2521,564,2025-07-21 16:36:00,shipped
2522,273,2024-04-14 13:40:00,cancelled
2523,610,2024-08-09 15:27:00,shipped
2524,123,2024-10-13 05:07:00,shipped
2525,821,2024-04-21 01:54:00,pending
2526,111,2025-07-03 04:50:00,pending
2527,761,2026-05-16 06:02:00,delivered
2528,581,2024-05-02 00:07:00,shipped
2529,640,2025-07-21 09:27:00,processing
2530,226,2025-06-30 17:22:00,delivered
2531,156,2024-02-17 17:37:00,shipped
2532,226,2024-12-17 12:13:00,delivered
2533,18,2024-11-24 02:36:00,delivered
2534,998,2025-07-06 15:07:00,pending
2535,866,2026-04-12 07:15:00,delivered
2536,170,2024-12-21 07:17:00,processing
2537,245,2025-09-23 13:37:00,delivered
2538,870,2026-03-02 14:13:00,processing
2539,868,2024-06-16 13:45:00,shipped
2540,154,2026-02-26 19:48:00,shipped
2541,555,2025-07-10 06:56:00,delivered
2542,448,2026-12-09 10:20:00,pending
2543,520,2026-03-05 14:38:00,processing
2544,148,2024-06-07 19:53:00,delivered
2545,387,2024-12-10 12:13:00,processing
2546,362,2026-04-09 08:15:00,delivered
2547,921,2025-04-17 12:38:00,delivered
2548,984,2024-02-19 21:59:00,delivered
2549,661,2024-05-12 14:45:00,delivered
2550,399,2025-12-07 11:24:00,pending
2551,447,2026-07-01 13:05:00,shipped
2552,357,2025-04-13 08:23:00,cancelled
2553,267,2026-09-07 05:10:00,processing
2554,600,2026-11-25 19:33:00,delivered
2555,867,2024-03-15 12:23:00,pending
2556,235,2024-07-03 22:58:00,processing
2557,631,2024-04-12 08:05:00,delivered
2558,262,2026-07-16 04:18:00,processing
2559,447,2025-07-24 05:14:00,shipped
2560,171,2026-12-02 02:14:00,delivered
2561,636,2024-04-16 18:41:00,delivered
2562,893,2024-12-26 09:35:00,delivered
2563,434,2024-12-09 07:01:00,delivered
2564,201,2024-06-06 02:49:00,processing
2565,837,2025-01-01 17:07:00,delivered
2566,567,2026-01-25 23:11:00,processing
2567,955,2025-01-17 07:50:00,pending
2568,876,2024-12-17 08:32:00,delivered
2569,513,2026-10-30 01:25:00,processing
2570,50,2026-08-18 04:54:00,processing
2571,883,2026-01-22 18:50:00,shipped
2572,252,2026-07-20 05:45:00,processing
2573,255,2024-11-27 20:38:00,delivered
2574,69,2026-02-11 04:00:00,shipped
2575,542,2026-09-30 21:48:00,shipped
2576,555,2026-04-07 16:29:00,cancelled
2577,966,2026-11-30 11:50:00,delivered
2578,736,2026-04-09 08:33:00,cancelled
2579,171,2026-10-27 15:08:00,delivered
2580,212,2024-05-30 19:23:00,delivered
2581,119,2026-04-24 12:24:00,shipped
2582,25,2025-10-06 15:12:00,delivered
2583,221,2026-06-10 20:48:00,processing
2584,886,2024-10-13 20:50:00,shipped
2585,251,2024-10-18 00:57:00,processing
2586,450,2025-06-01 15:25:00,delivered
2587,477,2026-01-30 06:29:00,processing
2588,983,2024-04-15 07:09:00,delivered
2589,945,2024-07-26 09:23:00,pending
2590,477,2026-03-02 20:55:00,shipped
2591,613,2025-08-25 11:52:00,delivered
2592,489,2024-03-23 15:04:00,shipped
2593,199,2025-09-27 16:10:00,pending
2594,104,2024-10-25 23:45:00,delivered
2595,62,2024-02-20 16:13:00,delivered
2596,381,2024-02-19 14:25:00,shipped
2597,628,2026-07-31 11:39:00,shipped
2598,377,2024-04-14 16:37:00,processing
2599,449,2026-09-25 13:48:00,delivered
2600,683,2026-11-02 02:09:00,cancelled
2601,387,2025-11-07 21:45:00,shipped
2602,740,2025-07-01 04:09:00,delivered
2603,202,2024-07-09 19:24:00,shipped
2604,226,2024-03-26 01:19:00,pending
2605,137,2025-02-02 13:36:00,processing
2606,819,2024-11-06 13:35:00,delivered
2607,939,2025-03-07 00:04:00,processing
2608,39,2025-06-27 23:30:00,delivered
2609,225,2026-08-17 05:59:00,delivered
2610,117,2024-06-12 21:29:00,delivered
2611,351,2026-02-01 15:16:00,delivered
2612,562,2025-11-08 20:42:00,shipped
2613,160,2026-12-01 21:17:00,delivered
2614,797,2025-05-17 07:52:00,pending
2615,495,2025-07-11 10:32:00,shipped
2616,997,2026-04-08 01:37:00,shipped
2617,884,2025-06-11 03:52:00,processing
2618,229,2025-03-24 07:29:00,cancelled
2619,949,2024-07-20 22:34:00,delivered
2620,423,2026-03-29 13:36:00,shipped
2621,84,2025-05-11 05:39:00,delivered
2622,951,2024-05-15 10:59:00,delivered
2623,447,2026-04-11 13:09:00,shipped
2624,32,2025-11-14 11:07:00,shipped
2625,499,2026-10-04 12:37:00,processing
2626,441,2025-04-26 09:15:00,delivered
2627,169,2025-11-19 05:38:00,shipped
2628,386,2024-06-18 03:05:00,pending
2629,756,2024-01-18 04:34:00,shipped
2630,919,2024-07-08 22:41:00,processing
2631,53,2024-01-05 15:11:00,pending
2632,299,2026-01-21 21:43:00,cancelled
2633,717,2026-01-01 21:36:00,pending
2634,170,2025-09-26 10:06:00,pending
2635,597,2024-06-17 01:39:00,pending
2636,945,2025-01-28 05:57:00,shipped
2637,503,2024-08-08 08:37:00,shipped
2638,857,2026-12-13 02:53:00,delivered
2639,142,2024-05-13 14:38:00,delivered
2640,162,2026-11-20 03:31:00,delivered
2641,706,2025-08-04 01:25:00,delivered
2642,681,2024-11-29 22:30:00,delivered
2643,368,2026-11-08 09:18:00,delivered
2644,835,2026-04-01 13:51:00,cancelled
2645,814,2025-09-25 21:20:00,processing
2646,473,2024-10-31 22:09:00,pending
2647,61,2024-08-29 04:06:00,cancelled
2648,130,2024-11-01 23:04:00,shipped
2649,341,2025-10-17 18:15:00,delivered
2650,446,2026-04-19 03:59:00,delivered
2651,966,2025-09-11 22:13:00,delivered
2652,672,2024-03-10 11:10:00,shipped
2653,354,2024-05-15 01:02:00,delivered
2654,823,2025-05-31 12:11:00,delivered
2655,475,2026-03-25 22:55:00,shipped
2656,137,2025-10-31 23:45:00,shipped
2657,323,2025-01-11 00:55:00,delivered
2658,978,2025-05-28 13:05:00,delivered
2659,343,2024-10-30 01:56:00,processing
2660,526,2026-10-11 08:58:00,processing
2661,185,2026-05-05 01:49:00,pending
2662,370,2025-12-03 19:23:00,shipped
2663,108,2026-09-15 16:12:00,processing
2664,341,2026-10-31 08:33:00,shipped
2665,542,2025-02-06 13:49:00,cancelled
2666,820,2024-03-21 14:46:00,delivered
2667,298,2026-07-23 01:18:00,shipped
2668,418,2024-05-08 15:53:00,delivered
2669,952,2026-08-07 19:36:00,processing
2670,323,2025-04-01 14:16:00,shipped
2671,668,2024-03-20 07:42:00,cancelled
2672,261,2026-03-19 08:00:00,delivered
2673,42,2025-03-30 14:15:00,shipped
2674,441,2024-04-07 02:51:00,delivered
2675,549,2026-05-03 00:32:00,delivered
2676,751,2025-09-19 19:42:00,pending
2677,595,2025-03-13 17:42:00,delivered
2678,799,2024-08-25 07:59:00,cancelled
2679,575,2025-11-03 05:34:00,delivered
2680,15,2026-05-29 02:21:00,delivered
2681,970,2026-09-09 00:06:00,processing
2682,768,2025-06-12 05:42:00,shipped
2683,264,2026-05-01 05:57:00,shipped
2684,747,2024-12-01 11:06:00,delivered
2685,296,2025-09-25 17:44:00,delivered
2686,71,2024-06-05 04:55:00,processing
2687,960,2024-01-07 07:04:00,delivered
2688,814,2025-07-07 05:07:00,delivered
2689,346,2024-09-05 16:49:00,delivered
2690,548,2026-08-10 16:07:00,delivered
2691,630,2025-07-23 02:22:00,delivered
2692,362,2024-12-27 12:51:00,processing
2693,968,2025-05-27 23:01:00,cancelled
2694,636,2024-06-25 02:10:00,processing
2695,165,2026-12-05 22:34:00,processing
2696,947,2025-12-20 00:21:00,delivered
2697,812,2026-06-04 03:51:00,delivered
2698,832,2026-04-04 06:10:00,processing
2699,653,2026-09-17 18:47:00,delivered
2700,1000,2025-04-09 21:59:00,cancelled
2701,507,2026-07-26 12:20:00,delivered
2702,204,2024-03-26 01:28:00,processing
2703,585,2025-12-28 00:42:00,cancelled
2704,665,2025-11-24 13:47:00,delivered
2705,993,2025-10-07 14:05:00,processing
2706,99,2026-12-02 17:49:00,processing
2707,140,2026-08-27 15:35:00,cancelled
2708,744,2025-11-28 03:39:00,delivered
2709,806,2025-10-11 07:19:00,delivered
2710,436,2025-08-23 01:54:00,processing
2711,962,2025-09-06 21:08:00,delivered
2712,836,2026-02-16 04:17:00,shipped
2713,422,2024-06-01 16:23:00,pending
2714,316,2025-09-06 13:01:00,pending
2715,292,2025-11-02 05:45:00,pending
2716,141,2026-12-11 19:38:00,delivered
2717,372,2024-08-20 03:16:00,delivered
2718,326,2024-09-10 05:36:00,processing
2719,820,2024-06-10 07:03:00,shipped
2720,862,2024-06-12 22:35:00,cancelled
2721,892,2025-08-31 17:42:00,shipped
2722,917,2026-04-06 01:19:00,cancelled
2723,431,2024-07-09 21:21:00,shipped
2724,54,2024-10-07 02:06:00,cancelled
2725,603,2024-01-09 03:57:00,delivered
2726,481,2026-01-09 12:34:00,processing
2727,163,2025-05-22 02:21:00,processing
2728,665,2024-07-31 20:51:00,pending
2729,224,2024-09-16 05:47:00,cancelled
2730,885,2026-11-09 07:26:00,pending
2731,536,2025-07-13 18:50:00,delivered
2732,863,2025-01-19 15:35:00,processing
2733,441,2025-03-08 19:42:00,shipped
2734,845,2026-12-16 09:22:00,processing
2735,998,2026-04-22 18:18:00,shipped
2736,632,2024-09-12 22:26:00,shipped
2737,620,2026-10-16 00:07:00,shipped
2738,196,2025-06-02 22:08:00,delivered
2739,834,2024-09-02 21:15:00,processing
2740,42,2025-04-17 07:47:00,pending
2741,74,2026-03-19 04:13:00,shipped
2742,116,2024-01-06 20:13:00,delivered
2743,850,2024-01-29 13:06:00,shipped
2744,458,2024-10-22 04:46:00,delivered
2745,127,2026-01-25 10:26:00,shipped
2746,532,2025-07-17 14:42:00,processing
2747,651,2024-10-25 06:24:00,shipped
2748,891,2025-05-12 15:31:00,cancelled
2749,448,2024-04-10 08:00:00,shipped
2750,163,2024-05-05 01:47:00,delivered
2751,297,2025-02-21 13:07:00,delivered
2752,145,2025-08-03 08:11:00,shipped
2753,15,2026-08-27 16:04:00,delivered
2754,357,2025-09-12 20:14:00,shipped
2755,705,2025-07-18 15:24:00,shipped
2756,492,2025-03-27 14:57:00,processing
2757,800,2025-04-25 20:31:00,shipped
2758,972,2026-11-09 20:59:00,processing
2759,275,2026-01-29 16:16:00,delivered
2760,279,2026-11-23 09:47:00,shipped
2761,65,2024-08-07 07:57:00,shipped
2762,830,2025-05-15 21:59:00,delivered
2763,629,2026-12-21 05:40:00,delivered
2764,542,2024-01-07 04:01:00,shipped
2765,707,2026-05-09 18:21:00,pending
2766,199,2025-01-18 03:46:00,shipped
2767,783,2026-05-20 08:44:00,delivered
2768,601,2025-02-12 20:25:00,delivered
2769,984,2025-12-31 03:24:00,delivered
2770,201,2025-05-16 10:02:00,delivered
2771,366,2026-08-23 07:34:00,shipped
2772,234,2026-06-01 17:01:00,delivered
2773,106,2024-10-07 07:26:00,delivered
2774,210,2026-08-14 13:34:00,cancelled
2775,75,2024-07-29 21:35:00,shipped
2776,139,2025-03-28 23:13:00,processing
2777,100,2024-03-15 08:00:00,cancelled
2778,419,2024-09-03 08:41:00,delivered
2779,461,2025-03-04 02:21:00,cancelled
2780,627,2024-08-31 02:51:00,shipped
2781,613,2025-05-08 01:30:00,delivered
2782,555,2024-12-08 21:48:00,delivered
2783,7,2026-09-29 06:50:00,shipped
2784,339,2024-07-23 02:32:00,delivered
2785,948,2025-07-22 00:27:00,delivered
2786,958,2025-12-31 14:35:00,delivered
2787,28,2024-07-18 20:36:00,pending
2788,282,2025-01-29 05:52:00,processing
2789,756,2024-04-02 23:11:00,processing
2790,215,2025-02-08 04:18:00,delivered
2791,678,2026-07-09 07:39:00,processing
2792,121,2025-02-22 11:40:00,delivered
2793,780,2025-09-05 21:27:00,processing
2794,65,2024-11-21 15:24:00,pending
2795,384,2024-03-12 17:11:00,delivered
2796,915,2026-05-10 03:05:00,delivered
2797,217,2024-05-29 04:26:00,processing
2798,235,2024-12-06 08:45:00,delivered
2799,569,2026-12-23 18:57:00,cancelled
2800,600,2025-11-06 14:10:00,delivered
2801,609,2026-12-27 21:36:00,processing
2802,460,2026-05-20 05:39:00,delivered
2803,456,2025-07-25 10:16:00,delivered
2804,949,2024-02-11 06:25:00,shipped
2805,792,2026-08-10 02:55:00,delivered
2806,816,2024-09-16 01:14:00,delivered
2807,547,2024-08-19 17:30:00,shipped
2808,666,2024-10-03 01:33:00,processing
2809,897,2025-04-19 04:15:00,cancelled
2810,521,2024-05-31 07:34:00,delivered
2811,348,2026-12-11 17:05:00,shipped
2812,341,2024-10-05 05:02:00,shipped
2813,871,2025-02-24 04:51:00,delivered
2814,716,2024-07-02 16:09:00,delivered
2815,74,2026-05-14 23:40:00,delivered
2816,756,2025-10-21 14:10:00,delivered
2817,868,2025-11-22 00:02:00,delivered
2818,799,2024-02-25 21:44:00,pending
2819,830,2024-03-03 02:20:00,processing
2820,761,2024-06-15 02:44:00,processing
2821,976,2024-07-20 14:50:00,delivered
2822,664,2026-01-30 01:50:00,delivered
2823,992,2024-02-22 23:09:00,cancelled
2824,321,2026-02-15 21:07:00,delivered
2825,517,2025-08-16 09:16:00,processing
2826,559,2024-10-29 19:42:00,delivered
2827,489,2025-08-11 15:33:00,cancelled
2828,79,2024-11-04 05:52:00,delivered
2829,514,2024-03-27 10:24:00,delivered
2830,520,2026-06-09 14:01:00,pending
2831,51,2024-01-06 21:16:00,delivered
2832,387,2025-12-08 20:21:00,pending
2833,742,2026-11-22 08:33:00,processing
2834,387,2024-09-08 07:26:00,processing
2835,276,2026-11-13 07:20:00,shipped
2836,51,2026-01-19 09:52:00,processing
2837,591,2026-02-07 23:02:00,delivered
2838,41,2026-08-20 01:26:00,processing
2839,421,2026-07-31 19:22:00,delivered
2840,18,2026-12-12 05:08:00,pending
2841,275,2024-04-06 03:55:00,shipped
2842,855,2026-12-18 03:56:00,delivered
2843,542,2024-01-11 08:40:00,delivered
2844,986,2024-12-29 17:30:00,delivered
2845,954,2025-05-24 16:12:00,shipped
2846,783,2025-01-19 16:41:00,pending
2847,275,2025-05-11 04:43:00,pending
2848,714,2026-03-30 19:43:00,shipped
2849,175,2026-12-04 18:41:00,delivered
2850,749,2025-09-21 13:19:00,processing
2851,249,2026-05-09 22:08:00,shipped
2852,743,2026-12-18 13:13:00,processing
2853,984,2025-05-30 02:29:00,delivered
2854,842,2026-03-10 09:40:00,shipped
2855,364,2026-02-04 09:55:00,delivered
2856,192,2026-04-05 07:46:00,delivered
2857,349,2025-01-17 09:12:00,cancelled
2858,934,2024-02-17 21:05:00,delivered
2859,316,2026-04-22 08:55:00,shipped
2860,590,2026-12-22 16:58:00,cancelled
2861,791,2025-04-07 23:06:00,shipped
2862,570,2026-10-22 16:11:00,delivered
2863,283,2025-11-10 23:08:00,delivered
2864,852,2024-05-06 21:44:00,shipped
2865,297,2024-04-27 09:15:00,processing
2866,222,2025-03-03 11:12:00,delivered
2867,264,2025-10-07 22:07:00,shipped
2868,228,2024-10-16 03:05:00,pending
2869,615,2026-07-20 16:29:00,delivered
2870,807,2024-09-10 17:03:00,delivered
2871,204,2025-05-08 18:05:00,delivered
2872,203,2026-10-05 06:08:00,shipped
2873,331,2025-04-07 01:56:00,shipped
2874,36,2024-06-06 02:58:00,delivered
2875,780,2026-10-31 15:48:00,cancelled
2876,399,2024-07-14 14:32:00,delivered
2877,798,2026-12-10 00:00:00,cancelled
2878,214,2024-02-24 00:37:00,processing
2879,798,2026-04-29 03:35:00,processing
2880,612,2026-12-08 00:15:00,delivered
2881,342,2026-08-25 20:44:00,delivered
2882,747,2025-08-03 19:07:00,cancelled
2883,930,2026-04-30 00:56:00,delivered
2884,219,2026-03-13 11:39:00,delivered
2885,138,2024-04-28 02:19:00,delivered
2886,828,2024-09-09 16:40:00,delivered
2887,294,2024-08-10 17:18:00,processing
2888,407,2026-12-21 15:21:00,delivered
2889,601,2024-10-12 13:12:00,processing
2890,741,2024-11-18 06:38:00,delivered
2891,152,2024-05-30 07:28:00,shipped
2892,346,2026-05-06 02:05:00,shipped
2893,38,2025-08-25 04:33:00,delivered
2894,964,2024-03-28 11:40:00,pending
2895,812,2025-11-22 07:31:00,cancelled
2896,439,2026-06-10 23:02:00,delivered
2897,99,2024-08-26 23:08:00,shipped
2898,867,2024-02-06 01:12:00,delivered
2899,57,2026-12-01 06:23:00,shipped
2900,906,2024-06-30 00:24:00,processing
2901,467,2024-05-28 10:47:00,processing
2902,976,2024-12-25 06:16:00,delivered
2903,365,2024-04-16 13:32:00,delivered
2904,447,2024-08-10 15:40:00,delivered
2905,435,2024-10-19 19:13:00,cancelled
2906,852,2025-06-24 09:47:00,cancelled
2907,119,2025-05-10 09:57:00,delivered
2908,813,2026-12-16 14:49:00,processing
2909,306,2025-05-01 15:55:00,delivered
2910,564,2026-12-18 04:26:00,pending
2911,240,2026-02-05 19:46:00,processing
2912,105,2026-01-28 14:44:00,delivered
2913,621,2024-04-07 16:23:00,cancelled
2914,595,2024-05-12 09:18:00,delivered
2915,958,2024-02-02 22:28:00,cancelled
2916,597,2024-12-05 12:48:00,delivered
2917,587,2026-05-11 19:36:00,delivered
2918,891,2025-08-30 17:41:00,delivered
2919,615,2026-07-23 02:56:00,delivered
2920,149,2026-01-19 18:24:00,delivered
2921,583,2025-05-23 04:21:00,delivered
2922,302,2024-02-13 16:56:00,shipped
2923,634,2025-02-02 05:56:00,processing
2924,190,2025-04-01 09:49:00,processing
2925,993,2026-05-30 12:36:00,delivered
2926,961,2024-04-22 13:39:00,delivered
2927,572,2026-08-26 04:25:00,delivered
2928,469,2026-05-05 00:41:00,shipped
2929,768,2025-03-18 09:35:00,cancelled
2930,742,2025-04-12 16:38:00,processing
2931,687,2026-01-10 20:15:00,delivered
2932,533,2024-10-10 21:57:00,delivered
2933,18,2025-08-06 00:57:00,shipped
2934,418,2024-08-29 04:57:00,delivered
2935,625,2026-06-08 10:01:00,delivered
2936,870,2024-10-28 12:37:00,delivered
2937,558,2024-10-27 13:42:00,shipped
2938,803,2026-02-22 18:24:00,shipped
2939,646,2024-05-29 06:00:00,delivered
2940,829,2026-05-22 03:43:00,delivered
2941,904,2024-10-25 06:51:00,delivered
2942,586,2025-11-20 03:16:00,delivered
2943,796,2025-06-30 12:34:00,processing
2944,602,2025-09-28 16:17:00,delivered
2945,42,2024-03-01 05:30:00,delivered
2946,2,2024-01-14 21:54:00,delivered
2947,615,2026-03-11 12:04:00,cancelled
2948,120,2026-03-03 16:12:00,pending
2949,685,2025-01-30 19:21:00,delivered
2950,844,2024-02-22 01:04:00,shipped
2951,58,2025-07-25 02:18:00,delivered
2952,75,2025-10-20 01:29:00,shipped
2953,182,2026-12-04 06:55:00,delivered
2954,454,2026-04-22 20:09:00,pending
2955,378,2025-03-27 20:17:00,shipped
2956,918,2026-10-11 14:28:00,delivered
2957,401,2024-11-28 01:45:00,cancelled
2958,907,2024-10-13 23:25:00,delivered
2959,422,2024-09-23 19:08:00,shipped
2960,569,2024-07-07 23:55:00,delivered
2961,641,2026-08-29 12:59:00,pending
2962,165,2024-05-16 08:01:00,shipped
2963,537,2026-12-28 08:04:00,cancelled
2964,204,2025-02-19 14:14:00,pending
2965,136,2025-10-05 11:45:00,cancelled
2966,208,2025-12-07 12:06:00,delivered
2967,950,2024-06-11 14:00:00,processing
2968,921,2024-12-02 21:06:00,pending
2969,168,2024-01-01 12:07:00,processing
2970,433,2025-05-02 16:42:00,shipped
2971,479,2026-10-12 17:36:00,cancelled
2972,386,2024-09-05 06:13:00,shipped
2973,913,2025-08-30 09:16:00,delivered
2974,744,2024-12-11 18:20:00,pending
2975,885,2026-03-21 09:32:00,pending
2976,838,2024-07-12 13:17:00,shipped
2977,55,2025-04-29 14:13:00,delivered
2978,852,2024-07-27 12:30:00,delivered
2979,950,2024-10-17 14:47:00,delivered
2980,684,2026-11-17 05:58:00,processing
2981,15,2024-11-26 20:05:00,delivered
2982,916,2025-01-08 03:40:00,processing
2983,532,2026-05-09 05:36:00,delivered
2984,753,2026-10-03 23:43:00,delivered
2985,240,2026-05-22 07:55:00,delivered
2986,249,2024-08-23 16:11:00,delivered
2987,327,2026-04-16 00:21:00,processing
2988,769,2026-07-09 23:01:00,delivered
2989,720,2026-05-27 12:43:00,cancelled
2990,122,2026-07-17 15:44:00,pending
2991,882,2026-10-13 07:57:00,shipped
2992,799,2024-10-27 00:23:00,delivered
2993,386,2024-10-21 02:42:00,delivered
2994,185,2025-04-03 20:22:00,shipped
2995,164,2024-06-25 12:43:00,delivered
2996,375,2024-01-31 10:34:00,cancelled
2997,960,2024-08-02 21:16:00,shipped
2998,154,2024-05-29 16:41:00,delivered
2999,179,2024-05-28 18:08:00,shipped
3000,408,2026-07-24 19:02:00,delivered
3001,548,2025-07-03 07:27:00,delivered
3002,555,2025-08-14 17:55:00,pending
3003,163,2024-09-16 01:54:00,shipped
3004,35,2025-04-15 21:53:00,delivered
3005,999,2025-05-28 16:18:00,delivered
3006,306,2025-11-22 23:39:00,delivered
3007,645,2024-05-15 20:05:00,shipped
3008,463,2026-11-05 14:51:00,delivered
3009,37,2026-06-22 02:22:00,cancelled
3010,241,2026-04-02 14:24:00,delivered
3011,553,2025-01-17 00:59:00,delivered
3012,282,2026-02-18 02:39:00,pending
3013,643,2026-08-02 15:39:00,delivered
3014,394,2024-11-03 19:36:00,cancelled
3015,518,2026-10-15 22:54:00,processing
3016,855,2024-09-22 10:33:00,delivered
3017,506,2024-03-19 20:34:00,shipped
3018,537,2024-01-02 12:41:00,processing
3019,641,2025-05-01 11:03:00,delivered
3020,905,2024-03-02 21:57:00,delivered
3021,774,2026-03-10 12:46:00,delivered
3022,703,2026-07-24 18:02:00,pending
3023,128,2024-12-09 08:57:00,delivered
3024,798,2025-12-02 11:17:00,shipped
3025,957,2026-12-08 12:29:00,delivered
3026,201,2024-10-14 11:52:00,delivered
3027,302,2025-01-15 20:15:00,delivered
3028,137,2026-12-26 23:36:00,delivered
3029,809,2026-03-12 07:55:00,cancelled
3030,560,2024-07-30 10:25:00,processing
3031,82,2025-11-02 05:34:00,delivered
3032,740,2026-09-16 05:58:00,cancelled
3033,399,2024-12-09 18:10:00,shipped
3034,604,2025-03-29 22:14:00,shipped
3035,623,2026-01-27 03:14:00,delivered
3036,963,2026-10-30 03:35:00,delivered
3037,379,2026-01-19 00:41:00,delivered
3038,270,2026-03-02 17:20:00,pending
3039,329,2026-09-25 21:18:00,delivered
3040,230,2024-01-16 06:19:00,delivered
3041,123,2026-11-15 18:04:00,cancelled
3042,116,2026-09-12 19:30:00,processing
3043,204,2026-12-04 22:21:00,delivered
3044,276,2024-03-18 02:53:00,shipped
3045,404,2025-09-21 02:20:00,shipped
3046,111,2025-10-31 10:12:00,processing
3047,747,2024-12-21 11:39:00,delivered
3048,838,2026-05-09 15:46:00,delivered
3049,538,2024-07-18 07:51:00,shipped
3050,872,2025-10-11 01:01:00,cancelled
3051,273,2024-11-02 22:55:00,delivered
3052,112,2025-08-03 02:02:00,delivered
3053,182,2026-07-24 12:39:00,delivered
3054,125,2026-12-08 15:35:00,pending
3055,751,2024-09-26 15:00:00,shipped
3056,133,2025-04-26 16:33:00,delivered
3057,786,2025-12-14 12:10:00,delivered
3058,958,2025-11-08 17:51:00,cancelled
3059,795,2026-05-26 13:03:00,cancelled
3060,885,2026-11-03 13:50:00,delivered
3061,552,2026-06-24 08:19:00,delivered
3062,142,2026-10-06 22:21:00,delivered
3063,759,2025-07-26 17:40:00,shipped
3064,603,2026-05-14 11:50:00,delivered
3065,807,2025-08-12 05:32:00,processing
3066,981,2024-08-31 02:51:00,delivered
3067,341,2024-02-22 04:59:00,delivered
3068,904,2024-03-21 01:09:00,delivered
3069,382,2025-04-15 18:41:00,delivered
3070,75,2025-04-29 04:41:00,delivered
3071,905,2024-08-25 10:55:00,shipped
3072,214,2024-01-12 10:21:00,delivered
3073,535,2025-02-21 20:40:00,shipped
3074,756,2025-01-08 21:06:00,shipped
3075,292,2026-11-30 16:39:00,shipped
3076,601,2026-10-01 04:31:00,cancelled
3077,707,2025-03-30 13:28:00,delivered
3078,808,2026-06-22 23:18:00,delivered
3079,154,2024-01-14 04:23:00,delivered
3080,757,2024-12-09 11:18:00,processing
3081,982,2024-05-22 16:13:00,delivered
3082,178,2024-08-04 23:08:00,processing
3083,65,2024-09-15 06:38:00,processing
3084,862,2024-01-15 20:19:00,delivered
3085,61,2026-02-11 23:00:00,delivered
3086,533,2025-05-16 13:16:00,delivered
3087,209,2026-08-06 11:01:00,delivered
3088,786,2026-08-23 12:33:00,delivered
3089,682,2026-07-22 05:50:00,processing
3090,359,2026-09-10 14:20:00,shipped
3091,997,2026-01-13 17:40:00,shipped
3092,139,2026-02-15 04:55:00,delivered
3093,34,2025-10-28 04:39:00,pending
3094,837,2026-07-17 12:57:00,delivered
3095,247,2024-07-28 12:03:00,delivered
3096,187,2026-06-19 03:41:00,delivered
3097,65,2026-07-25 21:13:00,processing
3098,807,2025-03-20 18:41:00,delivered
3099,191,2024-02-29 10:11:00,processing
3100,591,2025-03-14 23:26:00,delivered
3101,979,2024-07-25 23:27:00,delivered
3102,674,2024-06-03 20:19:00,processing
3103,564,2024-10-21 07:57:00,processing
3104,669,2026-01-14 22:15:00,delivered
3105,877,2025-02-20 10:35:00,cancelled
3106,274,2026-05-05 03:31:00,delivered
3107,475,2026-10-06 07:10:00,delivered
3108,297,2025-05-21 00:36:00,shipped
3109,887,2025-06-03 18:51:00,cancelled
3110,511,2024-08-26 05:57:00,shipped
3111,845,2026-06-17 00:11:00,delivered
3112,451,2024-05-23 05:03:00,shipped
3113,683,2026-08-17 16:58:00,delivered
3114,116,2025-03-14 15:45:00,delivered
3115,335,2024-10-10 18:35:00,cancelled
3116,532,2025-05-12 04:09:00,pending
3117,692,2024-07-20 04:50:00,shipped
3118,747,2024-04-21 17:12:00,processing
3119,905,2024-04-01 08:48:00,delivered
3120,622,2026-08-11 16:32:00,delivered
3121,583,2026-06-16 11:43:00,processing
3122,758,2026-02-01 21:32:00,shipped
3123,243,2026-12-31 12:59:00,pending
3124,858,2024-03-23 06:01:00,shipped
3125,310,2025-04-28 12:41:00,pending
3126,587,2025-10-18 03:29:00,pending
3127,856,2024-11-29 06:55:00,delivered
3128,921,2024-07-10 00:49:00,processing
3129,592,2024-12-08 23:37:00,delivered
3130,680,2024-02-19 02:19:00,processing
3131,284,2026-11-13 06:03:00,delivered
3132,202,2024-01-11 18:26:00,cancelled
3133,85,2025-03-06 21:37:00,delivered
3134,624,2024-08-23 04:25:00,pending
3135,155,2024-11-06 03:13:00,processing
3136,888,2026-07-31 13:29:00,delivered
3137,143,2024-04-19 03:38:00,delivered
3138,690,2024-07-01 03:07:00,shipped
3139,108,2024-09-22 05:02:00,processing
3140,739,2024-03-06 14:08:00,delivered
3141,678,2026-12-19 14:59:00,processing
3142,948,2025-03-14 01:18:00,delivered
3143,442,2026-02-17 10:13:00,delivered
3144,677,2025-01-01 14:41:00,delivered
3145,831,2025-09-09 16:06:00,processing
3146,804,2025-07-31 05:06:00,pending
3147,24,2026-03-19 20:33:00,processing
3148,346,2024-01-18 18:42:00,shipped
3149,138,2024-11-03 19:18:00,shipped
3150,18,2025-01-31 22:54:00,shipped
3151,991,2025-12-17 23:24:00,delivered
3152,68,2024-01-03 06:45:00,delivered
3153,611,2025-12-08 04:49:00,delivered
3154,509,2024-02-04 03:14:00,cancelled
3155,122,2024-10-17 08:12:00,shipped
3156,368,2025-10-30 17:23:00,shipped
3157,781,2024-09-23 06:54:00,pending
3158,965,2024-06-02 23:49:00,processing
3159,145,2026-09-13 01:27:00,processing
3160,629,2024-11-27 15:14:00,delivered
3161,285,2024-05-03 05:38:00,delivered
3162,454,2024-06-23 13:27:00,delivered
3163,23,2026-04-24 07:08:00,processing
3164,289,2026-12-23 20:57:00,processing
3165,328,2025-06-18 05:52:00,delivered
3166,647,2024-01-16 07:44:00,delivered
3167,293,2024-03-07 07:03:00,processing
3168,631,2026-01-13 12:31:00,delivered
3169,787,2026-07-13 11:27:00,delivered
3170,316,2024-05-12 11:28:00,delivered
3171,798,2025-12-13 11:18:00,shipped
3172,177,2025-05-19 08:30:00,delivered
3173,141,2025-05-29 14:27:00,pending
3174,46,2024-05-01 03:51:00,delivered
3175,126,2024-03-20 06:01:00,delivered
3176,755,2026-04-24 17:14:00,processing
3177,409,2025-07-19 02:31:00,processing
3178,529,2024-03-28 17:00:00,delivered
3179,832,2026-01-20 14:06:00,processing
3180,32,2024-08-09 10:45:00,pending
3181,87,2025-02-04 16:02:00,shipped
3182,105,2025-05-19 01:29:00,delivered
3183,341,2024-06-12 01:52:00,delivered
3184,370,2026-12-22 08:31:00,shipped
3185,821,2026-03-31 05:07:00,delivered
3186,26,2024-02-05 18:27:00,processing
3187,545,2026-12-17 21:22:00,shipped
3188,721,2026-05-29 19:16:00,delivered
3189,210,2024-09-03 17:00:00,shipped
3190,688,2025-02-14 19:25:00,processing
3191,830,2026-06-19 08:53:00,shipped
3192,404,2026-06-13 04:05:00,shipped
3193,66,2026-12-10 07:53:00,processing
3194,875,2026-08-30 00:02:00,pending
3195,273,2026-04-05 13:27:00,processing
3196,989,2025-11-07 20:37:00,pending
3197,70,2024-08-26 01:28:00,delivered
3198,683,2026-08-15 03:58:00,shipped
3199,21,2025-06-21 18:15:00,delivered
3200,965,2024-05-19 22:36:00,delivered
3201,879,2025-07-06 18:00:00,shipped
3202,684,2024-05-14 10:50:00,processing
3203,262,2026-10-24 01:51:00,delivered
3204,663,2026-10-14 12:50:00,delivered
3205,505,2025-04-03 20:04:00,processing
3206,605,2026-06-18 21:07:00,delivered
3207,392,2025-08-22 03:26:00,cancelled
3208,979,2024-07-22 04:13:00,delivered
3209,976,2024-04-10 15:30:00,delivered
3210,255,2025-04-22 05:48:00,shipped
3211,188,2025-03-07 23:44:00,cancelled
3212,686,2025-08-15 18:36:00,cancelled
3213,626,2026-07-02 00:04:00,delivered
3214,933,2025-06-24 05:56:00,shipped
3215,979,2024-10-12 00:13:00,delivered
3216,528,2026-08-01 17:54:00,processing
3217,92,2026-04-21 01:53:00,processing
3218,682,2024-02-26 20:51:00,delivered
3219,266,2024-07-13 17:51:00,pending
3220,379,2026-11-16 19:32:00,delivered
3221,799,2026-07-07 04:57:00,processing
3222,1000,2026-06-29 00:46:00,delivered
3223,516,2025-08-16 21:32:00,pending
3224,841,2024-05-24 17:59:00,shipped
3225,267,2025-09-14 17:08:00,processing
3226,124,2026-07-13 11:33:00,delivered
3227,950,2025-04-22 18:28:00,cancelled
3228,383,2026-06-15 00:34:00,processing
3229,832,2024-02-22 08:34:00,pending
3230,486,2025-10-17 15:42:00,pending
3231,863,2025-01-03 06:24:00,delivered
3232,307,2026-04-05 02:48:00,delivered
3233,87,2024-11-19 16:57:00,delivered
3234,837,2025-07-07 05:38:00,delivered
3235,574,2026-10-30 04:29:00,delivered
3236,402,2026-09-04 21:40:00,pending
3237,45,2025-12-27 07:45:00,processing
3238,927,2024-06-30 18:27:00,processing
3239,438,2024-03-31 15:57:00,delivered
3240,255,2024-12-28 15:18:00,delivered
3241,828,2025-04-04 10:46:00,shipped
3242,110,2026-07-31 18:51:00,delivered
3243,675,2026-03-26 05:18:00,delivered
3244,907,2026-05-13 22:40:00,shipped
3245,625,2026-02-09 12:34:00,processing
3246,272,2026-05-29 00:17:00,delivered
3247,320,2024-11-06 02:28:00,pending
3248,575,2025-11-23 03:24:00,processing
3249,956,2025-12-29 18:48:00,processing
3250,646,2026-04-12 08:34:00,delivered
3251,1,2026-10-26 18:50:00,delivered
3252,273,2026-12-30 12:34:00,delivered
3253,234,2024-03-25 13:08:00,cancelled
3254,405,2026-09-09 04:48:00,delivered
3255,617,2024-05-19 13:01:00,delivered
3256,65,2024-07-01 09:04:00,processing
3257,850,2024-08-19 18:57:00,delivered
3258,743,2025-05-23 11:42:00,delivered
3259,615,2024-11-30 06:45:00,shipped
3260,239,2025-03-12 15:46:00,shipped
3261,1,2025-11-30 05:15:00,pending
3262,261,2025-10-19 17:32:00,pending
3263,341,2024-02-14 05:23:00,cancelled
3264,286,2025-09-10 15:09:00,shipped
3265,632,2024-07-18 13:20:00,delivered
3266,894,2025-01-30 22:18:00,shipped
3267,807,2026-05-02 12:54:00,pending
3268,774,2026-09-18 23:04:00,delivered
3269,130,2025-06-13 19:34:00,delivered
3270,560,2024-03-26 17:34:00,cancelled
3271,747,2024-01-06 12:29:00,delivered
3272,149,2024-07-17 08:05:00,shipped
3273,424,2026-11-24 03:50:00,processing
3274,335,2025-01-13 12:40:00,shipped
3275,272,2026-05-14 19:42:00,delivered
3276,825,2025-05-24 22:37:00,shipped
3277,634,2026-06-20 09:59:00,delivered
3278,581,2025-10-01 22:57:00,delivered
3279,336,2025-11-27 18:16:00,cancelled
3280,823,2024-04-10 03:07:00,delivered
3281,740,2025-01-04 01:54:00,delivered
3282,490,2026-01-09 07:44:00,cancelled
3283,911,2024-04-01 11:07:00,pending
3284,81,2026-05-15 21:46:00,pending
3285,853,2026-03-19 06:26:00,shipped
3286,421,2024-09-14 03:32:00,delivered
3287,336,2026-02-01 19:03:00,shipped
3288,8,2024-04-10 00:38:00,delivered
3289,587,2025-09-08 04:19:00,delivered
3290,595,2025-05-27 05:03:00,shipped
3291,386,2026-02-07 21:55:00,shipped
3292,925,2026-06-09 13:31:00,shipped
3293,335,2026-06-11 08:10:00,pending
3294,810,2025-09-28 10:27:00,delivered
3295,502,2026-06-26 10:34:00,delivered
3296,585,2026-07-11 09:49:00,shipped
3297,227,2025-01-28 16:51:00,delivered
3298,436,2024-09-24 07:54:00,delivered
3299,265,2026-04-08 12:50:00,processing
3300,649,2025-01-12 13:21:00,delivered
3301,56,2024-08-10 12:40:00,shipped
3302,623,2025-12-11 07:59:00,pending
3303,712,2026-05-21 05:54:00,processing
3304,180,2024-11-07 09:11:00,cancelled
3305,818,2026-07-14 13:56:00,delivered
3306,673,2026-08-28 09:25:00,processing
3307,324,2024-05-17 12:01:00,processing
3308,182,2025-07-29 22:06:00,pending
3309,933,2026-10-27 08:34:00,delivered
3310,655,2026-03-06 01:00:00,delivered
3311,550,2024-01-31 03:30:00,delivered
3312,406,2026-09-12 22:31:00,cancelled
3313,131,2025-02-05 02:11:00,delivered
3314,904,2026-01-03 14:59:00,delivered
3315,14,2025-07-13 14:08:00,cancelled
3316,419,2025-06-22 05:40:00,delivered
3317,78,2024-10-28 23:07:00,cancelled
3318,55,2025-02-21 16:16:00,processing
3319,778,2026-09-07 10:14:00,shipped
3320,714,2026-03-01 17:03:00,delivered
3321,359,2024-12-11 11:16:00,cancelled
3322,180,2025-09-26 04:07:00,delivered
3323,712,2025-04-21 16:20:00,delivered
3324,371,2025-07-03 01:02:00,delivered
3325,440,2025-06-05 09:41:00,shipped
3326,668,2026-08-14 10:47:00,processing
3327,202,2024-06-06 03:08:00,cancelled
3328,158,2026-07-05 09:49:00,delivered
3329,784,2026-10-03 21:39:00,delivered
3330,87,2026-07-12 14:57:00,delivered
3331,783,2025-02-26 07:42:00,shipped
3332,657,2024-12-06 15:10:00,pending
3333,889,2026-02-16 21:10:00,delivered
3334,920,2026-08-30 11:45:00,pending
3335,556,2024-05-04 02:38:00,delivered
3336,986,2025-05-20 01:16:00,shipped
3337,651,2025-02-02 01:24:00,delivered
3338,812,2025-04-15 10:46:00,delivered
3339,850,2024-10-23 08:39:00,delivered
3340,339,2025-04-15 09:00:00,pending
3341,943,2024-07-31 16:04:00,delivered
3342,406,2026-06-21 15:32:00,shipped
3343,927,2024-05-17 13:22:00,cancelled
3344,286,2025-06-04 08:58:00,delivered
3345,369,2025-06-19 08:27:00,pending
3346,545,2025-03-06 17:56:00,shipped
3347,68,2026-08-31 19:39:00,processing
3348,722,2024-08-07 00:41:00,delivered
3349,774,2025-10-18 07:41:00,delivered
3350,151,2026-07-23 16:32:00,delivered
3351,896,2026-03-01 19:36:00,delivered
3352,601,2026-12-16 16:49:00,processing
3353,909,2024-05-04 09:20:00,delivered
3354,720,2024-09-29 15:06:00,shipped
3355,461,2024-10-08 08:24:00,processing
3356,830,2024-07-02 23:38:00,delivered
3357,987,2026-02-19 22:16:00,processing
3358,136,2025-02-21 17:41:00,processing
3359,461,2024-11-29 16:15:00,processing
3360,812,2024-07-30 04:07:00,cancelled
3361,676,2026-10-20 00:25:00,cancelled
3362,161,2025-03-06 05:33:00,delivered
3363,947,2024-04-11 22:36:00,delivered
3364,218,2024-12-09 04:07:00,pending
3365,120,2024-01-31 05:14:00,processing
3366,3,2024-02-03 02:44:00,delivered
3367,473,2026-06-07 12:07:00,pending
3368,31,2026-11-06 20:38:00,delivered
3369,572,2026-09-11 22:24:00,processing
3370,561,2024-06-20 09:12:00,shipped
3371,816,2024-07-09 09:03:00,cancelled
3372,241,2025-08-15 10:41:00,processing
3373,967,2024-06-23 18:32:00,delivered
3374,806,2026-09-15 08:26:00,delivered
3375,785,2024-10-10 06:20:00,shipped
3376,888,2025-10-09 21:50:00,pending
3377,4,2025-02-10 23:49:00,cancelled
3378,469,2026-04-07 05:00:00,shipped
3379,836,2025-07-25 10:47:00,delivered
3380,449,2024-06-01 10:01:00,cancelled
3381,48,2026-06-11 13:57:00,delivered
3382,433,2025-07-04 02:04:00,pending
3383,663,2026-03-15 11:19:00,delivered
3384,726,2024-07-03 22:53:00,delivered
3385,966,2025-04-05 09:00:00,delivered
3386,555,2025-10-25 03:25:00,delivered
3387,945,2025-07-04 19:30:00,pending
3388,630,2024-01-31 11:49:00,delivered
3389,200,2026-05-30 13:35:00,processing
3390,568,2024-10-15 12:34:00,delivered
3391,579,2026-04-09 05:24:00,delivered
3392,804,2024-02-01 16:14:00,delivered
3393,572,2026-12-01 20:36:00,processing
3394,542,2026-09-20 19:04:00,shipped
3395,380,2026-05-28 05:23:00,delivered
3396,80,2026-07-19 12:01:00,delivered
3397,243,2024-09-16 00:05:00,processing
3398,903,2026-01-04 14:54:00,cancelled
3399,535,2025-01-17 12:00:00,shipped
3400,81,2024-01-12 18:23:00,cancelled
3401,964,2024-05-29 14:23:00,shipped
3402,322,2024-08-29 14:31:00,delivered
3403,724,2024-07-03 21:47:00,processing
3404,304,2026-02-27 19:11:00,delivered
3405,99,2024-10-23 08:05:00,delivered
3406,607,2026-04-04 04:27:00,shipped
3407,167,2024-10-15 19:30:00,shipped
3408,602,2024-06-01 14:03:00,delivered
3409,903,2025-06-25 23:46:00,shipped
3410,939,2024-09-27 03:52:00,delivered
3411,698,2025-08-24 11:31:00,delivered
3412,47,2025-10-15 13:49:00,delivered
3413,3,2024-10-16 04:54:00,delivered
3414,509,2024-01-01 22:36:00,pending
3415,752,2024-04-11 02:40:00,shipped
3416,948,2025-12-01 13:17:00,cancelled
3417,471,2024-12-17 06:52:00,processing
3418,868,2026-08-20 05:32:00,processing
3419,574,2025-11-02 23:56:00,delivered
3420,6,2024-04-29 02:31:00,delivered
3421,969,2026-11-24 05:10:00,delivered
3422,735,2026-07-15 07:05:00,processing
3423,430,2024-05-28 12:59:00,delivered
3424,954,2026-02-03 00:30:00,pending
3425,806,2025-12-20 17:41:00,delivered
3426,972,2024-04-30 02:07:00,delivered
3427,999,2024-01-03 19:11:00,delivered
3428,908,2024-08-11 21:05:00,shipped
3429,438,2024-06-14 23:56:00,pending
3430,372,2025-04-10 14:03:00,delivered
3431,140,2025-02-12 01:02:00,delivered
3432,830,2026-05-31 18:20:00,delivered
3433,5,2026-09-17 08:57:00,delivered
3434,670,2024-06-26 16:36:00,delivered
3435,576,2025-11-01 22:18:00,processing
3436,662,2024-10-15 18:33:00,delivered
3437,608,2025-03-12 13:22:00,processing
3438,264,2025-07-25 15:49:00,processing
3439,857,2024-06-29 19:50:00,delivered
3440,948,2024-10-16 15:12:00,delivered
3441,831,2024-06-18 06:57:00,delivered
3442,793,2024-05-24 01:16:00,shipped
3443,158,2025-12-21 17:42:00,delivered
3444,228,2025-01-10 02:29:00,delivered
3445,219,2026-01-07 14:16:00,delivered
3446,903,2025-05-10 10:55:00,cancelled
3447,431,2026-12-21 01:25:00,delivered
3448,559,2026-06-10 01:47:00,shipped
3449,199,2025-03-24 22:16:00,delivered
3450,954,2026-10-27 06:35:00,shipped
3451,182,2025-10-13 07:24:00,cancelled
3452,817,2025-09-02 12:58:00,processing
3453,49,2025-11-08 10:03:00,shipped
3454,455,2025-07-20 22:03:00,shipped
3455,460,2025-11-18 11:05:00,shipped
3456,407,2024-11-22 06:36:00,processing
3457,845,2024-01-20 19:02:00,delivered
3458,342,2025-10-26 03:02:00,delivered
3459,717,2025-09-25 23:01:00,delivered
3460,615,2024-07-27 07:06:00,cancelled
3461,103,2026-08-05 16:24:00,pending
3462,704,2024-02-09 04:21:00,delivered
3463,722,2026-06-30 21:24:00,pending
3464,720,2024-12-28 05:40:00,pending
3465,735,2026-01-29 07:20:00,delivered
3466,955,2025-07-02 22:05:00,delivered
3467,1,2024-06-18 21:08:00,processing
3468,923,2025-10-04 18:22:00,delivered
3469,61,2024-01-22 05:55:00,shipped
3470,832,2024-04-13 02:20:00,processing
3471,220,2025-01-09 11:51:00,delivered
3472,703,2025-06-15 14:40:00,delivered
3473,348,2024-03-06 14:18:00,pending
3474,855,2026-10-05 03:48:00,shipped
3475,196,2024-09-21 14:38:00,delivered
3476,954,2025-12-25 22:47:00,delivered
3477,375,2024-02-27 07:42:00,delivered
3478,68,2024-04-08 00:25:00,shipped
3479,694,2025-03-18 09:49:00,delivered
3480,209,2024-08-30 00:17:00,shipped
3481,961,2024-03-05 06:27:00,pending
3482,627,2025-08-05 02:04:00,delivered
3483,642,2024-07-11 07:41:00,shipped
3484,631,2024-12-22 17:22:00,shipped
3485,769,2025-05-13 11:43:00,delivered
3486,151,2024-04-03 11:24:00,pending
3487,61,2026-04-14 15:36:00,cancelled
3488,14,2024-02-09 12:36:00,shipped
3489,936,2024-04-30 02:34:00,shipped
3490,450,2026-09-04 08:02:00,delivered
3491,917,2025-05-09 15:32:00,shipped
3492,697,2024-09-13 22:56:00,cancelled
3493,679,2025-01-31 18:54:00,shipped
3494,595,2026-02-06 07:01:00,pending
3495,503,2026-07-27 12:48:00,delivered
3496,161,2025-11-15 10:00:00,processing
3497,649,2025-12-13 00:04:00,delivered
3498,389,2025-10-03 08:08:00,delivered
3499,189,2025-08-08 03:29:00,delivered
3500,189,2024-05-05 20:11:00,delivered
3501,587,2024-11-02 07:50:00,processing
3502,339,2024-07-14 02:00:00,delivered
3503,33,2024-03-22 20:57:00,delivered
3504,860,2024-04-05 11:15:00,pending
3505,783,2026-04-27 16:16:00,processing
3506,156,2024-08-26 02:24:00,shipped
3507,226,2024-10-05 19:59:00,pending
3508,918,2025-11-16 14:21:00,delivered
3509,577,2026-07-12 10:54:00,delivered
3510,191,2024-06-28 05:37:00,delivered
3511,790,2026-05-17 09:10:00,shipped
3512,237,2025-05-07 13:42:00,delivered
3513,184,2024-01-18 22:09:00,delivered
3514,363,2026-12-02 05:04:00,shipped
3515,475,2024-02-20 22:38:00,processing
3516,930,2026-06-30 03:05:00,delivered
3517,863,2024-11-27 07:45:00,delivered
3518,7,2025-01-05 06:27:00,delivered
3519,173,2024-07-21 20:50:00,delivered
3520,677,2024-12-16 02:22:00,cancelled
3521,538,2024-09-11 16:36:00,cancelled
3522,741,2024-01-09 21:23:00,delivered
3523,445,2024-08-05 03:32:00,shipped
3524,549,2026-01-30 10:35:00,delivered
3525,748,2025-10-02 18:47:00,delivered
3526,997,2026-08-21 05:45:00,delivered
3527,391,2026-11-24 01:45:00,pending
3528,792,2025-11-26 07:30:00,delivered
3529,828,2025-03-18 02:35:00,cancelled
3530,624,2024-11-12 16:58:00,delivered
3531,921,2024-12-19 16:17:00,shipped
3532,904,2025-09-28 01:42:00,pending
3533,527,2024-10-09 05:46:00,delivered
3534,167,2024-01-03 01:11:00,delivered
3535,630,2025-08-26 17:08:00,delivered
3536,859,2025-04-13 04:42:00,cancelled
3537,61,2025-05-31 02:17:00,shipped
3538,286,2025-03-08 23:08:00,cancelled
3539,881,2026-12-10 23:07:00,pending
3540,998,2026-01-07 18:38:00,delivered
3541,718,2024-01-21 21:08:00,delivered
3542,753,2024-01-27 04:02:00,delivered
3543,52,2025-07-21 22:44:00,processing
3544,873,2024-09-25 04:45:00,shipped
3545,368,2024-09-17 22:56:00,processing
3546,382,2025-02-01 01:57:00,delivered
3547,134,2026-10-27 02:26:00,shipped
3548,49,2026-04-13 08:25:00,processing
3549,699,2024-04-27 11:45:00,delivered
3550,237,2026-06-20 14:29:00,shipped
3551,925,2024-07-15 19:34:00,processing
3552,787,2024-05-25 21:01:00,delivered
3553,613,2024-07-02 13:43:00,delivered
3554,703,2024-05-31 15:19:00,shipped
3555,623,2024-03-24 05:37:00,delivered
3556,544,2025-03-22 03:50:00,pending
3557,254,2025-07-19 02:39:00,shipped
3558,167,2024-11-04 18:05:00,delivered
3559,208,2024-08-30 13:31:00,pending
3560,58,2026-01-21 12:35:00,delivered
3561,993,2026-05-05 12:29:00,cancelled
3562,899,2024-03-24 12:14:00,delivered
3563,953,2024-11-09 02:36:00,delivered
3564,404,2026-01-11 11:03:00,shipped
3565,294,2025-06-05 09:41:00,pending
3566,989,2026-06-02 12:12:00,delivered
3567,620,2025-01-21 22:14:00,delivered
3568,353,2024-01-18 09:41:00,delivered
3569,172,2026-07-18 06:08:00,delivered
3570,395,2024-10-02 13:56:00,delivered
3571,91,2025-08-28 04:16:00,processing
3572,421,2024-10-08 23:21:00,cancelled
3573,569,2025-10-18 08:43:00,processing
3574,696,2026-11-20 16:40:00,delivered
3575,41,2026-12-29 23:31:00,cancelled
3576,609,2024-07-19 23:39:00,cancelled
3577,152,2025-05-06 23:19:00,cancelled
3578,729,2024-06-22 21:38:00,delivered
3579,390,2025-06-23 07:12:00,delivered
3580,825,2025-05-05 04:46:00,cancelled
3581,289,2026-08-01 05:56:00,shipped
3582,59,2026-01-16 17:15:00,processing
3583,267,2025-02-18 01:51:00,delivered
3584,80,2024-06-10 22:53:00,shipped
3585,685,2026-12-19 15:25:00,pending
3586,737,2025-06-30 11:55:00,delivered
3587,746,2026-03-10 22:36:00,delivered
3588,512,2025-11-08 14:25:00,delivered
3589,917,2025-07-03 23:49:00,cancelled
3590,939,2025-11-18 06:23:00,cancelled
3591,448,2026-01-29 18:30:00,cancelled
3592,278,2026-03-15 12:59:00,delivered
3593,796,2026-10-26 12:51:00,pending
3594,214,2025-07-28 04:05:00,processing
3595,293,2026-01-27 00:34:00,delivered
3596,9,2025-11-11 19:58:00,cancelled
3597,521,2024-06-28 10:11:00,delivered
3598,611,2024-10-19 10:50:00,cancelled
3599,590,2026-02-19 12:19:00,delivered
3600,187,2024-08-19 07:00:00,delivered
3601,283,2024-10-06 07:23:00,delivered
3602,603,2024-08-31 08:11:00,shipped
3603,956,2025-08-08 01:42:00,cancelled
3604,667,2025-02-04 07:50:00,delivered
3605,964,2026-04-30 03:19:00,delivered
3606,908,2025-09-24 06:45:00,delivered
3607,464,2026-04-25 07:42:00,delivered
3608,232,2024-08-01 21:57:00,pending
3609,547,2024-09-06 15:33:00,delivered
3610,942,2024-12-08 04:59:00,processing
3611,378,2026-07-03 02:58:00,cancelled
3612,288,2025-10-13 05:13:00,shipped
3613,993,2025-07-26 23:57:00,processing
3614,911,2026-11-01 14:16:00,shipped
3615,697,2026-10-17 01:07:00,delivered
3616,659,2024-12-01 20:59:00,delivered
3617,26,2026-12-19 13:50:00,shipped
3618,760,2024-10-29 07:57:00,shipped
3619,464,2024-09-27 18:27:00,shipped
3620,332,2026-04-12 06:12:00,delivered
3621,115,2025-07-24 01:41:00,delivered
3622,948,2026-01-01 04:52:00,shipped
3623,550,2024-05-08 00:59:00,cancelled
3624,334,2026-11-29 21:02:00,pending
3625,943,2024-11-07 15:54:00,delivered
3626,747,2024-09-19 02:19:00,processing
3627,475,2025-02-03 03:27:00,pending
3628,309,2025-04-09 18:44:00,delivered
3629,788,2025-03-21 12:33:00,delivered
3630,711,2024-06-26 15:10:00,cancelled
3631,204,2024-09-06 06:24:00,delivered
3632,360,2024-11-11 16:49:00,shipped
3633,929,2024-02-24 19:41:00,processing
3634,744,2026-09-19 07:22:00,processing
3635,383,2025-12-22 21:43:00,processing
3636,241,2024-10-30 05:09:00,delivered
3637,790,2026-06-25 07:44:00,delivered
3638,916,2026-12-05 19:38:00,processing
3639,295,2026-01-14 15:44:00,delivered
3640,916,2025-03-30 11:14:00,processing
3641,434,2026-05-24 02:32:00,shipped
3642,36,2026-08-19 12:05:00,cancelled
3643,565,2026-07-29 01:32:00,processing
3644,622,2026-10-16 03:48:00,delivered
3645,163,2025-02-13 12:02:00,pending
3646,504,2024-09-12 04:25:00,pending
3647,661,2025-03-31 17:43:00,delivered
3648,985,2025-01-09 22:05:00,cancelled
3649,505,2026-06-09 22:48:00,shipped
3650,881,2025-06-12 12:30:00,processing
3651,454,2025-06-21 04:09:00,processing
3652,994,2025-03-19 22:09:00,processing
3653,166,2026-11-07 00:40:00,processing
3654,623,2025-08-21 08:09:00,shipped
3655,687,2024-11-11 22:52:00,delivered
3656,702,2025-01-12 05:46:00,cancelled
3657,415,2024-04-27 12:11:00,delivered
3658,633,2025-11-22 06:23:00,delivered
3659,922,2026-03-08 07:53:00,delivered
3660,810,2026-09-07 07:04:00,delivered
3661,118,2026-12-24 01:17:00,shipped
3662,813,2026-10-04 08:06:00,delivered
3663,7,2026-09-21 21:20:00,processing
3664,573,2025-09-16 03:41:00,delivered
3665,153,2024-01-28 21:04:00,processing
3666,395,2024-12-23 12:42:00,pending
3667,804,2025-08-10 21:25:00,processing
3668,849,2026-08-27 21:23:00,shipped
3669,322,2025-07-20 15:02:00,shipped
3670,258,2024-05-28 05:59:00,delivered
3671,69,2026-01-24 02:27:00,cancelled
3672,275,2024-05-27 02:36:00,delivered
3673,690,2025-12-01 10:27:00,shipped
3674,584,2024-07-06 18:46:00,shipped
3675,217,2025-10-19 14:35:00,delivered
3676,825,2025-01-13 01:30:00,delivered
3677,831,2024-10-07 00:16:00,processing
3678,1000,2024-11-20 21:00:00,pending
3679,888,2026-10-13 03:08:00,delivered
3680,92,2024-11-02 09:04:00,cancelled
3681,586,2025-05-13 22:27:00,cancelled
3682,636,2026-04-06 14:34:00,delivered
3683,465,2026-04-11 01:36:00,cancelled
3684,486,2025-03-17 02:10:00,shipped
3685,915,2026-09-17 07:05:00,delivered
3686,789,2025-01-14 04:28:00,delivered
3687,692,2024-02-27 14:21:00,delivered
3688,987,2026-12-22 17:39:00,delivered
3689,558,2026-05-10 11:15:00,delivered
3690,959,2025-03-01 20:43:00,delivered
3691,938,2025-09-24 06:07:00,delivered
3692,646,2026-02-21 10:19:00,processing
3693,977,2026-11-15 21:46:00,delivered
3694,653,2025-11-16 05:14:00,processing
3695,47,2024-11-20 03:37:00,pending
3696,863,2024-02-18 11:31:00,delivered
3697,279,2025-08-02 18:40:00,delivered
3698,944,2025-08-04 15:00:00,delivered
3699,2,2024-10-14 13:35:00,delivered
3700,314,2025-09-25 17:42:00,delivered
3701,509,2026-04-01 09:36:00,shipped
3702,461,2025-09-25 02:26:00,delivered
3703,395,2025-12-12 13:44:00,cancelled
3704,264,2025-11-08 01:01:00,shipped
3705,362,2025-10-06 22:14:00,delivered
3706,39,2026-03-01 08:36:00,shipped
3707,191,2026-08-09 14:05:00,processing
3708,651,2026-01-03 04:36:00,delivered
3709,229,2025-10-19 06:03:00,delivered
3710,608,2026-08-12 23:00:00,processing
3711,359,2024-08-13 05:33:00,processing
3712,424,2025-02-26 13:19:00,processing
3713,81,2025-10-05 19:18:00,cancelled
3714,636,2025-11-17 19:25:00,shipped
3715,289,2026-04-27 21:27:00,processing
3716,996,2025-11-07 08:55:00,cancelled
3717,946,2025-08-21 23:14:00,shipped
3718,264,2024-05-29 09:39:00,processing
3719,584,2025-05-15 19:15:00,delivered
3720,968,2025-06-13 08:37:00,delivered
3721,232,2025-07-06 13:16:00,pending
3722,778,2024-12-16 04:14:00,pending
3723,337,2026-10-22 13:08:00,delivered
3724,489,2025-03-23 18:42:00,delivered
3725,658,2026-12-05 18:54:00,cancelled
3726,103,2025-05-25 05:06:00,cancelled
3727,916,2026-07-01 04:03:00,delivered
3728,118,2026-09-07 01:30:00,shipped
3729,921,2026-11-28 11:12:00,shipped
3730,727,2026-04-25 11:21:00,delivered
3731,600,2024-09-27 04:02:00,processing
3732,44,2025-09-10 08:36:00,shipped
3733,312,2026-02-20 02:09:00,delivered
3734,229,2024-04-21 00:09:00,delivered
3735,896,2025-12-29 03:08:00,delivered
3736,209,2026-08-03 10:54:00,shipped
3737,365,2026-12-18 22:38:00,shipped
3738,339,2025-11-21 20:43:00,delivered
3739,987,2024-01-05 17:27:00,cancelled
3740,81,2025-03-23 02:16:00,delivered
3741,566,2025-09-03 06:16:00,delivered
3742,407,2026-03-05 07:05:00,pending
3743,957,2026-01-29 01:56:00,processing
3744,912,2025-01-10 06:53:00,shipped
3745,956,2024-10-04 01:54:00,processing
3746,318,2026-07-25 09:11:00,shipped
3747,213,2024-08-08 00:19:00,processing
3748,462,2026-05-01 16:47:00,delivered
3749,821,2026-03-22 17:53:00,pending
3750,566,2025-10-04 22:45:00,delivered
3751,583,2025-07-28 12:48:00,delivered
3752,52,2024-11-09 20:05:00,delivered
3753,996,2026-09-24 14:56:00,shipped
3754,477,2025-06-23 06:02:00,shipped
3755,862,2025-10-14 01:09:00,processing
3756,813,2026-01-20 01:10:00,processing
3757,573,2025-07-28 13:25:00,shipped
3758,460,2025-11-20 23:55:00,delivered
3759,777,2024-11-22 06:12:00,processing
3760,157,2025-04-23 00:08:00,pending
3761,339,2026-04-01 18:06:00,processing
3762,899,2024-01-21 07:01:00,processing
3763,260,2026-04-16 14:28:00,pending
3764,709,2024-09-08 21:57:00,shipped
3765,468,2026-01-17 00:28:00,delivered
3766,146,2026-09-06 19:39:00,shipped
3767,834,2025-10-07 07:57:00,delivered
3768,178,2025-07-23 20:23:00,processing
3769,81,2024-12-20 07:47:00,delivered
3770,789,2025-06-13 15:10:00,processing
3771,222,2025-07-08 22:58:00,cancelled
3772,135,2024-04-05 04:34:00,shipped
3773,70,2024-02-03 02:29:00,delivered
3774,981,2024-11-30 21:51:00,processing
3775,54,2026-02-03 01:28:00,delivered
3776,740,2026-04-27 08:42:00,delivered
3777,474,2024-07-27 15:41:00,delivered
3778,508,2025-10-19 08:26:00,processing
3779,806,2025-01-09 08:03:00,shipped
3780,656,2025-04-10 17:55:00,cancelled
3781,158,2026-08-18 20:09:00,shipped
3782,894,2024-05-11 05:09:00,shipped
3783,42,2025-12-03 12:25:00,delivered
3784,289,2025-06-05 16:46:00,delivered
3785,970,2025-05-21 15:15:00,delivered
3786,463,2024-06-05 05:06:00,processing
3787,89,2024-04-06 03:33:00,delivered
3788,526,2024-03-26 07:44:00,shipped
3789,705,2026-05-01 23:39:00,pending
3790,939,2024-05-31 14:54:00,pending
3791,845,2026-09-19 09:44:00,pending
3792,645,2025-04-06 19:09:00,shipped
3793,602,2025-05-30 22:22:00,processing
3794,326,2024-08-12 15:06:00,processing
3795,146,2026-10-05 12:47:00,shipped
3796,226,2026-07-19 05:10:00,pending
3797,878,2025-08-15 04:09:00,processing
3798,181,2026-02-10 21:20:00,delivered
3799,267,2026-02-22 06:58:00,processing
3800,754,2024-01-04 22:34:00,delivered
3801,208,2025-08-16 09:19:00,shipped
3802,927,2024-02-07 09:32:00,delivered
3803,512,2026-11-07 19:37:00,cancelled
3804,13,2025-07-08 14:01:00,delivered
3805,11,2026-02-05 19:43:00,shipped
3806,520,2025-12-16 02:39:00,delivered
3807,321,2025-01-23 21:28:00,delivered
3808,639,2025-01-07 12:27:00,delivered
3809,215,2024-11-23 19:47:00,shipped
3810,239,2025-07-02 05:28:00,cancelled
3811,486,2025-10-15 05:10:00,cancelled
3812,581,2024-11-10 00:26:00,pending
3813,409,2025-12-16 17:05:00,processing
3814,620,2024-10-01 00:41:00,shipped
3815,743,2024-11-18 04:37:00,shipped
3816,74,2025-10-22 13:13:00,pending
3817,606,2025-10-12 10:48:00,delivered
3818,596,2026-04-03 07:27:00,processing
3819,685,2024-11-11 20:26:00,processing
3820,638,2025-08-30 21:48:00,cancelled
3821,44,2026-06-02 12:04:00,shipped
3822,266,2026-11-19 00:41:00,delivered
3823,348,2024-07-17 06:13:00,delivered
3824,229,2024-03-23 01:17:00,delivered
3825,873,2025-04-04 22:54:00,processing
3826,839,2024-06-20 05:54:00,processing
3827,973,2024-12-20 02:23:00,delivered
3828,524,2024-08-18 22:23:00,delivered
3829,891,2026-06-10 17:26:00,delivered
3830,412,2025-09-02 00:06:00,delivered
3831,113,2026-12-23 10:16:00,delivered
3832,60,2026-03-08 09:19:00,delivered
3833,858,2024-01-02 01:50:00,shipped
3834,584,2026-10-26 15:28:00,delivered
3835,492,2025-05-15 10:33:00,shipped
3836,755,2026-03-05 20:25:00,shipped
3837,892,2026-03-28 23:19:00,delivered
3838,122,2026-06-10 23:08:00,processing
3839,675,2025-01-04 03:39:00,processing
3840,953,2026-06-12 04:11:00,pending
3841,188,2024-02-05 09:44:00,pending
3842,292,2024-11-30 19:16:00,delivered
3843,815,2024-08-18 09:46:00,delivered
3844,524,2024-08-17 02:30:00,delivered
3845,458,2024-11-10 13:37:00,delivered
3846,628,2025-07-22 18:44:00,delivered
3847,668,2024-11-25 16:44:00,processing
3848,754,2024-02-10 01:14:00,delivered
3849,433,2026-04-19 00:47:00,delivered
3850,173,2024-01-05 01:00:00,shipped
3851,202,2024-11-26 17:21:00,processing
3852,406,2025-01-21 03:00:00,shipped
3853,48,2025-10-30 05:17:00,processing
3854,543,2025-04-26 17:45:00,pending
3855,364,2024-11-27 13:53:00,delivered
3856,176,2024-05-07 01:28:00,shipped
3857,715,2026-06-04 05:52:00,delivered
3858,447,2025-05-14 07:11:00,delivered
3859,911,2025-02-27 16:39:00,delivered
3860,690,2025-02-21 06:52:00,delivered
3861,922,2024-06-19 16:21:00,delivered
3862,905,2026-04-04 05:25:00,delivered
3863,254,2026-06-07 17:19:00,cancelled
3864,112,2024-01-02 02:12:00,processing
3865,518,2024-11-17 06:57:00,processing
3866,624,2024-11-08 03:43:00,delivered
3867,521,2025-04-03 11:57:00,processing
3868,755,2024-05-09 16:30:00,shipped
3869,961,2024-02-10 12:57:00,delivered
3870,395,2024-07-13 20:02:00,shipped
3871,645,2026-01-28 18:10:00,pending
3872,921,2026-12-06 03:54:00,delivered
3873,273,2025-05-21 02:39:00,processing
3874,622,2026-06-29 13:07:00,delivered
3875,516,2024-08-14 11:37:00,shipped
3876,874,2026-12-28 20:15:00,delivered
3877,307,2025-12-17 21:31:00,processing
3878,692,2024-02-04 22:52:00,delivered
3879,719,2026-03-11 12:23:00,delivered
3880,842,2026-03-28 17:24:00,delivered
3881,627,2025-12-25 18:53:00,pending
3882,332,2026-07-06 06:19:00,delivered
3883,608,2024-11-28 10:20:00,processing
3884,280,2026-06-10 20:40:00,pending
3885,456,2025-09-02 04:37:00,delivered
3886,24,2026-06-30 08:40:00,delivered
3887,784,2026-04-23 13:37:00,cancelled
3888,312,2024-05-08 14:36:00,delivered
3889,497,2024-02-14 17:00:00,delivered
3890,610,2026-07-25 09:43:00,delivered
3891,262,2025-12-21 21:39:00,delivered
3892,292,2026-04-10 08:04:00,cancelled
3893,199,2026-10-29 09:07:00,shipped
3894,249,2025-08-14 14:33:00,cancelled
3895,352,2025-02-26 12:46:00,delivered
3896,828,2026-12-28 03:24:00,shipped
3897,599,2026-12-29 00:16:00,shipped
3898,11,2024-12-07 21:40:00,delivered
3899,404,2024-01-21 10:10:00,processing
3900,909,2024-03-05 05:25:00,processing
3901,470,2024-03-21 12:25:00,shipped
3902,617,2024-05-05 00:53:00,delivered
3903,278,2026-12-30 08:22:00,delivered
3904,789,2025-03-29 00:35:00,delivered
3905,587,2025-01-24 21:51:00,pending
3906,495,2025-09-16 21:52:00,delivered
3907,243,2026-08-28 08:53:00,delivered
3908,109,2025-12-12 13:55:00,processing
3909,153,2026-07-04 11:58:00,pending
3910,1,2025-03-11 01:43:00,shipped
3911,400,2026-04-05 03:37:00,delivered
3912,798,2025-12-29 20:13:00,pending
3913,992,2026-01-02 12:18:00,pending
3914,268,2025-01-27 14:34:00,delivered
3915,919,2025-08-25 13:28:00,delivered
3916,515,2026-09-09 23:58:00,pending
3917,122,2026-12-23 15:10:00,shipped
3918,659,2024-03-12 00:07:00,delivered
3919,209,2026-05-25 11:56:00,delivered
3920,49,2025-04-17 08:58:00,shipped
3921,973,2025-05-31 04:38:00,delivered
3922,45,2026-03-16 15:17:00,delivered
3923,978,2026-05-14 17:57:00,cancelled
3924,839,2026-02-05 05:19:00,cancelled
3925,387,2024-10-17 04:07:00,shipped
3926,353,2026-06-12 15:08:00,shipped
3927,436,2024-12-31 05:54:00,processing
3928,624,2024-01-17 10:15:00,processing
3929,651,2025-08-26 14:50:00,pending
3930,511,2025-09-21 15:57:00,shipped
3931,555,2025-08-13 21:50:00,shipped
3932,612,2025-04-01 19:27:00,shipped
3933,99,2025-04-19 17:14:00,shipped
3934,501,2024-06-16 04:18:00,shipped
3935,357,2025-03-22 03:10:00,delivered
3936,883,2024-04-25 00:47:00,processing
3937,131,2025-01-13 02:59:00,delivered
3938,952,2026-08-25 07:59:00,delivered
3939,147,2026-08-06 15:10:00,shipped
3940,278,2025-05-19 19:22:00,delivered
3941,730,2025-10-19 17:20:00,processing
3942,599,2025-09-17 05:43:00,delivered
3943,144,2025-10-02 03:25:00,processing
3944,515,2025-11-02 15:23:00,delivered
3945,460,2024-05-16 01:21:00,cancelled
3946,542,2024-04-06 11:19:00,delivered
3947,265,2026-07-06 14:19:00,shipped
3948,236,2026-01-19 20:13:00,shipped
3949,145,2025-09-01 14:55:00,delivered
3950,762,2025-08-28 03:53:00,delivered
3951,473,2024-08-31 11:37:00,shipped
3952,826,2026-07-29 06:16:00,shipped
3953,923,2025-02-20 01:21:00,processing
3954,523,2026-12-30 00:14:00,processing
3955,543,2025-03-21 13:05:00,delivered
3956,71,2025-02-15 07:52:00,delivered
3957,941,2025-01-08 13:59:00,pending
3958,486,2026-11-02 17:56:00,processing
3959,936,2024-05-19 11:50:00,processing
3960,557,2026-08-31 06:00:00,shipped
3961,569,2026-06-09 05:20:00,delivered
3962,321,2025-01-06 03:28:00,delivered
3963,419,2025-10-31 21:13:00,cancelled
3964,747,2025-04-08 15:51:00,delivered
3965,525,2024-04-12 03:32:00,delivered
3966,110,2025-12-30 13:43:00,delivered
3967,300,2025-07-25 12:31:00,pending
3968,491,2026-06-25 23:24:00,cancelled
3969,607,2026-03-25 18:59:00,pending
3970,318,2025-04-04 06:52:00,shipped
3971,602,2025-06-10 12:40:00,delivered
3972,269,2025-11-30 01:39:00,delivered
3973,600,2024-02-29 22:02:00,processing
3974,546,2025-11-27 15:14:00,delivered
3975,545,2025-04-24 21:45:00,shipped
3976,98,2024-06-23 17:38:00,shipped
3977,535,2025-08-17 09:10:00,delivered
3978,400,2025-07-21 23:32:00,delivered
3979,305,2026-07-26 18:23:00,shipped
3980,575,2026-01-29 15:21:00,delivered
3981,585,2025-12-14 16:08:00,cancelled
3982,760,2024-08-15 18:03:00,processing
3983,74,2026-06-22 23:37:00,delivered
3984,552,2024-05-31 04:19:00,delivered
3985,193,2026-07-14 02:29:00,pending
3986,337,2026-12-19 09:58:00,cancelled
3987,948,2025-11-04 03:50:00,shipped
3988,949,2025-02-26 13:31:00,delivered
3989,164,2026-12-07 12:33:00,processing
3990,187,2025-03-21 20:01:00,processing
3991,515,2025-11-30 13:54:00,delivered
3992,794,2024-06-16 18:15:00,delivered
3993,504,2024-06-12 08:58:00,shipped
3994,12,2024-02-16 23:50:00,delivered
3995,939,2024-12-07 03:28:00,delivered
3996,49,2026-01-28 10:09:00,delivered
3997,436,2026-05-16 18:13:00,processing
3998,809,2026-02-04 02:40:00,delivered
3999,321,2026-10-30 17:48:00,pending
4000,740,2026-08-09 23:00:00,delivered
4001,685,2025-10-14 06:08:00,delivered
4002,21,2024-09-05 03:36:00,processing
4003,599,2024-06-12 00:15:00,cancelled
4004,546,2024-09-14 18:30:00,shipped
4005,662,2025-10-07 11:07:00,processing
4006,437,2024-03-27 18:03:00,delivered
4007,336,2026-12-31 03:54:00,delivered
4008,126,2024-03-28 09:20:00,pending
4009,139,2025-09-05 06:45:00,delivered
4010,411,2024-05-22 10:59:00,delivered
4011,806,2026-12-23 15:13:00,shipped
4012,412,2024-10-13 14:05:00,processing
4013,358,2026-11-09 23:38:00,shipped
4014,252,2025-03-04 11:15:00,delivered
4015,62,2024-01-15 20:21:00,delivered
4016,999,2026-05-31 02:23:00,delivered
4017,299,2026-07-11 21:15:00,pending
4018,343,2026-03-01 12:15:00,delivered
4019,582,2025-01-15 11:22:00,delivered
4020,119,2024-07-26 12:18:00,processing
4021,980,2024-03-28 21:08:00,delivered
4022,933,2025-05-06 15:31:00,processing
4023,29,2024-11-20 17:38:00,shipped
4024,785,2026-02-13 13:00:00,shipped
4025,256,2025-08-27 05:33:00,pending
4026,827,2025-06-06 08:04:00,delivered
4027,700,2026-04-24 02:02:00,delivered
4028,639,2026-08-03 10:40:00,delivered
4029,343,2025-09-05 13:53:00,shipped
4030,999,2026-02-03 03:02:00,processing
4031,574,2024-01-03 04:31:00,cancelled
4032,9,2025-06-24 04:31:00,shipped
4033,433,2024-10-02 16:55:00,processing
4034,649,2025-06-14 21:17:00,delivered
4035,542,2025-04-15 18:20:00,delivered
4036,949,2024-02-14 18:26:00,delivered
4037,46,2026-05-06 15:25:00,shipped
4038,775,2024-01-08 18:11:00,processing
4039,550,2025-07-23 19:32:00,delivered
4040,277,2025-10-17 11:07:00,delivered
4041,243,2025-11-04 17:47:00,delivered
4042,140,2026-10-02 03:29:00,shipped
4043,202,2024-02-13 20:27:00,delivered
4044,983,2024-09-02 03:48:00,shipped
4045,853,2025-07-08 23:49:00,delivered
4046,208,2025-09-16 06:37:00,delivered
4047,536,2024-05-13 16:31:00,processing
4048,482,2026-06-26 20:47:00,shipped
4049,525,2025-03-31 23:14:00,processing
4050,291,2026-08-30 14:00:00,delivered
4051,97,2025-04-21 22:00:00,delivered
4052,638,2024-08-18 11:12:00,delivered
4053,653,2026-05-08 00:11:00,delivered
4054,406,2024-09-29 11:16:00,delivered
4055,994,2024-03-21 08:04:00,delivered
4056,175,2025-04-21 02:39:00,pending
4057,669,2025-12-30 14:29:00,processing
4058,275,2025-07-26 02:01:00,pending
4059,707,2026-10-10 22:37:00,delivered
4060,279,2024-07-23 18:13:00,processing
4061,381,2025-05-06 17:41:00,pending
4062,637,2026-09-15 22:39:00,shipped
4063,978,2024-10-22 04:48:00,shipped
4064,975,2026-08-11 00:37:00,delivered
4065,572,2026-08-30 04:47:00,shipped
4066,262,2026-04-13 06:11:00,processing
4067,81,2026-10-12 09:50:00,processing
4068,297,2024-01-29 08:53:00,delivered
4069,662,2025-03-14 05:26:00,pending
4070,547,2024-04-15 01:12:00,shipped
4071,539,2026-06-02 03:44:00,shipped
4072,52,2026-08-30 00:09:00,delivered
4073,460,2024-12-13 01:59:00,cancelled
4074,798,2024-03-12 01:38:00,shipped
4075,812,2025-04-29 12:57:00,delivered
4076,739,2024-10-04 02:36:00,shipped
4077,420,2024-03-04 00:21:00,delivered
4078,620,2025-10-03 00:03:00,pending
4079,250,2024-10-06 10:51:00,delivered
4080,13,2024-02-23 14:13:00,delivered
4081,92,2025-01-23 01:41:00,delivered
4082,165,2024-07-10 03:13:00,delivered
4083,390,2024-03-25 23:32:00,delivered
4084,78,2026-03-09 15:09:00,processing
4085,26,2025-06-03 10:55:00,cancelled
4086,793,2025-07-26 23:26:00,delivered
4087,508,2024-08-15 18:10:00,delivered
4088,988,2024-05-20 15:53:00,pending
4089,263,2025-09-19 07:26:00,pending
4090,149,2025-04-06 09:18:00,delivered
4091,954,2024-09-26 05:23:00,processing
4092,664,2026-03-24 00:09:00,shipped
4093,220,2025-07-06 02:09:00,cancelled
4094,936,2024-02-04 18:17:00,shipped
4095,844,2026-07-02 15:56:00,processing
4096,632,2024-02-16 06:43:00,processing
4097,657,2025-12-24 10:06:00,processing
4098,134,2026-08-21 13:05:00,delivered
4099,618,2025-09-06 23:35:00,pending
4100,994,2024-10-01 08:22:00,delivered
4101,368,2025-12-19 03:24:00,pending
4102,109,2024-08-05 18:42:00,processing
4103,979,2024-07-05 05:51:00,shipped
4104,902,2026-04-08 22:18:00,delivered
4105,822,2026-04-27 08:30:00,delivered
4106,811,2026-11-18 21:26:00,processing
4107,475,2026-02-15 01:58:00,pending
4108,539,2025-07-05 09:29:00,shipped
4109,524,2025-04-17 14:52:00,delivered
4110,1000,2024-06-30 18:07:00,delivered
4111,503,2025-08-20 19:54:00,delivered
4112,88,2026-06-14 09:02:00,pending
4113,585,2026-12-19 06:25:00,delivered
4114,748,2024-09-18 06:50:00,shipped
4115,236,2025-07-24 17:17:00,delivered
4116,277,2026-07-08 01:32:00,processing
4117,230,2026-12-16 13:20:00,shipped
4118,192,2024-10-30 22:54:00,pending
4119,68,2024-12-06 06:47:00,delivered
4120,703,2024-10-30 00:22:00,cancelled
4121,2,2025-03-02 06:00:00,pending
4122,19,2026-11-28 12:15:00,delivered
4123,762,2026-04-05 14:15:00,delivered
4124,627,2024-01-10 00:33:00,delivered
4125,787,2024-07-03 03:16:00,processing
4126,818,2024-01-06 00:37:00,cancelled
4127,871,2024-07-08 12:36:00,delivered
4128,643,2024-11-07 07:08:00,delivered
4129,207,2026-07-24 23:53:00,delivered
4130,545,2026-07-30 23:45:00,delivered
4131,398,2024-01-19 17:50:00,delivered
4132,308,2024-06-17 17:27:00,delivered
4133,265,2026-03-06 07:02:00,pending
4134,944,2026-11-20 08:43:00,processing
4135,445,2024-08-31 03:46:00,delivered
4136,976,2026-07-01 02:59:00,pending
4137,904,2024-06-23 10:05:00,delivered
4138,569,2026-01-26 22:16:00,shipped
4139,145,2025-09-24 04:01:00,processing
4140,267,2024-01-25 02:23:00,processing
4141,781,2025-05-04 08:26:00,shipped
4142,458,2025-10-20 12:36:00,delivered
4143,257,2025-08-03 18:56:00,delivered
4144,884,2026-04-08 13:28:00,processing
4145,55,2024-07-14 01:35:00,processing
4146,903,2024-02-02 04:45:00,delivered
4147,933,2024-07-06 22:32:00,processing
4148,142,2025-03-31 16:28:00,delivered
4149,786,2025-08-14 00:09:00,cancelled
4150,401,2024-10-15 01:33:00,shipped
4151,909,2024-05-23 15:16:00,delivered
4152,927,2024-10-05 14:14:00,delivered
4153,368,2025-01-29 13:19:00,processing
4154,953,2025-03-31 11:29:00,pending
4155,302,2024-06-27 05:39:00,pending
4156,791,2024-10-12 17:44:00,shipped
4157,563,2024-08-25 21:26:00,cancelled
4158,644,2024-12-27 20:20:00,shipped
4159,19,2025-08-10 21:55:00,delivered
4160,118,2024-03-05 01:29:00,delivered
4161,225,2024-04-23 08:27:00,shipped
4162,56,2024-06-23 04:35:00,processing
4163,147,2026-07-27 02:01:00,pending
4164,901,2024-12-25 06:57:00,processing
4165,753,2026-05-24 02:22:00,pending
4166,31,2025-06-25 17:45:00,shipped
4167,510,2026-05-29 13:48:00,shipped
4168,979,2025-06-13 09:24:00,delivered
4169,994,2025-09-17 20:11:00,delivered
4170,451,2026-05-08 07:54:00,delivered
4171,393,2024-02-21 03:39:00,pending
4172,243,2024-01-15 11:31:00,delivered
4173,818,2025-02-23 23:19:00,delivered
4174,153,2025-06-15 07:22:00,delivered
4175,432,2024-06-19 15:26:00,delivered
4176,168,2025-10-12 03:47:00,delivered
4177,846,2026-07-28 21:11:00,shipped
4178,4,2026-11-09 12:54:00,shipped
4179,829,2026-03-04 11:59:00,delivered
4180,410,2024-11-08 04:17:00,cancelled
4181,980,2026-06-24 13:54:00,delivered
4182,523,2025-07-06 19:18:00,delivered
4183,850,2024-06-13 21:10:00,delivered
4184,655,2025-03-01 11:00:00,pending
4185,999,2024-08-10 16:19:00,delivered
4186,495,2025-09-09 04:08:00,processing
4187,885,2025-07-10 06:19:00,pending
4188,744,2026-05-08 23:48:00,shipped
4189,157,2024-08-14 04:05:00,shipped
4190,653,2026-06-05 08:38:00,delivered
4191,365,2024-12-01 11:16:00,delivered
4192,177,2024-02-05 12:42:00,delivered
4193,821,2025-08-02 20:52:00,pending
4194,127,2024-07-26 21:45:00,delivered
4195,793,2025-02-04 17:35:00,pending
4196,151,2026-08-07 07:00:00,delivered
4197,440,2025-04-23 09:14:00,shipped
4198,601,2025-08-11 16:55:00,delivered
4199,826,2025-01-01 23:04:00,delivered
4200,284,2026-05-09 17:01:00,cancelled
4201,415,2025-06-15 00:22:00,delivered
4202,837,2024-07-25 01:11:00,pending
4203,835,2026-01-29 09:12:00,delivered
4204,286,2024-06-17 23:11:00,processing
4205,31,2024-08-30 22:25:00,pending
4206,626,2026-12-17 13:00:00,delivered
4207,246,2026-10-14 04:06:00,delivered
4208,658,2026-10-31 12:03:00,cancelled
4209,208,2024-11-30 01:44:00,processing
4210,609,2026-07-03 17:52:00,delivered
4211,619,2024-04-11 02:05:00,delivered
4212,34,2024-01-28 06:19:00,cancelled
4213,487,2024-08-27 07:06:00,delivered
4214,509,2024-07-21 18:52:00,delivered
4215,668,2026-04-29 01:49:00,delivered
4216,906,2026-03-05 04:48:00,cancelled
4217,364,2024-04-14 23:32:00,shipped
4218,596,2025-08-06 20:29:00,delivered
4219,337,2026-01-16 00:40:00,processing
4220,211,2026-06-15 10:14:00,shipped
4221,170,2024-09-01 00:30:00,cancelled
4222,572,2026-12-18 21:55:00,delivered
4223,536,2024-01-08 15:08:00,delivered
4224,614,2024-04-25 22:14:00,delivered
4225,969,2026-04-30 03:27:00,pending
4226,707,2026-11-14 03:49:00,delivered
4227,1000,2024-11-12 04:57:00,processing
4228,611,2026-02-25 08:30:00,delivered
4229,124,2025-02-09 15:21:00,delivered
4230,42,2026-07-05 13:35:00,delivered
4231,922,2024-01-15 05:51:00,shipped
4232,16,2026-01-20 11:29:00,delivered
4233,513,2024-03-05 00:10:00,delivered
4234,686,2025-08-23 06:51:00,delivered
4235,219,2026-03-20 05:10:00,cancelled
4236,125,2026-03-11 18:02:00,delivered
4237,394,2026-02-22 17:22:00,delivered
4238,266,2026-03-26 21:30:00,pending
4239,821,2026-06-25 21:43:00,shipped
4240,448,2024-08-30 07:36:00,delivered
4241,937,2026-01-16 22:47:00,cancelled
4242,966,2024-10-17 02:20:00,pending
4243,119,2026-04-12 09:52:00,processing
4244,75,2024-01-10 15:59:00,pending
4245,203,2026-01-15 01:52:00,delivered
4246,786,2025-06-12 05:18:00,delivered
4247,720,2024-08-18 19:34:00,delivered
4248,592,2024-10-07 09:34:00,delivered
4249,516,2024-05-15 07:01:00,pending
4250,935,2024-08-07 23:27:00,delivered
4251,829,2024-06-01 00:20:00,delivered
4252,48,2024-10-28 03:23:00,cancelled
4253,387,2026-09-02 23:23:00,delivered
4254,732,2026-03-05 22:18:00,shipped
4255,814,2025-05-16 07:42:00,delivered
4256,630,2025-11-06 07:19:00,delivered
4257,96,2024-01-07 10:01:00,delivered
4258,902,2025-07-19 15:26:00,shipped
4259,160,2026-10-01 16:52:00,delivered
4260,807,2026-05-19 03:20:00,delivered
4261,566,2025-11-21 10:47:00,delivered
4262,885,2024-08-15 04:34:00,delivered
4263,928,2026-07-08 15:21:00,delivered
4264,138,2025-04-24 18:23:00,delivered
4265,510,2026-11-03 03:21:00,shipped
4266,159,2026-02-09 20:02:00,delivered
4267,832,2026-08-03 05:14:00,delivered
4268,20,2024-11-10 09:50:00,shipped
4269,777,2026-01-27 08:27:00,delivered
4270,480,2024-10-16 01:22:00,pending
4271,105,2024-02-25 14:13:00,pending
4272,513,2026-08-07 03:23:00,shipped
4273,270,2026-09-11 17:41:00,delivered
4274,493,2024-05-05 06:06:00,delivered
4275,315,2025-04-12 16:01:00,delivered
4276,910,2026-06-24 09:52:00,pending
4277,309,2026-10-27 10:45:00,delivered
4278,186,2026-02-24 01:10:00,delivered
4279,341,2025-06-15 12:43:00,delivered
4280,152,2026-07-12 05:35:00,delivered
4281,308,2024-04-03 14:26:00,shipped
4282,140,2024-01-22 14:41:00,delivered
4283,700,2025-02-27 04:30:00,cancelled
4284,881,2025-02-26 10:13:00,delivered
4285,991,2026-04-01 15:26:00,delivered
4286,367,2024-09-13 06:57:00,delivered
4287,740,2026-10-29 15:38:00,pending
4288,918,2024-03-02 08:33:00,cancelled
4289,536,2026-03-16 18:43:00,processing
4290,59,2025-11-16 11:49:00,processing
4291,7,2025-12-11 00:43:00,delivered
4292,855,2024-10-23 15:12:00,delivered
4293,761,2024-06-20 10:38:00,delivered
4294,440,2025-06-11 00:20:00,processing
4295,672,2025-10-20 13:28:00,pending
4296,486,2026-10-21 19:56:00,delivered
4297,728,2025-11-25 11:16:00,processing
4298,871,2024-06-06 18:45:00,delivered
4299,248,2026-12-15 08:09:00,delivered
4300,489,2025-03-06 12:47:00,delivered
4301,467,2025-02-26 05:03:00,delivered
4302,180,2024-10-28 15:06:00,processing
4303,77,2026-08-09 11:41:00,delivered
4304,437,2024-09-04 15:06:00,shipped
4305,59,2025-08-26 05:39:00,delivered
4306,381,2024-08-21 09:17:00,delivered
4307,414,2025-04-21 01:23:00,processing
4308,107,2026-05-20 18:00:00,processing
4309,878,2025-01-01 05:01:00,delivered
4310,765,2026-04-26 18:50:00,delivered
4311,98,2025-06-29 05:43:00,shipped
4312,508,2024-06-07 01:27:00,delivered
4313,890,2024-05-26 14:29:00,delivered
4314,778,2024-02-09 06:51:00,cancelled
4315,410,2025-02-01 14:56:00,delivered
4316,910,2025-12-02 21:00:00,cancelled
4317,299,2025-02-10 06:11:00,shipped
4318,470,2025-01-10 08:58:00,shipped
4319,592,2025-04-03 03:55:00,delivered
4320,164,2025-07-24 14:27:00,cancelled
4321,938,2024-01-11 17:14:00,cancelled
4322,34,2026-03-25 10:16:00,pending
4323,903,2025-12-17 19:46:00,delivered
4324,564,2025-10-27 03:44:00,delivered
4325,756,2025-04-05 04:29:00,delivered
4326,777,2026-10-07 05:34:00,delivered
4327,164,2024-08-29 12:14:00,shipped
4328,49,2025-09-03 18:52:00,shipped
4329,129,2026-05-31 22:26:00,delivered
4330,662,2025-11-09 05:29:00,delivered
4331,567,2025-09-14 11:13:00,delivered
4332,272,2026-02-04 00:28:00,delivered
4333,518,2026-06-09 09:52:00,pending
4334,767,2026-10-11 11:48:00,shipped
4335,892,2024-02-14 05:02:00,delivered
4336,682,2024-07-30 18:53:00,delivered
4337,610,2024-04-05 05:11:00,delivered
4338,926,2026-01-30 09:56:00,delivered
4339,635,2024-03-07 08:16:00,delivered
4340,936,2024-03-11 18:14:00,processing
4341,161,2025-12-14 06:15:00,processing
4342,7,2024-12-09 07:22:00,pending
4343,158,2026-02-05 20:51:00,shipped
4344,874,2024-05-01 03:39:00,delivered
4345,232,2025-11-22 09:21:00,delivered
4346,700,2024-03-09 07:54:00,shipped
4347,517,2025-08-06 22:50:00,processing
4348,199,2025-05-17 06:56:00,processing
4349,871,2025-05-19 12:58:00,processing
4350,437,2024-09-27 00:51:00,delivered
4351,356,2025-04-17 03:08:00,delivered
4352,808,2025-07-05 08:05:00,processing
4353,594,2024-04-27 14:49:00,shipped
4354,613,2026-03-15 10:58:00,delivered
4355,616,2024-10-01 01:07:00,processing
4356,991,2026-10-13 12:12:00,pending
4357,471,2025-09-24 18:23:00,shipped
4358,68,2024-01-31 12:11:00,delivered
4359,888,2025-07-03 20:05:00,delivered
4360,924,2026-07-06 10:39:00,cancelled
4361,101,2024-09-28 05:25:00,shipped
4362,720,2025-04-14 03:30:00,shipped
4363,740,2026-03-31 04:27:00,delivered
4364,281,2026-08-27 10:09:00,delivered
4365,521,2026-03-27 08:24:00,processing
4366,928,2024-10-17 22:01:00,delivered
4367,436,2024-09-03 14:51:00,delivered
4368,28,2024-01-10 18:37:00,processing
4369,760,2026-12-27 08:20:00,delivered
4370,277,2024-05-05 06:10:00,delivered
4371,65,2025-12-25 22:14:00,delivered
4372,364,2024-01-21 10:06:00,shipped
4373,738,2024-10-12 03:37:00,delivered
4374,307,2025-05-01 21:53:00,pending
4375,872,2026-06-23 15:58:00,delivered
4376,654,2024-10-13 08:29:00,delivered
4377,130,2026-02-05 22:47:00,shipped
4378,135,2024-11-10 02:32:00,delivered
4379,726,2025-06-04 20:51:00,delivered
4380,718,2024-08-12 18:11:00,delivered
4381,993,2024-01-16 09:49:00,delivered
4382,505,2024-03-25 13:31:00,delivered
4383,850,2025-02-10 06:56:00,processing
4384,175,2026-05-30 11:06:00,shipped
4385,633,2024-04-27 05:21:00,delivered
4386,556,2025-08-16 13:17:00,pending
4387,533,2025-11-14 20:32:00,delivered
4388,368,2026-12-15 16:12:00,delivered
4389,555,2024-12-17 10:44:00,shipped
4390,813,2026-09-05 04:25:00,delivered
4391,19,2026-11-06 08:25:00,delivered
4392,675,2024-12-10 11:19:00,cancelled
4393,883,2025-10-15 23:23:00,pending
4394,600,2026-03-13 05:35:00,processing
4395,188,2025-12-18 00:48:00,processing
4396,188,2025-12-23 23:50:00,delivered
4397,651,2026-04-10 05:48:00,delivered
4398,308,2026-07-04 05:35:00,shipped
4399,604,2025-05-30 05:41:00,pending
4400,872,2024-12-13 05:15:00,cancelled
4401,90,2025-08-11 18:36:00,processing
4402,12,2024-01-28 19:44:00,delivered
4403,404,2024-12-14 22:28:00,pending
4404,420,2026-03-27 00:16:00,cancelled
4405,914,2025-12-02 01:37:00,shipped
4406,199,2025-01-14 02:30:00,delivered
4407,663,2024-03-21 00:45:00,processing
4408,77,2024-04-12 23:48:00,pending
4409,225,2025-05-18 11:48:00,processing
4410,635,2024-12-29 04:10:00,shipped
4411,475,2024-07-10 02:37:00,processing
4412,873,2024-01-12 22:02:00,shipped
4413,22,2026-12-19 04:29:00,delivered
4414,39,2025-10-18 12:17:00,shipped
4415,946,2026-05-06 01:30:00,cancelled
4416,892,2024-09-22 12:18:00,processing
4417,539,2025-12-25 00:00:00,delivered
4418,234,2026-08-06 05:12:00,shipped
4419,93,2026-06-29 13:42:00,processing
4420,229,2024-08-15 06:55:00,delivered
4421,806,2026-04-20 03:00:00,delivered
4422,812,2025-06-14 09:45:00,pending
4423,446,2025-09-05 04:12:00,delivered
4424,399,2025-12-15 08:57:00,delivered
4425,120,2025-02-06 14:11:00,delivered
4426,675,2026-03-06 16:23:00,delivered
4427,431,2024-03-05 13:54:00,delivered
4428,810,2025-05-29 19:18:00,processing
4429,999,2024-04-02 08:56:00,shipped
4430,72,2026-08-27 10:54:00,shipped
4431,524,2026-06-22 00:05:00,delivered
4432,507,2025-01-21 05:19:00,delivered
4433,43,2024-12-11 09:35:00,processing
4434,316,2025-06-30 08:04:00,delivered
4435,173,2025-03-24 08:22:00,shipped
4436,344,2025-02-06 16:52:00,shipped
4437,262,2026-07-07 18:48:00,cancelled
4438,170,2026-01-05 09:49:00,delivered
4439,764,2025-04-06 12:53:00,delivered
4440,429,2024-03-25 08:44:00,delivered
4441,203,2026-11-22 13:46:00,delivered
4442,65,2024-01-25 00:38:00,shipped
4443,513,2025-11-21 20:56:00,shipped
4444,760,2025-07-02 05:05:00,shipped
4445,286,2025-04-25 10:49:00,delivered
4446,17,2024-03-07 18:49:00,processing
4447,547,2024-06-08 08:43:00,shipped
4448,313,2026-09-27 20:40:00,shipped
4449,97,2025-08-24 07:29:00,delivered
4450,929,2026-12-06 08:17:00,processing
4451,53,2026-03-22 23:24:00,pending
4452,771,2026-07-13 20:54:00,shipped
4453,426,2025-06-09 13:54:00,delivered
4454,696,2026-03-05 07:25:00,delivered
4455,829,2024-05-17 11:42:00,shipped
4456,711,2024-06-27 16:23:00,delivered
4457,765,2024-03-09 01:09:00,delivered
4458,947,2024-12-07 18:53:00,processing
4459,796,2026-11-24 09:21:00,pending
4460,466,2026-02-27 00:18:00,cancelled
4461,373,2026-04-23 13:02:00,shipped
4462,38,2025-04-11 22:15:00,shipped
4463,937,2026-05-20 18:32:00,processing
4464,28,2026-03-22 15:41:00,shipped
4465,217,2024-02-15 12:30:00,delivered
4466,909,2024-09-03 17:59:00,processing
4467,753,2025-01-10 13:26:00,delivered
4468,487,2025-07-29 02:39:00,pending
4469,525,2026-07-14 16:41:00,delivered
4470,337,2025-03-22 16:48:00,shipped
4471,613,2024-04-05 12:30:00,delivered
4472,587,2026-04-29 06:19:00,delivered
4473,174,2026-11-20 22:39:00,delivered
4474,516,2026-09-13 12:01:00,delivered
4475,323,2025-10-22 00:54:00,delivered
4476,310,2024-10-09 04:53:00,processing
4477,467,2024-04-30 08:41:00,delivered
4478,433,2024-06-08 17:55:00,shipped
4479,741,2026-06-25 00:26:00,shipped
4480,192,2024-05-05 02:25:00,delivered
4481,592,2024-01-31 15:12:00,cancelled
4482,595,2024-12-29 16:53:00,delivered
4483,690,2024-11-23 15:07:00,delivered
4484,429,2025-10-23 06:49:00,delivered
4485,475,2024-07-04 14:47:00,cancelled
4486,7,2026-12-29 13:52:00,delivered
4487,626,2025-06-21 05:25:00,delivered
4488,162,2024-03-02 06:45:00,delivered
4489,549,2025-04-25 02:43:00,delivered
4490,981,2025-10-31 09:43:00,cancelled
4491,616,2024-02-09 03:18:00,shipped
4492,580,2026-05-07 14:01:00,cancelled
4493,614,2025-01-02 02:39:00,shipped
4494,552,2026-06-18 06:00:00,shipped
4495,622,2026-12-22 05:17:00,processing
4496,935,2026-11-15 23:49:00,shipped
4497,806,2025-05-17 01:44:00,processing
4498,893,2024-06-03 14:46:00,delivered
4499,425,2026-08-23 16:55:00,cancelled
4500,396,2026-02-10 20:17:00,delivered
4501,695,2024-08-21 10:56:00,delivered
4502,594,2024-04-16 03:24:00,delivered
4503,259,2024-10-17 20:32:00,pending
4504,2,2025-02-13 14:49:00,pending
4505,488,2024-04-21 19:09:00,shipped
4506,306,2024-03-28 14:56:00,pending
4507,32,2026-11-16 20:34:00,pending
4508,656,2024-05-14 14:10:00,shipped
4509,542,2024-12-05 19:26:00,delivered
4510,667,2025-08-29 09:53:00,delivered
4511,771,2024-03-02 21:54:00,pending
4512,151,2026-11-23 16:42:00,delivered
4513,348,2025-01-11 20:41:00,delivered
4514,283,2024-06-30 02:26:00,delivered
4515,434,2024-08-18 23:38:00,delivered
4516,395,2024-08-13 05:51:00,delivered
4517,402,2024-09-28 00:35:00,pending
4518,137,2024-02-04 07:39:00,processing
4519,59,2024-12-24 13:12:00,delivered
4520,904,2025-06-25 08:17:00,processing
4521,823,2026-02-20 20:41:00,processing
4522,260,2025-11-15 16:43:00,delivered
4523,497,2024-01-13 02:11:00,pending
4524,765,2025-08-27 21:59:00,delivered
4525,306,2024-11-28 21:56:00,shipped
4526,418,2024-02-08 18:05:00,cancelled
4527,160,2025-04-01 14:23:00,processing
4528,188,2025-06-29 18:28:00,shipped
4529,836,2024-04-30 07:39:00,shipped
4530,780,2026-07-08 00:08:00,cancelled
4531,301,2025-05-11 12:20:00,processing
4532,784,2025-09-23 01:22:00,shipped
4533,716,2026-05-20 08:32:00,delivered
4534,717,2026-12-27 14:50:00,shipped
4535,965,2025-07-24 21:01:00,cancelled
4536,895,2026-03-30 22:17:00,delivered
4537,921,2026-11-10 17:09:00,processing
4538,896,2026-07-14 15:15:00,delivered
4539,284,2026-03-30 13:09:00,cancelled
4540,984,2024-09-17 07:27:00,pending
4541,413,2026-08-07 19:49:00,delivered
4542,542,2026-04-15 09:37:00,pending
4543,382,2025-09-27 18:52:00,delivered
4544,934,2024-12-22 04:47:00,pending
4545,263,2025-01-15 19:33:00,shipped
4546,170,2026-04-21 18:39:00,processing
4547,394,2026-05-03 12:04:00,cancelled
4548,972,2026-04-15 05:12:00,delivered
4549,387,2024-11-12 18:58:00,delivered
4550,811,2025-05-22 06:20:00,delivered
4551,753,2026-09-04 12:35:00,delivered
4552,728,2026-10-11 14:39:00,processing
4553,939,2026-06-07 00:19:00,processing
4554,261,2026-12-11 05:03:00,delivered
4555,888,2025-05-30 19:52:00,processing
4556,336,2025-02-13 19:33:00,delivered
4557,1000,2024-06-22 04:08:00,shipped
4558,31,2024-01-10 02:18:00,shipped
4559,669,2026-08-13 12:09:00,delivered
4560,742,2024-05-17 09:47:00,delivered
4561,233,2024-03-10 09:46:00,cancelled
4562,73,2025-03-21 09:07:00,pending
4563,529,2026-10-12 10:09:00,cancelled
4564,864,2026-08-20 04:02:00,delivered
4565,554,2026-06-09 20:20:00,delivered
4566,393,2025-08-31 05:47:00,delivered
4567,963,2024-10-04 09:58:00,pending
4568,636,2024-11-05 01:33:00,processing
4569,345,2025-04-20 00:36:00,cancelled
4570,437,2026-05-26 19:51:00,processing
4571,966,2025-06-18 17:57:00,delivered
4572,129,2024-03-10 20:54:00,shipped
4573,547,2024-09-26 00:05:00,delivered
4574,374,2025-05-18 20:59:00,pending
4575,631,2026-04-16 13:06:00,cancelled
4576,441,2025-11-13 15:09:00,delivered
4577,668,2025-08-17 00:19:00,processing
4578,962,2025-09-21 15:16:00,processing
4579,168,2025-10-13 07:04:00,delivered
4580,494,2025-10-08 12:06:00,pending
4581,509,2026-09-30 15:12:00,delivered
4582,76,2026-10-13 11:03:00,processing
4583,89,2025-01-02 01:09:00,delivered
4584,854,2024-05-25 18:12:00,delivered
4585,199,2025-03-06 14:02:00,processing
4586,750,2025-01-11 09:54:00,cancelled
4587,282,2026-07-07 09:35:00,delivered
4588,799,2025-07-08 15:27:00,pending
4589,768,2026-12-30 13:55:00,processing
4590,231,2025-10-07 02:59:00,cancelled
4591,6,2026-08-21 13:20:00,pending
4592,776,2024-05-26 15:40:00,pending
4593,941,2026-01-01 02:30:00,delivered
4594,985,2024-12-06 17:37:00,shipped
4595,275,2025-12-21 12:12:00,cancelled
4596,38,2024-05-30 17:50:00,shipped
4597,2,2025-12-06 11:34:00,delivered
4598,747,2024-07-14 10:57:00,delivered
4599,267,2025-07-09 22:51:00,delivered
4600,686,2026-01-19 07:38:00,delivered
4601,944,2026-03-26 01:41:00,delivered
4602,485,2024-01-06 01:18:00,pending
4603,252,2024-01-26 22:19:00,shipped
4604,320,2024-08-28 17:17:00,cancelled
4605,780,2025-05-24 19:59:00,delivered
4606,560,2024-11-02 05:05:00,delivered
4607,25,2025-03-04 18:24:00,shipped
4608,165,2024-03-22 07:32:00,shipped
4609,841,2026-03-28 21:17:00,delivered
4610,711,2024-02-13 21:28:00,delivered
4611,13,2024-11-06 12:20:00,processing
4612,715,2025-11-23 02:57:00,shipped
4613,709,2026-06-14 22:38:00,processing
4614,209,2025-04-29 10:46:00,shipped
4615,205,2024-04-23 06:38:00,cancelled
4616,308,2025-06-23 00:32:00,cancelled
4617,922,2024-04-19 13:31:00,pending
4618,738,2026-09-16 01:38:00,processing
4619,696,2024-08-28 19:44:00,delivered
4620,554,2025-07-31 07:05:00,pending
4621,698,2024-10-24 12:24:00,processing
4622,344,2025-07-18 17:21:00,delivered
4623,352,2024-11-29 12:15:00,processing
4624,123,2024-08-16 19:41:00,shipped
4625,303,2026-07-20 21:43:00,cancelled
4626,151,2024-02-07 10:14:00,delivered
4627,482,2024-01-15 15:30:00,cancelled
4628,373,2025-07-24 09:30:00,delivered
4629,982,2024-04-26 17:43:00,delivered
4630,792,2024-10-08 20:57:00,processing
4631,455,2024-05-10 09:24:00,delivered
4632,843,2025-11-25 23:15:00,delivered
4633,432,2026-09-22 12:26:00,processing
4634,418,2025-01-03 07:20:00,delivered
4635,591,2026-02-08 00:23:00,processing
4636,14,2024-10-09 23:24:00,pending
4637,548,2025-09-08 00:08:00,shipped
4638,833,2026-07-07 00:13:00,cancelled
4639,530,2026-04-01 01:21:00,cancelled
4640,54,2026-03-16 07:02:00,shipped
4641,245,2026-06-07 00:23:00,pending
4642,749,2026-12-23 20:05:00,delivered
4643,440,2025-06-28 00:39:00,delivered
4644,124,2024-01-23 06:37:00,pending
4645,122,2024-12-03 01:51:00,delivered
4646,655,2024-02-29 04:23:00,processing
4647,623,2025-06-21 10:10:00,delivered
4648,786,2026-07-31 11:36:00,delivered
4649,612,2026-01-20 07:54:00,processing
4650,665,2025-01-17 12:02:00,pending
4651,734,2026-12-28 13:02:00,processing
4652,991,2026-08-07 11:58:00,delivered
4653,505,2025-08-27 21:20:00,shipped
4654,280,2024-10-07 01:20:00,shipped
4655,571,2025-07-30 22:18:00,cancelled
4656,231,2026-11-18 02:07:00,delivered
4657,646,2024-09-04 22:35:00,delivered
4658,357,2025-12-18 16:13:00,shipped
4659,860,2025-08-02 10:25:00,cancelled
4660,161,2024-12-09 19:50:00,delivered
4661,153,2024-09-09 15:39:00,delivered
4662,323,2026-04-14 12:00:00,processing
4663,832,2026-04-16 03:51:00,shipped
4664,143,2025-09-26 17:27:00,pending
4665,11,2025-08-29 14:55:00,delivered
4666,776,2026-05-13 12:01:00,processing
4667,362,2024-05-08 11:32:00,shipped
4668,73,2026-02-05 06:43:00,pending
4669,452,2025-04-16 21:46:00,delivered
4670,93,2026-05-16 15:51:00,pending
4671,434,2024-04-20 11:33:00,shipped
4672,64,2026-02-03 04:11:00,shipped
4673,77,2025-03-04 07:37:00,shipped
4674,453,2025-06-27 01:45:00,shipped
4675,271,2026-01-18 06:06:00,delivered
4676,328,2026-08-15 18:03:00,shipped
4677,472,2024-09-09 18:59:00,delivered
4678,777,2026-12-10 20:36:00,delivered
4679,446,2025-09-07 22:25:00,delivered
4680,440,2025-11-07 12:56:00,processing
4681,241,2025-02-02 10:45:00,delivered
4682,271,2026-07-31 12:35:00,cancelled
4683,384,2026-08-17 01:49:00,processing
4684,249,2026-09-06 15:51:00,delivered
4685,556,2025-06-27 07:54:00,pending
4686,658,2024-07-24 18:11:00,processing
4687,618,2026-01-07 13:31:00,processing
4688,195,2024-10-21 22:45:00,delivered
4689,491,2025-03-11 21:08:00,processing
4690,882,2026-04-09 09:16:00,pending
4691,890,2024-09-30 10:15:00,delivered
4692,836,2026-03-19 14:24:00,delivered
4693,608,2025-01-17 08:10:00,shipped
4694,941,2025-04-29 19:59:00,delivered
4695,230,2026-12-31 10:41:00,processing
4696,140,2025-05-03 21:11:00,pending
4697,97,2025-05-29 22:00:00,pending
4698,632,2025-01-21 07:48:00,delivered
4699,529,2025-07-25 09:08:00,processing
4700,305,2026-10-10 21:04:00,delivered
4701,538,2024-11-01 19:00:00,delivered
4702,495,2025-11-09 10:55:00,pending
4703,863,2025-07-04 22:21:00,processing
4704,399,2024-04-27 14:20:00,shipped
4705,707,2024-05-22 06:35:00,cancelled
4706,128,2024-03-01 00:45:00,delivered
4707,808,2025-08-05 07:13:00,delivered
4708,189,2026-06-04 20:46:00,delivered
4709,936,2024-09-19 15:28:00,delivered
4710,224,2025-02-21 02:26:00,delivered
4711,519,2024-03-10 12:25:00,cancelled
4712,748,2026-09-06 00:59:00,delivered
4713,4,2025-02-28 17:23:00,pending
4714,388,2024-03-11 10:39:00,shipped
4715,639,2026-10-28 09:08:00,delivered
4716,87,2024-03-17 20:30:00,delivered
4717,305,2024-04-19 04:57:00,delivered
4718,19,2026-06-08 15:50:00,delivered
4719,519,2024-12-08 13:29:00,shipped
4720,381,2024-01-05 13:53:00,processing
4721,863,2024-03-22 07:45:00,shipped
4722,825,2026-11-07 21:22:00,delivered
4723,813,2026-04-06 08:26:00,delivered
4724,290,2026-07-06 08:20:00,delivered
4725,662,2025-03-03 03:33:00,cancelled
4726,602,2026-09-19 23:36:00,delivered
4727,726,2025-07-22 19:50:00,pending
4728,614,2026-11-02 13:02:00,delivered
4729,636,2025-10-07 10:00:00,delivered
4730,612,2025-03-01 04:52:00,shipped
4731,894,2026-06-12 09:13:00,processing
4732,764,2025-03-31 18:16:00,delivered
4733,104,2024-09-24 03:10:00,delivered
4734,600,2026-12-28 20:04:00,delivered
4735,933,2024-08-01 10:39:00,shipped
4736,956,2025-11-26 07:16:00,pending
4737,717,2024-05-29 05:43:00,delivered
4738,760,2024-11-30 04:58:00,processing
4739,606,2026-12-23 22:58:00,shipped
4740,510,2025-09-06 05:52:00,delivered
4741,653,2024-11-26 10:25:00,delivered
4742,765,2026-10-29 22:31:00,pending
4743,526,2026-10-23 16:09:00,cancelled
4744,132,2025-02-23 14:33:00,delivered
4745,665,2026-09-16 01:21:00,delivered
4746,996,2025-08-17 02:24:00,delivered
4747,394,2024-06-06 23:12:00,delivered
4748,262,2026-01-27 12:19:00,delivered
4749,589,2025-07-09 12:01:00,delivered
4750,333,2026-11-21 13:43:00,shipped
4751,276,2026-03-03 06:56:00,delivered
4752,248,2024-01-08 19:54:00,cancelled
4753,158,2025-02-16 12:51:00,processing
4754,860,2024-05-01 18:56:00,processing
4755,86,2026-02-25 12:08:00,pending
4756,429,2025-10-22 11:57:00,shipped
4757,461,2026-11-03 13:17:00,shipped
4758,682,2026-12-06 12:20:00,shipped
4759,777,2026-01-04 15:22:00,pending
4760,990,2024-12-18 08:30:00,shipped
4761,6,2024-01-15 01:24:00,delivered
4762,346,2026-12-03 13:51:00,delivered
4763,136,2025-08-19 21:03:00,shipped
4764,425,2026-02-22 11:16:00,shipped
4765,158,2024-12-24 08:55:00,shipped
4766,71,2026-11-15 18:39:00,delivered
4767,304,2024-01-11 04:51:00,delivered
4768,207,2025-02-16 16:26:00,cancelled
4769,437,2024-02-04 16:49:00,processing
4770,326,2026-08-20 01:46:00,pending
4771,21,2025-05-17 13:12:00,pending
4772,638,2025-09-02 08:09:00,cancelled
4773,525,2026-04-22 01:11:00,pending
4774,711,2025-11-12 23:03:00,delivered
4775,754,2026-12-31 07:01:00,cancelled
4776,796,2025-07-23 23:04:00,processing
4777,685,2024-01-25 18:49:00,shipped
4778,68,2026-09-01 19:31:00,delivered
4779,942,2026-09-24 04:53:00,shipped
4780,157,2025-07-04 03:13:00,shipped
4781,625,2025-07-07 16:00:00,shipped
4782,937,2024-03-27 14:13:00,shipped
4783,789,2026-02-12 22:31:00,shipped
4784,522,2024-01-30 18:20:00,delivered
4785,655,2025-04-01 18:16:00,delivered
4786,910,2025-11-20 18:53:00,delivered
4787,562,2024-04-02 04:42:00,cancelled
4788,2,2024-12-11 22:39:00,shipped
4789,151,2024-03-31 07:05:00,shipped
4790,544,2024-10-13 10:33:00,shipped
4791,862,2024-02-05 14:12:00,delivered
4792,158,2024-03-24 07:06:00,delivered
4793,451,2026-07-30 15:18:00,delivered
4794,472,2026-01-12 19:23:00,cancelled
4795,117,2025-09-24 02:32:00,delivered
4796,756,2025-07-01 21:33:00,delivered
4797,207,2024-01-08 16:33:00,delivered
4798,133,2025-10-17 20:33:00,delivered
4799,714,2026-11-19 08:06:00,delivered
4800,163,2025-05-16 20:49:00,processing
4801,995,2026-05-29 00:47:00,delivered
4802,740,2026-02-10 22:39:00,delivered
4803,170,2026-07-29 13:53:00,delivered
4804,951,2026-11-23 06:06:00,delivered
4805,455,2025-01-29 22:00:00,shipped
4806,187,2025-03-13 21:41:00,cancelled
4807,89,2026-01-30 02:51:00,delivered
4808,915,2024-07-03 14:34:00,delivered
4809,302,2024-10-27 12:52:00,shipped
4810,349,2025-10-01 13:39:00,delivered
4811,857,2024-02-17 13:59:00,processing
4812,137,2026-07-31 23:09:00,processing
4813,486,2024-08-31 14:39:00,delivered
4814,594,2024-02-25 04:56:00,processing
4815,483,2024-04-25 01:45:00,delivered
4816,782,2026-05-27 10:52:00,shipped
4817,819,2026-07-06 01:42:00,delivered
4818,288,2026-08-12 14:37:00,shipped
4819,266,2024-05-24 20:50:00,shipped
4820,509,2025-10-04 10:12:00,delivered
4821,80,2024-03-22 14:47:00,processing
4822,527,2024-05-15 11:37:00,pending
4823,506,2024-04-28 17:37:00,shipped
4824,523,2026-03-10 05:25:00,delivered
4825,216,2026-11-01 08:35:00,delivered
4826,421,2025-02-24 16:01:00,delivered
4827,983,2024-02-04 21:30:00,shipped
4828,155,2025-05-02 18:25:00,delivered
4829,185,2024-08-22 20:50:00,delivered
4830,29,2025-11-14 23:05:00,delivered
4831,827,2024-07-23 04:59:00,delivered
4832,809,2026-12-07 20:24:00,delivered
4833,803,2024-07-20 16:49:00,processing
4834,828,2024-02-24 20:52:00,delivered
4835,938,2026-04-02 12:45:00,delivered
4836,989,2024-03-16 03:03:00,delivered
4837,136,2025-03-25 15:49:00,processing
4838,569,2024-10-21 12:35:00,delivered
4839,237,2025-04-03 08:57:00,delivered
4840,679,2026-06-13 21:19:00,delivered
4841,466,2024-04-04 07:45:00,shipped
4842,431,2026-10-02 10:29:00,delivered
4843,424,2026-11-28 23:55:00,processing
4844,998,2025-01-26 10:22:00,delivered
4845,14,2026-09-24 14:15:00,delivered
4846,785,2024-12-15 21:57:00,delivered
4847,103,2025-10-23 10:21:00,delivered
4848,698,2025-10-13 14:43:00,cancelled
4849,367,2024-09-17 20:05:00,delivered
4850,633,2025-03-31 16:17:00,delivered
4851,287,2025-06-23 01:19:00,shipped
4852,522,2025-03-04 03:04:00,shipped
4853,316,2026-09-16 01:41:00,cancelled
4854,105,2024-11-08 07:41:00,delivered
4855,872,2024-04-10 06:25:00,delivered
4856,455,2024-08-21 10:40:00,delivered
4857,839,2026-12-29 19:04:00,delivered
4858,597,2026-06-15 14:39:00,shipped
4859,55,2024-10-18 07:40:00,cancelled
4860,824,2025-06-30 11:27:00,delivered
4861,270,2026-04-23 15:36:00,delivered
4862,26,2025-04-19 13:46:00,delivered
4863,977,2025-09-02 00:04:00,shipped
4864,961,2024-10-02 19:20:00,delivered
4865,777,2026-10-18 16:42:00,processing
4866,122,2025-12-28 18:31:00,shipped
4867,724,2024-11-24 19:58:00,delivered
4868,151,2026-06-18 07:06:00,delivered
4869,985,2025-03-02 22:02:00,processing
4870,850,2024-06-30 10:35:00,shipped
4871,723,2025-09-15 20:10:00,cancelled
4872,233,2025-04-09 05:19:00,pending
4873,876,2026-02-02 02:35:00,shipped
4874,757,2025-06-04 17:15:00,delivered
4875,817,2026-03-07 00:29:00,cancelled
4876,308,2025-08-20 12:54:00,delivered
4877,261,2026-03-07 05:46:00,processing
4878,761,2025-12-31 17:18:00,delivered
4879,944,2026-09-24 08:47:00,cancelled
4880,952,2024-08-23 13:04:00,shipped
4881,345,2024-01-27 05:57:00,processing
4882,526,2024-07-11 12:36:00,delivered
4883,662,2025-08-10 03:14:00,delivered
4884,308,2025-07-14 21:30:00,shipped
4885,911,2024-04-29 22:37:00,shipped
4886,576,2025-02-20 22:31:00,delivered
4887,295,2024-02-22 23:08:00,delivered
4888,737,2024-09-13 17:25:00,shipped
4889,653,2025-05-09 06:49:00,cancelled
4890,832,2024-11-06 13:54:00,delivered
4891,993,2024-03-01 18:46:00,delivered
4892,394,2025-01-18 03:35:00,delivered
4893,426,2026-02-11 14:29:00,processing
4894,765,2026-02-12 13:26:00,shipped
4895,80,2024-01-04 04:20:00,delivered
4896,938,2025-05-07 08:11:00,delivered
4897,944,2024-03-06 04:50:00,delivered
4898,132,2024-09-30 21:44:00,cancelled
4899,276,2024-03-22 02:57:00,cancelled
4900,743,2026-06-15 13:35:00,processing
4901,432,2026-09-26 11:39:00,delivered
4902,97,2026-08-29 14:39:00,pending
4903,154,2025-09-15 08:52:00,shipped
4904,281,2025-08-24 00:39:00,processing
4905,252,2025-12-18 02:29:00,shipped
4906,405,2026-01-08 13:56:00,shipped
4907,890,2026-02-10 01:07:00,delivered
4908,253,2026-09-29 04:24:00,processing
4909,582,2025-12-31 23:57:00,delivered
4910,916,2025-11-16 11:37:00,delivered
4911,655,2025-01-09 15:43:00,shipped
4912,872,2025-06-22 02:19:00,delivered
4913,27,2025-03-19 17:20:00,pending
4914,184,2025-11-16 10:04:00,delivered
4915,214,2025-07-09 09:59:00,delivered
4916,897,2026-03-28 15:09:00,processing
4917,933,2025-04-13 18:00:00,shipped
4918,774,2025-05-08 07:04:00,shipped
4919,370,2025-07-19 12:46:00,delivered
4920,86,2026-02-04 21:30:00,shipped
4921,850,2025-02-09 04:22:00,pending
4922,267,2026-07-26 16:33:00,delivered
4923,844,2025-10-10 06:04:00,processing
4924,705,2024-01-17 09:00:00,delivered
4925,293,2025-05-14 14:31:00,delivered
4926,436,2024-07-13 16:12:00,pending
4927,542,2026-02-04 16:03:00,pending
4928,741,2026-09-10 07:05:00,shipped
4929,597,2024-06-21 10:05:00,cancelled
4930,257,2025-04-13 13:30:00,delivered
4931,175,2024-07-31 00:31:00,delivered
4932,80,2026-07-23 03:02:00,delivered
4933,416,2026-12-10 10:27:00,shipped
4934,339,2026-07-19 01:26:00,delivered
4935,668,2024-01-05 04:55:00,shipped
4936,593,2025-02-09 07:59:00,delivered
4937,74,2026-02-01 08:11:00,delivered
4938,201,2024-01-26 12:02:00,pending
4939,200,2024-04-21 05:32:00,shipped
4940,344,2025-11-17 22:01:00,delivered
4941,938,2024-10-09 05:18:00,delivered
4942,99,2025-08-15 04:01:00,shipped
4943,492,2024-03-16 03:20:00,pending
4944,328,2024-10-17 00:06:00,cancelled
4945,412,2026-05-19 07:13:00,delivered
4946,532,2024-10-15 04:08:00,delivered
4947,285,2024-03-17 01:20:00,processing
4948,602,2024-09-24 05:42:00,processing
4949,382,2026-02-12 04:41:00,pending
4950,984,2024-04-04 02:07:00,delivered
4951,263,2026-12-30 09:13:00,processing
4952,104,2025-01-29 07:41:00,processing
4953,186,2026-11-24 12:07:00,delivered
4954,163,2025-05-13 23:38:00,shipped
4955,853,2026-04-23 21:18:00,shipped
4956,222,2025-09-15 05:32:00,shipped
4957,792,2025-09-02 19:28:00,shipped
4958,6,2024-12-20 08:37:00,delivered
4959,440,2025-01-30 08:11:00,delivered
4960,748,2025-12-31 07:27:00,delivered
4961,652,2026-08-27 20:57:00,delivered
4962,249,2025-07-20 21:36:00,delivered
4963,641,2026-01-08 05:39:00,delivered
4964,238,2025-12-30 12:53:00,delivered
4965,343,2024-12-29 12:25:00,shipped
4966,341,2024-05-15 08:31:00,delivered
4967,400,2024-11-18 11:50:00,processing
4968,655,2026-11-12 01:39:00,cancelled
4969,427,2025-09-06 03:17:00,delivered
4970,379,2025-03-24 07:25:00,delivered
4971,715,2026-01-29 05:18:00,delivered
4972,797,2025-07-08 12:27:00,delivered
4973,683,2025-04-22 10:13:00,delivered
4974,716,2026-04-15 04:48:00,delivered
4975,785,2025-11-25 23:15:00,processing
4976,208,2026-03-06 15:59:00,delivered
4977,305,2024-07-30 10:30:00,pending
4978,657,2026-07-26 20:44:00,cancelled
4979,974,2025-02-06 23:40:00,delivered
4980,230,2025-10-25 08:13:00,cancelled
4981,294,2026-04-21 17:21:00,delivered
4982,440,2025-05-19 21:36:00,pending
4983,804,2024-07-26 12:46:00,delivered
4984,304,2026-08-21 18:40:00,processing
4985,624,2024-06-07 13:06:00,shipped
4986,230,2026-10-21 02:06:00,shipped
4987,801,2026-11-21 20:12:00,delivered
4988,91,2024-02-29 07:01:00,delivered
4989,214,2026-08-28 04:24:00,pending
4990,708,2024-12-06 00:06:00,shipped
4991,629,2026-05-17 15:35:00,cancelled
4992,20,2024-10-13 12:46:00,shipped
4993,213,2024-08-29 04:07:00,cancelled
4994,408,2025-02-06 18:49:00,shipped
4995,792,2026-06-24 12:11:00,shipped
4996,285,2024-10-22 23:37:00,cancelled
4997,649,2024-12-02 12:53:00,delivered
4998,353,2026-04-10 06:58:00,delivered
4999,613,2024-08-10 14:08:00,delivered
5000,600,2025-09-07 00:13:00,shipped
5001,587,2025-06-21 16:54:00,delivered
5002,684,2024-08-12 05:41:00,shipped
5003,933,2026-02-23 22:18:00,delivered
5004,91,2026-04-19 14:43:00,pending
5005,699,2025-04-04 06:21:00,processing
5006,114,2024-03-08 03:24:00,processing
5007,359,2024-02-26 03:25:00,delivered
5008,253,2025-07-11 23:37:00,pending
5009,773,2024-06-15 06:14:00,processing
5010,996,2025-07-10 06:30:00,cancelled
5011,430,2026-09-14 21:51:00,processing
5012,703,2025-07-14 17:50:00,processing
5013,47,2025-06-27 02:46:00,pending
5014,73,2026-06-08 15:38:00,processing
5015,76,2025-05-29 17:05:00,processing
5016,11,2025-08-02 18:41:00,delivered
5017,679,2024-06-19 00:03:00,delivered
5018,672,2024-11-26 01:09:00,delivered
5019,851,2026-05-04 13:59:00,processing
5020,938,2024-03-08 23:04:00,delivered
5021,617,2024-03-22 07:18:00,processing
5022,978,2025-02-14 08:32:00,delivered
5023,957,2025-11-05 09:35:00,shipped
5024,160,2024-05-02 06:20:00,processing
5025,436,2024-05-05 22:30:00,delivered
5026,688,2024-07-15 15:53:00,cancelled
5027,606,2024-07-23 06:58:00,delivered
5028,61,2024-06-12 10:50:00,delivered
5029,876,2024-06-25 15:07:00,processing
5030,139,2024-07-19 18:43:00,shipped
5031,868,2024-02-03 04:19:00,cancelled
5032,686,2024-01-09 05:59:00,delivered
5033,823,2024-06-29 09:05:00,processing
5034,861,2026-12-28 14:54:00,delivered
5035,325,2024-10-06 15:59:00,delivered
5036,792,2025-03-12 13:30:00,delivered
5037,378,2026-10-02 12:18:00,delivered
5038,193,2024-05-26 07:35:00,delivered
5039,82,2024-03-17 20:31:00,shipped
5040,994,2024-08-15 21:24:00,processing
5041,592,2025-08-09 05:15:00,delivered
5042,122,2025-12-14 09:56:00,pending
5043,728,2025-05-01 02:58:00,shipped
5044,340,2024-04-15 13:38:00,delivered
5045,989,2025-01-14 12:04:00,shipped
5046,260,2025-12-06 10:10:00,cancelled
5047,180,2026-10-14 23:19:00,delivered
5048,3,2024-10-11 20:23:00,shipped
5049,738,2024-05-13 22:29:00,delivered
5050,612,2025-07-19 16:33:00,cancelled
5051,368,2026-05-22 12:38:00,shipped
5052,584,2025-03-28 01:01:00,shipped
5053,606,2025-11-28 13:28:00,shipped
5054,680,2026-04-03 06:23:00,shipped
5055,517,2025-08-29 04:54:00,cancelled
5056,460,2024-06-25 14:09:00,shipped
5057,137,2026-01-10 12:23:00,pending
5058,392,2024-01-17 15:01:00,delivered
5059,85,2025-08-25 20:58:00,shipped
5060,859,2025-03-31 00:52:00,shipped
5061,664,2026-05-12 05:16:00,pending
5062,718,2026-11-14 14:49:00,delivered
5063,898,2024-01-11 00:40:00,cancelled
5064,422,2026-04-17 17:38:00,pending
5065,279,2024-07-24 15:08:00,delivered
5066,8,2026-08-24 13:10:00,processing
5067,738,2024-08-15 03:22:00,delivered
5068,676,2024-11-26 04:14:00,processing
5069,152,2025-01-05 05:35:00,processing
5070,14,2025-07-22 15:20:00,delivered
5071,539,2025-01-29 11:38:00,delivered
5072,305,2024-03-06 00:17:00,pending
5073,744,2025-07-02 14:38:00,delivered
5074,234,2026-02-02 03:45:00,processing
5075,253,2025-12-11 21:01:00,delivered
5076,969,2025-10-05 06:20:00,cancelled
5077,967,2026-06-26 04:10:00,delivered
5078,544,2024-09-25 00:50:00,cancelled
5079,297,2024-08-28 20:44:00,cancelled
5080,369,2026-09-29 17:02:00,delivered
5081,476,2026-12-09 07:01:00,processing
5082,554,2024-02-05 02:01:00,delivered
5083,105,2025-08-12 22:21:00,processing
5084,80,2025-11-12 04:50:00,delivered
5085,780,2024-07-14 20:16:00,shipped
5086,570,2026-04-19 14:18:00,delivered
5087,644,2024-09-20 17:02:00,processing
5088,657,2026-11-10 21:35:00,cancelled
5089,229,2024-02-16 12:14:00,delivered
5090,510,2024-02-21 21:14:00,delivered
5091,600,2024-08-24 21:09:00,pending
5092,844,2026-06-29 08:59:00,cancelled
5093,246,2026-04-04 19:36:00,pending
5094,834,2025-11-10 17:20:00,cancelled
5095,937,2026-10-06 11:37:00,delivered
5096,715,2024-02-12 17:48:00,shipped
5097,590,2024-01-02 13:38:00,cancelled
5098,581,2024-04-10 22:19:00,shipped
5099,157,2026-11-30 19:51:00,delivered
5100,16,2026-02-11 02:46:00,pending
5101,340,2026-05-10 14:15:00,processing
5102,775,2025-07-13 11:28:00,delivered
5103,85,2026-03-28 10:09:00,shipped
5104,96,2025-04-01 13:42:00,delivered
5105,307,2024-04-29 04:22:00,processing
5106,21,2026-11-14 08:12:00,delivered
5107,409,2024-11-25 20:39:00,delivered
5108,303,2025-07-05 09:29:00,delivered
5109,511,2025-01-04 10:51:00,delivered
5110,10,2026-12-24 09:43:00,processing
5111,762,2024-10-15 08:11:00,processing
5112,525,2024-01-10 01:17:00,pending
5113,727,2024-09-15 09:07:00,delivered
5114,351,2025-05-20 12:38:00,processing
5115,548,2025-11-23 10:29:00,shipped
5116,980,2024-02-28 12:11:00,delivered
5117,577,2026-02-14 00:10:00,shipped
5118,378,2026-07-15 01:15:00,cancelled
5119,219,2025-03-29 21:09:00,delivered
5120,347,2025-08-19 11:11:00,cancelled
5121,869,2024-06-18 10:40:00,delivered
5122,830,2024-10-12 16:24:00,processing
5123,287,2024-02-11 04:38:00,shipped
5124,189,2024-07-04 14:10:00,pending
5125,303,2024-11-17 19:08:00,delivered
5126,28,2025-09-10 02:26:00,delivered
5127,950,2024-12-28 03:22:00,delivered
5128,605,2024-12-26 12:24:00,delivered
5129,487,2024-01-11 12:14:00,cancelled
5130,840,2025-12-27 01:13:00,processing
5131,237,2024-11-17 16:02:00,shipped
5132,799,2026-01-03 00:11:00,processing
5133,429,2024-07-14 21:37:00,pending
5134,591,2025-05-05 20:15:00,processing
5135,634,2025-04-07 15:38:00,delivered
5136,619,2024-05-06 00:03:00,delivered
5137,189,2025-11-30 13:06:00,shipped
5138,189,2025-11-28 12:45:00,delivered
5139,288,2026-10-05 02:32:00,delivered
5140,363,2025-09-25 00:46:00,shipped
5141,637,2024-10-19 07:00:00,shipped
5142,799,2025-12-05 23:51:00,cancelled
5143,140,2025-04-24 02:24:00,delivered
5144,480,2026-08-11 17:49:00,pending
5145,340,2026-02-10 09:28:00,delivered
5146,858,2025-05-16 14:00:00,delivered
5147,122,2025-08-28 11:12:00,delivered
5148,717,2024-08-01 02:42:00,delivered
5149,511,2026-05-26 13:45:00,shipped
5150,60,2025-12-06 05:42:00,delivered
5151,918,2026-05-06 02:08:00,pending
5152,590,2024-11-23 17:05:00,delivered
5153,664,2025-10-19 15:35:00,pending
5154,679,2024-05-31 23:39:00,pending
5155,136,2025-05-18 02:43:00,processing
5156,490,2026-06-23 00:24:00,delivered
5157,490,2026-05-25 06:21:00,processing
5158,155,2025-02-10 21:31:00,processing
5159,365,2024-11-14 02:55:00,processing
5160,839,2026-11-24 23:18:00,delivered
5161,377,2026-04-28 07:58:00,delivered
5162,86,2025-08-08 04:38:00,shipped
5163,23,2024-03-23 00:47:00,processing
5164,851,2025-11-20 07:36:00,delivered
5165,579,2024-10-31 07:44:00,delivered
5166,213,2024-10-20 08:27:00,shipped
5167,675,2026-10-25 12:24:00,delivered
5168,130,2026-09-07 17:45:00,shipped
5169,503,2025-02-17 21:31:00,shipped
5170,584,2024-05-26 10:57:00,processing
5171,537,2024-10-12 01:06:00,pending
5172,282,2024-03-03 12:51:00,shipped
5173,718,2026-05-26 12:18:00,processing
5174,456,2025-03-27 11:04:00,delivered
5175,500,2025-01-09 08:20:00,cancelled
5176,226,2025-05-24 15:53:00,shipped
5177,402,2025-10-05 12:39:00,delivered
5178,421,2025-06-16 16:28:00,delivered
5179,603,2026-05-22 05:10:00,shipped
5180,822,2025-08-12 22:23:00,delivered
5181,23,2025-09-20 13:40:00,processing
5182,6,2026-04-26 18:08:00,cancelled
5183,429,2025-10-31 12:34:00,cancelled
5184,880,2024-08-12 04:52:00,delivered
5185,888,2026-05-13 04:48:00,shipped
5186,428,2026-10-05 05:38:00,cancelled
5187,758,2025-10-16 22:01:00,delivered
5188,599,2025-03-17 08:43:00,delivered
5189,888,2024-10-10 02:08:00,delivered
5190,309,2026-06-14 21:23:00,cancelled
5191,191,2024-10-28 06:18:00,delivered
5192,473,2024-01-13 09:58:00,shipped
5193,505,2026-08-07 04:23:00,processing
5194,533,2025-08-19 22:41:00,pending
5195,25,2025-02-20 07:41:00,delivered
5196,138,2024-07-10 09:28:00,delivered
5197,862,2024-10-21 07:12:00,shipped
5198,749,2024-11-15 22:03:00,cancelled
5199,716,2025-07-06 10:04:00,delivered
5200,405,2026-09-26 12:49:00,delivered
5201,13,2026-03-20 06:26:00,delivered
5202,688,2024-10-14 16:27:00,processing
5203,116,2024-05-17 04:56:00,delivered
5204,156,2024-02-25 01:57:00,delivered
5205,693,2026-11-26 09:32:00,cancelled
5206,130,2026-03-05 08:49:00,cancelled
5207,557,2025-02-20 06:48:00,processing
5208,870,2026-07-13 21:36:00,shipped
5209,970,2026-11-09 05:44:00,delivered
5210,416,2026-10-18 23:47:00,delivered
5211,715,2025-02-27 12:00:00,delivered
5212,656,2025-06-02 19:58:00,shipped
5213,446,2024-09-29 00:35:00,cancelled
5214,940,2026-05-08 08:36:00,delivered
5215,54,2024-08-20 06:09:00,shipped
5216,379,2024-07-10 18:59:00,processing
5217,52,2024-01-02 02:06:00,delivered
5218,299,2026-03-12 03:30:00,shipped
5219,922,2026-12-22 22:44:00,delivered
5220,658,2024-05-02 17:56:00,pending
5221,975,2026-12-08 23:32:00,delivered
5222,776,2024-03-14 09:16:00,delivered
5223,63,2025-07-31 01:17:00,processing
5224,357,2026-04-10 12:57:00,delivered
5225,78,2025-03-13 10:12:00,delivered
5226,671,2024-07-30 08:32:00,delivered
5227,489,2025-09-27 14:20:00,shipped
5228,52,2025-02-07 01:39:00,delivered
5229,106,2026-04-05 16:59:00,shipped
5230,289,2026-07-05 03:31:00,delivered
5231,462,2025-06-21 01:05:00,cancelled
5232,623,2024-03-17 04:56:00,delivered
5233,934,2024-07-29 12:57:00,delivered
5234,711,2025-02-22 15:44:00,processing
5235,96,2024-08-06 11:33:00,cancelled
5236,435,2026-11-25 13:07:00,pending
5237,585,2026-08-20 12:28:00,shipped
5238,754,2026-12-03 06:42:00,processing
5239,424,2024-05-14 15:55:00,pending
5240,329,2024-02-27 10:34:00,processing
5241,195,2025-06-07 11:41:00,delivered
5242,603,2025-12-13 13:20:00,shipped
5243,154,2026-01-26 07:23:00,cancelled
5244,254,2026-11-08 05:18:00,processing
5245,410,2024-10-17 03:29:00,cancelled
5246,718,2026-09-14 10:35:00,pending
5247,698,2025-11-07 17:52:00,shipped
5248,436,2026-05-26 17:31:00,delivered
5249,214,2024-01-09 06:00:00,processing
5250,528,2025-11-29 06:10:00,cancelled
5251,474,2025-01-01 15:48:00,shipped
5252,607,2025-03-30 08:20:00,pending
5253,380,2024-05-05 05:20:00,processing
5254,531,2026-01-29 09:27:00,processing
5255,245,2024-01-10 17:29:00,delivered
5256,964,2024-01-16 17:58:00,delivered
5257,484,2024-09-13 23:53:00,pending
5258,468,2025-04-03 17:55:00,delivered
5259,171,2026-09-17 15:30:00,delivered
5260,765,2024-08-25 03:56:00,delivered
5261,300,2024-10-14 10:08:00,delivered
5262,493,2026-10-29 12:12:00,pending
5263,618,2024-05-05 00:28:00,cancelled
5264,150,2024-05-29 01:52:00,processing
5265,879,2025-07-24 04:12:00,shipped
5266,298,2026-09-28 06:56:00,delivered
5267,54,2025-12-15 23:42:00,delivered
5268,842,2026-07-04 15:06:00,delivered
5269,855,2026-05-24 03:43:00,delivered
5270,647,2026-08-30 03:24:00,shipped
5271,625,2026-06-08 11:49:00,shipped
5272,789,2026-07-21 13:18:00,pending
5273,625,2026-02-12 16:54:00,processing
5274,295,2025-06-28 00:01:00,delivered
5275,376,2024-11-07 05:59:00,delivered
5276,289,2024-10-10 21:24:00,delivered
5277,374,2025-02-05 14:39:00,processing
5278,712,2025-01-08 04:53:00,pending
5279,78,2025-06-13 07:39:00,delivered
5280,470,2024-02-13 11:44:00,shipped
5281,688,2025-05-13 13:03:00,delivered
5282,343,2026-10-06 20:37:00,processing
5283,930,2025-11-04 01:47:00,delivered
5284,45,2024-05-21 12:45:00,delivered
5285,156,2026-05-08 00:01:00,delivered
5286,138,2026-04-01 11:35:00,delivered
5287,214,2025-06-19 14:58:00,shipped
5288,467,2025-02-20 07:20:00,shipped
5289,513,2025-02-27 11:31:00,delivered
5290,615,2025-01-17 03:18:00,delivered
5291,484,2024-07-05 08:24:00,processing
5292,918,2026-10-31 13:40:00,shipped
5293,291,2025-05-06 04:01:00,delivered
5294,94,2026-10-10 22:08:00,delivered
5295,418,2026-05-16 11:09:00,delivered
5296,146,2025-09-27 12:34:00,shipped
5297,879,2024-12-06 23:31:00,delivered
5298,298,2024-01-06 01:51:00,pending
5299,902,2024-10-16 00:34:00,shipped
5300,51,2024-06-25 09:42:00,delivered
5301,809,2024-02-05 10:05:00,delivered
5302,573,2025-11-23 08:13:00,delivered
5303,508,2024-08-22 12:41:00,processing
5304,59,2025-02-09 07:20:00,delivered
5305,866,2025-03-20 12:38:00,delivered
5306,853,2025-02-15 00:05:00,cancelled
5307,59,2024-03-18 18:03:00,delivered
5308,610,2025-04-25 02:35:00,shipped
5309,117,2024-01-08 09:54:00,delivered
5310,991,2024-04-01 05:33:00,delivered
5311,972,2025-04-17 10:44:00,cancelled
5312,67,2025-11-17 17:56:00,cancelled
5313,775,2025-01-03 19:43:00,pending
5314,758,2025-04-16 01:59:00,shipped
5315,226,2026-06-27 13:27:00,pending
5316,789,2026-05-05 12:10:00,delivered
5317,659,2024-02-20 16:50:00,delivered
5318,144,2024-10-07 21:40:00,shipped
5319,69,2025-12-15 18:19:00,delivered
5320,916,2025-06-09 14:54:00,pending
5321,356,2025-03-27 02:53:00,delivered
5322,91,2024-03-15 11:43:00,delivered
5323,218,2025-05-15 00:55:00,delivered
5324,510,2025-02-19 19:28:00,delivered
5325,298,2024-10-12 03:35:00,delivered
5326,128,2025-09-23 04:42:00,shipped
5327,239,2026-08-29 13:46:00,delivered
5328,664,2024-02-28 23:06:00,shipped
5329,498,2026-05-24 15:44:00,delivered
5330,522,2026-10-11 15:25:00,delivered
5331,129,2026-12-23 17:51:00,cancelled
5332,419,2025-04-28 13:34:00,delivered
5333,681,2026-01-02 00:05:00,delivered
5334,407,2024-11-26 14:59:00,shipped
5335,607,2024-11-21 05:27:00,shipped
5336,455,2026-11-20 22:32:00,pending
5337,717,2025-02-02 14:41:00,shipped
5338,973,2026-03-20 10:10:00,processing
5339,939,2024-01-02 14:18:00,delivered
5340,248,2025-10-13 18:34:00,processing
5341,332,2025-11-30 19:30:00,delivered
5342,156,2026-06-07 10:38:00,delivered
5343,390,2025-08-29 00:35:00,delivered
5344,935,2026-01-26 23:34:00,pending
5345,31,2024-05-28 22:59:00,shipped
5346,792,2026-06-21 03:57:00,cancelled
5347,397,2025-11-06 15:35:00,delivered
5348,586,2024-05-23 04:37:00,cancelled
5349,884,2025-12-22 12:22:00,delivered
5350,548,2026-12-27 14:05:00,delivered
5351,862,2025-09-23 16:27:00,pending
5352,894,2026-01-09 01:00:00,delivered
5353,189,2025-06-20 08:38:00,delivered
5354,186,2026-12-06 14:35:00,delivered
5355,504,2025-12-16 20:29:00,cancelled
5356,642,2025-04-22 20:01:00,delivered
5357,604,2025-02-05 00:07:00,processing
5358,899,2024-11-03 10:40:00,pending
5359,660,2026-11-04 12:53:00,delivered
5360,506,2025-07-17 05:36:00,delivered
5361,24,2026-04-02 21:41:00,delivered
5362,153,2025-01-06 05:14:00,delivered
5363,418,2025-03-07 03:40:00,delivered
5364,394,2024-12-10 01:00:00,delivered
5365,511,2025-02-04 00:08:00,delivered
5366,805,2024-12-19 12:41:00,delivered
5367,143,2025-06-15 22:51:00,delivered
5368,373,2025-05-04 15:50:00,delivered
5369,296,2024-02-20 22:51:00,shipped
5370,906,2024-07-07 20:48:00,shipped
5371,401,2026-01-22 13:43:00,delivered
5372,508,2025-06-07 01:46:00,shipped
5373,925,2026-10-06 06:23:00,delivered
5374,260,2026-02-02 07:16:00,shipped
5375,68,2025-07-28 12:41:00,shipped
5376,563,2026-05-07 11:59:00,delivered
5377,204,2025-07-02 16:12:00,delivered
5378,576,2025-04-13 21:59:00,shipped
5379,561,2026-05-28 20:10:00,delivered
5380,853,2026-10-09 06:27:00,cancelled
5381,850,2025-09-05 16:20:00,processing
5382,31,2026-08-01 15:23:00,delivered
5383,5,2026-11-06 19:18:00,processing
5384,792,2026-04-16 19:35:00,processing
5385,850,2025-05-30 09:15:00,delivered
5386,747,2026-05-31 19:44:00,shipped
5387,549,2024-03-05 11:01:00,delivered
5388,810,2025-09-17 10:51:00,pending
5389,739,2024-03-06 19:11:00,delivered
5390,411,2026-08-07 05:46:00,delivered
5391,53,2026-07-26 06:17:00,processing
5392,777,2025-02-05 18:02:00,delivered
5393,458,2025-04-10 23:31:00,cancelled
5394,865,2025-10-06 08:40:00,delivered
5395,354,2024-01-10 07:35:00,cancelled
5396,65,2026-05-13 04:21:00,delivered
5397,360,2024-08-13 11:02:00,delivered
5398,706,2024-01-10 09:21:00,pending
5399,190,2024-07-11 09:13:00,shipped
5400,906,2024-05-12 04:58:00,delivered
5401,272,2025-04-21 07:48:00,delivered
5402,880,2025-11-08 06:05:00,delivered
5403,743,2024-07-24 03:09:00,processing
5404,362,2024-02-29 08:55:00,processing
5405,367,2025-01-13 14:52:00,shipped
5406,565,2026-06-08 21:24:00,cancelled
5407,826,2025-12-05 03:44:00,pending
5408,373,2026-10-12 07:33:00,processing
5409,733,2025-12-17 11:18:00,shipped
5410,83,2025-06-15 20:48:00,shipped
5411,42,2024-06-14 18:14:00,shipped
5412,81,2026-09-03 21:57:00,cancelled
5413,353,2026-01-02 10:48:00,delivered
5414,706,2026-07-18 22:02:00,cancelled
5415,428,2024-10-04 15:11:00,delivered
5416,111,2026-05-01 14:12:00,processing
5417,257,2026-02-28 03:53:00,processing
5418,89,2025-10-12 15:23:00,cancelled
5419,737,2024-12-07 13:16:00,delivered
5420,178,2026-05-18 00:32:00,shipped
5421,122,2026-11-12 20:28:00,shipped
5422,15,2024-05-01 13:36:00,processing
5423,618,2026-06-02 07:01:00,delivered
5424,241,2025-11-19 02:27:00,delivered
5425,964,2024-05-01 09:21:00,pending
5426,338,2024-10-19 04:58:00,delivered
5427,741,2026-05-07 14:14:00,delivered
5428,103,2024-12-20 06:17:00,delivered
5429,848,2026-12-23 17:33:00,cancelled
5430,316,2026-10-25 11:54:00,cancelled
5431,674,2025-08-20 20:09:00,pending
5432,379,2025-05-11 12:19:00,shipped
5433,880,2024-10-23 17:11:00,delivered
5434,244,2024-08-07 07:16:00,processing
5435,371,2026-01-29 14:24:00,delivered
5436,621,2024-05-10 03:45:00,shipped
5437,605,2024-02-19 23:18:00,delivered
5438,199,2024-06-23 16:54:00,delivered
5439,663,2025-09-04 07:27:00,delivered
5440,382,2025-04-05 02:56:00,pending
5441,669,2024-11-17 21:37:00,delivered
5442,122,2024-08-07 10:01:00,shipped
5443,700,2024-08-22 21:59:00,delivered
5444,130,2026-03-09 10:51:00,pending
5445,463,2025-03-13 05:32:00,processing
5446,438,2024-10-16 21:39:00,pending
5447,55,2026-10-28 15:14:00,delivered
5448,160,2024-11-16 03:37:00,delivered
5449,407,2024-06-03 10:28:00,processing
5450,472,2026-06-10 15:07:00,delivered
5451,368,2024-10-07 18:32:00,delivered
5452,500,2024-01-03 14:41:00,shipped
5453,871,2024-06-14 11:55:00,processing
5454,261,2025-07-15 10:03:00,pending
5455,182,2024-01-13 04:49:00,delivered
5456,761,2026-12-02 07:35:00,delivered
5457,628,2024-03-11 06:47:00,cancelled
5458,654,2025-12-10 01:10:00,delivered
5459,516,2026-03-29 14:48:00,shipped
5460,244,2024-04-07 08:00:00,delivered
5461,737,2025-02-25 08:26:00,delivered
5462,471,2025-12-13 09:40:00,pending
5463,729,2024-10-26 07:50:00,shipped
5464,518,2024-07-16 01:04:00,delivered
5465,851,2024-09-27 14:11:00,pending
5466,893,2025-10-04 03:15:00,processing
5467,385,2024-05-03 03:34:00,shipped
5468,153,2024-01-06 03:15:00,delivered
5469,561,2024-12-12 11:50:00,processing
5470,33,2025-02-07 21:46:00,pending
5471,771,2026-03-03 16:07:00,delivered
5472,653,2026-04-21 07:26:00,delivered
5473,244,2024-06-25 20:44:00,delivered
5474,252,2026-02-18 19:00:00,delivered
5475,523,2025-09-19 20:31:00,shipped
5476,189,2024-04-04 01:01:00,shipped
5477,83,2025-06-10 22:45:00,pending
5478,52,2026-08-28 00:29:00,processing
5479,248,2025-07-04 17:23:00,delivered
5480,29,2026-12-27 19:20:00,processing
5481,222,2026-07-28 00:33:00,shipped
5482,784,2024-08-13 18:48:00,pending
5483,272,2025-09-14 11:16:00,cancelled
5484,431,2026-08-25 04:39:00,shipped
5485,347,2026-03-08 03:38:00,processing
5486,439,2026-10-17 02:15:00,shipped
5487,752,2024-08-26 22:48:00,delivered
5488,513,2026-04-30 04:54:00,shipped
5489,599,2025-12-26 12:06:00,processing
5490,412,2026-02-20 14:34:00,processing
5491,26,2026-02-01 11:31:00,processing
5492,101,2025-02-04 17:54:00,delivered
5493,490,2025-08-09 01:10:00,delivered
5494,223,2025-08-14 21:24:00,cancelled
5495,310,2025-08-31 12:56:00,shipped
5496,507,2026-05-18 06:46:00,processing
5497,304,2024-08-14 02:51:00,delivered
5498,798,2024-07-17 21:19:00,processing
5499,688,2024-07-28 11:11:00,shipped
5500,233,2024-08-18 19:25:00,cancelled
5501,755,2026-05-13 06:56:00,cancelled
5502,269,2026-09-08 00:53:00,shipped
5503,321,2026-02-11 17:36:00,shipped
5504,523,2026-09-16 00:13:00,shipped
5505,573,2025-04-18 00:01:00,shipped
5506,226,2026-09-23 21:38:00,cancelled
5507,234,2026-04-02 23:14:00,delivered
5508,81,2025-12-06 18:11:00,delivered
5509,149,2024-08-20 21:41:00,processing
5510,958,2024-04-28 12:21:00,delivered
5511,287,2024-05-11 01:58:00,shipped
5512,387,2024-10-24 18:06:00,pending
5513,463,2024-12-14 04:32:00,processing
5514,492,2024-09-11 16:12:00,pending
5515,550,2024-08-21 14:44:00,delivered
5516,969,2026-03-31 20:03:00,delivered
5517,492,2025-11-16 21:28:00,delivered
5518,747,2026-12-02 20:16:00,delivered
5519,489,2025-08-06 18:39:00,shipped
5520,615,2024-04-26 10:10:00,cancelled
5521,139,2024-08-06 15:07:00,processing
5522,560,2026-04-18 10:26:00,shipped
5523,756,2024-07-13 17:39:00,delivered
5524,105,2024-01-20 13:04:00,delivered
5525,648,2025-10-03 13:55:00,processing
5526,418,2025-02-13 03:10:00,delivered
5527,979,2026-01-20 11:28:00,delivered
5528,763,2026-04-28 03:26:00,delivered
5529,624,2026-04-20 06:31:00,cancelled
5530,520,2024-05-25 02:36:00,delivered
5531,217,2026-12-12 22:45:00,delivered
5532,595,2024-04-19 12:33:00,cancelled
5533,171,2024-04-06 03:48:00,processing
5534,844,2024-01-27 15:04:00,shipped
5535,506,2025-12-13 06:50:00,delivered
5536,176,2024-08-23 12:14:00,delivered
5537,708,2025-02-02 13:58:00,processing
5538,858,2025-05-10 02:30:00,delivered
5539,540,2025-11-05 08:37:00,pending
5540,869,2024-04-02 09:44:00,delivered
5541,58,2025-05-11 15:43:00,processing
5542,366,2025-08-28 11:33:00,delivered
5543,516,2025-04-05 10:44:00,shipped
5544,991,2025-04-25 21:38:00,cancelled
5545,562,2024-09-10 04:30:00,delivered
5546,751,2025-03-22 19:40:00,processing
5547,933,2025-10-21 10:06:00,shipped
5548,279,2024-05-22 19:44:00,delivered
5549,331,2024-05-16 20:47:00,delivered
5550,925,2025-06-04 15:55:00,shipped
5551,184,2024-08-05 22:11:00,delivered
5552,416,2024-03-17 03:44:00,delivered
5553,239,2025-06-18 11:16:00,pending
5554,213,2025-05-30 10:14:00,pending
5555,399,2025-03-21 01:38:00,processing
5556,917,2026-08-21 19:25:00,delivered
5557,755,2025-11-22 19:02:00,delivered
5558,439,2025-09-18 11:56:00,delivered
5559,552,2026-08-09 04:40:00,shipped
5560,747,2024-03-06 17:47:00,delivered
5561,888,2024-12-26 22:06:00,delivered
5562,652,2025-01-20 10:41:00,cancelled
5563,948,2024-07-09 13:25:00,delivered
5564,69,2025-02-26 06:39:00,delivered
5565,957,2026-05-28 14:01:00,delivered
5566,140,2024-09-04 15:42:00,processing
5567,301,2024-01-23 22:58:00,processing
5568,136,2024-12-17 20:10:00,delivered
5569,968,2025-07-07 03:44:00,delivered
5570,901,2025-04-15 01:26:00,delivered
5571,252,2025-01-13 23:15:00,shipped
5572,316,2024-01-30 03:57:00,delivered
5573,665,2025-09-26 09:17:00,processing
5574,780,2025-07-08 04:42:00,cancelled
5575,32,2024-11-18 22:17:00,processing
5576,857,2026-01-23 00:44:00,delivered
5577,450,2026-04-22 11:44:00,delivered
5578,94,2024-08-29 21:47:00,delivered
5579,674,2024-05-13 10:26:00,cancelled
5580,9,2025-08-06 03:19:00,delivered
5581,198,2024-05-13 06:29:00,pending
5582,319,2024-10-01 09:53:00,shipped
5583,96,2024-04-24 16:58:00,delivered
5584,395,2024-06-04 21:57:00,delivered
5585,73,2024-02-25 20:12:00,shipped
5586,328,2025-07-01 05:47:00,delivered
5587,180,2024-03-13 20:11:00,processing
5588,392,2026-02-20 13:37:00,delivered
5589,434,2024-12-20 05:36:00,shipped
5590,238,2026-02-24 02:36:00,shipped
5591,855,2024-05-13 20:52:00,delivered
5592,773,2025-01-27 19:43:00,pending
5593,637,2025-04-17 09:08:00,shipped
5594,647,2024-10-31 09:00:00,shipped
5595,690,2024-12-29 16:47:00,processing
5596,420,2025-01-26 06:51:00,shipped
5597,530,2025-04-16 07:16:00,processing
5598,380,2024-07-28 23:33:00,shipped
5599,925,2025-06-05 23:02:00,delivered
5600,795,2026-01-11 09:11:00,shipped
5601,745,2024-12-27 12:39:00,cancelled
5602,568,2025-11-06 10:01:00,shipped
5603,210,2025-11-27 00:36:00,delivered
5604,168,2026-12-07 19:23:00,delivered
5605,901,2026-09-09 20:55:00,pending
5606,583,2026-05-24 19:55:00,cancelled
5607,291,2025-10-31 06:20:00,delivered
5608,860,2026-08-21 12:21:00,pending
5609,469,2024-09-12 17:33:00,processing
5610,39,2025-11-27 08:08:00,delivered
5611,973,2026-07-21 06:59:00,shipped
5612,292,2026-04-03 21:24:00,delivered
5613,445,2026-05-30 14:37:00,delivered
5614,594,2025-06-12 14:01:00,shipped
5615,110,2026-07-26 22:54:00,delivered
5616,23,2026-06-06 18:03:00,pending
5617,268,2026-06-20 02:05:00,pending
5618,777,2025-03-16 16:16:00,delivered
5619,974,2026-07-06 03:21:00,shipped
5620,850,2026-01-04 13:27:00,delivered
5621,1,2025-11-24 02:34:00,delivered
5622,433,2024-02-10 21:06:00,shipped
5623,679,2025-08-22 08:36:00,delivered
5624,700,2025-01-05 06:18:00,delivered
5625,993,2026-01-23 19:56:00,delivered
5626,446,2026-11-25 10:01:00,delivered
5627,949,2025-07-23 10:48:00,cancelled
5628,662,2025-11-17 13:26:00,delivered
5629,591,2025-04-14 15:21:00,shipped
5630,139,2025-06-25 05:50:00,delivered
5631,74,2026-08-23 22:34:00,delivered
5632,922,2025-11-09 14:07:00,shipped
5633,35,2024-09-23 10:03:00,cancelled
5634,699,2025-05-07 17:20:00,delivered
5635,503,2026-05-26 23:11:00,delivered
5636,896,2025-09-08 16:50:00,pending
5637,422,2025-05-25 16:41:00,shipped
5638,251,2026-04-13 17:55:00,pending
5639,395,2025-02-05 10:32:00,shipped
5640,20,2024-06-22 00:49:00,pending
5641,783,2024-10-16 14:35:00,delivered
5642,616,2025-11-13 02:51:00,delivered
5643,214,2024-01-04 09:41:00,cancelled
5644,881,2026-01-25 04:58:00,delivered
5645,726,2026-09-29 14:22:00,delivered
5646,778,2026-08-30 01:57:00,processing
5647,336,2026-04-29 04:03:00,cancelled
5648,766,2026-05-15 06:16:00,shipped
5649,289,2025-03-08 20:38:00,shipped
5650,521,2026-02-12 23:47:00,delivered
5651,239,2024-08-02 17:04:00,delivered
5652,155,2025-02-05 07:23:00,shipped
5653,432,2024-06-30 15:45:00,delivered
5654,924,2024-04-07 14:56:00,processing
5655,128,2026-07-03 09:17:00,delivered
5656,473,2026-08-03 13:11:00,delivered
5657,912,2024-10-05 12:15:00,cancelled
5658,456,2025-10-03 22:02:00,delivered
5659,924,2026-09-27 15:16:00,delivered
5660,990,2026-02-05 19:17:00,delivered
5661,666,2025-05-05 09:53:00,delivered
5662,343,2024-10-10 18:22:00,delivered
5663,457,2026-07-30 08:56:00,delivered
5664,29,2025-05-06 15:24:00,delivered
5665,571,2026-08-31 09:01:00,shipped
5666,154,2024-02-16 15:26:00,delivered
5667,83,2025-09-23 19:28:00,shipped
5668,306,2024-06-29 02:20:00,delivered
5669,785,2025-03-01 20:49:00,processing
5670,637,2024-04-29 01:41:00,delivered
5671,585,2025-07-22 23:02:00,delivered
5672,382,2026-03-26 11:46:00,delivered
5673,248,2025-08-17 23:16:00,shipped
5674,538,2025-11-14 20:42:00,shipped
5675,252,2025-12-01 05:58:00,processing
5676,694,2024-09-23 13:27:00,cancelled
5677,647,2024-01-28 01:16:00,delivered
5678,876,2024-06-10 02:03:00,delivered
5679,835,2025-09-22 18:48:00,delivered
5680,845,2026-05-13 02:05:00,delivered
5681,784,2026-10-24 18:37:00,delivered
5682,854,2025-10-05 02:05:00,delivered
5683,700,2025-10-13 16:13:00,delivered
5684,459,2025-07-20 12:27:00,pending
5685,748,2025-09-19 15:28:00,shipped
5686,96,2026-11-11 20:48:00,delivered
5687,524,2026-09-24 21:00:00,shipped
5688,473,2026-04-22 12:42:00,delivered
5689,801,2026-02-24 17:56:00,processing
5690,629,2024-02-02 23:23:00,delivered
5691,378,2026-04-07 10:38:00,delivered
5692,18,2026-12-14 20:39:00,pending
5693,736,2024-12-02 22:14:00,delivered
5694,4,2025-01-04 18:45:00,processing
5695,433,2025-08-08 00:20:00,shipped
5696,493,2025-05-10 19:34:00,shipped
5697,937,2024-11-14 02:16:00,pending
5698,69,2025-03-18 02:34:00,shipped
5699,34,2025-09-23 15:19:00,delivered
5700,250,2025-03-12 17:37:00,delivered
5701,260,2026-07-18 23:47:00,delivered
5702,172,2025-06-18 14:19:00,delivered
5703,848,2024-09-19 00:12:00,shipped
5704,269,2025-07-31 03:01:00,cancelled
5705,765,2024-12-06 23:14:00,delivered
5706,493,2025-04-07 11:05:00,delivered
5707,766,2026-04-12 13:19:00,cancelled
5708,886,2026-10-14 15:19:00,pending
5709,93,2025-02-20 11:04:00,delivered
5710,193,2024-01-18 04:22:00,delivered
5711,201,2025-07-01 13:49:00,shipped
5712,835,2024-06-09 11:13:00,cancelled
5713,959,2026-12-15 17:23:00,delivered
5714,711,2024-08-31 15:35:00,delivered
5715,352,2024-04-28 18:33:00,shipped
5716,908,2024-06-04 05:35:00,cancelled
5717,339,2026-01-09 16:53:00,delivered
5718,887,2024-08-14 12:29:00,shipped
5719,636,2024-12-30 06:34:00,processing
5720,875,2024-07-17 18:14:00,shipped
5721,781,2024-07-06 17:57:00,delivered
5722,43,2024-04-23 06:34:00,pending
5723,265,2026-02-27 06:16:00,processing
5724,622,2024-12-20 09:58:00,processing
5725,706,2026-01-27 18:29:00,delivered
5726,248,2024-04-16 18:47:00,cancelled
5727,178,2024-05-09 16:20:00,processing
5728,927,2025-01-30 09:05:00,cancelled
5729,303,2026-04-02 02:12:00,processing
5730,341,2025-12-30 11:12:00,delivered
5731,976,2024-05-08 10:14:00,pending
5732,61,2025-09-21 09:00:00,shipped
5733,546,2024-06-29 21:45:00,pending
5734,49,2026-04-14 11:39:00,delivered
5735,680,2025-10-02 10:29:00,shipped
5736,860,2026-06-04 07:47:00,delivered
5737,334,2025-09-13 03:50:00,delivered
5738,998,2025-01-11 19:37:00,pending
5739,417,2025-06-30 10:09:00,pending
5740,315,2024-06-17 19:58:00,delivered
5741,106,2024-02-16 13:06:00,cancelled
5742,767,2026-02-22 20:24:00,delivered
5743,96,2024-02-05 01:57:00,delivered
5744,861,2026-12-14 20:08:00,processing
5745,257,2024-10-01 23:07:00,shipped
5746,145,2026-05-04 16:59:00,processing
5747,704,2024-06-20 20:51:00,delivered
5748,951,2026-04-03 05:41:00,delivered
5749,856,2026-02-20 04:01:00,delivered
5750,647,2025-07-08 15:36:00,delivered
5751,726,2024-06-25 23:00:00,pending
5752,583,2025-04-16 04:42:00,delivered
5753,649,2025-12-21 15:08:00,delivered
5754,565,2026-07-22 01:45:00,processing
5755,150,2024-03-03 01:41:00,delivered
5756,935,2025-07-01 17:21:00,delivered
5757,753,2024-09-20 08:51:00,processing
5758,475,2024-09-07 04:39:00,shipped
5759,303,2025-11-16 05:57:00,delivered
5760,46,2025-11-09 21:32:00,delivered
5761,823,2024-02-17 22:59:00,processing
5762,647,2026-11-22 12:01:00,delivered
5763,45,2025-08-12 17:01:00,processing
5764,958,2025-01-07 08:00:00,shipped
5765,368,2025-09-07 15:16:00,delivered
5766,824,2026-03-28 22:38:00,cancelled
5767,43,2024-02-17 08:55:00,pending
5768,515,2026-10-31 10:27:00,shipped
5769,705,2025-06-15 06:02:00,pending
5770,399,2025-11-05 20:53:00,shipped
5771,825,2024-10-02 07:32:00,delivered
5772,544,2026-11-07 16:28:00,delivered
5773,391,2025-12-12 13:44:00,cancelled
5774,629,2025-05-01 02:13:00,shipped
5775,982,2024-04-17 13:41:00,processing
5776,950,2024-10-09 18:01:00,delivered
5777,101,2025-01-31 17:24:00,pending
5778,287,2026-09-14 18:17:00,delivered
5779,458,2024-06-12 18:39:00,pending
5780,522,2024-02-04 06:21:00,processing
5781,739,2025-06-09 16:37:00,delivered
5782,784,2025-10-22 23:15:00,delivered
5783,974,2025-08-16 09:04:00,delivered
5784,772,2024-09-06 08:29:00,delivered
5785,749,2024-04-07 11:14:00,shipped
5786,132,2025-05-05 18:22:00,delivered
5787,981,2026-04-17 15:13:00,delivered
5788,840,2025-11-09 23:14:00,processing
5789,748,2026-03-17 15:00:00,delivered
5790,262,2026-11-11 16:25:00,delivered
5791,542,2026-04-27 10:24:00,delivered
5792,153,2024-12-07 11:49:00,delivered
5793,679,2026-12-31 21:11:00,delivered
5794,163,2026-12-12 05:45:00,delivered
5795,2,2024-08-14 16:13:00,processing
5796,383,2025-03-05 01:27:00,delivered
5797,527,2025-12-03 13:34:00,delivered
5798,698,2026-05-15 15:58:00,shipped
5799,508,2026-10-25 00:39:00,cancelled
5800,286,2025-10-25 17:14:00,delivered
5801,276,2025-07-28 18:20:00,delivered
5802,487,2025-11-16 04:05:00,processing
5803,652,2025-02-14 02:30:00,shipped
5804,353,2025-11-06 19:40:00,processing
5805,516,2026-09-27 08:34:00,delivered
5806,989,2025-07-20 02:43:00,pending
5807,652,2025-08-19 16:24:00,delivered
5808,951,2024-11-16 13:28:00,shipped
5809,124,2024-08-29 19:39:00,delivered
5810,264,2025-11-16 07:17:00,delivered
5811,365,2025-10-13 02:49:00,shipped
5812,657,2026-06-11 09:56:00,processing
5813,413,2026-06-21 16:38:00,shipped
5814,958,2024-01-17 01:36:00,cancelled
5815,360,2026-10-29 05:03:00,delivered
5816,406,2025-01-27 01:05:00,delivered
5817,336,2026-08-31 20:40:00,processing
5818,945,2025-07-29 04:08:00,delivered
5819,778,2025-03-16 09:49:00,delivered
5820,172,2026-09-09 12:26:00,delivered
5821,582,2026-11-30 08:27:00,delivered
5822,51,2024-06-18 20:55:00,delivered
5823,35,2025-07-16 00:50:00,processing
5824,932,2025-09-06 17:00:00,pending
5825,875,2025-11-14 07:28:00,delivered
5826,384,2026-12-15 12:25:00,cancelled
5827,498,2024-08-01 11:20:00,shipped
5828,427,2024-02-02 11:15:00,delivered
5829,914,2026-03-15 01:39:00,delivered
5830,497,2025-07-01 23:52:00,cancelled
5831,649,2024-10-09 15:08:00,pending
5832,341,2025-02-26 12:59:00,delivered
5833,813,2025-09-04 19:36:00,pending
5834,614,2024-11-09 22:33:00,delivered
5835,358,2026-04-17 14:47:00,delivered
5836,700,2024-11-10 16:23:00,delivered
5837,175,2024-06-24 11:20:00,delivered
5838,871,2025-03-21 17:15:00,delivered
5839,690,2026-10-15 14:21:00,delivered
5840,563,2024-10-11 02:58:00,processing
5841,187,2026-05-03 08:13:00,cancelled
5842,380,2026-03-25 15:41:00,delivered
5843,296,2026-03-20 00:28:00,delivered
5844,796,2024-02-15 15:53:00,shipped
5845,683,2024-07-23 19:32:00,pending
5846,495,2026-02-06 11:04:00,processing
5847,694,2025-07-21 09:06:00,delivered
5848,619,2024-12-04 10:13:00,delivered
5849,440,2025-07-18 19:34:00,processing
5850,778,2025-05-15 16:49:00,delivered
5851,679,2026-09-01 08:28:00,shipped
5852,359,2026-02-15 10:37:00,delivered
5853,493,2024-02-08 11:20:00,shipped
5854,628,2025-06-23 20:50:00,delivered
5855,654,2025-09-18 07:49:00,shipped
5856,483,2026-10-05 03:21:00,delivered
5857,820,2024-12-23 04:46:00,pending
5858,597,2025-06-28 19:54:00,delivered
5859,499,2026-04-09 22:15:00,shipped
5860,116,2025-12-09 06:23:00,delivered
5861,478,2024-09-12 01:42:00,pending
5862,127,2025-11-13 20:16:00,delivered
5863,880,2025-04-13 09:39:00,cancelled
5864,247,2024-05-26 21:16:00,delivered
5865,496,2024-09-30 05:22:00,cancelled
5866,480,2026-10-21 10:25:00,shipped
5867,229,2025-12-02 08:41:00,cancelled
5868,650,2026-09-26 09:06:00,shipped
5869,337,2026-02-05 14:13:00,delivered
5870,322,2024-11-06 07:55:00,processing
5871,376,2026-02-02 11:35:00,pending
5872,794,2025-12-05 15:47:00,delivered
5873,853,2026-09-26 11:59:00,delivered
5874,670,2026-04-17 12:02:00,processing
5875,920,2026-12-23 08:40:00,delivered
5876,796,2025-01-31 13:10:00,processing
5877,760,2025-09-10 14:00:00,shipped
5878,477,2024-07-27 08:25:00,delivered
5879,1000,2026-06-29 20:45:00,pending
5880,748,2026-10-06 21:37:00,delivered
5881,829,2025-05-17 09:07:00,delivered
5882,731,2025-10-16 18:21:00,cancelled
5883,531,2025-03-19 15:18:00,shipped
5884,785,2026-04-04 01:07:00,delivered
5885,196,2026-03-06 03:01:00,pending
5886,357,2024-03-04 21:54:00,pending
5887,108,2026-06-16 23:02:00,cancelled
5888,472,2025-07-06 18:02:00,delivered
5889,443,2024-12-30 16:20:00,shipped
5890,101,2026-03-25 22:09:00,processing
5891,818,2026-01-17 18:51:00,delivered
5892,681,2026-05-18 14:25:00,delivered
5893,362,2025-02-09 13:31:00,cancelled
5894,377,2025-12-30 22:33:00,delivered
5895,47,2026-09-28 01:29:00,processing
5896,547,2025-03-15 08:49:00,pending
5897,219,2025-04-17 11:52:00,processing
5898,199,2024-01-15 02:17:00,processing
5899,619,2026-08-16 09:10:00,delivered
5900,318,2025-04-09 13:25:00,delivered
5901,946,2025-04-05 10:30:00,delivered
5902,745,2026-04-27 14:49:00,delivered
5903,65,2025-07-02 16:01:00,processing
5904,787,2024-01-23 21:03:00,cancelled
5905,690,2025-04-12 11:49:00,delivered
5906,864,2026-01-17 17:52:00,processing
5907,845,2024-02-21 16:11:00,cancelled
5908,351,2025-01-06 21:26:00,processing
5909,747,2026-08-22 18:16:00,delivered
5910,820,2024-05-19 04:56:00,delivered
5911,782,2026-12-07 12:27:00,cancelled
5912,107,2024-06-30 04:43:00,processing
5913,201,2024-12-06 02:16:00,delivered
5914,171,2025-10-22 05:51:00,shipped
5915,946,2024-08-09 18:31:00,delivered
5916,560,2024-10-27 10:51:00,delivered
5917,314,2026-03-18 10:28:00,cancelled
5918,645,2025-07-12 12:58:00,shipped
5919,220,2025-01-05 11:43:00,delivered
5920,287,2025-08-09 02:07:00,delivered
5921,817,2026-12-26 21:54:00,delivered
5922,713,2025-12-02 02:13:00,shipped
5923,461,2025-01-19 16:01:00,delivered
5924,148,2024-04-28 06:35:00,delivered
5925,659,2024-07-24 22:37:00,processing
5926,858,2026-05-28 16:19:00,delivered
5927,550,2025-07-26 15:05:00,shipped
5928,687,2024-10-02 05:01:00,cancelled
5929,268,2026-12-05 07:12:00,processing
5930,274,2024-05-02 03:07:00,processing
5931,174,2025-02-28 12:00:00,processing
5932,521,2026-09-13 12:58:00,shipped
5933,930,2026-09-15 01:46:00,delivered
5934,432,2026-09-16 13:06:00,cancelled
5935,243,2026-08-10 12:09:00,delivered
5936,383,2024-01-06 15:26:00,delivered
5937,706,2024-05-14 20:26:00,processing
5938,97,2026-10-18 04:02:00,shipped
5939,537,2026-11-23 12:35:00,pending
5940,307,2024-07-29 16:24:00,delivered
5941,228,2024-04-01 07:56:00,delivered
5942,166,2026-03-03 09:41:00,shipped
5943,411,2025-06-09 19:27:00,delivered
5944,112,2024-06-19 12:02:00,shipped
5945,928,2025-04-17 19:43:00,pending
5946,804,2025-05-27 18:02:00,cancelled
5947,737,2026-09-23 20:00:00,processing
5948,134,2025-11-19 21:07:00,delivered
5949,611,2026-07-11 21:03:00,processing
5950,71,2026-02-04 17:36:00,pending
5951,407,2024-10-18 18:25:00,delivered
5952,12,2026-08-04 08:11:00,processing
5953,341,2025-05-20 02:38:00,processing
5954,923,2026-03-26 23:08:00,delivered
5955,350,2024-12-17 12:50:00,pending
5956,179,2024-08-19 13:36:00,delivered
5957,775,2024-02-21 17:45:00,delivered
5958,376,2025-07-19 16:00:00,processing
5959,864,2025-04-19 06:49:00,cancelled
5960,559,2025-04-17 16:52:00,shipped
5961,699,2024-06-18 00:26:00,shipped
5962,246,2025-10-30 02:30:00,shipped
5963,941,2025-06-03 12:36:00,processing
5964,707,2025-12-07 03:01:00,delivered
5965,753,2024-06-15 09:03:00,cancelled
5966,784,2024-06-30 04:58:00,delivered
5967,194,2024-06-26 18:21:00,shipped
5968,975,2026-09-14 18:37:00,pending
5969,226,2025-11-25 19:29:00,pending
5970,952,2026-10-06 02:54:00,delivered
5971,28,2025-01-28 01:22:00,shipped
5972,463,2024-04-26 18:19:00,pending
5973,260,2026-02-21 00:21:00,pending
5974,402,2025-06-02 17:51:00,processing
5975,650,2025-10-18 06:15:00,shipped
5976,573,2025-06-14 03:48:00,delivered
5977,783,2026-04-06 14:29:00,delivered
5978,447,2024-05-04 00:24:00,shipped
5979,318,2025-10-26 20:53:00,delivered
5980,602,2026-07-20 21:40:00,delivered
5981,239,2024-06-12 20:48:00,delivered
5982,243,2024-04-01 07:14:00,processing
5983,595,2026-05-10 23:53:00,delivered
5984,463,2025-11-13 15:57:00,cancelled
5985,890,2025-11-27 03:49:00,pending
5986,556,2025-07-29 17:54:00,pending
5987,311,2026-06-17 23:51:00,processing
5988,120,2024-07-08 11:24:00,pending
5989,350,2025-08-15 05:30:00,pending
5990,609,2026-01-07 18:45:00,delivered
5991,823,2026-09-04 13:53:00,processing
5992,111,2024-04-14 15:36:00,delivered
5993,315,2026-07-09 11:18:00,delivered
5994,360,2026-05-06 10:29:00,processing
5995,579,2026-07-22 04:10:00,shipped
5996,591,2025-03-06 09:32:00,shipped
5997,966,2024-02-20 06:37:00,pending
5998,520,2025-06-12 21:24:00,delivered
5999,358,2026-05-03 00:53:00,shipped
6000,741,2025-01-07 20:45:00,delivered
6001,70,2025-03-23 16:08:00,cancelled
6002,801,2026-09-02 01:39:00,delivered
6003,454,2026-06-21 14:28:00,delivered
6004,480,2024-03-24 20:13:00,delivered
6005,915,2026-04-12 04:24:00,processing
6006,480,2025-01-11 23:51:00,delivered
6007,455,2024-05-22 21:50:00,pending
6008,970,2026-06-15 07:22:00,processing
6009,568,2026-05-09 05:11:00,delivered
6010,34,2026-04-13 17:57:00,delivered
6011,172,2025-08-11 06:10:00,processing
6012,701,2025-05-10 01:50:00,processing
6013,632,2025-04-15 08:17:00,shipped
6014,807,2026-04-01 22:56:00,pending
6015,869,2026-02-12 18:16:00,delivered
6016,697,2024-01-05 12:39:00,shipped
6017,134,2025-01-25 10:28:00,delivered
6018,402,2025-10-23 04:38:00,shipped
6019,140,2026-11-01 10:15:00,delivered
6020,855,2024-04-09 01:50:00,shipped
6021,963,2025-06-26 08:33:00,delivered
6022,570,2025-11-19 09:34:00,delivered
6023,970,2025-11-28 07:06:00,processing
6024,593,2026-12-01 00:16:00,processing
6025,359,2025-09-28 04:33:00,delivered
6026,332,2025-05-22 14:26:00,delivered
6027,310,2024-09-27 11:21:00,delivered
6028,492,2026-05-18 17:33:00,delivered
6029,458,2026-03-23 00:43:00,processing
6030,235,2024-09-23 05:07:00,processing
6031,77,2026-09-11 01:57:00,delivered
6032,637,2025-10-29 17:25:00,cancelled
6033,945,2025-03-03 18:49:00,delivered
6034,135,2026-08-24 18:33:00,delivered
6035,164,2026-11-29 15:12:00,delivered
6036,717,2024-06-05 08:51:00,processing
6037,318,2026-01-11 13:11:00,delivered
6038,116,2026-08-28 21:36:00,shipped
6039,308,2024-08-23 13:00:00,processing
6040,779,2025-01-09 17:35:00,delivered
6041,483,2024-01-10 00:20:00,pending
6042,43,2025-01-01 16:31:00,shipped
6043,702,2024-06-11 04:01:00,processing
6044,164,2024-01-08 02:46:00,delivered
6045,370,2025-09-01 11:17:00,pending
6046,283,2026-12-21 15:39:00,processing
6047,886,2024-05-19 01:55:00,delivered
6048,416,2026-04-30 04:55:00,delivered
6049,666,2024-02-06 03:22:00,processing
6050,698,2026-07-05 08:17:00,processing
6051,53,2025-04-15 23:25:00,pending
6052,548,2025-11-30 09:47:00,delivered
6053,962,2025-01-21 06:00:00,delivered
6054,382,2026-11-05 15:09:00,cancelled
6055,706,2025-03-18 12:34:00,delivered
6056,11,2026-05-22 01:50:00,pending
6057,266,2025-11-18 14:38:00,processing
6058,138,2026-04-01 15:04:00,shipped
6059,680,2026-12-24 10:32:00,delivered
6060,636,2026-07-31 00:06:00,shipped
6061,740,2024-08-06 18:27:00,delivered
6062,868,2026-09-16 21:08:00,pending
6063,133,2025-12-18 02:36:00,processing
6064,123,2024-11-12 17:46:00,delivered
6065,130,2025-05-02 07:45:00,processing
6066,579,2026-07-10 00:53:00,shipped
6067,663,2025-02-08 15:37:00,shipped
6068,166,2024-07-30 10:34:00,cancelled
6069,647,2026-01-31 10:51:00,processing
6070,440,2025-03-08 19:41:00,shipped
6071,290,2024-12-03 00:57:00,delivered
6072,343,2026-07-30 09:44:00,delivered
6073,811,2025-09-26 05:19:00,delivered
6074,479,2025-05-02 18:26:00,processing
6075,134,2025-12-09 19:05:00,delivered
6076,559,2025-05-01 22:04:00,processing
6077,669,2026-08-20 23:28:00,processing
6078,947,2026-06-08 22:50:00,delivered
6079,176,2025-06-12 09:12:00,delivered
6080,203,2025-12-02 09:39:00,delivered
6081,532,2026-10-11 05:38:00,cancelled
6082,386,2026-01-11 15:07:00,shipped
6083,416,2025-09-21 07:57:00,delivered
6084,693,2024-03-29 05:39:00,cancelled
6085,49,2025-04-08 08:59:00,delivered
6086,20,2025-08-30 04:18:00,delivered
6087,885,2026-05-07 01:40:00,pending
6088,52,2025-08-10 00:38:00,pending
6089,716,2025-12-26 15:14:00,delivered
6090,131,2025-08-12 05:25:00,shipped
6091,798,2024-10-10 04:23:00,shipped
6092,158,2024-03-08 07:26:00,delivered
6093,237,2024-04-18 19:48:00,pending
6094,981,2025-07-03 20:03:00,cancelled
6095,696,2025-11-11 04:29:00,processing
6096,967,2024-08-20 14:11:00,delivered
6097,406,2025-09-28 02:16:00,delivered
6098,888,2025-11-03 13:36:00,cancelled
6099,14,2024-01-24 20:04:00,delivered
6100,129,2025-04-01 06:21:00,delivered
6101,755,2025-07-12 14:51:00,shipped
6102,162,2025-05-11 20:48:00,shipped
6103,428,2026-04-30 22:30:00,delivered
6104,817,2024-06-17 11:15:00,delivered
6105,21,2024-12-11 05:27:00,delivered
6106,168,2025-09-08 14:46:00,delivered
6107,413,2025-10-26 00:02:00,delivered
6108,147,2024-02-02 18:02:00,delivered
6109,652,2024-04-23 13:19:00,delivered
6110,417,2024-05-18 20:19:00,shipped
6111,463,2026-10-27 15:15:00,delivered
6112,723,2025-10-27 10:16:00,delivered
6113,54,2025-08-04 05:41:00,processing
6114,411,2026-10-06 19:09:00,delivered
6115,768,2024-05-05 23:27:00,shipped
6116,373,2025-07-02 18:14:00,delivered
6117,314,2025-04-18 21:36:00,shipped
6118,20,2025-07-21 10:54:00,processing
6119,797,2025-01-10 22:22:00,processing
6120,481,2025-03-31 10:29:00,processing
6121,848,2026-11-12 03:57:00,processing
6122,21,2026-09-12 07:17:00,shipped
6123,645,2025-03-02 01:11:00,cancelled
6124,434,2025-09-27 03:54:00,processing
6125,301,2026-09-01 08:01:00,delivered
6126,552,2026-02-05 06:45:00,delivered
6127,162,2024-04-22 07:14:00,shipped
6128,332,2024-05-28 12:03:00,processing
6129,842,2024-09-27 10:06:00,delivered
6130,500,2024-07-02 11:22:00,shipped
6131,880,2026-10-18 01:51:00,delivered
6132,990,2025-06-30 20:44:00,pending
6133,156,2024-11-07 20:52:00,delivered
6134,307,2025-11-29 12:19:00,pending
6135,608,2024-11-16 11:52:00,shipped
6136,90,2024-09-26 10:14:00,delivered
6137,833,2024-03-13 15:49:00,delivered
6138,601,2024-07-05 07:52:00,cancelled
6139,998,2025-12-08 00:22:00,delivered
6140,229,2025-09-27 19:16:00,cancelled
6141,998,2024-05-20 19:45:00,delivered
6142,113,2025-11-13 22:31:00,delivered
6143,322,2026-01-03 15:07:00,delivered
6144,402,2026-06-04 07:11:00,cancelled
6145,647,2024-09-26 08:26:00,processing
6146,861,2026-05-31 03:47:00,shipped
6147,866,2024-06-01 21:42:00,delivered
6148,673,2026-01-16 22:27:00,processing
6149,135,2024-01-19 00:29:00,shipped
6150,75,2025-10-02 01:18:00,processing
6151,322,2026-02-28 16:51:00,shipped
6152,668,2026-05-10 19:28:00,delivered
6153,80,2025-09-18 06:43:00,processing
6154,988,2026-05-15 00:58:00,cancelled
6155,44,2024-03-18 03:02:00,pending
6156,292,2026-05-05 23:06:00,delivered
6157,751,2025-03-19 19:09:00,delivered
6158,526,2026-12-10 16:35:00,pending
6159,609,2025-02-28 01:17:00,delivered
6160,918,2026-03-11 21:07:00,shipped
6161,249,2026-12-07 03:26:00,cancelled
6162,485,2025-12-22 02:33:00,delivered
6163,362,2026-05-11 19:02:00,cancelled
6164,643,2024-03-13 21:37:00,shipped
6165,410,2024-11-24 12:30:00,processing
6166,36,2024-01-25 15:09:00,delivered
6167,161,2024-01-04 23:40:00,cancelled
6168,115,2025-08-17 14:09:00,delivered
6169,470,2025-03-07 11:26:00,shipped
6170,478,2026-11-22 07:46:00,delivered
6171,800,2024-02-28 17:14:00,pending
6172,410,2026-06-27 16:48:00,delivered
6173,644,2026-01-30 03:41:00,shipped
6174,291,2025-02-22 13:29:00,delivered
6175,267,2026-03-04 15:16:00,delivered
6176,967,2026-06-09 12:33:00,delivered
6177,428,2026-07-09 11:04:00,delivered
6178,346,2026-10-03 03:05:00,shipped
6179,363,2026-06-01 01:22:00,delivered
6180,815,2026-01-18 12:13:00,cancelled
6181,255,2024-07-02 16:03:00,cancelled
6182,672,2026-06-17 06:37:00,cancelled
6183,17,2024-03-07 04:22:00,delivered
6184,985,2025-12-09 13:21:00,delivered
6185,220,2025-05-06 15:45:00,delivered
6186,814,2025-05-10 00:43:00,processing
6187,388,2026-10-11 22:35:00,delivered
6188,607,2024-11-25 13:06:00,shipped
6189,561,2026-09-11 21:09:00,pending
6190,106,2024-10-21 08:42:00,pending
6191,977,2026-02-06 09:21:00,shipped
6192,674,2024-04-28 10:18:00,delivered
6193,33,2026-11-04 23:46:00,pending
6194,578,2025-03-03 18:54:00,delivered
6195,647,2026-07-27 07:33:00,delivered
6196,139,2025-09-26 12:06:00,shipped
6197,14,2025-02-18 09:15:00,delivered
6198,791,2024-05-01 00:01:00,delivered
6199,299,2025-04-02 10:10:00,delivered
6200,634,2025-04-07 00:31:00,delivered
6201,732,2025-07-23 03:28:00,cancelled
6202,580,2026-04-25 10:17:00,shipped
6203,397,2024-11-08 16:39:00,delivered
6204,200,2026-01-05 03:33:00,delivered
6205,387,2024-11-17 04:21:00,processing
6206,797,2025-11-01 20:25:00,pending
6207,170,2024-09-17 07:02:00,processing
6208,919,2025-08-10 01:23:00,shipped
6209,480,2026-07-13 03:11:00,shipped
6210,676,2026-01-25 16:36:00,delivered
6211,846,2025-06-21 03:59:00,delivered
6212,645,2024-12-05 16:56:00,cancelled
6213,345,2024-05-22 13:25:00,shipped
6214,727,2024-08-23 05:13:00,delivered
6215,500,2026-12-15 17:18:00,delivered
6216,498,2024-03-09 18:35:00,shipped
6217,199,2026-05-02 02:20:00,processing
6218,401,2025-10-23 17:51:00,delivered
6219,879,2025-07-31 09:19:00,processing
6220,149,2024-11-23 08:44:00,delivered
6221,258,2026-03-15 06:46:00,pending
6222,890,2026-08-03 07:29:00,pending
6223,376,2024-03-26 07:04:00,delivered
6224,893,2024-08-13 17:02:00,delivered
6225,390,2026-02-18 20:37:00,delivered
6226,943,2025-06-23 03:38:00,delivered
6227,686,2026-04-17 00:24:00,pending
6228,271,2026-07-19 02:55:00,delivered
6229,854,2024-09-11 03:52:00,delivered
6230,819,2024-09-13 23:20:00,delivered
6231,388,2024-10-19 09:46:00,delivered
6232,574,2025-03-08 09:04:00,cancelled
6233,226,2025-06-20 02:17:00,pending
6234,774,2024-05-22 16:06:00,processing
6235,879,2024-07-31 09:00:00,cancelled
6236,351,2024-06-24 22:45:00,processing
6237,323,2024-08-25 14:55:00,delivered
6238,3,2025-09-26 09:28:00,pending
6239,370,2026-04-28 00:36:00,delivered
6240,812,2024-04-07 12:29:00,processing
6241,677,2026-10-27 14:33:00,processing
6242,23,2025-02-09 03:16:00,delivered
6243,363,2026-03-09 08:20:00,delivered
6244,970,2024-11-08 14:20:00,delivered
6245,484,2025-07-04 01:29:00,delivered
6246,28,2025-03-31 06:54:00,cancelled
6247,461,2025-06-27 08:39:00,delivered
6248,629,2026-12-11 14:00:00,delivered
6249,236,2025-05-20 19:06:00,delivered
6250,403,2025-08-14 02:11:00,delivered
6251,415,2025-09-07 02:00:00,delivered
6252,18,2025-04-04 05:27:00,delivered
6253,462,2025-12-19 07:04:00,delivered
6254,570,2024-04-03 11:31:00,cancelled
6255,407,2025-05-09 02:43:00,delivered
6256,84,2024-02-24 17:38:00,shipped
6257,341,2025-08-27 13:50:00,pending
6258,330,2025-04-07 12:02:00,shipped
6259,296,2024-02-13 01:17:00,shipped
6260,974,2026-12-03 12:29:00,delivered
6261,898,2026-02-14 20:40:00,delivered
6262,532,2025-07-10 16:16:00,delivered
6263,479,2024-01-25 20:15:00,shipped
6264,110,2024-02-21 01:58:00,delivered
6265,818,2026-08-17 00:48:00,pending
6266,498,2025-03-30 20:30:00,shipped
6267,930,2025-09-26 19:12:00,delivered
6268,836,2024-03-16 14:33:00,processing
6269,954,2024-05-31 14:06:00,delivered
6270,778,2026-05-16 01:02:00,shipped
6271,25,2024-12-14 02:17:00,shipped
6272,89,2025-12-31 10:54:00,delivered
6273,459,2025-07-26 07:14:00,processing
6274,678,2026-11-28 09:42:00,delivered
6275,417,2025-12-02 11:10:00,processing
6276,112,2026-09-10 21:01:00,delivered
6277,745,2025-04-24 11:15:00,cancelled
6278,898,2024-04-23 09:39:00,delivered
6279,600,2025-01-03 12:40:00,shipped
6280,357,2025-03-15 23:24:00,delivered
6281,981,2026-09-05 20:53:00,delivered
6282,107,2026-07-19 06:36:00,delivered
6283,782,2026-05-25 22:58:00,processing
6284,519,2026-10-11 22:46:00,processing
6285,941,2025-02-05 23:51:00,delivered
6286,358,2026-12-13 12:54:00,shipped
6287,678,2025-05-13 19:09:00,delivered
6288,675,2026-03-05 17:29:00,delivered
6289,268,2024-06-09 07:17:00,delivered
6290,811,2024-09-11 15:58:00,delivered
6291,451,2024-03-09 13:00:00,shipped
6292,573,2024-07-26 15:55:00,processing
6293,328,2026-08-05 19:08:00,processing
6294,735,2024-09-05 12:08:00,shipped
6295,403,2025-01-19 11:48:00,shipped
6296,310,2026-03-31 06:52:00,delivered
6297,711,2026-07-06 00:06:00,cancelled
6298,679,2025-11-02 11:31:00,pending
6299,895,2025-04-17 19:45:00,processing
6300,678,2024-09-27 15:44:00,delivered
6301,102,2026-03-20 12:47:00,delivered
6302,155,2026-01-11 10:08:00,delivered
6303,873,2024-04-22 10:01:00,delivered
6304,178,2026-03-08 01:00:00,pending
6305,83,2024-08-15 21:49:00,delivered
6306,86,2025-10-31 13:04:00,shipped
6307,867,2026-07-30 06:35:00,shipped
6308,259,2026-11-19 02:08:00,cancelled
6309,876,2025-04-18 00:03:00,delivered
6310,570,2026-11-14 04:41:00,delivered
6311,544,2025-09-12 21:24:00,delivered
6312,640,2024-04-14 21:43:00,cancelled
6313,936,2026-04-09 15:08:00,processing
6314,955,2025-03-22 02:03:00,shipped
6315,269,2026-12-19 03:31:00,delivered
6316,967,2026-08-12 20:15:00,delivered
6317,423,2026-01-13 10:46:00,shipped
6318,621,2024-10-10 04:04:00,delivered
6319,544,2024-10-05 04:01:00,shipped
6320,769,2024-06-16 16:46:00,cancelled
6321,842,2025-08-11 03:30:00,shipped
6322,654,2025-04-02 00:09:00,processing
6323,269,2024-08-26 22:40:00,shipped
6324,245,2026-05-17 16:12:00,shipped
6325,641,2024-05-15 13:54:00,delivered
6326,281,2024-01-31 07:09:00,processing
6327,592,2024-05-18 22:36:00,delivered
6328,675,2025-01-02 10:08:00,delivered
6329,547,2024-11-01 20:51:00,shipped
6330,466,2024-07-27 05:24:00,delivered
6331,247,2026-08-02 18:16:00,delivered
6332,640,2025-10-19 05:59:00,processing
6333,190,2026-04-28 08:16:00,shipped
6334,533,2025-07-24 07:51:00,cancelled
6335,645,2026-05-29 22:46:00,delivered
6336,520,2024-08-19 03:04:00,shipped
6337,995,2025-03-31 07:02:00,shipped
6338,25,2026-11-30 00:20:00,delivered
6339,491,2024-06-23 10:20:00,delivered
6340,609,2024-04-24 20:58:00,shipped
6341,911,2024-12-07 15:33:00,delivered
6342,625,2024-04-16 05:59:00,shipped
6343,101,2024-11-07 00:45:00,delivered
6344,978,2026-03-10 07:29:00,processing
6345,423,2024-12-31 23:25:00,shipped
6346,24,2025-03-19 04:12:00,shipped
6347,305,2024-05-28 17:50:00,pending
6348,638,2025-10-16 11:42:00,delivered
6349,582,2026-09-29 14:49:00,processing
6350,467,2025-02-04 19:53:00,shipped
6351,501,2025-10-08 11:04:00,delivered
6352,659,2024-10-26 08:46:00,delivered
6353,699,2024-06-23 02:04:00,delivered
6354,222,2026-03-12 14:00:00,processing
6355,541,2026-05-21 04:22:00,shipped
6356,669,2026-08-06 13:06:00,processing
6357,374,2025-08-20 23:54:00,processing
6358,213,2024-03-03 00:34:00,pending
6359,408,2025-05-25 01:47:00,cancelled
6360,717,2024-10-26 18:10:00,delivered
6361,653,2024-10-12 16:29:00,processing
6362,931,2024-12-16 03:02:00,delivered
6363,700,2026-12-04 16:12:00,pending
6364,652,2026-06-22 07:45:00,shipped
6365,362,2025-08-18 17:22:00,processing
6366,3,2026-08-24 04:00:00,pending
6367,460,2024-02-16 17:18:00,processing
6368,482,2025-06-02 21:04:00,shipped
6369,734,2024-11-24 15:39:00,delivered
6370,781,2025-03-04 20:25:00,shipped
6371,161,2025-11-01 11:21:00,pending
6372,727,2024-02-09 00:23:00,delivered
6373,34,2026-11-17 03:39:00,shipped
6374,551,2025-06-08 22:08:00,processing
6375,899,2024-12-20 06:44:00,pending
6376,215,2026-05-06 00:28:00,processing
6377,247,2025-10-21 01:09:00,delivered
6378,542,2025-04-17 00:45:00,cancelled
6379,686,2025-07-10 21:09:00,delivered
6380,656,2025-07-16 06:29:00,shipped
6381,210,2024-08-22 13:49:00,delivered
6382,870,2024-03-02 19:07:00,delivered
6383,727,2026-03-22 07:07:00,shipped
6384,922,2026-05-23 19:24:00,delivered
6385,483,2025-09-17 00:15:00,processing
6386,2,2025-06-04 11:17:00,cancelled
6387,66,2024-02-08 12:06:00,shipped
6388,271,2026-08-08 00:01:00,delivered
6389,295,2025-08-17 23:21:00,delivered
6390,103,2025-11-05 23:41:00,pending
6391,417,2025-09-05 04:37:00,cancelled
6392,851,2024-12-14 16:00:00,delivered
6393,303,2024-07-15 03:22:00,pending
6394,838,2024-02-07 20:39:00,cancelled
6395,418,2026-05-01 03:46:00,delivered
6396,200,2024-09-07 10:53:00,processing
6397,340,2026-02-01 05:44:00,processing
6398,167,2024-09-29 21:50:00,cancelled
6399,958,2024-04-08 10:32:00,delivered
6400,198,2026-07-22 20:28:00,delivered
6401,241,2025-12-17 08:47:00,pending
6402,717,2025-09-18 15:25:00,processing
6403,349,2025-02-10 19:23:00,pending
6404,110,2024-06-27 03:58:00,shipped
6405,163,2025-10-26 10:32:00,delivered
6406,855,2025-01-06 14:28:00,delivered
6407,566,2024-12-28 12:02:00,processing
6408,456,2025-07-19 17:37:00,pending
6409,244,2024-02-10 08:58:00,cancelled
6410,822,2026-12-28 16:00:00,delivered
6411,608,2026-08-22 03:53:00,delivered
6412,70,2025-09-25 04:11:00,delivered
6413,915,2025-03-26 11:44:00,shipped
6414,709,2025-08-27 21:46:00,shipped
6415,901,2025-01-05 01:20:00,delivered
6416,362,2026-04-13 14:20:00,shipped
6417,614,2024-06-29 03:43:00,processing
6418,460,2025-04-02 00:45:00,shipped
6419,340,2026-08-15 13:09:00,shipped
6420,257,2025-10-27 21:06:00,pending
6421,399,2024-01-02 17:36:00,cancelled
6422,870,2025-12-31 16:36:00,delivered
6423,972,2024-03-20 03:56:00,shipped
6424,951,2024-12-09 05:07:00,delivered
6425,207,2026-02-15 22:33:00,delivered
6426,385,2024-05-04 00:58:00,delivered
6427,279,2026-07-28 13:43:00,delivered
6428,134,2026-11-05 20:36:00,delivered
6429,601,2025-04-10 00:43:00,cancelled
6430,508,2025-07-29 12:57:00,processing
6431,120,2025-05-19 23:53:00,delivered
6432,774,2026-09-08 18:56:00,delivered
6433,609,2024-09-16 14:06:00,delivered
6434,952,2025-11-03 22:25:00,cancelled
6435,935,2025-03-27 06:33:00,delivered
6436,767,2026-11-29 21:22:00,delivered
6437,150,2026-11-17 11:46:00,delivered
6438,967,2026-11-14 12:32:00,delivered
6439,560,2025-06-12 07:36:00,delivered
6440,714,2025-05-12 01:45:00,cancelled
6441,583,2024-01-18 20:00:00,delivered
6442,509,2025-08-05 19:37:00,cancelled
6443,871,2025-08-31 08:20:00,delivered
6444,923,2025-06-01 09:17:00,processing
6445,987,2024-03-29 14:25:00,delivered
6446,849,2024-12-14 23:27:00,processing
6447,656,2025-12-04 09:41:00,processing
6448,788,2026-07-14 11:36:00,processing
6449,401,2024-03-04 23:16:00,processing
6450,594,2026-11-21 06:58:00,delivered
6451,338,2024-04-20 14:51:00,delivered
6452,802,2026-05-28 11:32:00,delivered
6453,462,2026-11-05 07:59:00,delivered
6454,338,2026-05-03 21:51:00,delivered
6455,388,2026-09-03 16:19:00,cancelled
6456,224,2025-09-19 21:02:00,delivered
6457,979,2025-03-07 01:28:00,delivered
6458,101,2026-08-12 14:24:00,pending
6459,944,2025-01-30 10:42:00,pending
6460,642,2024-01-06 15:32:00,delivered
6461,398,2024-11-16 04:12:00,processing
6462,729,2026-10-23 10:18:00,pending
6463,926,2025-01-22 13:37:00,delivered
6464,349,2024-09-23 17:21:00,delivered
6465,45,2025-01-18 07:05:00,delivered
6466,986,2024-10-10 21:51:00,shipped
6467,201,2024-11-20 14:15:00,shipped
6468,688,2025-11-08 03:18:00,delivered
6469,160,2025-06-21 19:44:00,pending
6470,144,2024-09-19 07:17:00,delivered
6471,77,2025-08-21 13:50:00,delivered
6472,908,2024-03-09 18:15:00,delivered
6473,322,2026-01-23 11:44:00,delivered
6474,43,2024-10-31 01:02:00,shipped
6475,482,2025-05-30 02:12:00,shipped
6476,317,2025-06-27 11:36:00,shipped
6477,482,2026-03-13 03:49:00,processing
6478,565,2025-05-25 21:38:00,pending
6479,651,2024-10-29 15:43:00,delivered
6480,805,2024-01-30 13:20:00,pending
6481,753,2026-04-09 03:57:00,processing
6482,891,2024-11-02 17:41:00,processing
6483,728,2024-02-24 11:24:00,shipped
6484,430,2025-12-23 07:42:00,pending
6485,263,2026-01-29 11:20:00,delivered
6486,349,2025-11-12 01:08:00,cancelled
6487,218,2025-11-12 13:00:00,delivered
6488,499,2025-09-30 06:14:00,delivered
6489,500,2026-04-19 06:36:00,delivered
6490,64,2025-06-22 21:52:00,shipped
6491,30,2026-11-30 05:44:00,delivered
6492,251,2026-03-30 18:24:00,delivered
6493,840,2024-10-18 13:56:00,cancelled
6494,18,2025-01-11 21:11:00,processing
6495,578,2026-06-28 11:21:00,delivered
6496,411,2024-08-01 14:49:00,delivered
6497,443,2026-08-04 00:58:00,delivered
6498,980,2025-11-28 21:06:00,processing
6499,58,2025-02-28 18:54:00,processing
6500,317,2024-03-08 14:27:00,delivered
6501,916,2024-12-01 03:24:00,processing
6502,76,2025-01-31 21:15:00,delivered
6503,838,2025-04-18 18:47:00,delivered
6504,860,2024-05-28 23:38:00,processing
6505,942,2026-02-12 20:39:00,processing
6506,3,2025-11-21 07:01:00,delivered
6507,164,2024-12-20 13:02:00,delivered
6508,920,2024-09-14 04:32:00,processing
6509,475,2026-06-29 23:17:00,processing
6510,799,2024-04-20 10:18:00,delivered
6511,332,2026-10-02 23:34:00,delivered
6512,456,2024-12-07 17:59:00,processing
6513,410,2025-01-31 04:10:00,delivered
6514,531,2024-02-22 02:10:00,shipped
6515,591,2024-04-18 09:16:00,shipped
6516,430,2026-01-18 16:37:00,shipped
6517,759,2025-07-08 15:26:00,pending
6518,582,2026-05-03 22:52:00,pending
6519,437,2025-06-27 14:09:00,delivered
6520,264,2025-12-02 05:23:00,delivered
6521,464,2026-08-11 22:16:00,delivered
6522,561,2025-06-18 00:28:00,pending
6523,714,2025-07-12 13:20:00,delivered
6524,470,2024-04-18 13:05:00,processing
6525,630,2026-11-18 16:38:00,delivered
6526,944,2024-11-09 17:19:00,processing
6527,535,2024-05-05 19:08:00,delivered
6528,151,2026-04-01 21:46:00,pending
6529,660,2026-02-12 08:07:00,shipped
6530,2,2025-11-30 06:55:00,delivered
6531,661,2026-11-22 13:02:00,shipped
6532,747,2026-03-25 17:32:00,pending
6533,207,2024-06-01 22:53:00,cancelled
6534,412,2026-02-13 09:30:00,cancelled
6535,592,2026-01-23 20:04:00,processing
6536,597,2026-12-08 06:57:00,processing
6537,179,2025-06-21 04:35:00,delivered
6538,244,2026-02-03 21:43:00,shipped
6539,859,2026-03-27 00:05:00,delivered
6540,88,2025-06-19 17:01:00,delivered
6541,3,2024-08-30 15:00:00,delivered
6542,799,2026-03-30 15:55:00,delivered
6543,376,2024-12-15 01:30:00,delivered
6544,106,2024-04-22 15:52:00,shipped
6545,292,2025-04-08 07:27:00,cancelled
6546,593,2026-02-02 23:28:00,delivered
6547,464,2024-11-06 20:58:00,shipped
6548,86,2024-04-19 10:04:00,pending
6549,949,2024-01-02 01:43:00,delivered
6550,835,2024-08-05 15:35:00,delivered
6551,29,2024-12-27 00:23:00,pending
6552,357,2025-08-14 18:30:00,processing
6553,781,2025-04-15 22:43:00,delivered
6554,34,2024-06-16 00:43:00,processing
6555,923,2026-08-21 11:57:00,delivered
6556,618,2026-08-27 08:41:00,delivered
6557,710,2025-11-14 20:14:00,delivered
6558,433,2025-10-20 19:55:00,delivered
6559,463,2025-09-25 08:53:00,delivered
6560,355,2024-11-05 12:42:00,delivered
6561,631,2025-06-12 21:41:00,processing
6562,289,2024-06-19 12:18:00,processing
6563,798,2025-03-08 14:18:00,pending
6564,813,2026-01-20 02:57:00,delivered
6565,193,2025-05-03 14:59:00,delivered
6566,628,2025-04-15 14:50:00,shipped
6567,770,2026-03-20 23:36:00,delivered
6568,704,2026-07-05 12:34:00,processing
6569,693,2026-02-10 00:53:00,delivered
6570,352,2026-10-13 02:51:00,delivered
6571,309,2024-04-05 11:33:00,shipped
6572,741,2026-03-11 16:32:00,pending
6573,280,2024-03-12 16:03:00,processing
6574,840,2025-11-22 16:25:00,processing
6575,753,2024-04-02 21:22:00,shipped
6576,272,2025-11-08 00:36:00,delivered
6577,572,2026-06-13 06:11:00,shipped
6578,784,2025-05-13 10:09:00,cancelled
6579,755,2024-08-11 03:57:00,processing
6580,709,2024-04-26 22:33:00,shipped
6581,710,2024-05-25 17:16:00,shipped
6582,435,2026-11-13 19:35:00,delivered
6583,745,2025-10-20 19:14:00,delivered
6584,79,2025-05-12 11:52:00,delivered
6585,121,2026-10-21 21:13:00,pending
6586,675,2026-07-18 23:44:00,processing
6587,282,2026-12-25 00:56:00,delivered
6588,906,2024-11-15 04:42:00,delivered
6589,272,2024-11-13 11:39:00,cancelled
6590,508,2024-10-01 00:21:00,delivered
6591,304,2024-12-01 18:33:00,delivered
6592,950,2026-09-18 17:55:00,processing
6593,625,2024-10-15 02:54:00,delivered
6594,289,2026-08-21 21:16:00,delivered
6595,553,2025-07-27 14:19:00,shipped
6596,302,2024-12-23 18:15:00,cancelled
6597,982,2024-07-31 15:46:00,delivered
6598,259,2026-08-29 05:05:00,shipped
6599,81,2026-07-27 05:31:00,shipped
6600,49,2025-07-09 11:51:00,processing
6601,853,2025-01-05 13:28:00,delivered
6602,860,2026-05-26 19:58:00,delivered
6603,665,2026-07-20 18:34:00,delivered
6604,964,2026-08-21 10:18:00,shipped
6605,526,2025-06-12 14:48:00,shipped
6606,71,2025-04-27 08:00:00,processing
6607,626,2024-10-05 23:59:00,delivered
6608,709,2025-03-12 13:56:00,cancelled
6609,708,2025-11-03 19:27:00,processing
6610,465,2025-11-12 21:04:00,cancelled
6611,596,2025-03-03 08:24:00,delivered
6612,529,2024-02-25 03:09:00,delivered
6613,862,2026-12-17 09:50:00,shipped
6614,619,2025-05-11 13:46:00,delivered
6615,358,2026-04-13 03:58:00,delivered
6616,369,2026-04-18 17:51:00,shipped
6617,723,2024-09-27 22:58:00,processing
6618,918,2024-05-07 14:01:00,delivered
6619,344,2025-05-31 16:01:00,delivered
6620,992,2025-04-20 03:24:00,pending
6621,724,2024-09-24 14:40:00,cancelled
6622,248,2025-05-23 01:13:00,delivered
6623,984,2024-12-26 20:45:00,delivered
6624,504,2024-05-18 17:26:00,delivered
6625,166,2025-08-05 09:29:00,delivered
6626,361,2026-05-06 06:55:00,pending
6627,826,2024-08-03 04:40:00,pending
6628,557,2024-01-30 15:34:00,delivered
6629,571,2026-09-26 17:48:00,delivered
6630,928,2026-03-20 13:04:00,shipped
6631,904,2025-09-03 11:39:00,delivered
6632,340,2026-11-17 12:24:00,processing
6633,444,2025-10-29 22:53:00,shipped
6634,536,2024-02-28 05:40:00,delivered
6635,697,2026-12-05 05:21:00,processing
6636,961,2024-12-16 21:33:00,delivered
6637,391,2026-06-05 18:02:00,cancelled
6638,324,2025-07-12 12:37:00,cancelled
6639,621,2026-12-13 09:11:00,delivered
6640,912,2024-11-16 22:53:00,delivered
6641,294,2026-07-08 01:21:00,processing
6642,249,2024-06-11 21:14:00,delivered
6643,172,2026-07-31 02:50:00,delivered
6644,886,2024-12-09 06:47:00,processing
6645,18,2025-03-01 13:24:00,delivered
6646,301,2024-09-16 14:59:00,delivered
6647,493,2026-03-08 04:27:00,cancelled
6648,720,2025-11-23 05:30:00,processing
6649,474,2026-02-14 00:46:00,processing
6650,7,2026-11-01 15:28:00,delivered
6651,852,2025-07-04 14:05:00,cancelled
6652,8,2026-04-12 05:42:00,delivered
6653,844,2025-03-30 08:40:00,delivered
6654,833,2026-01-24 15:15:00,shipped
6655,436,2024-12-21 06:41:00,processing
6656,824,2026-07-16 15:41:00,delivered
6657,38,2024-04-24 08:21:00,processing
6658,544,2025-12-31 22:37:00,delivered
6659,63,2024-09-14 14:14:00,delivered
6660,686,2024-09-16 05:35:00,shipped
6661,947,2026-07-06 00:19:00,delivered
6662,808,2025-06-05 01:48:00,delivered
6663,157,2025-11-09 10:21:00,shipped
6664,421,2026-12-03 19:46:00,delivered
6665,701,2025-04-01 18:50:00,shipped
6666,938,2026-07-27 20:02:00,shipped
6667,107,2026-05-01 15:35:00,delivered
6668,978,2024-05-21 11:50:00,delivered
6669,653,2025-08-07 12:55:00,delivered
6670,239,2026-12-16 12:53:00,delivered
6671,895,2025-12-04 12:38:00,pending
6672,988,2025-07-24 16:42:00,cancelled
6673,271,2026-06-02 15:47:00,processing
6674,192,2024-12-31 19:54:00,pending
6675,707,2024-11-29 09:34:00,delivered
6676,361,2026-12-30 14:58:00,delivered
6677,30,2024-01-22 21:54:00,shipped
6678,166,2025-05-04 21:39:00,shipped
6679,321,2025-07-25 05:26:00,shipped
6680,500,2026-04-24 00:40:00,delivered
6681,331,2025-02-26 01:05:00,processing
6682,736,2024-04-06 07:55:00,cancelled
6683,590,2026-11-13 00:44:00,processing
6684,739,2026-10-30 15:05:00,delivered
6685,385,2024-10-21 17:14:00,processing
6686,435,2024-04-19 10:57:00,delivered
6687,794,2024-06-04 01:34:00,delivered
6688,970,2024-08-27 11:52:00,processing
6689,469,2025-07-27 06:20:00,shipped
6690,22,2024-09-21 20:41:00,shipped
6691,170,2026-11-13 14:04:00,cancelled
6692,949,2026-02-19 11:38:00,shipped
6693,636,2026-01-23 14:44:00,cancelled
6694,684,2025-08-28 11:31:00,shipped
6695,352,2026-01-29 11:01:00,delivered
6696,332,2025-05-06 22:40:00,shipped
6697,577,2024-06-18 14:07:00,shipped
6698,374,2025-08-09 02:35:00,processing
6699,354,2024-11-24 22:20:00,processing
6700,874,2026-01-21 04:51:00,cancelled
6701,966,2026-07-17 21:49:00,delivered
6702,1000,2026-10-22 05:49:00,delivered
6703,404,2025-10-03 03:55:00,pending
6704,645,2025-01-13 02:19:00,delivered
6705,384,2026-10-03 09:45:00,shipped
6706,153,2024-05-02 06:02:00,delivered
6707,681,2024-10-04 15:40:00,shipped
6708,638,2025-06-20 14:12:00,pending
6709,749,2024-10-16 09:03:00,processing
6710,747,2026-01-12 21:54:00,processing
6711,741,2024-07-06 05:47:00,cancelled
6712,900,2025-08-08 00:47:00,delivered
6713,597,2025-02-14 13:14:00,shipped
6714,856,2024-02-15 18:16:00,pending
6715,817,2024-06-30 17:57:00,pending
6716,736,2024-12-03 11:30:00,delivered
6717,597,2024-05-05 22:01:00,shipped
6718,837,2026-09-06 19:58:00,shipped
6719,140,2025-04-29 04:20:00,shipped
6720,9,2024-06-25 17:57:00,delivered
6721,978,2024-08-21 06:51:00,shipped
6722,987,2025-04-22 08:51:00,delivered
6723,376,2026-08-26 02:12:00,processing
6724,786,2026-06-04 22:11:00,delivered
6725,438,2026-05-01 02:11:00,delivered
6726,298,2024-09-20 03:49:00,processing
6727,27,2024-12-04 19:05:00,delivered
6728,725,2025-02-21 16:05:00,cancelled
6729,41,2024-07-07 09:37:00,delivered
6730,574,2024-03-11 05:39:00,delivered
6731,617,2024-04-13 17:34:00,delivered
6732,729,2024-05-23 18:24:00,delivered
6733,310,2026-01-08 05:12:00,processing
6734,587,2024-08-08 21:36:00,delivered
6735,37,2026-11-16 04:04:00,delivered
6736,197,2025-10-19 12:35:00,delivered
6737,713,2025-02-27 03:28:00,cancelled
6738,240,2026-06-01 20:25:00,delivered
6739,308,2024-05-21 15:05:00,pending
6740,671,2025-03-21 22:35:00,cancelled
6741,95,2024-08-23 16:50:00,delivered
6742,298,2024-03-14 10:52:00,delivered
6743,115,2025-05-04 23:13:00,delivered
6744,24,2025-05-24 08:51:00,shipped
6745,377,2026-05-30 00:31:00,pending
6746,916,2026-11-29 15:49:00,shipped
6747,60,2026-10-12 14:22:00,delivered
6748,158,2026-01-03 22:55:00,delivered
6749,156,2025-04-08 02:52:00,shipped
6750,765,2025-03-03 03:25:00,pending
6751,201,2026-10-15 20:32:00,delivered
6752,96,2024-04-22 10:49:00,delivered
6753,774,2026-06-19 00:12:00,delivered
6754,588,2026-02-15 06:03:00,shipped
6755,891,2026-08-03 00:00:00,shipped
6756,623,2025-07-29 12:58:00,delivered
6757,858,2026-03-23 12:43:00,delivered
6758,882,2024-10-07 07:13:00,delivered
6759,61,2024-02-29 15:06:00,delivered
6760,326,2026-12-06 00:50:00,pending
6761,508,2024-05-14 08:41:00,pending
6762,431,2025-02-09 07:11:00,processing
6763,221,2024-03-03 12:21:00,delivered
6764,797,2026-10-02 09:18:00,delivered
6765,555,2026-12-13 17:12:00,delivered
6766,667,2024-12-16 07:29:00,shipped
6767,750,2024-01-11 18:31:00,processing
6768,538,2025-10-27 17:53:00,delivered
6769,703,2026-02-04 17:21:00,delivered
6770,365,2025-10-09 03:13:00,delivered
6771,118,2026-05-11 00:13:00,cancelled
6772,532,2024-12-04 07:27:00,delivered
6773,575,2025-02-26 17:45:00,delivered
6774,406,2025-01-29 04:15:00,delivered
6775,34,2025-06-12 22:15:00,shipped
6776,450,2026-01-15 16:19:00,shipped
6777,921,2025-07-14 16:27:00,delivered
6778,967,2025-06-28 03:25:00,processing
6779,786,2024-06-29 04:02:00,shipped
6780,109,2026-07-25 10:22:00,delivered
6781,589,2026-06-24 15:25:00,pending
6782,267,2026-01-03 16:19:00,pending
6783,106,2024-08-15 23:49:00,shipped
6784,819,2024-06-11 11:28:00,processing
6785,116,2025-09-30 22:13:00,delivered
6786,914,2024-05-20 02:26:00,delivered
6787,122,2024-07-27 09:24:00,cancelled
6788,881,2025-02-10 12:04:00,pending
6789,623,2024-12-06 12:47:00,delivered
6790,802,2025-11-12 10:21:00,delivered
6791,277,2026-02-15 11:58:00,shipped
6792,760,2026-03-26 16:15:00,shipped
6793,772,2025-06-07 07:31:00,delivered
6794,274,2024-02-25 06:18:00,delivered
6795,693,2025-07-12 20:43:00,shipped
6796,347,2025-12-26 21:26:00,delivered
6797,30,2024-01-19 07:00:00,delivered
6798,95,2026-04-27 20:08:00,processing
6799,795,2024-11-02 07:33:00,shipped
6800,602,2026-08-23 08:43:00,processing
6801,102,2026-06-30 23:55:00,delivered
6802,400,2026-12-22 07:34:00,shipped
6803,805,2024-04-23 18:20:00,delivered
6804,647,2026-07-12 00:50:00,delivered
6805,265,2024-03-01 22:38:00,delivered
6806,417,2026-01-08 01:34:00,processing
6807,194,2026-04-23 22:50:00,shipped
6808,913,2024-02-09 07:17:00,delivered
6809,644,2025-05-30 17:17:00,processing
6810,764,2026-08-28 14:02:00,pending
6811,431,2024-12-19 15:59:00,delivered
6812,730,2025-11-17 22:07:00,shipped
6813,186,2025-12-28 08:18:00,delivered
6814,397,2026-05-26 18:21:00,shipped
6815,856,2024-06-22 23:48:00,delivered
6816,863,2025-12-25 13:08:00,delivered
6817,173,2026-10-22 00:00:00,processing
6818,991,2024-05-16 20:28:00,processing
6819,314,2026-08-02 18:42:00,delivered
6820,714,2025-10-15 18:11:00,processing
6821,691,2024-08-28 13:45:00,processing
6822,234,2024-11-28 13:17:00,cancelled
6823,527,2026-09-23 22:05:00,delivered
6824,700,2024-04-04 01:05:00,shipped
6825,477,2024-07-30 04:43:00,delivered
6826,291,2025-11-22 14:25:00,cancelled
6827,756,2025-05-05 01:54:00,shipped
6828,797,2025-09-09 17:18:00,pending
6829,944,2025-08-13 05:40:00,delivered
6830,653,2025-05-17 10:45:00,shipped
6831,154,2025-02-17 20:13:00,delivered
6832,691,2026-12-31 15:45:00,shipped
6833,416,2026-10-04 18:35:00,processing
6834,214,2024-04-08 04:26:00,delivered
6835,388,2025-07-14 20:29:00,cancelled
6836,484,2024-07-15 02:21:00,delivered
6837,134,2024-05-12 16:55:00,cancelled
6838,480,2024-03-17 21:56:00,delivered
6839,609,2025-07-22 02:59:00,delivered
6840,3,2026-09-25 23:36:00,processing
6841,427,2024-09-01 02:19:00,cancelled
6842,264,2025-06-05 12:45:00,delivered
6843,992,2024-07-30 18:54:00,delivered
6844,62,2026-07-25 11:51:00,shipped
6845,750,2025-09-10 15:13:00,cancelled
6846,833,2026-11-23 17:54:00,delivered
6847,345,2025-01-13 07:31:00,cancelled
6848,686,2026-09-15 09:35:00,delivered
6849,995,2026-10-11 14:00:00,pending
6850,574,2024-09-04 20:09:00,shipped
6851,177,2025-11-15 03:10:00,pending
6852,666,2024-03-04 17:10:00,delivered
6853,416,2026-09-16 18:37:00,pending
6854,419,2026-04-11 13:46:00,pending
6855,555,2026-05-31 11:58:00,delivered
6856,209,2025-03-16 18:41:00,cancelled
6857,471,2024-05-09 13:19:00,shipped
6858,846,2026-12-20 04:06:00,delivered
6859,2,2024-01-29 06:43:00,cancelled
6860,484,2024-01-20 23:37:00,delivered
6861,22,2026-07-04 01:51:00,processing
6862,533,2024-05-04 16:40:00,delivered
6863,751,2026-05-03 22:45:00,delivered
6864,770,2025-04-05 05:02:00,delivered
6865,861,2024-03-12 18:56:00,delivered
6866,241,2025-07-13 16:17:00,delivered
6867,689,2026-06-10 15:46:00,shipped
6868,451,2026-04-18 21:11:00,delivered
6869,356,2024-05-01 15:51:00,shipped
6870,885,2025-07-04 10:25:00,shipped
6871,137,2026-05-24 15:25:00,shipped
6872,283,2024-07-02 19:32:00,processing
6873,106,2026-07-03 18:17:00,delivered
6874,592,2025-12-17 00:54:00,cancelled
6875,42,2025-01-31 09:21:00,delivered
6876,773,2024-11-01 01:11:00,shipped
6877,184,2026-03-24 19:14:00,pending
6878,129,2026-03-07 21:57:00,shipped
6879,176,2026-01-30 14:14:00,processing
6880,627,2024-03-08 14:48:00,delivered
6881,265,2024-03-21 23:24:00,processing
6882,89,2026-06-05 16:21:00,processing
6883,153,2025-07-10 14:25:00,delivered
6884,377,2024-09-07 04:21:00,delivered
6885,205,2026-09-14 20:36:00,delivered
6886,26,2024-05-06 23:51:00,shipped
6887,859,2025-03-05 12:46:00,cancelled
6888,418,2025-03-03 06:08:00,delivered
6889,237,2025-03-20 08:08:00,processing
6890,967,2025-12-27 22:25:00,processing
6891,970,2026-11-30 07:29:00,processing
6892,806,2025-03-24 15:43:00,processing
6893,346,2025-03-01 03:02:00,processing
6894,235,2026-08-23 23:44:00,delivered
6895,55,2024-01-15 17:44:00,delivered
6896,146,2025-03-01 08:59:00,delivered
6897,210,2026-07-01 00:17:00,processing
6898,239,2025-02-06 21:07:00,delivered
6899,551,2026-11-19 06:34:00,shipped
6900,409,2024-06-17 04:23:00,delivered
6901,913,2024-01-26 08:29:00,processing
6902,104,2026-12-08 22:41:00,delivered
6903,771,2024-08-20 15:26:00,delivered
6904,395,2024-02-03 20:40:00,shipped
6905,379,2025-12-31 09:19:00,delivered
6906,708,2024-10-22 03:23:00,delivered
6907,714,2025-03-31 14:39:00,delivered
6908,446,2025-08-15 00:20:00,processing
6909,149,2026-07-11 06:41:00,cancelled
6910,992,2026-05-27 16:33:00,shipped
6911,210,2025-06-22 23:08:00,delivered
6912,570,2025-03-13 20:51:00,delivered
6913,227,2026-07-24 19:58:00,delivered
6914,936,2026-11-26 06:43:00,processing
6915,711,2026-02-01 00:15:00,processing
6916,609,2026-11-10 11:48:00,delivered
6917,691,2026-05-11 11:51:00,shipped
6918,83,2024-03-02 04:21:00,pending
6919,447,2026-06-08 23:41:00,delivered
6920,654,2024-03-16 12:41:00,delivered
6921,305,2026-10-09 13:30:00,pending
6922,305,2026-12-25 13:15:00,processing
6923,598,2026-01-03 23:39:00,pending
6924,749,2024-01-02 07:33:00,shipped
6925,318,2024-10-27 15:24:00,processing
6926,106,2025-10-28 11:36:00,delivered
6927,248,2026-06-23 09:13:00,delivered
6928,425,2025-04-11 19:38:00,shipped
6929,345,2025-08-14 00:12:00,delivered
6930,357,2025-10-18 23:18:00,shipped
6931,446,2026-01-23 06:04:00,delivered
6932,526,2026-10-01 06:02:00,pending
6933,757,2024-07-05 00:42:00,processing
6934,827,2026-08-15 06:24:00,delivered
6935,227,2024-12-09 11:47:00,shipped
6936,814,2026-08-02 06:46:00,delivered
6937,191,2024-12-14 23:13:00,shipped
6938,518,2026-07-14 08:36:00,processing
6939,67,2026-05-22 21:25:00,pending
6940,99,2024-09-10 01:38:00,pending
6941,562,2026-11-29 13:25:00,delivered
6942,745,2024-02-16 23:28:00,processing
6943,880,2024-11-11 13:19:00,shipped
6944,774,2026-07-05 17:56:00,delivered
6945,708,2025-02-08 21:30:00,delivered
6946,629,2026-01-13 20:17:00,pending
6947,442,2024-04-29 19:42:00,pending
6948,203,2026-10-12 03:58:00,shipped
6949,938,2026-01-19 20:35:00,processing
6950,293,2025-12-17 15:52:00,processing
6951,279,2026-05-07 13:36:00,delivered
6952,262,2026-10-08 06:44:00,cancelled
6953,240,2026-06-21 17:56:00,pending
6954,790,2025-10-28 04:32:00,cancelled
6955,31,2025-11-10 12:27:00,shipped
6956,90,2025-01-26 14:34:00,delivered
6957,311,2026-07-09 14:05:00,delivered
6958,945,2026-10-26 07:28:00,shipped
6959,835,2025-06-24 11:02:00,delivered
6960,413,2026-11-06 10:39:00,processing
6961,42,2026-03-20 05:47:00,shipped
6962,154,2025-05-05 01:32:00,delivered
6963,661,2026-03-09 08:25:00,delivered
6964,976,2024-12-04 08:59:00,processing
6965,794,2025-04-20 11:16:00,delivered
6966,610,2025-11-06 05:07:00,processing
6967,105,2025-12-29 12:02:00,delivered
6968,517,2026-07-14 02:00:00,delivered
6969,47,2025-03-05 10:55:00,shipped
6970,637,2025-08-18 12:27:00,pending
6971,307,2024-04-30 06:30:00,shipped
6972,452,2025-07-19 14:27:00,delivered
6973,597,2024-09-07 21:47:00,delivered
6974,437,2024-06-15 05:11:00,processing
6975,347,2024-03-31 07:46:00,delivered
6976,697,2026-04-09 22:20:00,cancelled
6977,565,2026-04-17 22:32:00,delivered
6978,719,2024-05-23 20:36:00,cancelled
6979,46,2024-03-27 09:07:00,shipped
6980,617,2025-03-29 06:13:00,shipped
6981,866,2026-05-01 22:45:00,delivered
6982,2,2024-07-24 07:32:00,shipped
6983,768,2024-01-01 00:10:00,delivered
6984,805,2026-09-13 06:50:00,delivered
6985,109,2024-03-04 02:11:00,delivered
6986,831,2025-12-25 14:06:00,cancelled
6987,95,2026-02-06 17:03:00,shipped
6988,937,2024-07-04 19:18:00,delivered
6989,790,2024-08-25 06:58:00,shipped
6990,804,2026-02-04 01:56:00,shipped
6991,124,2024-07-13 21:52:00,delivered
6992,608,2025-03-31 18:26:00,delivered
6993,84,2026-10-24 13:50:00,delivered
6994,79,2026-09-16 00:34:00,pending
6995,319,2024-10-29 19:54:00,processing
6996,167,2026-01-18 00:31:00,cancelled
6997,719,2024-07-26 19:27:00,pending
6998,986,2025-03-26 06:52:00,processing
6999,781,2025-02-02 08:36:00,shipped
7000,985,2024-10-03 01:36:00,delivered
7001,881,2025-06-27 01:42:00,pending
7002,847,2025-03-12 15:55:00,delivered
7003,959,2026-08-22 15:23:00,delivered
7004,358,2026-02-28 04:45:00,shipped
7005,554,2024-01-15 12:25:00,processing
7006,708,2025-01-06 13:50:00,cancelled
7007,135,2024-03-08 20:14:00,cancelled
7008,398,2026-01-28 02:27:00,shipped
7009,690,2024-07-10 05:07:00,processing
7010,442,2024-04-08 20:04:00,delivered
7011,921,2024-09-05 21:46:00,processing
7012,685,2025-04-16 21:39:00,delivered
7013,949,2025-03-29 06:03:00,processing
7014,366,2026-11-06 15:37:00,delivered
7015,139,2024-05-01 13:50:00,processing
7016,118,2025-08-05 21:21:00,delivered
7017,569,2026-10-31 22:38:00,cancelled
7018,836,2024-08-03 00:56:00,delivered
7019,397,2024-08-08 18:48:00,shipped
7020,561,2024-04-09 09:22:00,pending
7021,168,2024-07-01 02:09:00,delivered
7022,863,2025-03-20 13:00:00,delivered
7023,415,2025-07-15 03:44:00,delivered
7024,788,2024-01-28 08:16:00,delivered
7025,827,2026-04-13 01:56:00,delivered
7026,78,2026-10-20 03:16:00,pending
7027,794,2025-04-28 08:27:00,delivered
7028,270,2025-07-28 18:56:00,shipped
7029,840,2026-04-07 00:37:00,delivered
7030,871,2025-11-11 16:02:00,shipped
7031,135,2026-07-24 08:21:00,shipped
7032,609,2025-03-27 21:39:00,delivered
7033,937,2025-12-14 18:41:00,pending
7034,265,2024-10-17 19:17:00,pending
7035,147,2024-02-02 09:39:00,shipped
7036,953,2026-06-26 13:11:00,shipped
7037,196,2026-12-28 09:29:00,shipped
7038,400,2024-06-24 19:51:00,shipped
7039,46,2024-07-15 12:54:00,cancelled
7040,508,2024-10-11 16:40:00,shipped
7041,481,2025-08-24 21:45:00,shipped
7042,532,2025-10-17 18:58:00,pending
7043,990,2026-03-04 04:38:00,delivered
7044,981,2026-03-05 02:07:00,delivered
7045,397,2024-10-07 23:34:00,shipped
7046,9,2025-01-23 09:38:00,delivered
7047,277,2026-03-30 17:38:00,cancelled
7048,805,2026-04-25 15:41:00,pending
7049,406,2026-01-26 12:10:00,delivered
7050,764,2026-10-02 21:18:00,pending
7051,65,2026-01-15 15:08:00,processing
7052,735,2024-10-29 10:09:00,shipped
7053,985,2025-02-19 10:09:00,shipped
7054,761,2026-03-10 01:00:00,delivered
7055,764,2026-12-06 19:19:00,delivered
7056,900,2024-05-08 14:11:00,processing
7057,979,2024-04-25 10:49:00,processing
7058,641,2026-01-07 23:57:00,processing
7059,204,2024-06-28 06:46:00,processing
7060,279,2026-01-30 13:01:00,shipped
7061,984,2025-04-15 09:42:00,processing
7062,154,2024-09-16 23:45:00,delivered
7063,7,2024-06-23 04:58:00,delivered
7064,278,2025-06-12 23:14:00,delivered
7065,812,2025-07-21 22:41:00,delivered
7066,288,2024-03-04 17:59:00,delivered
7067,525,2025-03-31 08:44:00,cancelled
7068,879,2025-02-07 21:53:00,delivered
7069,897,2026-09-13 18:48:00,delivered
7070,706,2025-09-14 01:48:00,processing
7071,951,2024-08-23 13:59:00,delivered
7072,234,2024-07-08 06:31:00,delivered
7073,580,2026-11-24 02:32:00,processing
7074,16,2024-03-28 21:36:00,shipped
7075,883,2025-09-28 05:26:00,shipped
7076,475,2026-11-29 19:48:00,delivered
7077,831,2025-03-20 21:21:00,shipped
7078,485,2026-07-13 09:49:00,cancelled
7079,356,2024-09-18 13:13:00,delivered
7080,308,2026-10-25 16:34:00,processing
7081,767,2026-10-08 20:09:00,shipped
7082,303,2025-01-15 04:40:00,shipped
7083,335,2024-08-27 02:57:00,delivered
7084,540,2025-01-17 17:01:00,shipped
7085,256,2025-05-30 10:23:00,processing
7086,754,2026-12-15 05:32:00,cancelled
7087,163,2024-01-15 08:28:00,shipped
7088,446,2026-02-16 12:45:00,pending
7089,132,2026-10-11 09:20:00,delivered
7090,848,2026-10-22 14:05:00,delivered
7091,133,2024-04-23 20:30:00,shipped
7092,74,2025-03-16 22:58:00,shipped
7093,369,2025-01-23 03:23:00,delivered
7094,727,2024-10-06 12:08:00,pending
7095,671,2024-03-11 15:53:00,shipped
7096,921,2024-06-17 08:50:00,cancelled
7097,226,2024-01-08 20:52:00,processing
7098,825,2026-03-04 02:17:00,cancelled
7099,365,2024-10-18 18:50:00,delivered
7100,392,2025-09-18 11:45:00,delivered
7101,278,2025-02-23 06:04:00,delivered
7102,628,2026-09-07 03:51:00,processing
7103,872,2026-01-12 07:14:00,delivered
7104,909,2025-07-20 18:59:00,delivered
7105,638,2026-06-04 19:29:00,pending
7106,26,2024-04-03 23:13:00,delivered
7107,310,2025-04-08 09:19:00,delivered
7108,509,2026-01-16 23:45:00,delivered
7109,365,2026-04-26 20:04:00,delivered
7110,537,2026-11-03 02:53:00,cancelled
7111,525,2026-04-06 01:45:00,cancelled
7112,829,2024-09-24 03:23:00,delivered
7113,158,2026-10-19 19:16:00,processing
7114,448,2025-03-25 16:08:00,delivered
7115,296,2024-04-02 06:13:00,processing
7116,172,2025-01-16 07:55:00,delivered
7117,271,2024-03-24 14:00:00,shipped
7118,212,2024-08-28 09:46:00,cancelled
7119,756,2026-12-11 06:51:00,shipped
7120,475,2025-09-26 14:30:00,delivered
7121,509,2025-06-07 00:29:00,pending
7122,413,2026-02-27 13:55:00,cancelled
7123,781,2025-12-24 12:00:00,pending
7124,991,2026-07-09 12:45:00,processing
7125,876,2024-11-12 03:55:00,cancelled
7126,807,2024-09-17 03:37:00,delivered
7127,218,2026-10-28 13:55:00,cancelled
7128,169,2026-09-11 17:50:00,shipped
7129,451,2024-09-30 13:16:00,delivered
7130,221,2025-02-25 06:54:00,pending
7131,307,2026-01-07 20:37:00,cancelled
7132,442,2024-12-06 21:48:00,pending
7133,412,2026-04-01 21:25:00,pending
7134,280,2025-12-22 07:06:00,processing
7135,259,2025-06-25 06:21:00,delivered
7136,745,2025-07-21 18:56:00,cancelled
7137,94,2024-08-18 16:42:00,shipped
7138,881,2026-06-05 11:06:00,processing
7139,268,2025-01-06 03:01:00,delivered
7140,768,2025-04-26 14:35:00,delivered
7141,486,2024-02-08 09:35:00,delivered
7142,961,2025-04-06 12:16:00,delivered
7143,542,2024-07-13 02:44:00,shipped
7144,347,2025-12-17 11:47:00,cancelled
7145,566,2026-02-01 18:59:00,shipped
7146,76,2025-05-20 15:36:00,delivered
7147,944,2024-08-01 06:48:00,delivered
7148,199,2026-03-17 10:36:00,delivered
7149,501,2026-03-29 14:27:00,delivered
7150,488,2026-09-26 11:36:00,processing
7151,808,2026-05-20 02:13:00,delivered
7152,317,2024-07-01 15:16:00,cancelled
7153,75,2025-12-09 07:49:00,delivered
7154,569,2024-02-18 17:41:00,delivered
7155,305,2025-01-01 13:50:00,delivered
7156,134,2025-01-28 06:38:00,delivered
7157,696,2026-09-30 12:07:00,shipped
7158,29,2024-03-08 03:04:00,pending
7159,625,2024-08-05 10:19:00,delivered
7160,1,2025-09-22 09:11:00,delivered
7161,423,2025-05-29 15:39:00,processing
7162,77,2025-06-19 18:38:00,pending
7163,3,2026-12-10 12:06:00,delivered
7164,394,2025-05-27 14:45:00,delivered
7165,320,2024-07-02 10:57:00,delivered
7166,544,2024-02-24 12:29:00,delivered
7167,587,2026-02-19 14:42:00,processing
7168,463,2025-01-06 01:37:00,delivered
7169,122,2024-04-02 05:48:00,processing
7170,186,2026-06-04 09:14:00,delivered
7171,59,2026-01-15 16:51:00,shipped
7172,580,2026-06-17 05:57:00,shipped
7173,372,2026-08-18 03:42:00,delivered
7174,662,2026-01-15 11:58:00,delivered
7175,633,2025-02-04 05:49:00,delivered
7176,479,2024-01-15 03:07:00,delivered
7177,316,2024-07-15 14:43:00,delivered
7178,641,2025-01-09 23:53:00,delivered
7179,5,2026-05-18 16:21:00,shipped
7180,566,2026-05-10 02:02:00,cancelled
7181,537,2025-12-03 21:38:00,delivered
7182,965,2025-12-11 16:24:00,cancelled
7183,491,2025-08-23 06:44:00,cancelled
7184,876,2026-04-21 08:17:00,delivered
7185,53,2024-12-10 12:12:00,processing
7186,406,2026-10-06 21:27:00,delivered
7187,784,2025-12-19 19:25:00,delivered
7188,818,2025-06-24 23:21:00,delivered
7189,672,2026-03-04 12:39:00,shipped
7190,598,2025-06-26 14:47:00,pending
7191,363,2025-05-03 08:54:00,shipped
7192,259,2025-10-16 20:02:00,delivered
7193,133,2025-06-02 00:49:00,shipped
7194,454,2026-10-11 05:38:00,delivered
7195,573,2025-07-12 21:53:00,delivered
7196,626,2026-03-26 10:56:00,processing
7197,639,2025-06-13 10:56:00,pending
7198,452,2025-12-16 08:35:00,delivered
7199,34,2026-09-14 16:00:00,shipped
7200,545,2025-03-18 06:46:00,delivered
7201,948,2026-04-05 18:12:00,processing
7202,622,2024-09-04 07:26:00,delivered
7203,311,2026-12-10 01:44:00,cancelled
7204,831,2024-02-29 15:14:00,delivered
7205,57,2025-07-16 02:22:00,pending
7206,902,2026-03-02 06:11:00,delivered
7207,724,2025-06-11 00:20:00,processing
7208,822,2024-10-16 13:23:00,delivered
7209,891,2026-12-27 14:40:00,delivered
7210,211,2025-02-17 09:59:00,shipped
7211,288,2026-05-24 08:44:00,cancelled
7212,808,2026-03-18 13:47:00,pending
7213,224,2024-10-06 15:12:00,delivered
7214,585,2026-08-29 08:07:00,shipped
7215,151,2024-04-19 22:48:00,delivered
7216,838,2024-05-22 01:56:00,pending
7217,184,2026-09-28 13:02:00,delivered
7218,547,2024-08-13 21:55:00,delivered
7219,118,2026-03-13 09:33:00,shipped
7220,903,2026-08-03 15:36:00,delivered
7221,208,2026-11-27 06:15:00,delivered
7222,23,2026-05-24 02:16:00,shipped
7223,911,2025-10-20 14:55:00,delivered
7224,277,2026-08-26 16:37:00,processing
7225,350,2024-02-16 11:42:00,delivered
7226,657,2025-01-10 13:02:00,processing
7227,479,2024-02-29 23:25:00,delivered
7228,482,2025-11-15 13:48:00,delivered
7229,493,2024-06-23 20:54:00,cancelled
7230,555,2024-09-02 05:38:00,processing
7231,905,2026-03-28 03:55:00,processing
7232,113,2024-09-17 06:31:00,delivered
7233,373,2026-12-02 09:43:00,processing
7234,755,2025-02-28 07:31:00,shipped
7235,513,2026-07-02 00:21:00,cancelled
7236,518,2024-01-24 15:37:00,pending
7237,46,2026-04-08 20:23:00,processing
7238,31,2026-05-25 08:02:00,delivered
7239,989,2026-07-20 16:13:00,delivered
7240,698,2025-09-09 14:33:00,delivered
7241,525,2025-02-05 00:14:00,shipped
7242,862,2025-12-20 14:13:00,shipped
7243,887,2025-11-03 21:18:00,delivered
7244,8,2025-08-19 08:39:00,processing
7245,190,2026-11-18 01:39:00,pending
7246,121,2026-07-14 17:55:00,delivered
7247,251,2026-03-09 08:15:00,delivered
7248,85,2026-05-26 15:47:00,delivered
7249,765,2026-10-26 08:16:00,cancelled
7250,911,2024-03-26 17:35:00,delivered
7251,923,2025-10-08 23:37:00,processing
7252,205,2025-01-16 20:02:00,delivered
7253,909,2026-01-31 13:00:00,delivered
7254,845,2025-12-01 04:27:00,delivered
7255,800,2024-04-20 03:47:00,shipped
7256,212,2024-03-18 04:38:00,cancelled
7257,675,2026-04-03 12:12:00,processing
7258,983,2024-12-04 07:22:00,delivered
7259,410,2025-12-23 08:00:00,cancelled
7260,31,2026-06-20 19:41:00,delivered
7261,823,2025-12-24 08:51:00,delivered
7262,62,2025-01-03 21:29:00,processing
7263,168,2024-02-22 03:09:00,delivered
7264,644,2026-01-01 06:05:00,delivered
7265,944,2025-10-30 00:01:00,shipped
7266,206,2024-06-09 21:34:00,processing
7267,40,2026-02-26 16:08:00,delivered
7268,57,2025-09-08 16:55:00,processing
7269,710,2024-03-07 18:15:00,cancelled
7270,58,2025-12-10 09:33:00,shipped
7271,460,2025-03-21 16:22:00,shipped
7272,845,2026-09-21 19:28:00,delivered
7273,601,2026-12-12 23:09:00,shipped
7274,734,2025-11-05 20:43:00,shipped
7275,539,2024-08-02 11:54:00,pending
7276,161,2026-09-22 04:55:00,delivered
7277,784,2026-11-21 04:27:00,cancelled
7278,873,2024-09-26 18:22:00,delivered
7279,101,2026-10-30 10:11:00,delivered
7280,374,2026-08-14 21:26:00,delivered
7281,803,2026-12-13 21:46:00,pending
7282,927,2025-11-24 18:02:00,processing
7283,960,2026-11-17 03:36:00,shipped
7284,745,2025-11-03 09:16:00,delivered
7285,465,2026-03-04 03:43:00,delivered
7286,16,2025-08-25 16:35:00,shipped
7287,758,2024-08-23 22:54:00,shipped
7288,32,2026-11-11 18:08:00,delivered
7289,296,2026-04-13 22:18:00,pending
7290,940,2025-11-11 00:28:00,cancelled
7291,423,2026-01-09 11:50:00,shipped
7292,715,2025-03-06 11:55:00,shipped
7293,524,2024-06-08 01:32:00,delivered
7294,138,2024-11-08 14:28:00,delivered
7295,308,2026-07-04 14:40:00,delivered
7296,505,2025-07-10 11:36:00,delivered
7297,379,2025-08-04 22:07:00,processing
7298,527,2026-07-05 04:54:00,shipped
7299,601,2025-05-23 15:38:00,delivered
7300,40,2024-02-04 15:03:00,delivered
7301,896,2025-11-08 11:38:00,cancelled
7302,561,2025-09-27 18:44:00,delivered
7303,473,2025-06-27 23:54:00,delivered
7304,447,2026-05-23 04:12:00,delivered
7305,350,2026-05-13 21:54:00,delivered
7306,158,2025-11-06 11:37:00,processing
7307,924,2024-03-02 05:49:00,delivered
7308,458,2025-06-23 19:46:00,delivered
7309,385,2025-09-08 03:50:00,processing
7310,795,2024-11-09 15:09:00,delivered
7311,407,2026-01-08 06:51:00,pending
7312,290,2026-01-23 03:44:00,delivered
7313,283,2024-07-30 15:58:00,cancelled
7314,839,2024-04-11 01:21:00,shipped
7315,374,2025-11-19 17:15:00,delivered
7316,362,2025-12-29 19:21:00,delivered
7317,373,2026-06-10 05:07:00,shipped
7318,572,2025-03-15 06:23:00,delivered
7319,951,2026-09-17 22:55:00,delivered
7320,425,2026-11-08 01:35:00,delivered
7321,628,2025-12-30 00:19:00,cancelled
7322,762,2024-07-06 00:32:00,shipped
7323,735,2024-04-14 09:12:00,pending
7324,91,2026-01-28 10:43:00,delivered
7325,329,2024-11-20 02:40:00,delivered
7326,468,2025-04-19 07:25:00,delivered
7327,909,2024-04-04 19:43:00,cancelled
7328,892,2024-05-20 21:43:00,shipped
7329,537,2026-11-26 16:34:00,shipped
7330,696,2024-02-20 02:02:00,shipped
7331,810,2025-02-07 19:05:00,pending
7332,379,2025-02-23 05:02:00,processing
7333,292,2024-04-09 01:39:00,delivered
7334,703,2025-05-01 22:13:00,cancelled
7335,444,2025-05-12 15:37:00,pending
7336,932,2024-01-05 21:42:00,delivered
7337,557,2026-07-05 16:10:00,cancelled
7338,975,2024-05-08 17:34:00,delivered
7339,541,2025-08-31 09:28:00,delivered
7340,771,2026-04-24 14:27:00,shipped
7341,766,2025-07-13 04:47:00,pending
7342,239,2025-09-04 16:44:00,pending
7343,302,2025-01-16 23:49:00,shipped
7344,300,2026-09-11 08:09:00,delivered
7345,423,2025-09-20 08:54:00,pending
7346,475,2025-02-01 21:48:00,processing
7347,507,2026-06-08 13:15:00,shipped
7348,804,2025-11-01 16:05:00,delivered
7349,563,2026-08-29 14:52:00,delivered
7350,280,2024-12-11 09:24:00,delivered
7351,680,2024-06-29 09:59:00,cancelled
7352,394,2025-03-20 18:39:00,delivered
7353,256,2024-07-07 10:21:00,delivered
7354,414,2025-09-28 20:09:00,processing
7355,286,2024-01-21 04:40:00,shipped
7356,813,2024-01-23 17:36:00,delivered
7357,275,2026-03-06 12:26:00,delivered
7358,828,2026-11-29 02:57:00,processing
7359,551,2025-01-07 04:36:00,delivered
7360,150,2025-05-12 21:49:00,delivered
7361,999,2024-10-06 08:24:00,delivered
7362,141,2025-01-15 01:14:00,delivered
7363,236,2026-09-22 22:35:00,delivered
7364,55,2026-03-03 21:45:00,pending
7365,528,2026-04-27 15:58:00,shipped
7366,905,2026-12-02 10:31:00,delivered
7367,53,2025-06-27 10:20:00,delivered
7368,703,2025-10-28 21:49:00,shipped
7369,409,2026-01-31 14:32:00,shipped
7370,694,2024-01-05 01:56:00,shipped
7371,69,2024-09-26 12:40:00,delivered
7372,668,2026-05-19 08:40:00,shipped
7373,617,2025-06-24 06:26:00,cancelled
7374,170,2026-08-14 01:23:00,shipped
7375,262,2026-06-08 11:12:00,delivered
7376,819,2025-06-02 05:02:00,pending
7377,155,2024-06-28 21:32:00,shipped
7378,257,2026-07-22 22:06:00,delivered
7379,141,2024-04-13 07:20:00,pending
7380,589,2024-07-08 18:33:00,shipped
7381,967,2024-02-14 10:26:00,shipped
7382,104,2025-04-27 07:20:00,delivered
7383,561,2025-10-16 01:34:00,pending
7384,270,2025-01-19 05:53:00,processing
7385,577,2026-10-22 15:57:00,shipped
7386,728,2025-02-23 05:54:00,delivered
7387,606,2024-04-07 08:08:00,processing
7388,562,2024-07-15 00:25:00,pending
7389,762,2026-11-01 19:04:00,delivered
7390,503,2024-03-29 01:23:00,processing
7391,618,2024-06-15 16:17:00,shipped
7392,922,2025-08-28 18:53:00,delivered
7393,371,2024-02-12 10:54:00,processing
7394,20,2025-01-04 11:39:00,delivered
7395,98,2024-08-19 09:13:00,shipped
7396,516,2025-01-31 01:19:00,cancelled
7397,7,2026-09-18 15:46:00,delivered
7398,737,2026-01-20 03:14:00,pending
7399,79,2024-01-23 19:48:00,processing
7400,911,2024-10-13 03:25:00,delivered
7401,467,2025-08-11 10:51:00,cancelled
7402,843,2026-07-30 03:18:00,cancelled
7403,245,2024-11-13 01:18:00,processing
7404,625,2024-09-15 14:18:00,processing
7405,90,2025-01-02 13:27:00,shipped
7406,408,2024-03-29 05:14:00,processing
7407,89,2026-04-27 11:21:00,delivered
7408,429,2024-10-25 08:29:00,shipped
7409,347,2024-11-02 13:29:00,cancelled
7410,916,2024-04-20 21:15:00,shipped
7411,914,2026-08-26 23:03:00,processing
7412,742,2025-10-05 03:00:00,pending
7413,984,2025-12-30 23:54:00,delivered
7414,702,2026-06-13 17:31:00,pending
7415,593,2024-01-06 10:29:00,cancelled
7416,792,2024-05-25 05:05:00,delivered
7417,94,2026-02-23 14:55:00,delivered
7418,208,2025-01-04 07:23:00,delivered
7419,193,2025-04-15 22:58:00,processing
7420,645,2026-01-28 08:33:00,shipped
7421,597,2025-10-16 02:55:00,delivered
7422,339,2026-08-26 01:57:00,shipped
7423,304,2025-01-20 04:55:00,processing
7424,541,2025-04-10 01:09:00,shipped
7425,406,2025-06-26 13:47:00,delivered
7426,343,2025-11-08 23:07:00,delivered
7427,147,2024-03-11 09:04:00,delivered
7428,669,2024-05-12 10:45:00,shipped
7429,517,2024-03-08 10:06:00,pending
7430,227,2025-01-24 09:25:00,delivered
7431,741,2025-05-22 07:26:00,processing
7432,244,2024-01-14 10:30:00,delivered
7433,378,2025-09-11 06:29:00,delivered
7434,55,2024-01-06 18:52:00,delivered
7435,289,2024-09-01 12:49:00,cancelled
7436,239,2026-07-12 14:02:00,delivered
7437,151,2024-07-15 14:00:00,delivered
7438,765,2025-07-06 14:03:00,processing
7439,189,2025-11-29 22:44:00,delivered
7440,174,2025-04-03 06:58:00,cancelled
7441,840,2026-08-21 02:28:00,delivered
7442,868,2026-02-05 12:33:00,processing
7443,388,2026-06-29 11:02:00,shipped
7444,97,2026-10-07 23:15:00,cancelled
7445,793,2025-05-04 00:48:00,delivered
7446,59,2025-12-11 23:23:00,delivered
7447,604,2024-06-20 12:38:00,delivered
7448,194,2025-05-21 22:41:00,pending
7449,603,2025-03-09 12:18:00,delivered
7450,29,2026-11-29 19:45:00,delivered
7451,741,2025-09-06 01:24:00,shipped
7452,735,2025-08-29 11:52:00,processing
7453,758,2025-11-15 18:12:00,cancelled
7454,378,2026-08-14 00:42:00,delivered
7455,964,2026-02-21 11:00:00,delivered
7456,402,2025-01-03 00:30:00,delivered
7457,664,2025-10-18 13:09:00,delivered
7458,739,2025-01-08 14:07:00,delivered
7459,839,2024-11-23 13:01:00,delivered
7460,955,2026-02-23 23:52:00,cancelled
7461,125,2026-06-12 16:55:00,delivered
7462,758,2024-08-28 00:38:00,delivered
7463,807,2025-03-27 13:53:00,pending
7464,665,2024-05-19 18:17:00,delivered
7465,4,2024-05-17 20:29:00,pending
7466,894,2025-02-06 04:31:00,delivered
7467,683,2024-12-10 16:01:00,shipped
7468,865,2026-12-08 14:29:00,delivered
7469,872,2026-10-12 01:05:00,shipped
7470,603,2026-08-08 04:44:00,shipped
7471,133,2024-07-24 03:36:00,shipped
7472,664,2026-04-01 09:27:00,pending
7473,503,2026-07-09 06:40:00,shipped
7474,609,2026-01-11 12:44:00,delivered
7475,703,2024-08-17 18:52:00,processing
7476,38,2025-12-26 03:13:00,shipped
7477,246,2026-07-30 09:46:00,delivered
7478,687,2024-12-23 11:02:00,pending
7479,366,2024-08-04 13:29:00,delivered
7480,901,2026-12-11 13:40:00,delivered
7481,372,2024-09-04 17:08:00,delivered
7482,502,2026-10-14 08:32:00,shipped
7483,289,2026-10-19 14:38:00,processing
7484,885,2025-11-13 20:35:00,shipped
7485,550,2025-04-26 11:24:00,delivered
7486,605,2026-08-19 03:11:00,shipped
7487,792,2024-03-14 02:39:00,processing
7488,714,2026-02-17 08:27:00,delivered
7489,127,2024-10-31 12:51:00,delivered
7490,592,2024-07-01 18:26:00,cancelled
7491,590,2025-01-22 06:23:00,processing
7492,39,2025-03-11 20:04:00,processing
7493,569,2026-09-06 17:13:00,pending
7494,657,2026-03-16 16:08:00,delivered
7495,756,2026-09-04 11:14:00,processing
7496,864,2025-11-09 05:27:00,delivered
7497,55,2024-10-05 19:43:00,shipped
7498,563,2026-10-02 08:30:00,delivered
7499,117,2025-01-16 17:10:00,shipped
7500,876,2025-02-07 09:47:00,shipped
7501,463,2025-04-17 18:10:00,delivered
7502,141,2025-03-28 02:28:00,delivered
7503,523,2026-06-02 10:57:00,cancelled
7504,813,2025-05-15 18:41:00,shipped
7505,739,2026-06-18 11:53:00,delivered
7506,664,2024-04-23 10:20:00,cancelled
7507,710,2026-10-10 23:30:00,delivered
7508,577,2024-06-10 14:19:00,processing
7509,937,2024-09-14 21:19:00,processing
7510,657,2025-10-15 06:22:00,processing
7511,948,2024-06-05 02:44:00,shipped
7512,361,2024-03-05 18:09:00,delivered
7513,471,2024-11-19 01:39:00,shipped
7514,36,2025-01-20 12:37:00,delivered
7515,383,2026-07-12 20:22:00,cancelled
7516,191,2025-06-09 06:12:00,delivered
7517,417,2026-02-12 14:00:00,delivered
7518,550,2025-10-07 10:01:00,shipped
7519,778,2025-07-11 07:49:00,cancelled
7520,659,2025-07-12 08:51:00,processing
7521,805,2024-05-18 00:19:00,processing
7522,499,2026-08-28 08:39:00,processing
7523,286,2024-11-03 03:58:00,cancelled
7524,110,2026-12-10 02:32:00,delivered
7525,656,2026-05-01 19:57:00,cancelled
7526,657,2024-08-20 06:09:00,delivered
7527,884,2025-05-17 11:28:00,cancelled
7528,329,2025-03-06 16:19:00,delivered
7529,910,2024-06-07 03:05:00,shipped
7530,512,2024-03-17 06:19:00,delivered
7531,406,2024-04-18 20:05:00,delivered
7532,858,2026-04-23 09:53:00,cancelled
7533,704,2024-11-26 12:11:00,shipped
7534,964,2025-11-15 10:18:00,shipped
7535,167,2024-01-07 05:07:00,delivered
7536,350,2025-05-28 12:39:00,delivered
7537,174,2024-10-22 21:15:00,delivered
7538,5,2026-09-30 02:48:00,shipped
7539,683,2025-08-27 07:17:00,shipped
7540,935,2024-05-07 19:59:00,shipped
7541,949,2025-06-14 15:43:00,pending
7542,678,2024-04-13 13:03:00,delivered
7543,256,2026-12-12 02:03:00,shipped
7544,793,2026-01-02 03:25:00,processing
7545,137,2024-06-01 08:40:00,delivered
7546,88,2024-12-29 00:58:00,processing
7547,299,2024-08-06 15:21:00,shipped
7548,393,2026-11-19 01:57:00,delivered
7549,447,2025-06-02 21:53:00,pending
7550,750,2025-11-18 08:07:00,processing
7551,691,2025-02-07 13:25:00,shipped
7552,823,2024-01-26 04:33:00,shipped
7553,963,2024-05-17 10:57:00,shipped
7554,778,2025-10-16 17:07:00,shipped
7555,628,2024-07-21 21:23:00,delivered
7556,562,2024-12-15 18:03:00,delivered
7557,182,2025-09-14 18:11:00,processing
7558,834,2024-08-25 20:43:00,processing
7559,290,2024-11-23 18:37:00,cancelled
7560,277,2026-10-28 03:18:00,processing
7561,8,2024-06-21 06:52:00,delivered
7562,371,2026-03-23 18:37:00,processing
7563,124,2025-08-05 05:26:00,shipped
7564,6,2024-09-04 05:52:00,delivered
7565,111,2026-07-11 09:56:00,pending
7566,53,2026-11-02 20:19:00,delivered
7567,447,2026-10-27 16:33:00,shipped
7568,373,2025-08-31 17:04:00,delivered
7569,151,2026-08-06 05:51:00,delivered
7570,254,2026-02-28 14:56:00,delivered
7571,973,2024-07-27 13:19:00,cancelled
7572,711,2024-09-10 10:12:00,delivered
7573,737,2024-08-20 17:41:00,pending
7574,98,2024-07-20 06:03:00,delivered
7575,904,2024-10-08 06:06:00,shipped
7576,849,2026-12-28 05:56:00,cancelled
7577,297,2025-01-09 17:16:00,cancelled
7578,997,2024-01-26 23:08:00,processing
7579,744,2025-05-30 12:11:00,cancelled
7580,489,2024-06-16 20:15:00,cancelled
7581,162,2024-01-21 04:20:00,processing
7582,856,2025-06-02 05:15:00,delivered
7583,452,2024-03-21 14:30:00,shipped
7584,319,2024-10-02 19:58:00,delivered
7585,668,2026-10-07 20:45:00,cancelled
7586,437,2026-03-20 15:19:00,pending
7587,553,2026-10-19 15:55:00,processing
7588,41,2026-07-08 20:21:00,processing
7589,300,2024-04-16 00:15:00,delivered
7590,716,2024-03-14 11:54:00,pending
7591,705,2026-10-06 04:18:00,delivered
7592,824,2024-10-08 11:17:00,processing
7593,355,2025-08-15 02:27:00,delivered
7594,683,2026-12-25 18:42:00,processing
7595,183,2026-09-21 13:48:00,delivered
7596,772,2025-04-24 18:35:00,shipped
7597,190,2025-03-25 17:42:00,processing
7598,565,2024-12-12 16:36:00,processing
7599,391,2025-01-27 21:40:00,processing
7600,855,2026-07-29 17:41:00,shipped
7601,22,2026-09-06 23:58:00,pending
7602,185,2025-04-20 11:57:00,cancelled
7603,792,2025-04-18 02:33:00,delivered
7604,377,2025-04-26 02:52:00,pending
7605,437,2025-01-18 21:05:00,delivered
7606,327,2025-05-25 09:45:00,delivered
7607,59,2025-12-09 00:52:00,delivered
7608,876,2024-01-07 15:30:00,shipped
7609,741,2025-09-01 18:18:00,delivered
7610,625,2026-03-29 06:50:00,shipped
7611,387,2026-10-30 13:45:00,cancelled
7612,129,2024-05-24 07:34:00,cancelled
7613,832,2025-10-28 18:22:00,pending
7614,800,2025-06-10 17:17:00,delivered
7615,285,2024-12-16 05:57:00,shipped
7616,341,2025-11-20 03:12:00,delivered
7617,845,2025-01-21 22:02:00,delivered
7618,628,2024-05-17 11:18:00,pending
7619,424,2025-03-02 21:44:00,shipped
7620,943,2024-07-22 00:38:00,shipped
7621,317,2025-12-02 03:43:00,processing
7622,882,2026-05-28 07:25:00,delivered
7623,752,2024-01-21 10:46:00,pending
7624,67,2026-10-03 07:31:00,delivered
7625,928,2024-10-18 04:15:00,shipped
7626,430,2026-09-24 16:50:00,delivered
7627,890,2024-03-21 22:12:00,delivered
7628,846,2024-12-19 06:40:00,delivered
7629,115,2024-10-13 16:05:00,shipped
7630,909,2026-12-13 19:41:00,delivered
7631,769,2025-04-16 11:55:00,shipped
7632,454,2025-10-17 04:52:00,processing
7633,925,2024-11-26 14:47:00,shipped
7634,596,2026-05-16 07:48:00,delivered
7635,913,2025-03-21 02:05:00,shipped
7636,862,2025-02-25 07:06:00,delivered
7637,548,2026-10-28 12:10:00,cancelled
7638,56,2026-06-03 23:49:00,shipped
7639,995,2025-06-15 21:53:00,pending
7640,241,2026-12-26 03:32:00,delivered
7641,250,2026-05-05 09:35:00,cancelled
7642,733,2024-07-08 21:02:00,cancelled
7643,133,2024-05-18 16:09:00,shipped
7644,724,2025-06-01 00:34:00,pending
7645,47,2024-10-02 16:16:00,cancelled
7646,65,2026-05-19 20:35:00,delivered
7647,457,2025-01-27 05:48:00,pending
7648,582,2026-09-06 00:13:00,delivered
7649,986,2024-02-12 08:12:00,delivered
7650,681,2026-10-11 08:13:00,delivered
7651,315,2025-09-17 04:06:00,pending
7652,370,2024-05-15 01:51:00,pending
7653,864,2026-03-20 00:04:00,pending
7654,300,2024-08-14 06:07:00,processing
7655,376,2025-11-14 23:29:00,delivered
7656,137,2024-04-06 23:30:00,delivered
7657,151,2024-09-18 21:14:00,delivered
7658,366,2026-05-16 22:29:00,processing
7659,88,2026-09-28 12:50:00,delivered
7660,728,2026-12-06 19:57:00,delivered
7661,964,2026-10-14 22:35:00,cancelled
7662,843,2026-07-18 15:27:00,delivered
7663,449,2026-01-29 02:13:00,delivered
7664,476,2024-06-05 04:50:00,processing
7665,550,2024-06-21 17:36:00,processing
7666,468,2024-11-25 01:17:00,delivered
7667,231,2024-03-20 08:23:00,processing
7668,259,2025-10-15 10:47:00,delivered
7669,952,2026-11-10 02:41:00,delivered
7670,468,2025-04-02 08:07:00,delivered
7671,921,2024-03-03 15:37:00,delivered
7672,798,2025-09-30 23:43:00,pending
7673,642,2024-08-07 11:56:00,delivered
7674,327,2026-11-10 10:39:00,processing
7675,583,2024-08-05 17:40:00,shipped
7676,678,2026-03-12 23:08:00,pending
7677,923,2025-07-25 09:38:00,processing
7678,242,2025-01-09 14:05:00,delivered
7679,324,2025-05-30 00:26:00,processing
7680,322,2026-05-11 14:00:00,processing
7681,56,2026-08-16 20:04:00,delivered
7682,202,2026-07-28 17:42:00,shipped
7683,57,2025-12-10 11:43:00,delivered
7684,737,2025-11-20 07:43:00,shipped
7685,290,2024-03-14 14:48:00,cancelled
7686,529,2026-04-26 14:29:00,delivered
7687,516,2026-12-12 17:51:00,delivered
7688,898,2024-12-03 20:45:00,delivered
7689,139,2024-08-04 01:47:00,pending
7690,799,2024-10-13 21:42:00,pending
7691,284,2024-02-14 19:19:00,delivered
7692,994,2024-05-19 03:50:00,processing
7693,413,2024-08-04 22:28:00,shipped
7694,504,2024-02-01 08:06:00,cancelled
7695,24,2025-09-28 17:27:00,shipped
7696,84,2026-12-04 13:16:00,cancelled
7697,153,2026-06-06 04:49:00,shipped
7698,844,2026-10-16 01:44:00,shipped
7699,562,2026-04-28 15:05:00,processing
7700,17,2024-08-28 16:29:00,delivered
7701,15,2025-04-17 07:10:00,shipped
7702,796,2024-04-06 22:18:00,delivered
7703,230,2024-02-29 14:15:00,processing
7704,861,2026-02-09 21:27:00,delivered
7705,580,2026-09-15 21:57:00,shipped
7706,831,2024-05-02 06:40:00,delivered
7707,268,2025-04-11 16:06:00,delivered
7708,453,2026-10-21 18:36:00,processing
7709,414,2024-11-25 09:29:00,pending
7710,876,2026-12-16 03:06:00,cancelled
7711,697,2025-01-27 01:05:00,delivered
7712,787,2025-08-13 07:08:00,processing
7713,834,2025-06-25 11:44:00,shipped
7714,381,2024-07-17 16:50:00,processing
7715,475,2026-01-22 19:05:00,delivered
7716,487,2024-04-26 00:15:00,shipped
7717,926,2026-07-31 08:12:00,delivered
7718,159,2025-12-26 12:51:00,delivered
7719,304,2024-02-28 22:21:00,processing
7720,142,2025-10-07 02:56:00,delivered
7721,159,2025-02-24 03:04:00,delivered
7722,265,2024-08-11 20:04:00,processing
7723,857,2024-02-25 20:08:00,pending
7724,12,2026-09-28 03:15:00,delivered
7725,666,2025-02-21 01:50:00,pending
7726,893,2024-09-20 05:04:00,cancelled
7727,317,2025-06-26 05:41:00,delivered
7728,803,2026-06-15 20:15:00,delivered
7729,375,2025-02-13 17:16:00,delivered
7730,324,2026-05-19 03:07:00,delivered
7731,112,2025-10-02 21:48:00,delivered
7732,733,2025-09-29 08:47:00,processing
7733,812,2024-06-23 17:17:00,delivered
7734,338,2025-10-06 06:28:00,delivered
7735,899,2025-10-10 17:09:00,shipped
7736,131,2026-01-25 01:34:00,processing
7737,872,2025-09-28 01:11:00,delivered
7738,137,2025-02-03 11:35:00,shipped
7739,236,2025-12-13 16:03:00,delivered
7740,972,2025-11-13 20:10:00,delivered
7741,31,2025-11-19 00:59:00,delivered
7742,324,2024-04-03 15:45:00,delivered
7743,91,2026-07-12 06:23:00,shipped
7744,809,2025-08-26 04:22:00,processing
7745,721,2026-08-27 15:31:00,delivered
7746,293,2025-07-14 18:24:00,shipped
7747,602,2025-05-17 01:19:00,shipped
7748,827,2024-04-18 01:27:00,pending
7749,582,2026-12-25 16:59:00,processing
7750,305,2026-06-08 04:47:00,delivered
7751,373,2026-01-17 06:31:00,delivered
7752,234,2025-12-21 20:55:00,shipped
7753,824,2026-02-16 00:37:00,processing
7754,125,2024-02-15 08:01:00,delivered
7755,881,2026-01-08 08:51:00,cancelled
7756,749,2025-02-09 19:27:00,pending
7757,774,2026-06-08 01:36:00,delivered
7758,630,2025-03-31 04:53:00,delivered
7759,259,2026-08-17 00:28:00,delivered
7760,407,2024-10-05 11:42:00,cancelled
7761,814,2024-08-01 22:30:00,shipped
7762,128,2026-03-18 01:13:00,processing
7763,61,2025-04-18 23:43:00,cancelled
7764,796,2025-08-31 07:43:00,delivered
7765,521,2026-12-23 08:17:00,cancelled
7766,471,2026-01-02 04:43:00,cancelled
7767,438,2024-07-04 15:37:00,cancelled
7768,584,2026-04-28 23:16:00,shipped
7769,818,2025-09-19 19:44:00,delivered
7770,363,2025-12-26 14:46:00,delivered
7771,119,2024-12-20 14:46:00,processing
7772,112,2026-10-06 22:55:00,shipped
7773,746,2024-10-21 14:46:00,processing
7774,235,2024-09-28 04:59:00,delivered
7775,924,2024-02-18 05:13:00,delivered
7776,214,2026-03-18 21:58:00,processing
7777,397,2024-07-28 14:26:00,cancelled
7778,278,2024-03-03 21:17:00,cancelled
7779,285,2026-03-08 10:42:00,shipped
7780,83,2024-11-30 17:24:00,processing
7781,82,2024-09-08 00:22:00,pending
7782,140,2024-09-25 17:45:00,delivered
7783,39,2026-09-03 20:18:00,delivered
7784,347,2025-12-31 05:50:00,cancelled
7785,539,2024-10-03 14:49:00,cancelled
7786,431,2026-10-01 15:50:00,shipped
7787,212,2025-03-06 10:44:00,shipped
7788,933,2025-04-14 20:56:00,delivered
7789,749,2024-09-29 22:28:00,delivered
7790,222,2026-05-06 23:37:00,processing
7791,845,2025-12-06 03:02:00,pending
7792,389,2024-01-03 15:28:00,delivered
7793,70,2025-06-11 06:57:00,delivered
7794,258,2026-12-04 12:56:00,delivered
7795,807,2026-02-22 10:13:00,delivered
7796,70,2026-01-09 11:30:00,processing
7797,993,2024-02-23 11:11:00,pending
7798,582,2025-02-02 02:35:00,delivered
7799,32,2026-01-10 01:30:00,delivered
7800,862,2025-04-22 14:28:00,delivered
7801,927,2025-04-11 03:08:00,delivered
7802,198,2025-07-17 02:47:00,shipped
7803,349,2024-04-15 05:43:00,delivered
7804,686,2026-02-03 19:40:00,delivered
7805,714,2024-02-24 16:09:00,shipped
7806,734,2024-02-07 00:38:00,pending
7807,155,2024-12-19 00:35:00,delivered
7808,490,2024-06-23 05:48:00,processing
7809,599,2025-07-25 11:11:00,processing
7810,659,2025-10-24 18:26:00,delivered
7811,135,2025-04-25 06:04:00,delivered
7812,831,2026-11-22 23:29:00,cancelled
7813,118,2026-07-31 11:28:00,delivered
7814,31,2025-02-08 05:12:00,pending
7815,959,2026-12-12 17:03:00,delivered
7816,885,2024-01-07 19:18:00,cancelled
7817,477,2025-11-19 00:10:00,cancelled
7818,752,2025-07-26 03:14:00,cancelled
7819,49,2026-06-27 16:40:00,delivered
7820,506,2025-12-16 16:44:00,delivered
7821,333,2025-11-28 21:34:00,shipped
7822,6,2025-11-24 18:48:00,pending
7823,344,2024-03-29 09:39:00,delivered
7824,449,2024-12-26 07:25:00,shipped
7825,299,2026-03-16 04:28:00,processing
7826,440,2025-11-25 03:34:00,cancelled
7827,295,2024-10-02 01:19:00,delivered
7828,941,2025-04-07 20:35:00,shipped
7829,679,2025-10-25 01:43:00,cancelled
7830,266,2026-04-01 04:06:00,delivered
7831,396,2025-06-18 21:12:00,cancelled
7832,620,2025-02-16 18:57:00,shipped
7833,436,2026-02-12 14:16:00,cancelled
7834,453,2026-05-09 18:32:00,delivered
7835,886,2026-01-07 17:20:00,shipped
7836,636,2024-06-03 02:03:00,shipped
7837,831,2026-06-13 14:41:00,processing
7838,440,2025-08-16 02:32:00,shipped
7839,242,2026-07-10 17:39:00,delivered
7840,222,2026-07-19 15:03:00,pending
7841,164,2025-07-24 18:13:00,delivered
7842,113,2026-06-02 23:17:00,shipped
7843,687,2026-12-04 04:59:00,delivered
7844,253,2026-06-17 17:00:00,shipped
7845,3,2025-08-22 01:30:00,delivered
7846,206,2026-03-07 11:04:00,delivered
7847,859,2026-07-04 11:25:00,delivered
7848,183,2026-06-03 22:57:00,delivered
7849,776,2024-04-12 07:42:00,cancelled
7850,743,2024-11-21 15:13:00,cancelled
7851,795,2026-10-13 03:09:00,shipped
7852,913,2026-09-17 05:04:00,processing
7853,256,2024-01-10 00:35:00,delivered
7854,469,2026-11-02 18:22:00,delivered
7855,118,2026-01-22 07:09:00,delivered
7856,186,2025-11-28 12:24:00,pending
7857,595,2024-01-02 10:58:00,delivered
7858,551,2025-03-11 13:41:00,delivered
7859,715,2025-02-24 00:12:00,cancelled
7860,276,2024-05-29 07:52:00,delivered
7861,347,2025-01-22 04:37:00,delivered
7862,445,2025-06-30 19:56:00,delivered
7863,880,2026-06-27 23:51:00,shipped
7864,989,2024-02-26 23:31:00,delivered
7865,437,2024-03-31 00:31:00,shipped
7866,387,2024-07-22 08:50:00,processing
7867,893,2026-06-30 01:03:00,delivered
7868,751,2024-06-11 23:55:00,delivered
7869,317,2025-08-04 06:24:00,delivered
7870,85,2026-02-20 07:32:00,cancelled
7871,470,2026-06-13 05:55:00,pending
7872,367,2026-09-05 22:31:00,delivered
7873,853,2024-01-13 23:20:00,shipped
7874,384,2026-10-24 13:27:00,processing
7875,153,2025-08-17 17:46:00,delivered
7876,69,2025-07-15 05:31:00,delivered
7877,904,2025-04-23 20:04:00,shipped
7878,744,2026-10-27 16:30:00,processing
7879,213,2025-06-12 21:36:00,processing
7880,649,2024-11-25 04:13:00,delivered
7881,591,2026-12-09 05:07:00,shipped
7882,805,2024-02-18 00:29:00,delivered
7883,126,2025-03-09 04:42:00,delivered
7884,297,2025-07-13 16:16:00,cancelled
7885,360,2026-05-09 14:59:00,delivered
7886,73,2026-01-14 21:17:00,processing
7887,974,2026-08-09 20:44:00,shipped
7888,8,2025-08-30 10:26:00,delivered
7889,858,2025-04-17 18:05:00,delivered
7890,412,2025-09-27 11:28:00,delivered
7891,504,2026-07-10 12:59:00,shipped
7892,486,2026-06-05 12:25:00,delivered
7893,493,2026-03-18 01:35:00,shipped
7894,9,2026-10-21 21:47:00,cancelled
7895,871,2024-10-13 18:27:00,shipped
7896,902,2025-10-18 05:04:00,delivered
7897,64,2025-08-11 18:39:00,delivered
7898,507,2026-12-19 04:37:00,delivered
7899,500,2024-10-21 14:23:00,shipped
7900,283,2024-10-17 05:00:00,shipped
7901,704,2026-01-10 22:02:00,shipped
7902,622,2024-12-14 19:52:00,delivered
7903,803,2025-04-20 20:33:00,shipped
7904,703,2025-07-18 01:03:00,shipped
7905,491,2024-10-13 09:26:00,delivered
7906,443,2025-02-18 18:02:00,processing
7907,820,2024-06-28 08:15:00,pending
7908,92,2025-01-23 18:52:00,delivered
7909,248,2024-02-10 02:06:00,cancelled
7910,821,2026-11-07 08:42:00,pending
7911,363,2025-05-30 16:34:00,shipped
7912,536,2026-10-17 10:23:00,processing
7913,297,2025-12-29 04:36:00,shipped
7914,352,2024-06-02 08:12:00,shipped
7915,469,2025-06-02 11:29:00,delivered
7916,536,2025-03-08 10:04:00,cancelled
7917,981,2025-02-13 20:32:00,delivered
7918,948,2024-07-01 21:15:00,shipped
7919,993,2026-03-24 13:58:00,delivered
7920,997,2025-05-21 21:13:00,delivered
7921,556,2025-12-28 22:56:00,delivered
7922,448,2025-05-27 02:29:00,delivered
7923,946,2024-10-15 10:43:00,shipped
7924,48,2024-09-08 19:39:00,delivered
7925,114,2026-06-04 04:16:00,delivered
7926,957,2025-09-19 20:30:00,shipped
7927,972,2024-12-10 18:12:00,shipped
7928,907,2025-08-04 04:27:00,delivered
7929,371,2024-08-27 15:37:00,delivered
7930,445,2026-09-12 18:46:00,delivered
7931,908,2024-04-09 02:52:00,delivered
7932,135,2026-10-09 02:38:00,delivered
7933,696,2025-10-02 23:47:00,delivered
7934,131,2024-01-19 06:34:00,cancelled
7935,466,2024-11-21 03:58:00,processing
7936,795,2026-01-18 20:04:00,delivered
7937,650,2025-07-15 11:46:00,delivered
7938,176,2025-09-16 23:17:00,shipped
7939,188,2024-11-04 01:06:00,shipped
7940,436,2026-04-15 06:40:00,delivered
7941,617,2025-03-10 21:22:00,pending
7942,160,2025-08-12 06:46:00,processing
7943,132,2025-10-23 07:43:00,delivered
7944,978,2025-07-20 00:15:00,pending
7945,507,2025-10-04 10:54:00,delivered
7946,540,2025-08-04 02:43:00,shipped
7947,164,2024-05-05 04:56:00,shipped
7948,305,2025-01-23 11:03:00,delivered
7949,378,2024-01-30 23:38:00,processing
7950,888,2025-05-20 05:32:00,pending
7951,599,2026-08-11 00:08:00,shipped
7952,5,2025-09-11 06:05:00,pending
7953,635,2024-01-25 14:30:00,pending
7954,571,2024-12-22 07:43:00,shipped
7955,707,2025-05-09 04:48:00,delivered
7956,487,2025-03-27 15:27:00,shipped
7957,264,2026-06-21 12:04:00,shipped
7958,455,2026-01-01 15:14:00,shipped
7959,318,2024-08-06 09:29:00,cancelled
7960,185,2026-03-08 13:27:00,processing
7961,913,2025-05-20 18:13:00,delivered
7962,591,2024-09-18 19:17:00,processing
7963,725,2024-04-14 04:04:00,shipped
7964,957,2024-07-20 06:56:00,shipped
7965,875,2025-03-31 20:15:00,delivered
7966,448,2024-11-18 15:39:00,delivered
7967,553,2025-11-07 16:11:00,delivered
7968,832,2026-07-03 15:12:00,processing
7969,906,2024-05-23 04:38:00,delivered
7970,886,2024-03-29 07:28:00,cancelled
7971,706,2024-08-12 04:28:00,shipped
7972,249,2026-01-12 10:29:00,delivered
7973,90,2025-08-12 05:05:00,delivered
7974,92,2026-05-13 21:11:00,cancelled
7975,35,2026-03-12 20:46:00,delivered
7976,613,2024-06-30 01:00:00,delivered
7977,855,2025-05-29 06:25:00,shipped
7978,221,2026-03-14 08:18:00,shipped
7979,844,2024-11-24 23:49:00,delivered
7980,814,2026-05-06 18:05:00,shipped
7981,161,2024-01-16 20:03:00,delivered
7982,154,2024-12-04 14:25:00,delivered
7983,245,2025-10-15 05:29:00,delivered
7984,868,2026-11-04 14:58:00,delivered
7985,685,2026-09-14 03:03:00,delivered
7986,224,2025-01-20 17:48:00,shipped
7987,41,2024-01-30 01:37:00,pending
7988,62,2026-05-16 06:40:00,cancelled
7989,351,2026-11-19 23:55:00,shipped
7990,981,2026-09-01 14:56:00,shipped
7991,413,2026-01-27 17:26:00,processing
7992,170,2025-09-24 14:41:00,pending
7993,297,2025-07-15 13:40:00,processing
7994,189,2025-08-10 12:22:00,delivered
7995,996,2026-04-26 16:18:00,cancelled
7996,790,2024-05-13 10:18:00,delivered
7997,753,2025-02-15 10:07:00,delivered
7998,507,2025-02-21 10:48:00,pending
7999,528,2026-01-20 03:50:00,delivered
8000,512,2026-03-21 18:43:00,shipped
8001,721,2026-01-09 18:26:00,shipped
8002,422,2024-01-26 01:50:00,cancelled
8003,944,2025-04-13 22:14:00,shipped
8004,323,2024-11-10 05:36:00,delivered
8005,755,2025-07-11 16:16:00,delivered
8006,91,2024-01-18 18:10:00,processing
8007,909,2024-09-18 10:05:00,delivered
8008,347,2025-12-24 15:58:00,delivered
8009,378,2025-02-09 14:41:00,processing
8010,497,2026-03-23 13:02:00,shipped
8011,292,2024-10-21 13:19:00,processing
8012,190,2026-08-24 01:34:00,pending
8013,810,2026-09-23 04:11:00,delivered
8014,147,2024-09-06 00:39:00,delivered
8015,371,2024-10-31 09:57:00,cancelled
8016,195,2024-11-08 05:38:00,delivered
8017,34,2024-06-27 22:43:00,delivered
8018,958,2025-09-17 18:25:00,delivered
8019,571,2025-06-17 00:29:00,delivered
8020,694,2025-11-03 06:38:00,pending
8021,559,2026-08-16 17:59:00,processing
8022,673,2025-08-25 15:25:00,delivered
8023,639,2024-02-19 01:28:00,delivered
8024,319,2025-09-13 12:27:00,cancelled
8025,387,2025-09-24 22:35:00,processing
8026,952,2024-01-10 21:36:00,delivered
8027,216,2026-11-26 13:32:00,processing
8028,699,2025-12-30 23:01:00,delivered
8029,344,2025-01-05 10:50:00,delivered
8030,170,2026-09-03 05:24:00,shipped
8031,769,2024-10-26 06:51:00,cancelled
8032,147,2025-11-01 14:47:00,delivered
8033,500,2025-05-16 20:19:00,delivered
8034,904,2026-04-25 17:52:00,delivered
8035,729,2024-12-05 15:03:00,delivered
8036,277,2026-08-15 05:12:00,delivered
8037,697,2025-05-08 08:40:00,shipped
8038,899,2026-05-31 13:25:00,processing
8039,362,2024-07-24 09:38:00,delivered
8040,396,2024-06-27 17:03:00,cancelled
8041,891,2026-11-17 12:10:00,delivered
8042,563,2026-03-01 23:47:00,delivered
8043,535,2026-08-22 19:10:00,shipped
8044,257,2025-06-05 00:48:00,processing
8045,958,2026-01-07 02:33:00,cancelled
8046,637,2025-10-25 13:51:00,pending
8047,684,2025-09-05 08:03:00,delivered
8048,999,2025-04-11 22:41:00,processing
8049,104,2025-05-22 17:01:00,processing
8050,594,2025-01-25 08:30:00,shipped
8051,70,2024-10-03 20:53:00,delivered
8052,209,2026-10-08 15:38:00,cancelled
8053,254,2024-01-05 02:49:00,delivered
8054,162,2024-11-23 00:04:00,shipped
8055,99,2026-10-23 11:11:00,pending
8056,643,2024-11-09 07:37:00,pending
8057,156,2025-03-18 02:59:00,processing
8058,834,2026-03-19 20:48:00,delivered
8059,696,2024-05-16 09:49:00,pending
8060,567,2024-12-29 02:10:00,delivered
8061,188,2025-05-15 03:35:00,delivered
8062,437,2026-09-18 05:02:00,delivered
8063,188,2025-12-13 19:01:00,delivered
8064,972,2025-05-16 03:42:00,delivered
8065,498,2025-10-17 12:57:00,delivered
8066,706,2024-01-29 00:44:00,pending
8067,108,2024-06-11 14:24:00,delivered
8068,864,2025-03-11 05:18:00,delivered
8069,543,2025-05-03 08:13:00,delivered
8070,523,2026-09-12 03:23:00,cancelled
8071,321,2025-08-06 23:31:00,shipped
8072,634,2024-08-24 03:29:00,cancelled
8073,60,2026-07-15 00:08:00,delivered
8074,546,2025-01-16 01:54:00,shipped
8075,48,2025-05-01 21:46:00,delivered
8076,10,2025-02-17 09:40:00,delivered
8077,657,2024-08-21 05:53:00,processing
8078,116,2026-02-18 21:43:00,pending
8079,384,2025-03-15 05:16:00,delivered
8080,560,2025-04-23 04:43:00,delivered
8081,359,2025-01-17 22:28:00,shipped
8082,370,2024-10-29 20:55:00,pending
8083,168,2024-06-29 07:07:00,pending
8084,479,2025-12-10 23:18:00,processing
8085,978,2025-03-16 05:56:00,shipped
8086,696,2024-02-24 03:47:00,delivered
8087,411,2026-07-02 16:07:00,processing
8088,444,2026-08-17 23:34:00,shipped
8089,139,2024-01-15 05:20:00,pending
8090,194,2026-11-04 12:55:00,shipped
8091,174,2026-06-04 14:14:00,delivered
8092,175,2024-12-16 01:39:00,delivered
8093,86,2026-09-16 21:51:00,cancelled
8094,347,2025-03-03 20:54:00,pending
8095,969,2024-01-25 11:50:00,processing
8096,623,2026-12-04 08:49:00,pending
8097,681,2025-12-02 00:28:00,shipped
8098,328,2024-01-06 16:16:00,delivered
8099,168,2025-08-19 13:59:00,delivered
8100,64,2025-04-21 15:32:00,shipped
8101,463,2026-10-04 01:46:00,pending
8102,671,2025-04-10 00:41:00,shipped
8103,280,2025-08-25 01:21:00,cancelled
8104,238,2025-10-21 10:45:00,delivered
8105,87,2026-10-15 05:28:00,processing
8106,657,2026-06-25 07:59:00,delivered
8107,562,2025-01-18 18:01:00,processing
8108,707,2025-04-28 04:00:00,shipped
8109,93,2024-11-18 02:52:00,processing
8110,29,2026-05-24 06:54:00,shipped
8111,32,2024-05-29 19:38:00,pending
8112,31,2025-01-01 09:02:00,shipped
8113,66,2024-05-15 21:30:00,delivered
8114,852,2025-07-13 15:51:00,pending
8115,91,2026-08-01 01:42:00,shipped
8116,554,2025-12-21 14:36:00,shipped
8117,523,2026-04-10 06:40:00,delivered
8118,168,2025-06-05 01:28:00,delivered
8119,619,2024-02-21 09:40:00,shipped
8120,702,2024-06-13 07:34:00,cancelled
8121,534,2024-09-03 18:03:00,cancelled
8122,103,2025-07-15 10:44:00,shipped
8123,815,2026-04-03 14:28:00,shipped
8124,73,2025-11-23 04:17:00,delivered
8125,756,2024-02-29 03:30:00,pending
8126,157,2024-07-12 14:27:00,shipped
8127,77,2026-09-16 14:48:00,delivered
8128,133,2024-11-08 21:13:00,delivered
8129,258,2025-12-17 07:19:00,delivered
8130,895,2024-11-28 14:29:00,delivered
8131,331,2025-01-23 23:09:00,pending
8132,940,2025-12-24 20:37:00,delivered
8133,187,2026-12-25 08:33:00,delivered
8134,486,2025-04-27 11:45:00,delivered
8135,179,2026-07-28 05:39:00,delivered
8136,973,2025-01-24 06:40:00,delivered
8137,718,2026-08-25 21:40:00,pending
8138,717,2025-06-06 00:57:00,delivered
8139,249,2026-10-27 12:42:00,shipped
8140,732,2026-12-18 09:49:00,shipped
8141,547,2025-08-08 08:08:00,delivered
8142,255,2025-04-21 10:46:00,delivered
8143,816,2025-12-11 04:45:00,processing
8144,80,2026-05-02 21:29:00,shipped
8145,808,2024-11-14 15:15:00,shipped
8146,888,2025-04-07 07:54:00,shipped
8147,4,2026-03-10 20:10:00,pending
8148,107,2026-04-21 13:12:00,processing
8149,799,2024-05-01 03:16:00,delivered
8150,137,2024-07-07 11:25:00,delivered
8151,262,2025-12-04 05:55:00,shipped
8152,411,2024-12-16 16:35:00,shipped
8153,909,2025-03-20 06:23:00,delivered
8154,291,2025-07-19 08:23:00,shipped
8155,734,2024-08-28 23:58:00,delivered
8156,966,2025-09-19 06:17:00,delivered
8157,957,2024-10-28 02:04:00,processing
8158,348,2025-06-27 18:16:00,shipped
8159,582,2025-11-11 15:41:00,shipped
8160,784,2024-06-14 20:35:00,delivered
8161,307,2025-01-02 20:49:00,shipped
8162,244,2026-11-01 03:57:00,shipped
8163,166,2024-08-15 03:58:00,shipped
8164,771,2026-10-02 20:39:00,processing
8165,258,2026-03-04 09:11:00,delivered
8166,900,2026-10-23 14:11:00,shipped
8167,746,2025-02-22 10:13:00,delivered
8168,637,2026-12-17 15:23:00,delivered
8169,584,2024-08-30 11:15:00,delivered
8170,63,2026-08-09 10:51:00,processing
8171,378,2024-06-03 16:14:00,delivered
8172,492,2024-12-29 21:57:00,processing
8173,348,2026-08-11 17:10:00,shipped
8174,758,2025-02-06 02:01:00,delivered
8175,94,2024-10-14 08:25:00,cancelled
8176,926,2025-05-03 23:30:00,delivered
8177,697,2026-02-25 05:19:00,processing
8178,49,2024-05-25 08:40:00,shipped
8179,436,2026-05-11 23:47:00,delivered
8180,117,2024-02-24 12:51:00,delivered
8181,642,2026-04-26 07:47:00,shipped
8182,317,2024-07-28 04:51:00,delivered
8183,66,2026-11-28 15:38:00,cancelled
8184,644,2024-03-16 12:21:00,pending
8185,80,2025-06-29 14:05:00,shipped
8186,10,2024-07-28 03:57:00,processing
8187,3,2024-10-11 23:12:00,pending
8188,46,2024-01-04 08:48:00,pending
8189,933,2026-09-11 05:35:00,cancelled
8190,636,2026-05-01 16:14:00,delivered
8191,116,2024-12-19 01:35:00,shipped
8192,82,2025-06-25 23:44:00,delivered
8193,303,2024-10-15 11:02:00,delivered
8194,634,2026-03-20 12:39:00,delivered
8195,652,2026-07-16 16:56:00,shipped
8196,34,2024-05-06 20:04:00,shipped
8197,285,2025-07-06 04:16:00,shipped
8198,658,2026-09-01 07:53:00,delivered
8199,253,2026-12-28 13:04:00,delivered
8200,363,2026-01-24 05:33:00,delivered
8201,864,2025-10-21 23:38:00,delivered
8202,615,2025-07-13 14:20:00,delivered
8203,715,2026-06-13 06:57:00,delivered
8204,502,2026-10-28 05:37:00,processing
8205,349,2025-10-05 15:30:00,delivered
8206,676,2026-12-30 06:24:00,shipped
8207,17,2026-08-18 09:46:00,delivered
8208,42,2026-01-25 18:13:00,delivered
8209,748,2024-07-30 10:00:00,delivered
8210,837,2025-04-15 18:03:00,cancelled
8211,350,2026-06-07 23:01:00,delivered
8212,544,2025-12-29 17:40:00,shipped
8213,648,2026-02-23 13:45:00,pending
8214,633,2026-05-08 06:22:00,shipped
8215,480,2026-03-15 00:58:00,delivered
8216,866,2024-06-16 05:05:00,pending
8217,513,2025-08-18 04:24:00,processing
8218,141,2026-02-16 09:53:00,delivered
8219,937,2024-07-31 16:01:00,delivered
8220,134,2025-07-22 11:37:00,shipped
8221,514,2025-12-15 19:40:00,processing
8222,416,2026-02-03 07:21:00,processing
8223,284,2025-05-15 15:49:00,delivered
8224,748,2025-11-08 01:52:00,shipped
8225,916,2026-05-04 21:59:00,shipped
8226,793,2025-10-22 14:57:00,processing
8227,897,2025-05-31 17:51:00,delivered
8228,745,2025-12-23 23:58:00,delivered
8229,339,2024-06-04 05:10:00,cancelled
8230,961,2025-08-17 13:29:00,delivered
8231,866,2024-04-15 02:42:00,delivered
8232,333,2024-12-13 05:54:00,delivered
8233,770,2024-12-24 19:17:00,delivered
8234,780,2026-05-26 10:56:00,processing
8235,806,2026-03-24 15:16:00,delivered
8236,599,2024-04-18 04:03:00,delivered
8237,681,2026-11-24 10:17:00,pending
8238,1,2024-04-30 17:16:00,delivered
8239,351,2024-06-17 04:18:00,processing
8240,578,2025-10-17 15:56:00,shipped
8241,858,2025-11-28 02:45:00,cancelled
8242,692,2026-09-14 12:45:00,processing
8243,165,2025-08-05 13:04:00,shipped
8244,741,2026-06-08 23:10:00,pending
8245,61,2026-11-12 11:09:00,pending
8246,810,2025-05-18 06:16:00,delivered
8247,79,2024-05-21 16:38:00,delivered
8248,508,2025-01-21 14:09:00,delivered
8249,667,2026-02-22 11:38:00,delivered
8250,194,2025-03-23 22:32:00,pending
8251,105,2024-05-15 15:05:00,delivered
8252,825,2026-02-26 01:15:00,processing
8253,849,2025-04-18 01:32:00,delivered
8254,299,2025-07-30 02:33:00,delivered
8255,256,2026-05-09 20:51:00,delivered
8256,56,2025-01-05 21:01:00,delivered
8257,941,2025-02-11 02:14:00,delivered
8258,567,2024-04-08 23:10:00,delivered
8259,69,2024-03-05 18:15:00,cancelled
8260,498,2026-04-26 15:29:00,delivered
8261,466,2025-05-06 13:21:00,delivered
8262,468,2026-02-12 09:22:00,shipped
8263,339,2024-04-29 06:16:00,delivered
8264,517,2024-08-14 19:21:00,delivered
8265,713,2025-05-27 06:22:00,delivered
8266,740,2024-08-15 03:57:00,pending
8267,391,2025-02-22 18:20:00,shipped
8268,241,2024-04-10 17:39:00,delivered
8269,139,2025-01-28 22:15:00,processing
8270,969,2024-06-17 06:23:00,delivered
8271,72,2025-09-29 20:33:00,shipped
8272,765,2024-02-28 14:01:00,processing
8273,257,2024-02-05 13:08:00,delivered
8274,433,2024-01-30 12:28:00,shipped
8275,109,2025-10-17 20:07:00,delivered
8276,305,2025-09-18 16:30:00,shipped
8277,110,2026-05-10 09:35:00,cancelled
8278,753,2025-06-06 21:08:00,delivered
8279,900,2026-07-17 07:03:00,processing
8280,289,2024-04-19 13:36:00,shipped
8281,490,2024-12-11 11:10:00,delivered
8282,162,2025-04-13 23:51:00,delivered
8283,370,2026-11-04 19:13:00,delivered
8284,787,2024-08-16 05:23:00,delivered
8285,550,2025-06-25 16:49:00,delivered
8286,916,2024-06-22 18:42:00,delivered
8287,736,2025-09-06 19:22:00,cancelled
8288,394,2025-11-14 19:37:00,pending
8289,724,2025-07-19 10:53:00,delivered
8290,673,2025-08-23 09:27:00,shipped
8291,330,2024-10-22 07:52:00,delivered
8292,31,2025-06-12 02:23:00,processing
8293,894,2024-11-15 23:33:00,shipped
8294,552,2026-01-18 10:16:00,delivered
8295,10,2024-05-21 16:37:00,delivered
8296,500,2025-12-10 01:07:00,delivered
8297,309,2026-02-08 14:02:00,delivered
8298,631,2025-04-12 13:31:00,processing
8299,658,2025-12-04 01:47:00,processing
8300,516,2024-02-27 01:51:00,delivered
8301,683,2024-06-06 14:30:00,cancelled
8302,34,2026-10-11 07:17:00,delivered
8303,434,2024-03-28 21:15:00,processing
8304,101,2025-03-29 21:19:00,pending
8305,500,2024-09-18 21:47:00,pending
8306,907,2025-07-03 11:30:00,shipped
8307,182,2026-09-26 11:18:00,delivered
8308,735,2026-10-26 22:58:00,delivered
8309,207,2024-09-14 17:48:00,shipped
8310,704,2026-10-25 10:58:00,pending
8311,364,2024-04-16 13:58:00,delivered
8312,534,2026-11-06 02:22:00,shipped
8313,480,2024-08-12 22:20:00,shipped
8314,426,2026-05-02 02:55:00,shipped
8315,574,2025-09-09 01:36:00,processing
8316,957,2025-05-04 12:16:00,shipped
8317,15,2025-11-30 18:56:00,shipped
8318,123,2026-04-26 03:55:00,cancelled
8319,225,2025-02-28 18:21:00,shipped
8320,193,2025-01-18 04:16:00,cancelled
8321,954,2024-06-01 16:09:00,shipped
8322,622,2026-04-07 02:37:00,processing
8323,972,2024-10-24 20:45:00,shipped
8324,582,2026-07-12 23:57:00,shipped
8325,860,2026-03-05 18:31:00,delivered
8326,539,2026-09-13 18:48:00,delivered
8327,643,2026-04-16 23:12:00,pending
8328,436,2025-04-04 01:22:00,processing
8329,643,2024-04-14 08:45:00,processing
8330,585,2025-01-10 05:48:00,shipped
8331,577,2024-06-09 13:16:00,processing
8332,5,2024-09-03 04:30:00,shipped
8333,601,2024-01-21 03:31:00,shipped
8334,997,2024-08-09 19:05:00,delivered
8335,515,2026-05-20 07:29:00,cancelled
8336,668,2024-02-04 16:23:00,delivered
8337,232,2026-03-06 00:26:00,delivered
8338,178,2025-01-29 00:26:00,processing
8339,428,2026-08-21 06:41:00,delivered
8340,503,2026-07-20 11:25:00,delivered
8341,297,2024-12-06 19:33:00,shipped
8342,67,2024-01-04 09:56:00,pending
8343,998,2024-03-13 06:54:00,delivered
8344,481,2025-02-20 00:13:00,delivered
8345,316,2026-12-08 05:45:00,shipped
8346,886,2026-02-19 06:47:00,delivered
8347,131,2025-04-14 10:53:00,shipped
8348,119,2026-11-20 22:48:00,processing
8349,989,2025-05-12 17:00:00,delivered
8350,440,2025-11-05 16:42:00,cancelled
8351,990,2024-10-11 21:04:00,delivered
8352,205,2024-05-11 22:06:00,pending
8353,953,2024-12-01 16:48:00,pending
8354,497,2024-03-02 06:40:00,shipped
8355,395,2026-03-16 07:25:00,delivered
8356,962,2025-09-14 15:11:00,delivered
8357,666,2025-05-19 05:26:00,cancelled
8358,335,2026-11-21 08:21:00,pending
8359,206,2026-10-03 19:03:00,delivered
8360,684,2025-07-23 00:53:00,processing
8361,370,2025-03-23 11:40:00,delivered
8362,683,2024-08-08 21:12:00,processing
8363,257,2025-12-03 04:54:00,delivered
8364,976,2025-11-06 13:28:00,delivered
8365,597,2025-12-02 01:52:00,delivered
8366,803,2025-05-26 01:23:00,shipped
8367,466,2024-05-06 14:50:00,pending
8368,718,2026-03-26 10:09:00,shipped
8369,875,2025-08-21 17:38:00,pending
8370,365,2024-11-23 23:38:00,cancelled
8371,244,2026-11-05 16:57:00,processing
8372,5,2024-05-31 10:07:00,shipped
8373,479,2026-06-23 15:26:00,shipped
8374,92,2025-05-18 12:46:00,pending
8375,878,2025-12-21 14:26:00,delivered
8376,141,2026-11-06 05:08:00,delivered
8377,825,2026-03-03 03:53:00,delivered
8378,336,2025-07-04 22:59:00,delivered
8379,835,2024-02-18 04:36:00,shipped
8380,877,2025-06-23 18:49:00,shipped
8381,688,2025-06-08 23:54:00,shipped
8382,492,2026-04-18 12:04:00,delivered
8383,244,2026-06-13 10:40:00,shipped
8384,796,2024-03-10 22:57:00,delivered
8385,93,2026-01-22 19:22:00,delivered
8386,763,2026-06-27 16:12:00,processing
8387,214,2026-01-16 18:48:00,processing
8388,827,2024-02-01 03:37:00,delivered
8389,90,2024-11-11 20:29:00,pending
8390,393,2024-08-05 17:49:00,shipped
8391,236,2026-04-19 01:45:00,delivered
8392,548,2024-03-26 14:08:00,pending
8393,144,2024-02-29 07:59:00,delivered
8394,220,2024-07-24 02:10:00,pending
8395,935,2026-05-24 12:54:00,delivered
8396,226,2026-06-26 05:01:00,processing
8397,455,2025-04-02 09:49:00,shipped
8398,230,2026-02-07 11:26:00,delivered
8399,472,2024-07-25 18:40:00,delivered
8400,356,2026-04-10 21:54:00,shipped
8401,825,2025-08-10 06:37:00,shipped
8402,490,2024-03-10 10:16:00,shipped
8403,462,2025-02-16 19:15:00,pending
8404,258,2024-01-12 18:47:00,cancelled
8405,278,2026-05-21 17:41:00,delivered
8406,765,2025-05-08 22:42:00,pending
8407,363,2026-11-25 16:27:00,delivered
8408,60,2024-11-25 10:13:00,cancelled
8409,140,2024-12-26 13:53:00,delivered
8410,131,2025-10-09 08:31:00,delivered
8411,917,2024-04-09 21:02:00,delivered
8412,529,2024-04-15 09:00:00,delivered
8413,799,2025-08-24 12:07:00,delivered
8414,623,2026-08-14 23:00:00,pending
8415,73,2024-04-23 01:28:00,processing
8416,519,2025-10-17 08:25:00,shipped
8417,777,2025-04-19 20:19:00,delivered
8418,290,2025-05-14 12:48:00,delivered
8419,840,2024-03-07 17:38:00,shipped
8420,216,2024-08-07 18:33:00,shipped
8421,590,2026-02-13 15:04:00,delivered
8422,147,2024-08-11 06:00:00,shipped
8423,129,2025-06-02 20:50:00,delivered
8424,368,2024-05-18 03:05:00,cancelled
8425,597,2024-03-26 06:48:00,shipped
8426,308,2024-01-30 18:18:00,processing
8427,592,2025-08-01 02:52:00,processing
8428,579,2026-07-07 19:39:00,delivered
8429,604,2024-03-15 23:43:00,processing
8430,791,2024-10-12 07:35:00,delivered
8431,459,2026-05-07 14:24:00,delivered
8432,38,2026-03-04 05:53:00,delivered
8433,592,2025-10-17 02:57:00,processing
8434,972,2025-09-26 00:41:00,processing
8435,627,2026-08-21 17:13:00,delivered
8436,294,2025-08-17 21:44:00,delivered
8437,22,2026-12-17 03:32:00,processing
8438,245,2024-11-25 22:48:00,delivered
8439,210,2026-07-05 22:00:00,processing
8440,771,2026-02-21 07:32:00,processing
8441,5,2026-08-24 03:22:00,cancelled
8442,573,2024-06-12 17:20:00,processing
8443,229,2024-08-03 02:52:00,delivered
8444,425,2024-04-25 10:28:00,delivered
8445,416,2026-07-15 15:04:00,delivered
8446,722,2024-10-03 01:55:00,processing
8447,944,2024-11-15 16:28:00,shipped
8448,449,2025-07-06 01:22:00,delivered
8449,771,2025-01-15 07:43:00,delivered
8450,215,2026-05-05 00:24:00,shipped
8451,543,2026-09-14 03:38:00,delivered
8452,174,2025-06-29 19:30:00,delivered
8453,180,2026-02-13 10:21:00,delivered
8454,477,2024-05-11 06:59:00,shipped
8455,591,2026-04-28 15:16:00,delivered
8456,98,2025-09-25 10:14:00,delivered
8457,784,2024-12-29 11:28:00,delivered
8458,996,2025-08-31 21:51:00,cancelled
8459,531,2026-12-25 04:54:00,shipped
8460,738,2026-05-08 20:53:00,cancelled
8461,588,2024-04-09 22:07:00,delivered
8462,375,2024-08-01 03:52:00,processing
8463,754,2026-06-05 15:57:00,processing
8464,238,2025-12-06 02:20:00,delivered
8465,294,2026-05-11 15:02:00,delivered
8466,62,2026-04-27 17:00:00,cancelled
8467,558,2025-02-18 16:47:00,processing
8468,70,2025-04-02 08:27:00,shipped
8469,62,2024-12-29 15:20:00,delivered
8470,439,2024-04-15 07:58:00,delivered
8471,765,2025-12-05 12:12:00,delivered
8472,875,2025-02-27 17:36:00,processing
8473,308,2026-01-06 04:17:00,delivered
8474,463,2024-04-19 10:04:00,shipped
8475,902,2025-11-21 23:30:00,delivered
8476,962,2024-09-30 12:12:00,delivered
8477,8,2025-02-18 05:17:00,cancelled
8478,757,2024-10-24 14:05:00,shipped
8479,682,2026-12-11 23:42:00,shipped
8480,165,2026-11-13 20:24:00,delivered
8481,474,2025-05-28 15:26:00,delivered
8482,185,2025-03-17 20:30:00,pending
8483,701,2025-12-06 20:17:00,delivered
8484,776,2026-06-28 22:11:00,shipped
8485,99,2025-01-22 03:50:00,delivered
8486,184,2025-07-28 02:49:00,delivered
8487,987,2024-12-25 22:14:00,processing
8488,772,2024-01-02 12:11:00,shipped
8489,702,2025-05-28 23:06:00,cancelled
8490,370,2025-07-16 10:23:00,shipped
8491,864,2024-12-02 10:34:00,delivered
8492,910,2025-05-04 02:16:00,delivered
8493,53,2025-04-20 11:25:00,processing
8494,208,2024-11-20 16:09:00,shipped
8495,196,2025-10-30 21:19:00,delivered
8496,10,2025-09-23 14:37:00,delivered
8497,560,2026-02-17 11:28:00,processing
8498,849,2026-10-28 18:45:00,shipped
8499,143,2024-07-08 06:09:00,delivered
8500,813,2026-01-20 01:33:00,shipped
8501,871,2026-04-15 17:20:00,shipped
8502,984,2025-03-06 09:28:00,shipped
8503,702,2026-12-08 17:11:00,processing
8504,591,2024-12-14 11:34:00,shipped
8505,534,2025-08-15 12:29:00,cancelled
8506,681,2025-03-13 12:13:00,pending
8507,208,2025-05-14 00:54:00,delivered
8508,397,2024-03-26 03:30:00,processing
8509,404,2024-11-07 16:49:00,pending
8510,968,2025-02-28 22:56:00,shipped
8511,624,2024-04-10 16:52:00,delivered
8512,802,2026-10-20 09:36:00,pending
8513,93,2026-06-06 07:16:00,delivered
8514,725,2025-03-31 21:02:00,processing
8515,98,2024-05-05 22:44:00,pending
8516,422,2025-04-26 12:27:00,processing
8517,770,2024-10-21 16:17:00,shipped
8518,326,2025-09-18 02:18:00,delivered
8519,547,2025-11-09 14:39:00,cancelled
8520,875,2026-02-13 04:10:00,delivered
8521,361,2024-06-04 03:40:00,pending
8522,320,2026-12-15 13:05:00,pending
8523,749,2026-04-29 23:02:00,delivered
8524,810,2024-05-03 05:55:00,shipped
8525,7,2025-08-29 13:37:00,pending
8526,107,2026-06-24 08:39:00,delivered
8527,205,2026-11-12 20:39:00,processing
8528,843,2026-02-16 04:57:00,shipped
8529,75,2024-02-18 13:24:00,delivered
8530,559,2025-08-12 10:30:00,delivered
8531,227,2024-10-29 02:27:00,shipped
8532,896,2024-12-29 21:17:00,processing
8533,217,2026-12-10 18:12:00,shipped
8534,761,2025-06-04 00:29:00,pending
8535,70,2024-02-01 21:29:00,delivered
8536,632,2026-11-22 11:01:00,processing
8537,678,2024-02-22 11:40:00,cancelled
8538,32,2026-05-21 13:28:00,pending
8539,554,2025-11-26 07:59:00,processing
8540,204,2024-09-06 15:48:00,pending
8541,467,2025-10-10 11:16:00,delivered
8542,68,2024-12-15 18:58:00,delivered
8543,566,2024-12-05 09:48:00,delivered
8544,183,2024-11-16 00:52:00,delivered
8545,520,2024-05-27 11:50:00,delivered
8546,49,2026-11-08 18:55:00,cancelled
8547,363,2024-10-11 03:54:00,shipped
8548,402,2024-01-08 03:52:00,processing
8549,622,2026-05-30 05:21:00,cancelled
8550,872,2025-11-01 01:30:00,delivered
8551,730,2024-10-05 08:47:00,cancelled
8552,65,2025-04-19 19:18:00,processing
8553,253,2024-12-11 11:02:00,delivered
8554,173,2026-09-23 08:38:00,shipped
8555,156,2025-05-05 17:14:00,delivered
8556,289,2025-08-28 01:48:00,cancelled
8557,972,2025-04-20 15:41:00,shipped
8558,264,2025-03-07 19:37:00,delivered
8559,159,2025-12-30 23:33:00,pending
8560,231,2024-02-23 16:26:00,delivered
8561,841,2024-07-15 09:35:00,shipped
8562,252,2024-09-19 18:41:00,pending
8563,327,2024-02-11 10:03:00,delivered
8564,279,2026-11-12 15:42:00,processing
8565,599,2024-02-26 10:07:00,delivered
8566,934,2025-03-08 14:31:00,processing
8567,61,2024-04-16 15:16:00,shipped
8568,482,2025-04-19 18:06:00,delivered
8569,483,2024-09-12 15:16:00,delivered
8570,11,2024-03-01 06:45:00,shipped
8571,404,2026-12-17 21:56:00,delivered
8572,284,2026-12-21 12:21:00,delivered
8573,499,2025-03-02 15:18:00,delivered
8574,614,2026-02-13 12:24:00,cancelled
8575,454,2024-10-03 07:25:00,shipped
8576,60,2025-08-21 15:16:00,processing
8577,7,2024-08-04 17:00:00,processing
8578,530,2025-03-07 16:40:00,processing
8579,861,2024-09-28 17:43:00,cancelled
8580,641,2025-07-31 00:19:00,processing
8581,253,2026-01-17 03:25:00,pending
8582,406,2025-11-03 15:28:00,shipped
8583,707,2026-05-31 13:35:00,shipped
8584,573,2024-04-15 06:42:00,delivered
8585,438,2025-02-06 12:30:00,delivered
8586,471,2025-10-07 04:16:00,delivered
8587,567,2024-05-17 07:21:00,processing
8588,395,2025-07-02 05:39:00,delivered
8589,970,2026-11-21 07:48:00,delivered
8590,12,2025-03-04 19:48:00,cancelled
8591,247,2026-01-20 04:47:00,delivered
8592,870,2026-03-24 01:33:00,delivered
8593,355,2025-01-20 05:38:00,delivered
8594,857,2026-08-16 07:18:00,delivered
8595,31,2024-07-09 02:16:00,delivered
8596,617,2026-09-28 23:19:00,delivered
8597,337,2025-07-11 23:31:00,processing
8598,891,2026-07-09 14:02:00,shipped
8599,603,2024-03-22 18:26:00,delivered
8600,70,2025-09-26 11:52:00,delivered
8601,881,2025-11-19 18:30:00,cancelled
8602,239,2026-02-27 03:49:00,cancelled
8603,680,2025-02-14 21:16:00,pending
8604,482,2025-02-25 12:34:00,cancelled
8605,747,2024-07-16 01:33:00,delivered
8606,21,2025-08-23 03:45:00,delivered
8607,990,2025-10-04 13:39:00,delivered
8608,912,2025-03-15 01:30:00,delivered
8609,934,2024-11-26 03:57:00,delivered
8610,677,2026-11-02 14:42:00,delivered
8611,70,2026-05-19 18:37:00,processing
8612,328,2026-11-02 14:11:00,processing
8613,254,2025-09-23 02:07:00,pending
8614,551,2025-11-10 14:35:00,cancelled
8615,430,2026-07-09 03:09:00,shipped
8616,829,2026-09-04 22:10:00,delivered
8617,69,2024-10-21 18:53:00,processing
8618,870,2026-10-01 17:39:00,delivered
8619,547,2026-11-08 11:58:00,delivered
8620,265,2024-05-11 19:56:00,shipped
8621,654,2026-12-21 09:06:00,delivered
8622,357,2025-11-16 11:12:00,delivered
8623,233,2024-05-06 22:50:00,shipped
8624,467,2026-05-02 06:07:00,delivered
8625,378,2026-04-06 15:01:00,delivered
8626,127,2026-06-10 19:53:00,shipped
8627,561,2024-07-14 08:47:00,shipped
8628,5,2024-05-01 23:46:00,shipped
8629,804,2026-06-29 11:26:00,pending
8630,245,2024-09-08 01:46:00,shipped
8631,993,2024-03-23 14:49:00,cancelled
8632,498,2024-11-21 18:26:00,delivered
8633,166,2024-12-27 23:35:00,delivered
8634,920,2025-11-07 23:50:00,shipped
8635,465,2025-02-26 23:17:00,shipped
8636,603,2026-09-21 18:52:00,delivered
8637,153,2026-02-06 03:51:00,delivered
8638,942,2026-09-10 22:12:00,delivered
8639,418,2025-10-20 08:28:00,delivered
8640,376,2026-11-07 14:53:00,delivered
8641,963,2025-05-13 21:30:00,cancelled
8642,933,2024-05-02 22:20:00,processing
8643,602,2024-10-19 11:41:00,delivered
8644,57,2026-05-30 22:51:00,delivered
8645,124,2025-10-25 06:45:00,shipped
8646,787,2024-08-06 15:18:00,cancelled
8647,718,2024-02-11 08:03:00,cancelled
8648,162,2025-12-18 12:50:00,pending
8649,301,2024-09-04 06:57:00,pending
8650,699,2026-03-23 15:29:00,shipped
8651,492,2024-01-02 14:07:00,cancelled
8652,903,2026-07-06 18:45:00,delivered
8653,480,2024-07-29 14:27:00,processing
8654,981,2025-10-29 00:26:00,delivered
8655,780,2025-08-28 05:44:00,delivered
8656,584,2024-02-18 22:18:00,processing
8657,561,2024-07-25 15:58:00,delivered
8658,473,2026-03-25 04:59:00,delivered
8659,869,2026-06-16 01:09:00,delivered
8660,320,2025-05-19 02:25:00,delivered
8661,238,2024-05-16 10:32:00,shipped
8662,432,2025-07-12 15:08:00,shipped
8663,56,2025-08-02 12:51:00,delivered
8664,913,2026-11-15 05:41:00,pending
8665,210,2026-06-11 19:01:00,shipped
8666,930,2024-08-08 10:45:00,delivered
8667,360,2024-03-08 21:52:00,processing
8668,933,2024-05-12 07:16:00,pending
8669,639,2026-08-23 07:05:00,delivered
8670,159,2024-04-23 22:27:00,shipped
8671,446,2026-04-11 10:18:00,delivered
8672,333,2025-04-24 23:40:00,processing
8673,161,2024-08-21 22:55:00,shipped
8674,579,2025-07-22 07:21:00,processing
8675,171,2026-10-22 23:27:00,cancelled
8676,478,2024-01-25 11:35:00,delivered
8677,246,2026-11-29 01:21:00,delivered
8678,192,2024-08-25 07:24:00,delivered
8679,455,2026-02-27 09:22:00,shipped
8680,382,2024-09-30 13:07:00,shipped
8681,31,2026-06-21 00:47:00,shipped
8682,375,2026-10-16 00:23:00,cancelled
8683,161,2026-02-03 01:35:00,shipped
8684,505,2025-06-30 09:05:00,processing
8685,196,2025-12-04 21:37:00,delivered
8686,872,2026-06-07 20:11:00,cancelled
8687,326,2026-03-24 19:09:00,delivered
8688,253,2025-10-04 13:01:00,pending
8689,664,2025-01-18 10:42:00,shipped
8690,375,2024-06-27 15:51:00,delivered
8691,602,2026-07-03 22:23:00,pending
8692,600,2025-02-15 15:56:00,delivered
8693,603,2025-11-16 06:04:00,delivered
8694,177,2026-07-19 06:17:00,delivered
8695,258,2025-11-15 16:41:00,pending
8696,68,2026-10-05 13:44:00,processing
8697,203,2025-07-04 13:48:00,pending
8698,284,2026-02-10 02:20:00,processing
8699,717,2026-06-02 10:15:00,processing
8700,145,2024-09-18 21:50:00,shipped
8701,900,2026-07-09 01:47:00,delivered
8702,98,2024-01-05 03:17:00,delivered
8703,111,2024-12-09 18:46:00,shipped
8704,631,2025-07-12 01:49:00,delivered
8705,616,2025-05-29 07:28:00,delivered
8706,972,2025-09-10 17:42:00,delivered
8707,886,2024-09-01 04:57:00,shipped
8708,113,2026-09-25 19:15:00,pending
8709,15,2026-12-03 00:20:00,delivered
8710,826,2024-01-25 10:54:00,delivered
8711,521,2024-03-26 17:07:00,shipped
8712,198,2025-03-19 09:45:00,delivered
8713,349,2024-03-09 17:53:00,delivered
8714,712,2024-04-08 10:24:00,cancelled
8715,728,2025-03-29 10:41:00,delivered
8716,844,2026-06-03 18:37:00,pending
8717,189,2024-08-04 07:04:00,pending
8718,719,2026-04-29 18:19:00,shipped
8719,912,2024-10-07 20:04:00,processing
8720,979,2025-08-18 13:28:00,delivered
8721,795,2025-06-12 04:32:00,processing
8722,723,2025-12-11 18:33:00,delivered
8723,407,2024-11-21 01:29:00,delivered
8724,274,2026-11-08 17:50:00,delivered
8725,599,2025-10-19 19:04:00,delivered
8726,399,2024-01-10 18:09:00,pending
8727,230,2024-06-10 23:53:00,shipped
8728,444,2026-01-26 13:43:00,shipped
8729,733,2024-09-02 13:25:00,shipped
8730,872,2026-11-15 20:06:00,processing
8731,293,2025-12-08 01:19:00,processing
8732,514,2026-03-22 09:41:00,processing
8733,278,2025-12-21 01:33:00,shipped
8734,897,2025-10-23 06:50:00,delivered
8735,788,2024-09-17 07:01:00,delivered
8736,152,2025-07-09 23:35:00,cancelled
8737,395,2025-06-05 03:58:00,processing
8738,102,2025-03-21 21:55:00,delivered
8739,835,2026-01-13 15:16:00,shipped
8740,407,2024-08-30 16:47:00,pending
8741,331,2026-10-29 06:36:00,processing
8742,906,2024-03-15 16:14:00,shipped
8743,649,2025-07-25 04:43:00,delivered
8744,528,2026-12-22 11:36:00,delivered
8745,523,2024-09-12 18:11:00,pending
8746,627,2026-02-23 11:24:00,delivered
8747,183,2026-01-28 21:58:00,delivered
8748,830,2024-10-17 14:27:00,delivered
8749,143,2025-05-06 13:34:00,processing
8750,826,2024-12-22 15:21:00,processing
8751,261,2024-09-08 17:13:00,delivered
8752,622,2025-12-06 10:40:00,cancelled
8753,856,2024-03-08 05:57:00,cancelled
8754,951,2024-10-01 16:01:00,pending
8755,466,2026-10-15 02:43:00,cancelled
8756,431,2024-09-23 18:18:00,shipped
8757,937,2024-02-06 04:47:00,shipped
8758,777,2025-08-09 08:29:00,processing
8759,374,2025-03-13 08:06:00,cancelled
8760,860,2025-07-31 22:15:00,delivered
8761,32,2025-03-20 05:15:00,delivered
8762,127,2026-12-18 13:53:00,delivered
8763,438,2026-08-17 18:40:00,pending
8764,435,2026-05-14 20:31:00,cancelled
8765,264,2026-08-21 15:41:00,delivered
8766,770,2024-04-15 22:59:00,pending
8767,678,2024-05-05 09:00:00,delivered
8768,522,2025-05-27 07:47:00,delivered
8769,572,2024-12-21 12:01:00,delivered
8770,658,2026-07-04 15:45:00,delivered
8771,636,2025-12-09 20:14:00,processing
8772,956,2025-08-01 04:08:00,shipped
8773,606,2025-04-07 19:08:00,processing
8774,132,2026-01-07 15:30:00,delivered
8775,186,2026-07-22 14:16:00,shipped
8776,691,2025-11-25 01:10:00,cancelled
8777,675,2026-12-03 16:56:00,shipped
8778,96,2024-07-23 09:33:00,shipped
8779,36,2025-04-10 22:24:00,processing
8780,236,2026-03-22 22:49:00,delivered
8781,556,2026-11-01 09:11:00,delivered
8782,17,2025-08-07 14:21:00,cancelled
8783,641,2025-05-20 11:42:00,delivered
8784,609,2025-09-29 14:48:00,delivered
8785,902,2026-02-24 18:44:00,cancelled
8786,850,2025-05-15 21:37:00,processing
8787,349,2025-05-09 04:41:00,delivered
8788,154,2025-10-11 09:26:00,pending
8789,430,2026-08-29 18:18:00,shipped
8790,456,2026-07-15 16:42:00,delivered
8791,533,2026-11-24 13:13:00,delivered
8792,765,2024-06-09 07:55:00,delivered
8793,634,2025-08-18 20:20:00,cancelled
8794,600,2024-10-03 22:04:00,processing
8795,574,2025-11-17 23:28:00,processing
8796,976,2025-11-11 20:03:00,pending
8797,288,2026-08-01 06:31:00,delivered
8798,433,2024-10-08 12:43:00,processing
8799,938,2026-02-15 11:18:00,delivered
8800,577,2026-10-07 21:29:00,delivered
8801,725,2026-09-07 17:40:00,delivered
8802,830,2024-10-03 00:02:00,delivered
8803,661,2024-09-09 00:50:00,pending
8804,761,2025-06-07 05:32:00,delivered
8805,684,2026-05-02 19:03:00,shipped
8806,328,2024-06-24 10:31:00,shipped
8807,349,2024-08-08 08:55:00,delivered
8808,773,2024-03-28 18:44:00,shipped
8809,101,2024-01-29 21:32:00,pending
8810,731,2025-06-27 20:22:00,delivered
8811,496,2025-01-10 08:10:00,delivered
8812,496,2025-08-23 23:44:00,delivered
8813,404,2026-05-17 11:45:00,delivered
8814,635,2025-09-01 16:12:00,delivered
8815,973,2025-12-08 03:29:00,processing
8816,476,2024-11-14 23:21:00,pending
8817,669,2025-03-20 08:13:00,delivered
8818,241,2025-11-01 07:27:00,delivered
8819,692,2026-07-05 21:30:00,delivered
8820,218,2025-05-28 23:50:00,delivered
8821,398,2025-11-16 17:54:00,delivered
8822,50,2025-02-27 21:04:00,pending
8823,726,2026-06-15 19:05:00,shipped
8824,482,2026-09-04 02:40:00,delivered
8825,643,2025-01-08 16:01:00,cancelled
8826,423,2024-06-23 21:36:00,delivered
8827,493,2025-06-25 12:25:00,delivered
8828,423,2026-10-15 21:17:00,delivered
8829,813,2024-07-03 14:07:00,delivered
8830,175,2025-08-16 07:23:00,shipped
8831,513,2025-05-16 23:03:00,processing
8832,357,2025-02-07 12:59:00,cancelled
8833,940,2026-01-31 22:09:00,delivered
8834,334,2026-12-25 14:46:00,delivered
8835,389,2026-09-29 06:20:00,delivered
8836,486,2024-07-10 23:03:00,delivered
8837,181,2026-12-06 22:14:00,delivered
8838,305,2026-08-02 12:17:00,cancelled
8839,426,2024-05-27 05:43:00,shipped
8840,267,2025-02-23 21:25:00,delivered
8841,243,2024-08-07 18:25:00,processing
8842,986,2026-06-22 10:25:00,delivered
8843,262,2025-04-01 18:55:00,delivered
8844,598,2025-10-14 02:40:00,delivered
8845,345,2026-03-16 12:13:00,cancelled
8846,64,2026-03-17 06:24:00,processing
8847,948,2024-08-29 01:22:00,delivered
8848,399,2025-06-14 01:28:00,delivered
8849,892,2024-04-23 09:53:00,cancelled
8850,111,2024-07-04 06:47:00,delivered
8851,784,2025-02-04 22:46:00,delivered
8852,647,2025-05-19 19:26:00,shipped
8853,164,2026-09-15 20:56:00,processing
8854,822,2025-10-11 18:47:00,delivered
8855,452,2026-08-01 15:44:00,pending
8856,370,2025-09-02 16:37:00,delivered
8857,789,2024-03-16 15:05:00,cancelled
8858,711,2026-02-25 19:48:00,delivered
8859,99,2025-10-28 09:45:00,delivered
8860,998,2026-09-06 00:03:00,delivered
8861,588,2025-05-21 06:49:00,delivered
8862,108,2025-03-10 04:25:00,delivered
8863,200,2026-08-22 08:26:00,pending
8864,66,2025-05-26 13:48:00,delivered
8865,549,2025-08-11 02:23:00,delivered
8866,86,2024-10-04 23:38:00,cancelled
8867,539,2025-06-28 05:44:00,delivered
8868,384,2024-05-09 23:37:00,shipped
8869,424,2024-06-23 15:27:00,delivered
8870,929,2026-01-16 10:35:00,delivered
8871,159,2025-03-26 22:23:00,shipped
8872,133,2025-10-23 17:31:00,delivered
8873,891,2026-06-14 06:00:00,delivered
8874,155,2024-10-29 17:49:00,delivered
8875,182,2025-04-01 07:22:00,cancelled
8876,557,2026-06-17 16:39:00,delivered
8877,384,2025-02-01 11:51:00,cancelled
8878,665,2026-04-19 09:31:00,cancelled
8879,421,2026-12-13 21:19:00,delivered
8880,511,2025-06-28 13:17:00,delivered
8881,329,2024-03-10 14:43:00,processing
8882,533,2025-05-17 03:48:00,pending
8883,989,2024-09-08 17:22:00,delivered
8884,51,2026-12-13 17:03:00,cancelled
8885,492,2025-10-09 12:47:00,shipped
8886,959,2025-12-19 00:47:00,delivered
8887,556,2024-08-15 20:00:00,shipped
8888,11,2024-08-10 00:35:00,cancelled
8889,570,2026-05-11 15:38:00,delivered
8890,990,2025-06-16 08:31:00,shipped
8891,603,2025-03-10 14:34:00,delivered
8892,748,2026-05-24 12:12:00,delivered
8893,805,2025-08-28 12:48:00,shipped
8894,959,2025-03-25 07:19:00,delivered
8895,454,2025-07-20 23:36:00,shipped
8896,235,2025-02-10 15:36:00,delivered
8897,152,2024-11-15 22:27:00,cancelled
8898,175,2026-10-25 03:39:00,cancelled
8899,354,2024-01-02 05:13:00,delivered
8900,212,2026-10-18 07:18:00,cancelled
8901,52,2025-10-23 05:07:00,delivered
8902,9,2025-10-16 20:00:00,shipped
8903,134,2026-05-03 00:39:00,delivered
8904,931,2026-05-24 05:38:00,pending
8905,364,2026-09-23 14:15:00,cancelled
8906,420,2026-02-12 00:36:00,delivered
8907,760,2025-10-11 18:07:00,delivered
8908,96,2026-06-18 09:31:00,cancelled
8909,238,2026-03-07 13:23:00,processing
8910,452,2026-12-18 16:22:00,delivered
8911,826,2025-09-05 16:47:00,delivered
8912,697,2025-12-10 20:55:00,shipped
8913,120,2025-05-16 03:51:00,delivered
8914,549,2025-06-02 08:16:00,cancelled
8915,741,2026-03-10 02:58:00,shipped
8916,865,2025-10-17 05:21:00,delivered
8917,489,2026-09-03 15:17:00,processing
8918,656,2024-11-19 02:09:00,processing
8919,281,2026-11-21 14:28:00,shipped
8920,925,2024-05-28 19:05:00,cancelled
8921,775,2026-11-29 15:21:00,shipped
8922,607,2025-03-28 04:46:00,processing
8923,609,2024-03-23 20:49:00,pending
8924,62,2025-10-24 18:00:00,shipped
8925,360,2024-08-20 14:14:00,shipped
8926,564,2026-01-16 09:02:00,shipped
8927,581,2024-05-17 18:14:00,shipped
8928,948,2025-01-13 09:26:00,processing
8929,674,2026-08-19 03:08:00,processing
8930,240,2025-05-20 01:49:00,cancelled
8931,417,2025-11-19 07:12:00,shipped
8932,811,2025-02-02 22:23:00,delivered
8933,484,2025-10-04 18:42:00,delivered
8934,585,2026-03-21 05:32:00,processing
8935,721,2024-09-02 19:25:00,cancelled
8936,538,2026-09-30 17:31:00,delivered
8937,334,2026-08-21 16:41:00,delivered
8938,150,2026-09-02 06:29:00,delivered
8939,436,2025-05-21 01:37:00,cancelled
8940,467,2025-03-25 18:41:00,delivered
8941,743,2025-05-21 13:54:00,shipped
8942,28,2026-10-20 21:36:00,cancelled
8943,516,2025-10-29 10:00:00,delivered
8944,773,2024-04-23 21:41:00,shipped
8945,373,2024-04-04 14:45:00,processing
8946,410,2024-11-17 19:57:00,cancelled
8947,995,2024-02-25 21:05:00,pending
8948,453,2025-04-18 22:11:00,delivered
8949,152,2026-04-08 11:09:00,shipped
8950,163,2025-12-08 09:24:00,processing
8951,341,2025-09-15 21:05:00,delivered
8952,436,2026-10-20 03:04:00,delivered
8953,328,2025-02-20 18:35:00,delivered
8954,981,2026-06-24 05:17:00,delivered
8955,324,2024-07-04 22:56:00,delivered
8956,867,2026-07-31 21:02:00,cancelled
8957,688,2026-10-22 09:00:00,delivered
8958,729,2025-10-07 06:44:00,delivered
8959,3,2026-01-16 06:47:00,shipped
8960,634,2026-09-04 04:27:00,delivered
8961,892,2026-01-29 01:49:00,delivered
8962,715,2024-02-19 11:05:00,delivered
8963,873,2024-04-03 13:38:00,shipped
8964,187,2024-05-12 04:34:00,processing
8965,398,2025-05-11 17:28:00,delivered
8966,848,2025-01-10 15:55:00,cancelled
8967,960,2025-11-14 07:28:00,delivered
8968,834,2024-11-14 03:18:00,cancelled
8969,743,2024-12-15 09:05:00,processing
8970,106,2026-09-08 07:00:00,delivered
8971,437,2025-01-28 18:02:00,delivered
8972,542,2026-01-31 16:13:00,pending
8973,573,2025-06-18 21:58:00,delivered
8974,882,2026-05-20 16:59:00,processing
8975,454,2024-11-27 06:34:00,shipped
8976,345,2026-04-27 01:59:00,shipped
8977,493,2026-01-30 11:36:00,shipped
8978,804,2025-05-13 23:58:00,delivered
8979,335,2025-08-18 03:51:00,pending
8980,967,2026-06-24 15:57:00,delivered
8981,363,2024-01-25 09:02:00,processing
8982,705,2026-12-27 20:39:00,delivered
8983,562,2024-05-12 00:40:00,delivered
8984,328,2025-10-28 16:28:00,processing
8985,351,2026-09-19 16:18:00,delivered
8986,804,2026-08-25 20:09:00,pending
8987,22,2024-11-09 09:07:00,pending
8988,294,2024-06-24 11:03:00,delivered
8989,753,2025-09-12 18:15:00,processing
8990,389,2024-01-29 16:42:00,processing
8991,785,2024-08-22 02:21:00,delivered
8992,645,2026-02-22 13:05:00,processing
8993,292,2024-02-04 22:17:00,shipped
8994,671,2025-12-30 01:02:00,pending
8995,850,2025-09-30 10:35:00,shipped
8996,972,2024-10-09 04:40:00,delivered
8997,416,2024-03-17 20:24:00,shipped
8998,809,2025-09-22 19:15:00,shipped
8999,665,2025-12-14 23:44:00,delivered
9000,666,2026-11-02 01:58:00,delivered
9001,808,2026-03-17 06:35:00,processing
9002,300,2026-09-24 04:55:00,processing
9003,372,2025-10-28 16:58:00,delivered
9004,497,2024-03-19 16:46:00,processing
9005,358,2024-05-12 09:55:00,delivered
9006,189,2025-06-17 08:41:00,delivered
9007,803,2026-04-13 12:44:00,processing
9008,623,2024-03-13 01:46:00,pending
9009,366,2025-03-09 18:58:00,cancelled
9010,562,2024-02-07 08:44:00,cancelled
9011,924,2026-05-04 15:40:00,processing
9012,324,2024-08-01 09:00:00,delivered
9013,386,2024-08-12 23:28:00,pending
9014,594,2026-10-25 14:13:00,pending
9015,845,2024-01-29 18:32:00,cancelled
9016,909,2026-03-26 13:34:00,cancelled
9017,106,2025-04-01 00:14:00,delivered
9018,559,2025-08-25 12:38:00,processing
9019,185,2024-07-15 11:03:00,processing
9020,259,2025-10-28 08:59:00,shipped
9021,158,2026-01-27 14:14:00,processing
9022,887,2025-12-16 07:26:00,processing
9023,452,2026-04-04 18:32:00,delivered
9024,177,2024-11-27 18:22:00,cancelled
9025,811,2025-09-24 15:17:00,shipped
9026,569,2024-05-02 20:36:00,delivered
9027,632,2026-07-13 03:29:00,cancelled
9028,668,2025-03-27 02:48:00,shipped
9029,508,2024-07-11 13:02:00,delivered
9030,177,2026-02-22 02:16:00,delivered
9031,789,2025-06-01 14:05:00,delivered
9032,341,2024-03-16 08:16:00,delivered
9033,379,2025-01-14 13:16:00,shipped
9034,354,2026-10-21 23:40:00,processing
9035,925,2026-04-28 23:38:00,shipped
9036,378,2025-06-10 02:42:00,delivered
9037,588,2024-08-22 07:59:00,delivered
9038,475,2024-04-01 08:38:00,delivered
9039,849,2026-05-27 04:01:00,delivered
9040,831,2025-01-28 14:15:00,delivered
9041,954,2025-10-28 23:10:00,shipped
9042,178,2026-08-31 21:26:00,pending
9043,821,2026-09-22 09:42:00,delivered
9044,319,2026-06-13 08:54:00,delivered
9045,277,2024-01-07 05:27:00,delivered
9046,195,2025-12-22 06:18:00,processing
9047,362,2025-11-30 12:05:00,delivered
9048,147,2026-05-31 23:09:00,delivered
9049,213,2026-12-28 08:07:00,delivered
9050,369,2025-12-06 02:53:00,pending
9051,684,2025-12-21 08:59:00,processing
9052,991,2026-01-11 04:55:00,delivered
9053,7,2026-01-23 12:57:00,delivered
9054,654,2024-05-06 16:57:00,shipped
9055,898,2026-12-12 05:44:00,pending
9056,161,2026-08-22 02:09:00,shipped
9057,211,2025-09-20 01:44:00,delivered
9058,673,2025-03-09 15:33:00,cancelled
9059,751,2025-05-23 04:26:00,delivered
9060,463,2025-05-21 07:09:00,delivered
9061,129,2026-07-08 14:58:00,delivered
9062,450,2025-08-19 13:56:00,delivered
9063,934,2026-11-03 16:55:00,processing
9064,650,2025-08-22 12:34:00,cancelled
9065,656,2026-07-26 09:37:00,delivered
9066,1000,2025-08-15 08:38:00,delivered
9067,807,2024-05-29 06:26:00,delivered
9068,653,2026-10-10 05:55:00,delivered
9069,769,2026-04-05 13:32:00,shipped
9070,835,2024-01-10 21:21:00,processing
9071,665,2026-05-15 14:41:00,delivered
9072,782,2025-01-17 01:12:00,pending
9073,127,2025-02-26 03:30:00,delivered
9074,16,2025-11-30 07:19:00,pending
9075,213,2026-12-29 07:12:00,processing
9076,670,2025-10-15 21:56:00,delivered
9077,525,2024-02-02 03:25:00,shipped
9078,554,2024-01-24 05:15:00,shipped
9079,551,2024-04-29 03:55:00,delivered
9080,513,2026-12-18 22:47:00,cancelled
9081,660,2026-01-18 06:04:00,processing
9082,283,2025-05-08 18:30:00,delivered
9083,97,2026-01-06 15:15:00,shipped
9084,89,2025-10-12 18:51:00,pending
9085,690,2026-02-12 13:00:00,delivered
9086,867,2025-01-10 07:45:00,shipped
9087,62,2025-08-16 12:02:00,cancelled
9088,421,2024-12-23 04:19:00,delivered
9089,507,2024-09-26 04:59:00,cancelled
9090,345,2024-08-02 20:50:00,delivered
9091,714,2024-10-26 13:41:00,pending
9092,812,2025-05-16 10:02:00,cancelled
9093,129,2024-05-13 01:33:00,shipped
9094,80,2025-10-23 15:54:00,delivered
9095,596,2026-10-13 20:01:00,shipped
9096,727,2026-12-08 02:02:00,delivered
9097,627,2026-09-05 20:22:00,processing
9098,979,2026-05-15 16:25:00,shipped
9099,384,2024-04-11 17:13:00,shipped
9100,96,2026-03-12 17:59:00,delivered
9101,956,2024-12-01 03:18:00,pending
9102,977,2025-04-07 15:12:00,pending
9103,703,2026-07-17 02:59:00,shipped
9104,203,2024-02-06 06:39:00,pending
9105,916,2024-11-13 00:58:00,pending
9106,866,2026-03-12 05:25:00,delivered
9107,494,2024-01-15 20:11:00,cancelled
9108,959,2025-08-05 15:18:00,delivered
9109,335,2026-07-08 19:33:00,delivered
9110,864,2026-12-20 19:10:00,pending
9111,173,2026-08-03 07:34:00,processing
9112,339,2024-12-22 04:38:00,delivered
9113,213,2024-12-20 04:36:00,delivered
9114,696,2024-12-23 10:16:00,pending
9115,304,2025-05-24 17:43:00,cancelled
9116,915,2025-08-28 15:49:00,delivered
9117,299,2025-04-25 20:05:00,delivered
9118,412,2025-09-29 11:38:00,shipped
9119,560,2024-04-16 01:30:00,delivered
9120,852,2024-12-21 23:17:00,delivered
9121,222,2026-03-29 13:38:00,delivered
9122,248,2026-09-06 11:23:00,cancelled
9123,666,2026-01-18 20:01:00,shipped
9124,941,2025-11-19 17:15:00,delivered
9125,370,2024-03-20 00:55:00,delivered
9126,766,2026-08-09 01:39:00,delivered
9127,750,2025-01-20 03:28:00,delivered
9128,98,2024-06-08 07:49:00,shipped
9129,602,2026-10-21 00:18:00,processing
9130,243,2024-08-13 11:43:00,shipped
9131,431,2025-06-25 00:07:00,pending
9132,320,2026-04-10 00:05:00,delivered
9133,694,2025-02-13 06:20:00,processing
9134,870,2026-06-09 05:11:00,delivered
9135,393,2024-04-21 21:36:00,processing
9136,398,2025-07-19 04:48:00,shipped
9137,858,2025-04-09 07:07:00,shipped
9138,300,2024-04-17 17:09:00,processing
9139,8,2024-05-10 15:05:00,delivered
9140,124,2025-08-27 10:29:00,cancelled
9141,257,2024-04-04 10:48:00,processing
9142,682,2026-01-11 00:35:00,pending
9143,918,2024-01-24 00:53:00,delivered
9144,834,2025-11-12 13:49:00,shipped
9145,829,2025-04-21 20:22:00,processing
9146,428,2025-04-07 11:38:00,shipped
9147,484,2026-06-04 07:23:00,processing
9148,113,2025-05-06 20:01:00,processing
9149,191,2026-12-15 12:30:00,cancelled
9150,56,2026-03-23 13:20:00,delivered
9151,23,2024-12-11 09:37:00,processing
9152,198,2026-01-20 14:28:00,shipped
9153,84,2025-09-08 18:02:00,shipped
9154,88,2026-10-17 10:12:00,processing
9155,731,2026-10-12 21:39:00,cancelled
9156,868,2026-10-07 22:50:00,delivered
9157,357,2024-11-30 12:07:00,shipped
9158,476,2026-12-06 19:45:00,cancelled
9159,947,2026-12-09 19:51:00,delivered
9160,411,2025-05-25 03:30:00,cancelled
9161,325,2024-08-20 02:04:00,shipped
9162,741,2025-06-22 03:10:00,shipped
9163,826,2026-10-22 09:23:00,delivered
9164,990,2026-05-02 14:13:00,pending
9165,689,2025-02-21 14:04:00,cancelled
9166,482,2025-06-24 02:36:00,delivered
9167,1,2026-04-19 12:38:00,shipped
9168,927,2025-10-12 20:03:00,delivered
9169,488,2024-01-11 06:16:00,pending
9170,126,2024-07-04 15:25:00,delivered
9171,92,2026-08-03 00:24:00,processing
9172,666,2024-03-16 03:06:00,delivered
9173,463,2025-03-12 17:14:00,delivered
9174,681,2026-12-05 20:53:00,delivered
9175,466,2024-11-28 00:15:00,cancelled
9176,482,2026-02-18 11:53:00,shipped
9177,13,2024-03-03 02:36:00,pending
9178,794,2025-10-11 09:54:00,processing
9179,409,2024-04-27 22:57:00,delivered
9180,567,2024-10-31 09:04:00,processing
9181,891,2025-07-27 06:17:00,delivered
9182,177,2025-09-12 21:45:00,cancelled
9183,72,2024-09-07 08:56:00,cancelled
9184,325,2025-08-20 21:25:00,cancelled
9185,148,2025-07-16 16:09:00,processing
9186,976,2024-05-07 20:27:00,delivered
9187,904,2025-08-24 04:47:00,pending
9188,82,2026-05-15 16:16:00,shipped
9189,230,2026-11-27 19:51:00,shipped
9190,643,2025-11-23 19:09:00,processing
9191,942,2026-05-15 12:20:00,processing
9192,866,2026-10-11 09:27:00,shipped
9193,193,2025-04-23 03:27:00,delivered
9194,277,2025-10-06 00:27:00,pending
9195,332,2025-08-12 03:06:00,delivered
9196,219,2026-09-01 20:06:00,cancelled
9197,658,2025-08-18 20:27:00,delivered
9198,809,2025-05-10 20:06:00,delivered
9199,13,2026-10-13 17:38:00,delivered
9200,47,2026-09-17 17:27:00,delivered
9201,701,2025-10-19 14:47:00,shipped
9202,115,2026-12-15 07:00:00,shipped
9203,713,2025-10-22 20:54:00,cancelled
9204,655,2025-08-03 15:19:00,delivered
9205,247,2025-05-02 08:44:00,processing
9206,671,2026-08-18 07:27:00,delivered
9207,490,2024-03-11 03:42:00,shipped
9208,791,2026-01-07 04:53:00,cancelled
9209,857,2025-05-09 02:42:00,delivered
9210,720,2026-09-17 10:03:00,shipped
9211,5,2025-03-14 15:01:00,pending
9212,766,2024-08-24 16:20:00,delivered
9213,571,2026-07-05 08:41:00,pending
9214,636,2026-01-04 05:36:00,pending
9215,742,2025-12-26 01:38:00,shipped
9216,944,2024-11-09 16:04:00,delivered
9217,458,2024-11-09 12:25:00,delivered
9218,407,2025-02-24 23:56:00,delivered
9219,651,2024-12-18 09:04:00,shipped
9220,651,2024-07-13 02:38:00,shipped
9221,276,2024-03-13 22:46:00,delivered
9222,921,2026-02-19 05:47:00,delivered
9223,662,2024-02-23 16:34:00,cancelled
9224,764,2024-04-20 12:32:00,delivered
9225,92,2024-09-08 04:42:00,delivered
9226,472,2025-11-11 19:08:00,delivered
9227,153,2024-11-24 06:15:00,cancelled
9228,190,2025-11-05 12:31:00,delivered
9229,355,2024-01-05 22:45:00,delivered
9230,532,2025-12-05 13:07:00,shipped
9231,706,2026-08-01 22:07:00,cancelled
9232,268,2024-07-07 06:17:00,delivered
9233,509,2026-10-09 06:09:00,processing
9234,667,2026-10-04 07:44:00,delivered
9235,261,2025-01-03 03:43:00,delivered
9236,740,2024-11-05 00:38:00,shipped
9237,36,2026-06-18 19:15:00,delivered
9238,268,2024-08-17 11:41:00,delivered
9239,68,2025-08-11 04:21:00,pending
9240,881,2025-11-05 18:08:00,delivered
9241,868,2025-11-06 07:55:00,cancelled
9242,827,2024-01-05 18:23:00,shipped
9243,869,2026-10-03 15:38:00,delivered
9244,724,2025-04-03 12:18:00,delivered
9245,187,2026-09-27 06:29:00,delivered
9246,465,2024-11-01 07:33:00,delivered
9247,102,2026-05-14 21:50:00,cancelled
9248,131,2024-10-31 02:15:00,shipped
9249,105,2024-05-30 07:41:00,processing
9250,110,2024-03-01 15:21:00,processing
9251,969,2024-03-31 05:55:00,shipped
9252,998,2025-07-25 16:53:00,delivered
9253,296,2024-07-31 05:13:00,processing
9254,747,2024-09-15 05:14:00,delivered
9255,929,2024-03-09 17:30:00,delivered
9256,537,2025-10-20 22:55:00,delivered
9257,61,2025-09-15 06:37:00,delivered
9258,108,2025-05-24 15:00:00,cancelled
9259,999,2025-12-24 17:56:00,shipped
9260,532,2025-02-24 15:39:00,processing
9261,231,2024-08-16 13:52:00,cancelled
9262,568,2025-01-15 04:24:00,delivered
9263,529,2024-01-14 19:51:00,delivered
9264,458,2024-05-18 11:06:00,delivered
9265,77,2026-07-08 17:19:00,shipped
9266,613,2025-05-19 17:00:00,processing
9267,654,2025-07-23 20:28:00,delivered
9268,824,2025-04-18 17:07:00,pending
9269,813,2025-03-03 14:03:00,delivered
9270,589,2025-06-29 12:10:00,shipped
9271,376,2025-10-03 09:01:00,shipped
9272,500,2024-02-01 00:20:00,cancelled
9273,941,2025-12-30 10:41:00,cancelled
9274,532,2024-09-23 06:58:00,shipped
9275,741,2024-07-26 21:07:00,delivered
9276,29,2025-01-01 18:41:00,delivered
9277,530,2025-10-21 01:51:00,cancelled
9278,747,2026-12-31 08:31:00,delivered
9279,999,2024-12-05 10:32:00,delivered
9280,363,2025-03-24 14:04:00,cancelled
9281,437,2025-08-26 03:20:00,delivered
9282,827,2025-04-25 06:47:00,pending
9283,791,2024-02-03 12:26:00,shipped
9284,914,2026-10-07 01:41:00,delivered
9285,715,2026-04-02 06:48:00,cancelled
9286,93,2024-07-23 18:50:00,cancelled
9287,736,2026-06-01 22:05:00,cancelled
9288,987,2025-11-11 10:47:00,processing
9289,610,2025-05-16 15:13:00,delivered
9290,862,2025-01-24 08:43:00,pending
9291,500,2026-10-06 19:04:00,cancelled
9292,9,2025-03-16 15:36:00,delivered
9293,217,2024-02-26 13:06:00,delivered
9294,595,2024-10-07 01:57:00,pending
9295,942,2026-01-29 16:08:00,pending
9296,148,2024-07-16 12:11:00,delivered
9297,460,2025-09-03 04:19:00,shipped
9298,277,2026-09-06 07:09:00,shipped
9299,809,2025-10-19 01:49:00,shipped
9300,337,2024-10-02 18:42:00,delivered
9301,344,2025-03-24 12:51:00,cancelled
9302,452,2024-09-02 04:01:00,delivered
9303,163,2024-03-11 19:22:00,delivered
9304,833,2024-02-16 07:20:00,delivered
9305,719,2025-10-19 00:58:00,cancelled
9306,102,2026-04-28 17:55:00,delivered
9307,957,2025-06-22 08:20:00,shipped
9308,975,2026-07-03 23:44:00,delivered
9309,799,2024-06-11 23:28:00,shipped
9310,190,2024-03-09 10:16:00,pending
9311,981,2026-01-10 02:57:00,cancelled
9312,946,2025-10-29 13:30:00,delivered
9313,288,2024-01-20 18:50:00,processing
9314,120,2026-03-17 20:31:00,delivered
9315,616,2025-05-12 01:59:00,cancelled
9316,74,2025-04-03 08:55:00,delivered
9317,311,2024-03-09 11:47:00,delivered
9318,54,2026-03-04 20:30:00,pending
9319,74,2025-06-05 08:27:00,shipped
9320,532,2025-06-11 00:03:00,pending
9321,911,2025-08-24 01:01:00,shipped
9322,423,2025-06-05 11:16:00,delivered
9323,395,2026-12-18 06:18:00,delivered
9324,549,2026-06-21 11:10:00,shipped
9325,20,2025-07-31 17:37:00,delivered
9326,881,2025-07-31 12:27:00,processing
9327,455,2026-05-14 01:05:00,cancelled
9328,544,2024-03-21 22:30:00,delivered
9329,757,2024-06-11 02:32:00,processing
9330,684,2024-08-06 12:22:00,processing
9331,674,2026-02-02 01:35:00,delivered
9332,377,2025-11-06 19:01:00,shipped
9333,112,2025-11-23 00:28:00,delivered
9334,952,2024-05-24 15:16:00,pending
9335,444,2025-07-16 15:51:00,delivered
9336,785,2026-03-04 06:52:00,delivered
9337,835,2024-07-26 20:02:00,delivered
9338,915,2025-04-13 05:44:00,processing
9339,598,2026-07-28 12:30:00,pending
9340,371,2025-09-21 12:06:00,shipped
9341,261,2025-08-22 08:24:00,delivered
9342,290,2026-01-18 20:32:00,delivered
9343,778,2025-01-03 08:43:00,shipped
9344,965,2025-04-11 05:32:00,delivered
9345,69,2024-06-29 07:55:00,shipped
9346,131,2025-07-10 23:43:00,delivered
9347,786,2026-10-06 22:38:00,delivered
9348,161,2026-07-26 23:45:00,shipped
9349,589,2024-07-08 22:54:00,shipped
9350,855,2025-09-05 16:58:00,cancelled
9351,314,2024-02-10 00:36:00,delivered
9352,394,2025-11-26 17:16:00,delivered
9353,241,2024-11-12 20:47:00,shipped
9354,760,2026-10-27 15:35:00,pending
9355,981,2026-09-03 07:30:00,shipped
9356,654,2026-09-04 13:51:00,shipped
9357,586,2026-08-20 06:28:00,delivered
9358,330,2025-05-23 08:54:00,processing
9359,115,2024-07-23 17:29:00,processing
9360,130,2026-07-03 09:28:00,shipped
9361,469,2026-06-04 13:44:00,cancelled
9362,772,2024-04-27 22:39:00,pending
9363,124,2025-01-23 11:10:00,shipped
9364,260,2024-09-15 10:36:00,delivered
9365,626,2025-03-07 03:28:00,shipped
9366,594,2026-10-13 00:33:00,delivered
9367,431,2026-07-05 10:36:00,processing
9368,644,2026-02-06 20:27:00,delivered
9369,218,2026-05-01 15:02:00,delivered
9370,877,2025-07-22 14:30:00,cancelled
9371,939,2024-08-15 08:02:00,shipped
9372,462,2026-08-16 01:08:00,cancelled
9373,975,2024-02-07 22:05:00,shipped
9374,986,2025-07-31 08:39:00,shipped
9375,656,2025-10-18 14:51:00,shipped
9376,380,2026-03-08 20:13:00,delivered
9377,973,2025-07-01 23:35:00,shipped
9378,345,2025-11-20 22:42:00,delivered
9379,400,2026-04-19 06:15:00,delivered
9380,707,2025-07-10 05:00:00,delivered
9381,342,2024-02-24 18:57:00,shipped
9382,221,2024-01-21 21:28:00,processing
9383,951,2026-08-20 04:33:00,delivered
9384,713,2024-10-19 15:24:00,delivered
9385,689,2026-11-05 17:31:00,pending
9386,735,2025-07-12 05:47:00,delivered
9387,437,2026-04-05 00:15:00,shipped
9388,434,2024-03-04 20:11:00,delivered
9389,446,2025-09-19 08:34:00,processing
9390,927,2025-08-07 06:44:00,shipped
9391,58,2026-09-14 19:53:00,shipped
9392,106,2026-06-04 11:14:00,delivered
9393,892,2026-08-14 21:33:00,shipped
9394,285,2026-10-02 03:26:00,cancelled
9395,578,2024-05-12 18:07:00,shipped
9396,968,2026-05-27 18:21:00,pending
9397,857,2026-08-22 05:21:00,delivered
9398,353,2024-03-14 03:24:00,delivered
9399,358,2026-05-24 19:30:00,delivered
9400,492,2026-11-09 04:13:00,pending
9401,686,2024-04-04 00:33:00,pending
9402,221,2025-09-22 23:37:00,pending
9403,214,2026-09-10 09:14:00,processing
9404,443,2024-12-25 08:39:00,shipped
9405,566,2024-01-08 02:44:00,shipped
9406,592,2025-12-22 19:39:00,processing
9407,661,2024-12-23 18:54:00,shipped
9408,923,2025-06-22 01:15:00,pending
9409,110,2024-11-14 17:29:00,cancelled
9410,928,2024-07-12 08:27:00,cancelled
9411,605,2025-12-15 03:05:00,delivered
9412,29,2025-01-21 07:36:00,delivered
9413,768,2024-05-01 11:38:00,cancelled
9414,443,2026-06-05 20:37:00,shipped
9415,223,2025-08-17 06:35:00,delivered
9416,739,2026-09-13 11:56:00,delivered
9417,764,2025-08-10 05:33:00,delivered
9418,395,2025-05-11 15:46:00,delivered
9419,314,2025-10-26 01:47:00,processing
9420,836,2025-01-02 14:30:00,delivered
9421,701,2024-06-11 14:36:00,processing
9422,77,2026-04-01 05:22:00,pending
9423,862,2025-11-06 11:12:00,processing
9424,455,2024-10-25 08:55:00,delivered
9425,649,2025-09-17 21:49:00,delivered
9426,252,2026-08-12 04:25:00,cancelled
9427,736,2026-08-02 22:31:00,delivered
9428,247,2026-11-10 21:33:00,delivered
9429,275,2024-06-11 05:54:00,delivered
9430,447,2026-06-25 05:32:00,delivered
9431,264,2026-10-16 17:24:00,cancelled
9432,86,2024-04-16 09:01:00,shipped
9433,722,2024-12-04 19:24:00,delivered
9434,981,2026-02-19 10:11:00,delivered
9435,289,2024-07-24 23:20:00,delivered
9436,77,2026-11-18 01:09:00,pending
9437,21,2025-06-24 02:45:00,delivered
9438,472,2024-07-28 18:04:00,processing
9439,795,2025-07-27 07:50:00,delivered
9440,468,2024-04-25 05:27:00,shipped
9441,542,2024-07-23 09:39:00,shipped
9442,820,2026-01-02 10:01:00,pending
9443,215,2026-01-27 06:57:00,pending
9444,82,2024-03-03 03:46:00,shipped
9445,310,2026-01-26 12:28:00,delivered
9446,978,2024-07-06 07:30:00,pending
9447,48,2024-05-14 21:44:00,delivered
9448,581,2025-01-25 02:57:00,cancelled
9449,369,2026-04-29 00:51:00,delivered
9450,239,2024-01-14 05:06:00,delivered
9451,718,2026-06-30 06:29:00,processing
9452,854,2026-09-12 20:42:00,pending
9453,862,2024-01-12 03:42:00,delivered
9454,297,2024-12-17 13:10:00,pending
9455,819,2024-11-19 05:46:00,delivered
9456,268,2024-02-01 00:26:00,pending
9457,537,2026-02-19 10:17:00,delivered
9458,608,2026-05-23 12:03:00,processing
9459,666,2025-10-03 02:17:00,processing
9460,556,2024-03-25 08:53:00,delivered
9461,66,2024-03-04 01:19:00,shipped
9462,85,2025-10-08 23:15:00,cancelled
9463,725,2024-08-18 18:20:00,delivered
9464,934,2026-04-12 01:53:00,cancelled
9465,494,2026-04-11 19:49:00,processing
9466,911,2025-07-15 15:31:00,delivered
9467,428,2024-04-11 10:16:00,cancelled
9468,863,2025-11-11 12:09:00,shipped
9469,359,2024-01-17 08:10:00,processing
9470,411,2025-06-18 01:24:00,delivered
9471,270,2026-10-21 13:48:00,processing
9472,747,2026-10-04 10:54:00,shipped
9473,109,2026-11-27 05:31:00,delivered
9474,112,2024-08-25 09:35:00,delivered
9475,808,2024-07-17 12:03:00,shipped
9476,570,2024-02-13 02:36:00,delivered
9477,805,2025-11-07 11:58:00,delivered
9478,571,2024-12-14 12:31:00,delivered
9479,391,2025-10-29 01:16:00,shipped
9480,297,2024-07-06 09:57:00,cancelled
9481,765,2024-10-08 19:59:00,shipped
9482,149,2026-04-08 15:50:00,delivered
9483,543,2024-05-04 22:22:00,delivered
9484,67,2025-11-03 03:14:00,shipped
9485,525,2026-04-30 05:26:00,delivered
9486,899,2026-06-28 01:18:00,processing
9487,65,2026-04-21 23:36:00,delivered
9488,120,2025-08-26 04:55:00,cancelled
9489,6,2026-06-30 12:42:00,delivered
9490,450,2024-01-22 01:27:00,delivered
9491,924,2025-06-26 07:27:00,shipped
9492,484,2024-11-11 21:59:00,processing
9493,767,2026-08-15 12:26:00,delivered
9494,700,2024-04-07 10:16:00,processing
9495,471,2024-06-20 10:02:00,pending
9496,507,2026-06-04 00:05:00,delivered
9497,892,2026-07-25 11:48:00,cancelled
9498,728,2024-01-13 00:57:00,shipped
9499,485,2025-05-27 05:32:00,shipped
9500,377,2026-01-12 14:27:00,processing
9501,641,2026-05-26 15:30:00,delivered
9502,444,2026-05-26 15:08:00,delivered
9503,619,2024-11-22 05:35:00,delivered
9504,307,2024-08-28 08:13:00,pending
9505,651,2024-11-05 03:23:00,processing
9506,975,2024-12-27 23:23:00,delivered
9507,548,2025-03-30 06:27:00,cancelled
9508,475,2025-07-28 22:03:00,delivered
9509,695,2024-07-28 05:43:00,delivered
9510,354,2025-07-02 09:44:00,delivered
9511,900,2026-03-11 18:47:00,delivered
9512,882,2024-02-29 02:11:00,delivered
9513,170,2025-12-01 12:51:00,processing
9514,545,2025-03-18 13:06:00,delivered
9515,881,2024-03-19 04:22:00,delivered
9516,674,2024-03-19 02:54:00,shipped
9517,665,2024-12-10 22:03:00,delivered
9518,408,2025-05-08 14:03:00,processing
9519,381,2025-11-21 19:22:00,delivered
9520,638,2024-08-04 10:07:00,shipped
9521,921,2026-02-14 02:27:00,delivered
9522,156,2026-04-11 11:34:00,delivered
9523,946,2025-01-29 12:54:00,cancelled
9524,136,2026-01-06 07:55:00,shipped
9525,500,2025-01-20 04:51:00,pending
9526,152,2024-12-30 10:55:00,shipped
9527,48,2024-02-10 12:39:00,shipped
9528,628,2026-06-18 17:51:00,cancelled
9529,840,2025-02-22 20:55:00,delivered
9530,934,2024-07-17 17:58:00,processing
9531,911,2025-08-11 03:48:00,pending
9532,53,2024-01-10 13:24:00,shipped
9533,300,2026-11-21 09:15:00,delivered
9534,774,2025-04-18 00:48:00,pending
9535,441,2024-05-06 07:44:00,delivered
9536,857,2026-04-28 00:45:00,delivered
9537,714,2026-10-13 01:24:00,shipped
9538,883,2025-05-16 15:23:00,delivered
9539,6,2025-08-05 09:29:00,delivered
9540,53,2025-10-06 23:35:00,delivered
9541,60,2025-06-22 15:00:00,processing
9542,671,2026-12-20 18:01:00,processing
9543,467,2026-05-21 08:23:00,processing
9544,193,2024-01-09 21:49:00,pending
9545,944,2024-04-12 03:57:00,delivered
9546,950,2025-11-02 15:21:00,shipped
9547,215,2026-11-06 00:34:00,shipped
9548,497,2025-09-21 00:24:00,processing
9549,169,2026-10-23 10:50:00,pending
9550,168,2025-12-06 10:14:00,processing
9551,380,2024-10-13 17:23:00,pending
9552,863,2026-01-27 01:07:00,processing
9553,161,2025-06-01 14:05:00,pending
9554,449,2026-11-10 15:43:00,delivered
9555,794,2025-12-08 00:46:00,shipped
9556,214,2024-09-03 16:40:00,shipped
9557,526,2024-02-20 11:47:00,pending
9558,297,2024-07-27 04:01:00,cancelled
9559,959,2024-01-07 15:16:00,delivered
9560,43,2025-07-16 23:23:00,pending
9561,439,2025-03-11 06:51:00,delivered
9562,485,2026-04-13 22:39:00,processing
9563,793,2026-02-22 17:36:00,delivered
9564,598,2025-06-27 14:14:00,delivered
9565,858,2025-02-19 01:36:00,cancelled
9566,691,2026-01-27 05:54:00,processing
9567,50,2026-02-07 01:23:00,shipped
9568,422,2024-04-02 14:05:00,processing
9569,850,2024-09-09 06:30:00,processing
9570,866,2025-08-31 19:05:00,processing
9571,321,2024-05-22 18:14:00,delivered
9572,399,2025-08-11 06:27:00,shipped
9573,992,2026-05-25 11:43:00,delivered
9574,87,2025-09-19 23:20:00,delivered
9575,611,2025-07-27 11:26:00,delivered
9576,121,2026-01-23 01:48:00,delivered
9577,328,2024-08-10 09:24:00,delivered
9578,809,2024-08-08 17:28:00,delivered
9579,593,2026-09-07 13:49:00,processing
9580,1000,2024-04-04 04:12:00,pending
9581,160,2025-03-06 07:52:00,processing
9582,531,2026-12-11 20:48:00,processing
9583,678,2026-03-02 00:49:00,processing
9584,28,2024-11-10 15:01:00,shipped
9585,25,2025-09-27 07:49:00,delivered
9586,939,2026-06-10 12:27:00,delivered
9587,479,2024-03-23 15:41:00,processing
9588,44,2024-11-24 14:20:00,delivered
9589,519,2026-05-07 13:12:00,shipped
9590,30,2025-12-31 06:31:00,processing
9591,60,2026-12-12 04:12:00,processing
9592,875,2024-03-29 18:29:00,pending
9593,624,2024-12-13 09:29:00,delivered
9594,647,2026-08-13 11:06:00,delivered
9595,945,2026-03-22 04:06:00,pending
9596,520,2026-04-27 06:25:00,delivered
9597,957,2024-12-22 16:41:00,delivered
9598,901,2026-05-17 17:36:00,shipped
9599,15,2026-02-13 12:54:00,delivered
9600,698,2026-12-08 02:56:00,cancelled
9601,499,2024-04-06 09:46:00,delivered
9602,379,2024-12-17 17:43:00,shipped
9603,331,2026-10-28 00:27:00,delivered
9604,77,2026-07-09 19:08:00,processing
9605,293,2024-07-25 21:39:00,delivered
9606,468,2026-06-25 00:13:00,processing
9607,571,2024-05-07 16:13:00,shipped
9608,743,2024-01-09 19:34:00,cancelled
9609,355,2025-06-13 08:58:00,delivered
9610,467,2024-04-01 08:57:00,cancelled
9611,253,2025-01-29 08:26:00,cancelled
9612,326,2026-02-11 22:29:00,cancelled
9613,650,2024-10-04 12:03:00,processing
9614,222,2024-05-23 21:32:00,delivered
9615,433,2026-05-15 23:46:00,shipped
9616,58,2025-10-17 20:38:00,delivered
9617,488,2025-09-13 07:40:00,pending
9618,511,2024-01-18 22:13:00,shipped
9619,178,2025-11-15 22:59:00,delivered
9620,450,2024-08-06 04:26:00,delivered
9621,896,2026-12-13 16:31:00,pending
9622,917,2024-06-13 10:50:00,cancelled
9623,499,2024-07-20 07:40:00,delivered
9624,206,2024-06-08 09:52:00,processing
9625,994,2024-09-01 15:42:00,shipped
9626,141,2025-07-07 15:38:00,delivered
9627,989,2025-05-31 07:12:00,delivered
9628,509,2024-11-21 14:14:00,delivered
9629,40,2025-12-21 20:55:00,delivered
9630,419,2026-06-09 04:02:00,delivered
9631,845,2024-01-29 14:33:00,shipped
9632,938,2026-04-01 08:57:00,pending
9633,118,2025-11-11 14:28:00,shipped
9634,994,2026-03-01 04:07:00,delivered
9635,715,2026-09-21 16:42:00,shipped
9636,438,2025-12-03 20:08:00,shipped
9637,352,2025-09-07 04:16:00,shipped
9638,808,2026-05-14 12:29:00,processing
9639,183,2024-04-22 14:10:00,processing
9640,736,2026-05-10 15:39:00,shipped
9641,444,2024-02-18 03:20:00,cancelled
9642,267,2024-08-01 07:33:00,processing
9643,735,2025-04-22 17:26:00,delivered
9644,539,2025-03-23 07:39:00,processing
9645,208,2026-12-10 12:08:00,processing
9646,663,2025-06-01 13:41:00,delivered
9647,432,2025-01-17 18:26:00,delivered
9648,89,2024-05-03 07:23:00,shipped
9649,510,2025-07-04 20:35:00,pending
9650,936,2025-10-01 06:31:00,delivered
9651,82,2025-09-17 18:10:00,shipped
9652,493,2025-04-19 20:23:00,pending
9653,409,2024-03-05 01:46:00,pending
9654,842,2026-05-26 13:55:00,shipped
9655,400,2024-03-15 18:51:00,shipped
9656,292,2024-03-15 18:58:00,delivered
9657,7,2024-04-06 19:06:00,shipped
9658,365,2025-10-23 09:21:00,cancelled
9659,958,2025-05-24 01:03:00,pending
9660,907,2026-11-28 08:54:00,shipped
9661,671,2026-10-02 23:19:00,delivered
9662,667,2024-11-16 00:58:00,delivered
9663,186,2024-09-24 10:42:00,delivered
9664,585,2026-11-03 14:43:00,cancelled
9665,203,2024-04-25 15:49:00,cancelled
9666,162,2024-08-11 13:25:00,shipped
9667,793,2026-03-29 18:56:00,processing
9668,768,2026-07-05 01:40:00,delivered
9669,684,2026-04-07 02:55:00,processing
9670,507,2024-07-09 06:42:00,cancelled
9671,1,2024-10-27 11:02:00,cancelled
9672,417,2025-07-06 05:09:00,cancelled
9673,431,2025-06-10 07:19:00,delivered
9674,662,2025-09-19 21:26:00,shipped
9675,940,2026-06-01 21:43:00,cancelled
9676,63,2025-10-17 06:18:00,delivered
9677,503,2025-06-23 02:05:00,cancelled
9678,16,2024-11-17 16:23:00,delivered
9679,899,2025-12-22 06:45:00,delivered
9680,925,2026-10-17 10:22:00,delivered
9681,922,2026-10-07 10:36:00,cancelled
9682,192,2024-05-01 08:46:00,pending
9683,353,2025-10-23 05:50:00,cancelled
9684,756,2024-12-03 07:03:00,delivered
9685,102,2026-03-28 08:46:00,processing
9686,933,2025-05-19 20:08:00,delivered
9687,507,2026-07-26 22:17:00,shipped
9688,794,2025-08-11 07:14:00,delivered
9689,999,2024-10-24 18:44:00,shipped
9690,696,2026-07-24 16:27:00,cancelled
9691,938,2026-10-18 22:41:00,delivered
9692,900,2024-04-20 09:54:00,delivered
9693,966,2026-07-19 04:16:00,delivered
9694,783,2026-03-16 23:17:00,cancelled
9695,493,2024-11-03 23:51:00,delivered
9696,678,2025-08-28 03:36:00,delivered
9697,420,2026-07-11 20:57:00,delivered
9698,892,2024-06-01 00:02:00,delivered
9699,453,2025-08-20 09:11:00,delivered
9700,170,2025-05-22 02:24:00,delivered
9701,135,2024-09-05 04:32:00,processing
9702,365,2026-11-02 11:38:00,delivered
9703,794,2024-04-13 05:18:00,delivered
9704,74,2024-01-04 10:41:00,shipped
9705,578,2024-06-30 11:49:00,delivered
9706,542,2025-06-18 07:16:00,delivered
9707,360,2026-02-14 11:07:00,delivered
9708,790,2025-04-01 09:13:00,cancelled
9709,282,2024-04-24 22:55:00,delivered
9710,28,2026-11-18 00:26:00,delivered
9711,222,2024-05-25 23:15:00,delivered
9712,625,2025-08-21 07:20:00,cancelled
9713,553,2025-07-05 10:39:00,pending
9714,484,2025-03-04 22:46:00,delivered
9715,160,2026-12-07 05:04:00,delivered
9716,814,2024-05-26 05:25:00,shipped
9717,156,2024-07-12 21:32:00,pending
9718,263,2025-06-21 15:35:00,delivered
9719,223,2026-08-09 20:29:00,pending
9720,60,2026-01-27 00:28:00,pending
9721,380,2024-02-10 20:25:00,cancelled
9722,395,2025-03-21 05:28:00,shipped
9723,955,2025-06-06 22:42:00,delivered
9724,899,2025-02-18 04:27:00,shipped
9725,157,2024-01-07 15:38:00,delivered
9726,262,2026-10-02 01:30:00,delivered
9727,811,2025-05-09 14:38:00,cancelled
9728,511,2026-10-10 21:21:00,processing
9729,994,2025-01-25 19:37:00,delivered
9730,856,2025-02-03 12:36:00,delivered
9731,831,2026-11-29 09:23:00,shipped
9732,111,2025-04-04 16:58:00,shipped
9733,997,2024-11-10 16:10:00,shipped
9734,151,2024-02-06 03:26:00,delivered
9735,361,2024-08-02 10:38:00,delivered
9736,322,2024-12-05 15:59:00,shipped
9737,873,2026-10-08 03:23:00,delivered
9738,753,2025-04-03 06:13:00,pending
9739,664,2026-07-02 18:49:00,processing
9740,813,2025-03-12 20:19:00,delivered
9741,338,2026-02-23 02:39:00,delivered
9742,768,2024-07-13 14:24:00,shipped
9743,52,2024-10-18 03:51:00,pending
9744,21,2024-03-29 05:31:00,delivered
9745,316,2025-12-31 16:42:00,cancelled
9746,890,2026-08-08 01:49:00,pending
9747,124,2024-09-13 10:14:00,delivered
9748,668,2024-04-19 20:50:00,shipped
9749,98,2024-01-06 10:57:00,processing
9750,508,2026-02-23 19:13:00,processing
9751,570,2026-08-15 20:36:00,cancelled
9752,701,2024-12-09 22:55:00,cancelled
9753,510,2025-08-10 21:53:00,delivered
9754,794,2025-01-18 05:25:00,cancelled
9755,693,2026-09-01 10:12:00,pending
9756,765,2025-12-13 05:42:00,shipped
9757,813,2025-02-26 17:31:00,processing
9758,673,2024-02-23 14:20:00,shipped
9759,198,2024-07-17 09:55:00,delivered
9760,258,2025-07-02 03:37:00,delivered
9761,385,2025-07-07 10:43:00,delivered
9762,996,2026-02-26 05:40:00,shipped
9763,208,2025-07-23 00:36:00,cancelled
9764,734,2024-10-15 15:28:00,cancelled
9765,77,2025-12-27 14:54:00,cancelled
9766,682,2026-04-27 16:21:00,pending
9767,456,2024-04-30 10:43:00,processing
9768,555,2024-11-15 11:05:00,delivered
9769,122,2024-03-03 06:05:00,delivered
9770,445,2026-07-16 04:01:00,delivered
9771,593,2024-08-03 08:17:00,delivered
9772,383,2026-04-28 13:58:00,pending
9773,418,2026-04-04 23:29:00,delivered
9774,816,2024-01-20 02:46:00,shipped
9775,734,2025-07-07 07:17:00,cancelled
9776,788,2024-06-15 00:11:00,shipped
9777,381,2025-12-01 14:24:00,delivered
9778,473,2026-01-28 13:54:00,delivered
9779,789,2026-03-19 11:47:00,delivered
9780,198,2024-10-12 18:41:00,delivered
9781,998,2025-09-08 02:48:00,pending
9782,3,2026-06-06 16:20:00,delivered
9783,812,2024-11-07 07:15:00,pending
9784,803,2025-08-31 13:48:00,delivered
9785,121,2025-09-28 22:31:00,delivered
9786,885,2026-05-06 03:53:00,shipped
9787,854,2025-11-15 07:54:00,delivered
9788,474,2025-03-26 00:20:00,processing
9789,897,2025-08-29 05:34:00,delivered
9790,974,2026-10-02 22:33:00,pending
9791,913,2026-05-05 04:37:00,processing
9792,957,2026-02-12 03:22:00,delivered
9793,491,2024-08-16 01:27:00,shipped
9794,407,2024-04-21 07:27:00,delivered
9795,471,2024-04-28 10:36:00,pending
9796,122,2024-09-01 14:42:00,delivered
9797,656,2026-08-19 14:38:00,shipped
9798,208,2024-07-31 19:36:00,cancelled
9799,423,2026-06-26 01:36:00,cancelled
9800,397,2024-04-09 17:29:00,shipped
9801,431,2024-05-21 04:09:00,delivered
9802,953,2026-11-13 07:01:00,delivered
9803,769,2026-09-30 17:33:00,shipped
9804,481,2026-07-15 18:34:00,delivered
9805,517,2024-11-09 08:49:00,processing
9806,357,2026-04-05 16:47:00,shipped
9807,704,2026-06-01 05:28:00,cancelled
9808,943,2026-10-25 05:44:00,processing
9809,894,2024-03-14 18:45:00,shipped
9810,921,2025-10-26 08:31:00,delivered
9811,605,2025-12-27 00:07:00,delivered
9812,200,2025-03-18 12:28:00,delivered
9813,745,2024-06-28 02:53:00,shipped
9814,457,2026-12-04 02:17:00,pending
9815,164,2026-12-31 05:18:00,delivered
9816,416,2025-09-23 19:41:00,delivered
9817,815,2024-08-31 20:15:00,shipped
9818,431,2025-10-29 01:36:00,shipped
9819,656,2024-12-09 21:51:00,delivered
9820,677,2024-08-04 11:58:00,delivered
9821,655,2025-04-27 15:34:00,pending
9822,229,2024-08-29 20:53:00,delivered
9823,374,2024-08-05 16:46:00,pending
9824,248,2026-02-19 18:51:00,pending
9825,283,2026-06-20 19:03:00,shipped
9826,752,2025-09-17 09:38:00,shipped
9827,789,2025-12-11 21:51:00,delivered
9828,337,2024-07-20 19:48:00,processing
9829,262,2024-11-14 15:35:00,delivered
9830,96,2024-05-28 19:43:00,processing
9831,809,2026-12-31 19:03:00,pending
9832,513,2026-05-22 21:03:00,delivered
9833,847,2026-12-06 02:57:00,cancelled
9834,299,2025-09-23 02:27:00,delivered
9835,437,2026-03-07 03:06:00,delivered
9836,478,2024-11-07 19:17:00,processing
9837,3,2026-04-18 15:03:00,delivered
9838,31,2025-12-02 23:33:00,delivered
9839,353,2024-11-10 08:43:00,pending
9840,639,2026-09-09 15:45:00,delivered
9841,999,2025-10-22 22:30:00,processing
9842,7,2024-03-09 07:03:00,processing
9843,375,2024-05-12 23:50:00,delivered
9844,424,2024-07-08 14:22:00,delivered
9845,624,2026-06-10 05:49:00,processing
9846,318,2025-09-14 20:59:00,delivered
9847,271,2024-07-24 19:17:00,delivered
9848,864,2025-12-10 16:59:00,processing
9849,372,2024-06-03 19:36:00,pending
9850,11,2024-10-06 12:14:00,processing
9851,955,2024-10-01 04:28:00,cancelled
9852,498,2026-08-27 01:34:00,shipped
9853,314,2024-12-04 13:32:00,processing
9854,632,2026-01-08 23:23:00,shipped
9855,711,2025-07-23 08:34:00,delivered
9856,94,2025-05-08 16:40:00,pending
9857,124,2025-10-03 20:54:00,shipped
9858,416,2025-07-20 03:43:00,cancelled
9859,891,2024-07-29 06:39:00,delivered
9860,915,2026-01-12 11:51:00,cancelled
9861,161,2025-02-23 15:23:00,pending
9862,777,2025-03-17 19:31:00,processing
9863,474,2025-10-16 05:52:00,shipped
9864,698,2025-03-27 04:17:00,processing
9865,716,2024-10-23 03:47:00,processing
9866,358,2026-09-15 18:56:00,shipped
9867,966,2026-06-14 05:35:00,pending
9868,203,2025-04-01 11:01:00,pending
9869,727,2025-06-14 22:20:00,delivered
9870,738,2026-12-07 01:57:00,shipped
9871,531,2024-12-15 19:57:00,shipped
9872,488,2024-11-22 16:24:00,processing
9873,753,2025-12-12 16:28:00,delivered
9874,591,2025-01-22 23:47:00,delivered
9875,785,2026-05-26 05:40:00,delivered
9876,890,2026-11-03 14:46:00,processing
9877,20,2026-12-08 01:23:00,shipped
9878,137,2024-10-05 13:09:00,delivered
9879,960,2024-06-18 13:29:00,shipped
9880,21,2024-05-10 02:23:00,processing
9881,139,2026-07-09 23:01:00,cancelled
9882,221,2025-09-07 03:53:00,cancelled
9883,293,2026-06-27 15:59:00,shipped
9884,389,2026-11-09 22:43:00,shipped
9885,754,2026-09-25 02:15:00,cancelled
9886,605,2026-08-25 00:33:00,pending
9887,829,2025-11-12 07:32:00,processing
9888,958,2024-06-03 05:45:00,processing
9889,802,2025-04-01 21:55:00,delivered
9890,821,2025-11-07 14:44:00,delivered
9891,866,2025-02-03 20:31:00,delivered
9892,399,2025-07-06 09:21:00,processing
9893,642,2025-11-02 12:09:00,cancelled
9894,157,2024-01-25 17:56:00,delivered
9895,804,2025-07-28 13:53:00,shipped
9896,276,2024-09-26 18:36:00,delivered
9897,396,2024-09-06 06:33:00,pending
9898,77,2026-02-09 01:58:00,delivered
9899,584,2025-02-18 19:38:00,shipped
9900,77,2024-03-16 12:42:00,delivered
9901,205,2026-11-28 23:09:00,delivered
9902,73,2026-02-19 04:37:00,delivered
9903,749,2026-02-12 00:19:00,delivered
9904,497,2026-11-04 11:44:00,delivered
9905,818,2024-08-04 01:15:00,shipped
9906,196,2024-01-26 11:24:00,delivered
9907,667,2026-04-30 05:20:00,delivered
9908,704,2026-02-24 19:19:00,pending
9909,220,2025-10-15 05:35:00,delivered
9910,630,2024-01-04 21:35:00,delivered
9911,778,2026-11-28 12:48:00,pending
9912,71,2024-07-06 00:29:00,pending
9913,611,2024-12-23 06:45:00,shipped
9914,251,2026-04-27 16:01:00,delivered
9915,342,2026-11-01 09:16:00,delivered
9916,279,2025-03-04 15:08:00,delivered
9917,861,2025-02-10 05:27:00,delivered
9918,732,2026-10-09 15:54:00,shipped
9919,885,2025-04-03 02:45:00,delivered
9920,701,2026-10-29 01:51:00,shipped
9921,525,2025-08-31 22:15:00,pending
9922,606,2026-08-18 18:31:00,shipped
9923,790,2026-02-08 16:45:00,delivered
9924,181,2024-08-28 17:07:00,delivered
9925,984,2024-03-08 02:51:00,delivered
9926,765,2026-08-25 08:29:00,processing
9927,94,2025-04-12 03:07:00,processing
9928,396,2025-12-31 19:44:00,shipped
9929,397,2024-01-16 06:03:00,processing
9930,218,2024-08-06 04:04:00,delivered
9931,117,2026-07-06 00:19:00,processing
9932,251,2024-10-14 15:54:00,shipped
9933,558,2024-07-07 02:34:00,shipped
9934,832,2024-12-07 00:26:00,processing
9935,878,2025-06-19 03:24:00,shipped
9936,887,2026-07-17 05:56:00,shipped
9937,567,2024-07-29 00:36:00,shipped
9938,100,2024-03-28 00:57:00,delivered
9939,471,2025-01-05 10:04:00,processing
9940,889,2024-12-13 04:12:00,delivered
9941,19,2024-06-02 06:42:00,shipped
9942,33,2024-12-27 00:54:00,delivered
9943,909,2024-07-05 19:19:00,pending
9944,887,2025-07-21 12:39:00,shipped
9945,887,2025-04-28 12:02:00,cancelled
9946,508,2024-10-19 15:10:00,pending
9947,761,2025-08-01 11:03:00,delivered
9948,586,2024-01-15 13:47:00,delivered
9949,210,2025-12-19 07:15:00,cancelled
9950,372,2024-02-25 03:25:00,delivered
9951,432,2024-09-27 10:04:00,pending
9952,864,2025-07-11 12:07:00,delivered
9953,37,2026-01-13 21:04:00,delivered
9954,971,2025-11-23 03:13:00,processing
9955,129,2024-03-01 18:25:00,shipped
9956,57,2024-11-02 09:00:00,delivered
9957,96,2025-02-16 10:36:00,delivered
9958,430,2026-04-29 10:15:00,processing
9959,52,2025-03-31 12:14:00,delivered
9960,530,2026-01-11 15:17:00,processing
9961,620,2024-07-26 18:20:00,delivered
9962,20,2024-01-24 00:50:00,delivered
9963,105,2026-03-13 04:43:00,shipped
9964,370,2024-03-30 02:45:00,shipped
9965,532,2025-05-08 20:07:00,shipped
9966,372,2024-01-12 00:14:00,delivered
9967,787,2026-01-28 11:32:00,delivered
9968,744,2025-08-17 12:55:00,delivered
9969,659,2024-11-26 01:06:00,delivered
9970,782,2024-02-13 04:13:00,processing
9971,98,2026-02-07 11:06:00,delivered
9972,561,2024-01-15 12:47:00,pending
9973,609,2024-08-17 15:49:00,shipped
9974,468,2025-12-04 03:58:00,cancelled
9975,593,2024-11-26 12:52:00,cancelled
9976,485,2025-12-26 00:17:00,shipped
9977,907,2026-03-12 20:10:00,delivered
9978,690,2026-11-21 20:18:00,cancelled
9979,751,2026-06-02 11:27:00,delivered
9980,762,2026-10-19 05:00:00,processing
9981,4,2025-06-10 17:31:00,pending
9982,31,2025-04-10 12:50:00,delivered
9983,233,2025-08-05 15:24:00,delivered
9984,91,2025-06-01 09:50:00,processing
9985,987,2026-08-18 03:43:00,cancelled
9986,959,2026-06-15 09:21:00,processing
9987,885,2025-08-30 11:37:00,shipped
9988,16,2024-04-14 01:09:00,delivered
9989,920,2024-02-07 13:46:00,delivered
9990,313,2026-08-21 06:20:00,shipped
9991,940,2025-06-04 04:51:00,shipped
9992,143,2025-06-04 06:26:00,delivered
9993,39,2024-02-20 18:33:00,cancelled
9994,268,2025-10-24 01:41:00,delivered
9995,271,2026-05-31 21:19:00,shipped
9996,155,2025-02-09 13:00:00,shipped
9997,116,2026-10-04 01:50:00,shipped
9998,172,2024-12-21 11:10:00,shipped
9999,930,2025-02-18 21:42:00,pending
10000,261,2024-07-10 14:26:00,processing
