order_item_id,order_id,product_id,quantity,price
1,1,687,8,1881.38
2,1,1887,1,526.26
3,2,920,1,1787.43
4,2,1258,9,1377.4
5,3,379,10,3727.33
6,3,429,10,3171.39
7,4,1799,9,859.99
8,5,1993,7,1460.21
9,5,893,5,3618.22
10,5,243,8,1911.32
11,5,1643,8,2797.27
12,5,1593,6,1942.95
13,6,1137,6,336.95
14,6,536,2,3261.42
15,6,1888,5,1276.68
16,7,710,7,643.04
17,7,1760,3,2628.79
18,7,1760,6,3835.31
19,7,1160,2,1291.88
20,7,310,9,3397.11
21,8,272,9,3818.1
22,8,472,6,4172.76
23,9,1708,10,3968.7
24,10,373,6,1014.07
25,10,1723,7,2470.48
26,10,1623,1,3683.06
27,10,1523,9,1163.65
28,10,1773,1,1173.64
29,11,1457,2,2929.29
30,11,1257,2,3685.55
31,11,907,6,112.87
32,11,807,8,4411.7
33,11,257,10,2318.08
34,12,582,7,2975.93
35,12,1832,2,4453.66
36,12,632,4,2573.68
37,12,1882,7,2380.58
38,12,582,9,3235.41
39,13,1895,6,2095.1
40,13,645,7,3061.0
41,14,1280,7,1171.57
42,14,335,8,1131.28
43,14,1154,5,4741.46
44,14,773,8,3792.43
45,14,369,4,3398.13
46,15,1993,2,4623.41
47,15,693,5,361.31
48,15,843,4,1575.55
49,15,643,1,4469.28
50,15,1643,7,2615.9
51,16,1587,9,474.96
52,16,887,7,215.3
53,17,1285,2,2380.42
54,17,178,1,842.71
55,17,1195,5,971.12
56,18,866,4,2339.36
57,18,1466,9,274.03
58,19,1077,4,1471.85
59,19,539,4,1755.07
60,20,1649,3,2099.57
61,20,896,2,587.83
62,20,1536,5,2333.27
63,20,1151,3,174.6
64,21,985,4,3678.28
65,21,1585,5,649.16
66,22,1626,5,2287.72
67,22,1914,4,367.84
68,22,856,2,3903.28
69,23,388,9,4445.65
70,23,838,5,1156.79
71,23,938,4,274.47
72,23,1488,5,2757.69
73,23,38,6,2395.92
74,24,28,9,4841.49
75,25,1041,1,3767.72
76,25,1401,3,1442.44
77,25,1272,7,4041.82
78,26,861,5,3477.78
79,26,911,1,4641.15
80,27,1649,9,472.65
81,27,1699,8,4558.95
82,27,199,3,2967.89
83,27,1149,4,2624.49
84,27,1399,1,1562.37
85,28,1551,9,3946.22
86,29,1308,8,2091.47
87,29,808,10,965.36
88,30,1945,8,3262.43
89,30,1145,3,3196.46
90,30,195,9,561.16
91,30,1795,2,1850.7
92,31,712,4,219.18
93,31,1012,3,487.44
94,32,127,8,3808.17
95,32,477,8,2048.14
96,32,1027,3,2578.96
97,32,127,5,3009.35
98,33,1827,5,2677.23
99,34,95,10,485.98
100,35,1062,10,3258.19
101,35,1312,6,4533.25
102,35,862,10,1155.3
103,35,1262,1,3896.62
104,36,1624,8,3248.93
105,36,377,9,527.21
106,37,1166,3,1252.71
107,37,466,3,261.55
108,37,1516,3,3180.08
109,37,1166,9,2100.9
110,38,1694,3,1194.43
111,39,797,8,2785.08
112,40,768,1,4975.11
113,41,159,9,4442.51
114,41,1739,1,1313.85
115,41,309,8,570.71
116,42,436,5,2765.07
117,42,836,5,2543.76
118,43,1079,4,4024.77
119,43,1979,3,3998.92
120,43,879,8,4845.87
121,43,129,1,3532.31
122,44,1392,4,2067.81
123,44,1292,10,4306.07
124,45,950,2,3505.29
125,46,442,8,3719.62
126,46,1792,6,2111.6
127,46,842,2,4535.66
128,46,1442,9,1398.18
129,46,1392,4,1746.14
130,47,1782,6,2550.25
131,47,732,7,414.87
132,47,282,9,4564.35
133,47,1232,4,2227.07
134,48,1837,7,235.78
135,48,387,3,1379.93
136,48,1237,6,71.52
137,49,799,1,819.26
138,49,1017,8,4069.46
139,49,1312,3,3108.35
140,50,1805,7,1081.2
141,50,1505,3,2966.04
142,50,1405,1,1152.83
143,50,1905,9,4964.55
144,50,855,1,1554.9
145,51,341,9,3669.2
146,51,1241,6,1629.16
147,51,1641,2,125.14
148,51,1891,7,3894.66
149,52,938,1,4339.8
150,53,1364,6,2960.86
151,53,464,3,1826.88
152,53,1214,1,376.5
153,53,64,7,1898.73
154,53,1364,6,1856.19
155,54,425,8,3364.71
156,54,275,1,3931.87
157,54,125,7,343.63
158,54,25,6,4954.12
159,55,1296,7,82.82
160,55,1946,1,3744.52
161,55,596,7,4148.84
162,55,146,7,4399.09
163,56,1963,8,1923.41
164,57,337,5,1494.76
165,58,1430,4,1189.21
166,58,180,7,4340.7
167,58,180,8,1674.3
168,59,742,1,1953.3
169,59,539,4,1378.19
170,59,806,3,2118.71
171,60,1084,10,4765.37
172,60,1634,10,2031.27
173,60,634,1,2756.34
174,61,649,9,229.18
175,62,352,4,4691.5
176,63,222,8,3081.7
177,63,1622,3,832.92
178,63,772,10,1081.03
179,63,1822,1,3023.27
180,63,1772,5,1506.82
181,64,1556,5,4968.49
182,65,1229,8,968.42
183,65,1179,7,1967.44
184,65,1829,9,2451.31
185,66,442,8,4324.42
186,66,842,4,2238.2
187,67,224,1,1459.85
188,68,980,8,3050.72
189,68,780,10,3299.32
190,69,1474,3,1392.98
191,69,1951,10,1946.0
192,70,838,8,2933.97
193,70,638,2,4054.84
194,71,627,6,1356.66
195,72,1103,10,4422.84
196,73,417,9,734.32
197,73,1147,10,2262.02
198,73,1896,10,1430.21
199,74,775,5,3844.34
200,75,1233,9,2148.19
201,75,1183,10,4568.91
202,75,1233,5,654.9
203,75,33,4,1651.58
204,75,1533,1,3742.13
205,76,1354,8,731.65
206,76,1554,5,1399.84
207,76,504,3,2428.09
208,76,554,7,365.53
209,76,904,10,1703.53
210,77,335,1,2309.05
211,77,1126,2,4366.82
212,77,974,4,3074.21
213,77,568,5,1940.06
214,78,335,9,4706.11
215,79,1027,10,3066.09
216,80,1102,6,2697.96
217,81,947,10,1116.69
218,81,97,10,3158.22
219,81,397,6,1998.76
220,81,1347,8,4195.74
221,82,1520,8,3899.65
222,82,1620,2,2617.93
223,82,1620,3,2061.34
224,82,170,8,3687.37
225,83,1826,2,1246.86
226,83,1576,4,754.95
227,83,1526,7,692.64
228,83,776,10,2602.78
229,83,1576,5,184.77
230,84,1624,1,3899.77
231,84,574,4,2001.03
232,84,974,5,4820.73
233,85,1978,6,1471.96
234,85,1154,3,589.24
235,86,1804,9,3097.93
236,86,1304,5,4593.55
237,86,1654,3,2686.55
238,86,1404,1,3959.79
239,87,702,9,2160.27
240,87,1702,7,3013.41
241,87,602,1,4640.57
242,87,552,10,888.57
243,87,702,4,981.31
244,88,20,6,3204.46
245,88,520,6,2594.44
246,88,1920,5,3491.19
247,89,834,3,2427.86
248,89,1684,10,3726.67
249,90,464,6,2207.65
250,90,490,10,1588.03
251,91,536,8,1999.0
252,91,1586,7,465.67
253,92,1723,6,312.59
254,92,1703,7,1442.64
255,93,635,8,4444.34
256,94,1674,7,1878.8
257,94,424,6,1443.14
258,95,1643,4,3816.18
259,96,927,10,4720.06
260,96,327,9,3107.38
261,96,527,9,4496.01
262,96,1327,2,4468.43
263,96,177,4,4145.41
264,97,541,7,670.59
265,97,391,9,3358.34
266,98,1325,9,469.06
267,98,5,4,3921.75
268,98,1017,9,1454.44
269,98,1421,8,3985.69
270,99,549,1,2342.83
271,100,1733,9,4429.25
272,100,633,3,3365.89
273,100,733,1,3803.15
274,101,856,2,699.14
275,101,1460,7,3103.27
276,101,720,7,587.82
277,102,1479,4,3213.93
278,102,715,3,1674.57
279,102,1580,1,1198.57
280,102,1213,6,2698.97
281,102,931,7,1581.41
282,103,556,9,131.3
283,103,1827,6,1308.17
284,103,1708,1,352.85
285,103,1554,3,3909.15
286,103,262,4,581.96
287,104,98,9,2507.72
288,104,1958,1,4408.55
289,104,968,6,3438.47
290,105,453,10,837.34
291,105,503,7,753.83
292,105,1453,6,3422.72
293,105,1253,6,3548.95
294,105,1853,7,4103.84
295,106,732,4,2991.78
296,106,1582,10,2923.23
297,106,1482,5,1077.23
298,106,882,1,2912.85
299,106,1382,6,443.26
300,107,1523,1,3410.32
301,107,1073,10,1733.52
302,107,1073,3,3643.91
303,107,373,9,1249.13
304,107,1773,8,2616.24
305,108,1105,9,2189.22
306,109,1738,1,4171.26
307,109,1388,5,1740.29
308,109,588,7,828.96
309,110,1275,3,2265.17
310,110,25,9,4045.8
311,110,425,9,2263.9
312,111,122,6,4436.04
313,111,1172,3,275.95
314,111,1722,7,3976.09
315,111,1322,10,4560.49
316,111,72,8,4905.32
317,112,791,9,1294.41
318,112,541,8,991.21
319,113,1270,5,114.5
320,113,520,8,1215.86
321,114,1806,10,3757.55
322,115,112,4,3798.71
323,116,1251,2,3688.12
324,116,1395,10,4037.06
325,116,1988,5,4642.67
326,116,1330,7,458.64
327,117,527,4,1765.51
328,117,127,8,1741.17
329,117,77,6,719.13
330,117,1377,1,2741.35
331,118,1846,4,106.61
332,119,175,9,1144.97
333,120,1887,1,4203.66
334,121,798,1,2771.71
335,121,798,1,4024.1
336,121,1398,3,2803.29
337,121,448,4,527.29
338,122,1709,5,2397.27
339,122,609,1,1934.86
340,122,1659,7,353.47
341,122,509,8,4798.99
342,123,1080,3,408.38
343,123,1780,2,2739.75
344,124,1611,1,2543.72
345,125,1435,8,351.72
346,125,1485,6,3848.61
347,125,1335,5,2351.51
348,126,1105,6,2276.81
349,126,1290,1,4437.68
350,126,759,4,2022.4
351,126,931,8,4359.89
352,127,1499,10,4886.97
353,127,599,1,4100.78
354,127,999,10,3594.84
355,128,446,9,1447.66
356,128,1521,7,1606.72
357,128,1689,4,3866.02
358,128,1929,9,72.07
359,128,990,6,4205.07
360,129,14,9,911.78
361,129,1214,8,4250.86
362,130,1926,8,1780.09
363,131,1613,5,3960.02
364,131,1563,2,4744.97
365,131,863,4,2668.57
366,132,1731,4,310.86
367,132,281,6,2559.44
368,132,1981,2,2399.77
369,133,1960,4,4334.6
370,133,462,9,3845.02
371,134,1534,5,2789.28
372,135,1045,7,4408.69
373,136,750,1,1547.8
374,137,1371,8,678.01
375,137,1571,2,711.02
376,138,1058,2,53.92
377,139,1976,7,4506.49
378,139,1743,4,4568.65
379,139,1351,3,471.98
380,139,1787,3,4663.95
381,139,930,8,1049.78
382,140,901,7,1406.76
383,140,1,5,549.21
384,140,751,8,4437.54
385,140,801,6,4380.59
386,141,687,3,1746.82
387,141,1287,6,2323.86
388,141,587,7,2714.92
389,142,1432,7,3151.12
390,142,1632,7,218.33
391,142,432,3,4872.11
392,142,1682,4,3300.11
393,142,732,1,544.25
394,143,723,1,3410.48
395,144,200,10,4732.61
396,145,1304,8,797.19
397,145,954,10,2121.89
398,146,1242,6,3449.16
399,147,1050,7,672.24
400,147,600,10,3433.25
401,148,1486,9,481.09
402,149,1693,9,337.03
403,149,1843,2,3212.58
404,149,93,4,1352.14
405,149,1893,4,1406.85
406,150,616,10,3163.53
407,150,1066,4,1457.65
408,150,1366,3,1509.23
409,150,1866,5,515.77
410,150,966,7,2345.64
411,151,985,1,3105.31
412,151,585,5,2523.89
413,152,263,5,2636.33
414,152,1063,1,3039.97
415,153,222,9,3562.31
416,153,1322,1,2804.62
417,154,760,4,555.29
418,154,860,3,1721.21
419,154,1810,2,696.64
420,155,806,5,3997.43
421,155,825,10,2239.5
422,155,457,5,1343.11
423,155,545,8,2155.36
424,155,15,3,4256.42
425,156,840,2,2090.51
426,156,1590,3,379.33
427,157,457,9,1520.51
428,157,1357,5,3229.86
429,157,257,1,3572.88
430,158,702,6,3560.67
431,158,1752,1,2449.25
432,158,502,7,1596.4
433,159,458,1,2502.24
434,159,1308,4,1022.71
435,159,208,10,1466.45
436,159,908,3,3204.17
437,160,743,5,4139.24
438,160,260,9,2706.92
439,161,1359,4,1580.62
440,161,388,8,2148.39
441,161,1803,6,1591.45
442,161,747,2,4046.69
443,162,1200,2,211.38
444,163,950,4,2862.45
445,164,1037,4,4706.24
446,165,1119,2,716.61
447,165,1769,8,413.76
448,165,19,8,4899.25
449,166,789,9,4978.21
450,167,1233,10,525.75
451,167,10,8,1444.83
452,168,17,9,2995.75
453,168,1067,3,874.54
454,168,1317,1,4317.96
455,168,67,5,4149.18
456,169,675,7,1296.56
457,169,1475,3,4116.06
458,169,75,6,2797.73
459,169,1375,3,2647.16
460,169,475,3,1228.11
461,170,1962,10,2741.56
462,170,62,2,4321.89
463,170,12,9,2581.71
464,170,12,1,3510.07
465,171,913,3,2753.47
466,172,1508,3,303.02
467,172,982,4,99.9
468,172,1290,2,354.0
469,172,329,9,359.48
470,173,1861,7,878.31
471,173,411,6,1382.11
472,173,1411,6,4263.54
473,173,911,2,4878.92
474,174,1651,3,4167.51
475,174,1351,10,1575.86
476,174,251,3,3327.91
477,174,1451,7,1122.47
478,174,1201,9,3856.11
479,175,1411,9,2934.0
480,175,761,9,2462.27
481,176,1223,4,4703.72
482,176,123,6,1848.05
483,176,273,9,2545.55
484,177,305,4,1349.6
485,177,1828,4,3255.81
486,177,1056,10,532.36
487,177,1331,7,454.14
488,178,1921,10,2076.44
489,178,1121,5,3611.9
490,178,721,10,3362.75
491,178,21,1,4904.5
492,178,1271,10,1523.4
493,179,1271,9,3094.94
494,179,321,2,1410.45
495,179,71,5,4614.58
496,179,921,2,4057.49
497,180,1963,9,1433.84
498,180,248,9,1539.22
499,180,970,8,1388.73
500,180,1283,5,262.49
501,180,332,1,2902.77
502,181,1836,7,1765.64
503,181,1036,9,4209.44
504,182,1652,1,447.65
505,182,1102,8,1461.86
506,182,1302,4,4823.89
507,182,702,6,2259.5
508,183,290,6,4372.55
509,183,690,7,2526.08
510,184,1489,4,1931.89
511,184,39,3,1402.33
512,184,689,3,1502.32
513,184,1339,5,3934.37
514,184,239,1,73.11
515,185,95,3,1575.91
516,185,1795,5,3916.45
517,185,895,1,3126.39
518,186,969,3,4196.31
519,186,1412,9,2422.06
520,186,993,5,2317.49
521,187,1961,9,1102.49
522,187,112,8,703.55
523,188,190,4,1371.82
524,188,1590,8,1571.6
525,188,140,2,2549.21
526,188,1440,5,4452.42
527,188,1690,3,275.52
528,189,601,8,4384.38
529,189,1701,8,1283.5
530,190,1587,9,4252.42
531,190,1337,7,1753.9
532,190,1538,8,1831.6
533,190,384,6,1767.88
534,191,636,1,3637.35
535,191,786,7,3822.91
536,191,1086,5,4929.52
537,192,1311,1,316.07
538,192,611,6,1794.14
539,192,1911,7,3223.32
540,192,911,6,4250.12
541,192,411,4,1464.29
542,193,1159,5,4100.39
543,193,1259,5,1890.79
544,193,1959,6,3348.47
545,193,559,7,1099.44
546,193,909,4,2437.79
547,194,1272,2,1029.23
548,194,1722,8,4284.75
549,194,1022,6,3292.03
550,194,1172,6,1662.18
551,195,1037,3,1479.61
552,195,237,10,3355.28
553,195,387,8,4243.37
554,196,166,2,3583.45
555,196,1065,7,2235.36
556,196,12,8,1507.83
557,196,1763,4,1926.14
558,197,1701,8,541.84
559,197,1001,5,1155.59
560,197,1201,7,2888.54
561,198,439,7,3501.35
562,198,1289,9,2689.41
563,198,1589,4,3590.88
564,199,1491,8,1946.34
565,199,1441,6,2641.35
566,199,1091,1,2721.35
567,199,991,4,452.41
568,200,321,1,4304.73
569,200,121,4,3333.1
570,200,1371,3,4964.5
571,200,1671,1,1884.02
572,200,1471,8,1531.0
573,201,1638,5,4635.87
574,201,1089,10,1868.39
575,202,721,9,497.81
576,202,1721,1,2505.19
577,202,171,4,2282.56
578,202,321,4,590.52
579,203,666,5,1672.52
580,203,1816,3,1049.01
581,203,216,6,3480.53
582,203,1466,1,4824.87
583,203,1516,3,1480.43
584,204,159,7,4969.39
585,204,1879,8,1386.46
586,204,209,4,1698.07
587,205,1633,1,811.6
588,205,433,2,2350.13
589,205,983,1,692.07
590,206,25,8,1969.96
591,207,564,7,4853.96
592,207,814,4,1265.91
593,207,364,6,2020.49
594,208,1308,3,2982.47
595,209,82,2,1381.47
596,209,332,4,4738.19
597,209,332,2,2400.5
598,209,732,4,3359.32
599,209,1432,9,1860.99
600,210,1627,9,1850.14
601,210,1350,7,303.89
602,210,639,3,4118.64
603,211,942,5,225.88
604,211,1792,6,4641.62
605,212,1837,7,4479.61
606,212,486,2,4967.39
607,212,94,10,134.17
608,213,1834,3,1021.79
609,213,284,1,2557.58
610,213,734,1,3772.45
611,214,493,9,1884.64
612,214,693,9,363.37
613,214,1943,3,2804.89
614,214,843,4,3082.0
615,215,1175,8,3571.62
616,215,75,4,4136.79
617,215,1725,4,4541.83
618,215,1425,1,2331.2
619,216,25,1,1554.71
620,216,1325,8,4428.17
621,217,1630,7,1767.7
622,217,30,6,2603.33
623,217,830,10,3187.47
624,218,1071,7,4344.21
625,219,1534,3,1049.68
626,219,1458,5,949.32
627,219,1460,5,1239.14
628,219,273,1,2026.52
629,220,1653,10,2373.19
630,221,505,7,3806.06
631,222,1349,3,4175.13
632,222,1649,3,2760.56
633,222,1699,2,711.2
634,223,836,2,1384.37
635,223,1736,3,3198.28
636,224,510,4,160.68
637,224,1160,4,3472.17
638,224,310,1,124.63
639,225,1079,10,897.93
640,226,666,8,2857.51
641,226,1266,4,1711.47
642,227,225,7,959.78
643,227,1875,5,4476.64
644,228,998,10,4347.59
645,228,798,8,2921.11
646,228,148,6,1116.88
647,228,1548,2,4530.27
648,228,1548,1,2781.54
649,229,1153,7,1267.62
650,230,959,2,3620.54
651,230,359,6,2144.21
652,231,1482,4,2175.14
653,231,1832,10,770.62
654,232,1370,8,3553.08
655,232,1117,8,1017.64
656,232,1172,3,3471.49
657,233,320,5,2189.27
658,233,132,10,841.9
659,234,1938,4,1024.13
660,234,1086,2,1024.4
661,235,411,3,2452.46
662,235,1211,1,3868.48
663,235,61,5,4600.89
664,236,1408,2,4993.42
665,237,670,3,1295.62
666,237,320,6,1969.96
667,237,1170,1,2635.89
668,238,496,3,3485.98
669,238,1746,10,3473.26
670,238,1296,4,3231.48
671,238,96,8,1427.76
672,238,846,6,4619.57
673,239,1797,9,2261.56
674,239,1747,10,1857.79
675,239,447,10,444.45
676,240,1516,10,1760.55
677,240,1166,9,3511.6
678,240,1466,3,1759.55
679,240,666,8,689.1
680,240,966,3,3718.24
681,241,31,2,2809.89
682,241,831,10,4076.27
683,242,807,6,882.53
684,242,1396,10,534.97
685,242,935,9,1285.58
686,242,584,6,4772.99
687,242,956,7,4353.72
688,243,800,3,3339.63
689,244,43,3,3403.56
690,244,343,6,4024.1
691,245,212,1,4466.18
692,245,1631,6,1807.68
693,245,227,7,930.8
694,246,293,7,2256.2
695,246,866,9,179.54
696,246,1352,10,4145.65
697,247,1165,7,1545.97
698,248,1628,3,4214.77
699,249,1465,7,1634.83
700,249,320,4,744.15
701,249,49,7,3187.91
702,250,612,4,2418.36
703,250,1779,6,789.32
704,250,121,5,990.82
705,251,655,7,2690.81
706,252,748,2,3749.83
707,253,324,7,1414.39
708,253,1724,8,1444.54
709,254,878,4,233.22
710,254,1278,1,2328.0
711,254,778,2,3685.98
712,254,578,2,3679.15
713,254,1028,2,719.27
714,255,701,3,568.69
715,255,1201,9,2437.71
716,255,551,10,3281.91
717,256,138,1,3306.58
718,257,395,2,3673.23
719,258,355,10,3024.7
720,258,64,1,3579.06
721,258,581,7,1481.36
722,259,105,4,421.45
723,259,55,6,1883.82
724,259,1655,1,1124.28
725,260,1052,6,242.54
726,260,934,7,126.33
727,260,1126,7,2252.12
728,261,218,2,1694.05
729,261,1018,1,2855.7
730,261,668,2,1365.88
731,262,972,3,371.95
732,262,106,4,2722.42
733,263,222,2,4540.71
734,264,947,4,1353.06
735,264,197,1,1994.79
736,264,447,7,4819.25
737,264,747,1,3177.43
738,265,671,8,4488.61
739,265,221,3,770.85
740,265,1371,8,767.91
741,265,971,1,2751.41
742,266,1497,9,2212.93
743,266,647,1,3711.46
744,266,47,7,3387.55
745,267,1615,2,3377.16
746,267,815,10,3690.15
747,268,1655,1,177.41
748,268,1155,10,3075.23
749,268,155,9,615.61
750,268,1505,10,2285.77
751,268,1655,2,4970.01
752,269,1695,2,1710.38
753,269,1295,10,4324.63
754,269,1045,5,3131.98
755,269,895,6,1360.21
756,269,1795,4,1524.37
757,270,305,5,3241.64
758,270,830,8,1252.1
759,270,874,7,3145.49
760,271,1832,2,235.75
761,271,571,2,4763.36
762,271,1124,3,2849.36
763,271,129,3,3509.25
764,272,368,9,1206.22
765,272,1468,7,2304.81
766,272,968,9,379.91
767,272,968,8,65.07
768,273,1004,6,462.06
769,273,1554,4,995.43
770,274,931,10,933.15
771,275,1566,2,2258.77
772,275,766,3,2968.67
773,275,1666,6,3680.82
774,275,766,3,1937.71
775,275,316,7,336.83
776,276,858,2,4888.88
777,276,1948,1,2795.65
778,276,1202,1,3383.37
779,276,867,10,183.48
780,276,1590,10,943.62
781,277,431,4,1131.79
782,277,831,10,2997.86
783,277,1531,6,268.02
784,277,831,7,3525.94
785,278,696,6,4165.82
786,278,46,1,3409.94
787,278,1296,1,2764.57
788,278,1296,1,2109.64
789,279,1354,6,4461.14
790,279,1154,5,1592.57
791,279,1004,2,2945.94
792,279,54,5,3885.44
793,279,1954,3,1343.18
794,280,704,10,3069.6
795,280,1354,1,2229.08
796,280,1154,2,2927.24
797,280,1504,9,592.32
798,281,435,1,1223.2
799,281,985,2,2277.1
800,281,535,5,2839.28
801,282,1571,8,2205.49
802,283,1995,8,1728.0
803,283,1595,4,3702.16
804,283,595,2,1695.4
805,284,1743,9,1276.56
806,284,1793,9,1998.63
807,284,1243,4,4736.8
808,284,143,1,1103.9
809,285,878,4,3871.51
810,285,728,6,4715.37
811,285,778,6,1279.25
812,285,1928,8,1458.05
813,286,1017,1,2318.06
814,286,3,1,3824.64
815,286,1062,1,1077.07
816,286,215,9,490.54
817,286,350,1,622.6
818,287,1001,5,4537.79
819,287,1651,7,97.66
820,288,680,7,2023.0
821,288,1430,10,141.46
822,288,1080,7,1340.62
823,288,1580,5,4484.19
824,288,230,1,1439.45
825,289,1443,3,3462.84
826,289,1793,8,3464.6
827,289,1443,8,704.56
828,289,893,2,142.34
829,289,1293,5,3913.59
830,290,25,3,2639.95
831,291,845,6,2944.39
832,291,729,2,3551.09
833,291,1477,10,1619.47
834,292,1826,10,2276.45
835,292,1726,5,1793.77
836,292,1226,10,4818.78
837,292,1776,9,261.12
838,292,1676,4,2728.42
839,293,1556,8,4524.79
840,293,606,7,3867.13
841,293,506,1,3121.38
842,293,1456,1,2584.85
843,293,1656,8,1730.28
844,294,779,5,939.62
845,294,429,10,129.39
846,294,1079,3,1463.28
847,294,429,10,871.4
848,295,322,2,1620.86
849,295,422,3,601.24
850,295,772,7,2485.1
851,295,1922,1,4112.0
852,296,6,8,2535.08
853,296,1856,3,3543.12
854,296,856,3,3688.49
855,296,606,7,1834.64
856,296,1756,3,3789.53
857,297,522,1,3158.37
858,297,1272,5,3623.4
859,298,1765,4,3745.19
860,298,1115,7,4901.44
861,298,365,7,3033.23
862,299,567,9,1986.95
863,300,846,6,4941.66
864,301,1796,6,3330.84
865,301,1746,4,159.69
866,302,1589,2,3108.95
867,303,1426,7,4721.87
868,303,1017,2,1826.62
869,303,1058,9,3568.4
870,304,489,5,4056.39
871,304,1905,2,937.78
872,305,1492,8,2822.34
873,305,692,2,1556.38
874,305,1542,8,3776.18
875,305,1042,5,766.29
876,305,392,6,166.99
877,306,59,1,3269.31
878,306,359,1,2244.25
879,306,709,7,2263.83
880,307,1553,8,3987.36
881,307,353,7,3579.25
882,307,1453,4,1992.68
883,308,125,6,3834.18
884,308,375,2,4163.33
885,308,525,4,791.66
886,308,575,6,2211.84
887,309,1783,3,4805.66
888,310,627,3,3492.17
889,310,677,6,3735.67
890,310,877,8,1054.68
891,311,76,7,1567.54
892,311,976,1,353.94
893,311,526,10,817.67
894,311,176,7,3399.18
895,312,1387,10,3291.14
896,312,676,7,4153.47
897,313,1641,5,50.73
898,313,1141,4,1523.42
899,313,991,8,3821.44
900,313,791,5,1755.52
901,314,1793,9,3255.09
902,314,1593,3,2119.85
903,315,1321,6,945.15
904,315,1581,4,4569.78
905,315,884,7,2419.46
906,316,1524,5,2941.52
907,316,674,9,3792.13
908,316,1624,10,1271.67
909,316,24,8,1838.18
910,317,1326,1,4287.39
911,317,1276,5,2218.27
912,317,326,6,1322.34
913,318,726,10,3324.76
914,318,1776,1,386.91
915,318,1376,9,3656.35
916,319,1745,4,2581.64
917,319,345,6,4528.27
918,319,895,3,4337.44
919,319,545,9,2281.18
920,320,1061,5,1162.32
921,320,478,3,4123.7
922,320,556,10,3461.38
923,321,492,5,4370.61
924,321,1125,3,4025.47
925,321,652,1,821.4
926,321,637,5,4109.65
927,322,618,7,3527.91
928,322,1432,10,3570.67
929,322,869,9,3199.54
930,322,1056,1,2719.35
931,322,1076,8,2032.81
932,323,357,5,2224.02
933,323,999,8,562.82
934,323,340,6,2254.88
935,324,185,3,371.64
936,324,1785,8,1097.56
937,324,235,8,4231.48
938,324,1785,4,3723.16
939,325,19,2,2019.12
940,325,1269,7,4342.31
941,325,419,2,2149.78
942,325,169,5,3746.32
943,326,1035,7,902.85
944,326,1185,2,2535.93
945,326,1485,3,1594.5
946,326,985,10,4869.6
947,327,832,9,2146.86
948,327,1982,1,4935.16
949,328,179,10,747.67
950,328,529,8,2707.05
951,328,1329,3,1001.79
952,328,729,6,4983.11
953,329,1552,5,1738.54
954,329,352,3,4978.35
955,329,1502,8,4169.91
956,329,402,2,4822.15
957,329,852,6,4385.25
958,330,1757,2,4141.93
959,330,371,6,467.01
960,330,1943,2,3921.83
961,330,136,1,2282.19
962,330,1142,1,2202.18
963,331,1243,7,4513.63
964,331,1693,5,1597.93
965,331,243,9,1022.39
966,331,193,7,4454.06
967,332,1701,4,1253.21
968,332,1901,3,4085.98
969,333,661,5,3505.63
970,334,139,10,3826.67
971,334,1189,8,2382.57
972,334,1339,4,521.7
973,334,739,8,59.22
974,335,297,5,4017.98
975,335,1147,4,1682.27
976,335,397,6,1972.34
977,335,147,4,3938.73
978,336,1383,4,2125.82
979,336,1983,5,4915.7
980,336,483,5,3610.81
981,336,1033,10,2563.41
982,337,1876,4,3770.38
983,338,1560,1,1916.19
984,338,396,1,1410.03
985,338,1157,10,1507.91
986,338,286,10,3068.64
987,339,184,3,1368.46
988,339,1258,5,4787.19
989,340,1339,10,2916.18
990,340,1089,4,2538.07
991,340,339,3,4380.52
992,341,402,3,3630.31
993,342,1538,1,3915.98
994,342,1938,6,3127.31
995,342,1788,5,2475.85
996,342,1838,7,439.2
997,342,238,9,4938.7
998,343,796,9,220.46
999,344,1947,6,3426.66
1000,344,97,5,4357.35
1001,345,1545,7,54.81
1002,345,245,6,2493.32
1003,345,1745,4,969.54
1004,345,545,2,642.6
1005,345,1845,6,1367.02
1006,346,1348,8,2996.41
1007,346,1248,2,3001.76
1008,346,1198,10,4006.66
1009,347,455,5,375.53
1010,348,1145,10,1548.01
1011,348,45,4,3941.57
1012,348,1695,1,4510.16
1013,348,745,1,4454.77
1014,349,34,2,1734.62
1015,350,853,10,1955.76
1016,350,37,4,3061.91
1017,351,1313,3,341.17
1018,351,1763,10,2099.56
1019,351,963,2,1889.49
1020,352,1991,3,3982.22
1021,352,1591,6,4827.9
1022,352,741,3,4638.98
1023,353,1286,10,2502.5
1024,353,1386,5,2088.42
1025,353,1936,9,4423.19
1026,353,36,6,1647.38
1027,353,1586,2,3431.62
1028,354,334,6,4466.69
1029,354,1470,8,3795.76
1030,354,580,5,543.72
1031,354,65,10,1064.02
1032,354,1728,4,2855.69
1033,355,1592,2,3483.38
1034,356,94,9,4573.66
1035,356,1744,6,3398.43
1036,356,1994,7,2676.68
1037,356,344,1,1342.75
1038,357,1160,9,3400.64
1039,357,60,9,2955.51
1040,358,1685,9,3964.3
1041,358,635,10,3589.52
1042,359,31,9,3961.05
1043,359,931,7,2856.01
1044,359,431,5,2620.84
1045,359,181,4,3474.93
1046,359,131,8,1297.44
1047,360,160,1,3627.89
1048,360,1647,6,3472.24
1049,360,387,2,4624.79
1050,360,525,1,1631.13
1051,361,1416,7,421.08
1052,362,1018,6,1556.88
1053,363,1579,3,3425.99
1054,364,7,6,868.8
1055,364,1457,6,4426.23
1056,364,557,10,1956.68
1057,365,884,5,550.59
1058,365,161,3,3332.65
1059,365,557,10,2733.26
1060,366,1204,3,649.73
1061,367,957,2,526.38
1062,367,857,5,2599.78
1063,368,1449,6,4643.99
1064,368,1199,3,4660.53
1065,369,270,7,4981.36
1066,369,253,10,1527.93
1067,369,795,2,4588.5
1068,369,1675,1,59.14
1069,370,414,1,656.68
1070,371,675,4,974.46
1071,371,725,9,3648.55
1072,371,1975,4,1971.74
1073,371,1325,5,542.23
1074,372,1776,9,162.0
1075,372,376,8,1356.0
1076,373,1971,1,1746.56
1077,373,1021,10,1867.71
1078,373,1971,10,3828.33
1079,373,1471,5,850.96
1080,373,1571,2,2208.17
1081,374,1922,2,180.08
1082,374,972,9,2477.78
1083,375,1908,6,3718.73
1084,375,1658,10,2569.23
1085,375,708,2,1896.97
1086,375,158,6,500.83
1087,376,1946,5,1271.75
1088,376,746,6,745.78
1089,376,1246,2,2445.37
1090,377,510,3,2854.3
1091,377,1010,1,3332.62
1092,378,1265,2,3235.58
1093,379,787,4,3609.02
1094,379,644,3,212.12
1095,379,1588,6,4212.99
1096,379,218,9,3779.87
1097,380,1924,3,3622.25
1098,380,1724,4,349.76
1099,381,575,2,1137.05
1100,382,114,7,1546.72
1101,383,469,1,4824.39
1102,383,1269,6,1712.29
1103,383,1019,10,733.56
1104,384,1978,1,4715.01
1105,384,972,3,2165.74
1106,385,1226,9,4685.85
1107,385,1326,3,1790.11
1108,385,1226,10,2208.37
1109,386,664,5,3109.73
1110,386,1714,7,2285.92
1111,386,1364,8,3547.41
1112,387,1027,8,610.25
1113,387,1877,2,3098.98
1114,388,1304,3,275.13
1115,388,1554,2,762.97
1116,388,1254,8,4082.07
1117,389,292,3,4783.3
1118,390,1485,3,1090.63
1119,390,458,9,474.28
1120,390,483,5,1199.88
1121,391,855,7,3706.31
1122,392,966,7,2931.96
1123,392,630,1,2464.3
1124,392,1389,2,3037.96
1125,392,630,9,4045.1
1126,392,1867,10,1685.99
1127,393,242,6,2495.74
1128,394,138,9,2033.22
1129,394,388,3,2041.6
1130,394,238,3,1090.66
1131,394,1288,3,3633.32
1132,395,1083,10,4260.85
1133,395,1983,8,392.49
1134,395,1433,5,2335.35
1135,396,1002,8,2666.66
1136,396,2,5,1431.51
1137,396,1252,1,822.94
1138,396,902,8,4135.23
1139,396,102,9,3031.79
1140,397,865,7,1979.17
1141,397,1665,1,1468.63
1142,398,1610,9,2643.93
1143,398,1505,7,385.86
1144,398,940,3,3712.14
1145,398,240,8,3240.85
1146,398,245,5,4126.96
1147,399,877,8,4485.09
1148,399,1027,4,3228.98
1149,399,577,2,3220.91
1150,399,1427,9,567.54
1151,400,219,6,1750.43
1152,400,419,8,3006.0
1153,400,669,1,3633.21
1154,400,1269,10,3929.24
1155,401,1279,5,3173.02
1156,402,64,2,3892.3
1157,402,14,5,566.43
1158,402,964,8,901.84
1159,403,1257,7,2266.6
1160,403,1107,3,1328.75
1161,403,1107,6,1861.84
1162,404,957,9,1808.33
1163,404,557,6,822.26
1164,405,1510,9,3734.83
1165,405,1460,3,167.17
1166,405,410,3,303.88
1167,405,610,2,67.46
1168,406,832,3,1911.16
1169,406,86,3,3584.65
1170,406,938,2,3634.69
1171,407,1204,10,1231.18
1172,407,904,3,4872.5
1173,407,454,10,1745.23
1174,407,304,10,1015.88
1175,407,54,3,343.08
1176,408,73,10,1971.93
1177,409,2000,9,2623.19
1178,410,409,2,562.24
1179,410,509,1,4011.89
1180,410,1809,3,214.28
1181,411,1476,3,528.13
1182,411,576,6,643.11
1183,411,1876,8,1609.47
1184,411,826,10,1912.72
1185,411,476,10,3973.79
1186,412,1022,5,4499.18
1187,412,722,3,212.39
1188,412,172,1,4515.31
1189,412,522,4,439.42
1190,412,1572,1,4662.26
1191,413,1110,6,4567.05
1192,413,510,10,1002.77
1193,413,1860,7,2458.86
1194,413,1160,5,863.74
1195,414,1532,9,2278.58
1196,414,1982,4,4532.52
1197,414,1382,9,333.9
1198,414,932,2,365.51
1199,415,323,3,4727.65
1200,415,1873,9,1151.48
1201,416,980,5,3988.5
1202,416,80,1,2017.79
1203,417,567,7,2767.0
1204,417,1367,7,221.48
1205,418,1461,3,2119.7
1206,419,751,3,2362.06
1207,419,666,4,1022.12
1208,419,1293,10,2875.49
1209,419,637,1,704.76
1210,420,1455,1,1593.76
1211,420,1205,7,410.66
1212,420,1455,3,4827.52
1213,421,1292,1,3800.03
1214,421,742,5,1032.12
1215,421,592,8,4341.02
1216,421,1192,3,3108.83
1217,422,653,3,1226.43
1218,422,403,8,4096.73
1219,422,803,5,2015.1
1220,422,1653,5,3869.53
1221,423,1535,10,205.29
1222,423,1785,7,1635.12
1223,423,1735,7,3673.64
1224,423,185,3,4314.29
1225,424,1505,3,1770.82
1226,424,155,3,3423.77
1227,424,955,3,3992.75
1228,424,655,10,432.03
1229,425,1509,9,1323.37
1230,425,259,9,2243.25
1231,425,1659,8,4834.9
1232,425,259,7,478.86
1233,425,659,7,1903.12
1234,426,543,9,4885.46
1235,426,1843,4,2208.19
1236,426,743,1,2523.27
1237,426,1043,9,1120.63
1238,427,1463,4,1992.21
1239,427,1613,2,1790.83
1240,427,913,10,953.41
1241,428,776,10,1877.64
1242,428,1026,6,1230.98
1243,428,1076,1,294.83
1244,428,26,3,2448.46
1245,429,1363,8,4374.94
1246,429,1313,10,819.17
1247,429,13,1,1212.57
1248,430,506,4,4032.16
1249,430,1356,5,2275.39
1250,431,487,3,3441.93
1251,431,387,9,3129.4
1252,432,961,4,4702.45
1253,432,811,10,4367.16
1254,432,1761,9,1110.62
1255,432,1211,5,197.41
1256,432,1461,8,910.61
1257,433,1690,2,3340.73
1258,433,1240,1,2968.15
1259,433,240,9,4103.35
1260,433,1840,1,3019.0
1261,433,840,9,3632.96
1262,434,464,5,3899.66
1263,434,1414,6,4153.86
1264,434,864,3,2445.32
1265,435,975,3,4483.47
1266,435,1575,2,4012.29
1267,435,1375,6,1228.66
1268,435,1425,6,298.41
1269,435,975,2,1992.14
1270,436,1112,7,1724.35
1271,436,1812,2,2139.31
1272,436,512,9,2024.95
1273,436,162,5,4174.56
1274,436,1412,6,4399.79
1275,437,878,6,4148.31
1276,437,1428,6,4226.98
1277,438,648,4,4567.21
1278,438,1948,3,3308.86
1279,438,148,8,817.46
1280,438,1398,10,637.47
1281,438,1048,2,2709.82
1282,439,1724,9,1734.09
1283,439,1574,2,4851.2
1284,439,1874,8,4417.1
1285,439,874,7,3261.58
1286,440,1890,10,1926.51
1287,440,1190,7,2947.24
1288,440,1890,7,354.14
1289,441,525,10,3975.21
1290,441,625,6,3447.1
1291,442,43,5,4870.48
1292,442,543,5,3055.13
1293,442,1793,7,818.9
1294,443,930,5,782.18
1295,443,530,3,538.89
1296,444,1909,10,4214.94
1297,444,209,4,4867.77
1298,445,1194,4,1324.0
1299,446,221,10,4644.16
1300,446,1321,9,1220.23
1301,447,1483,6,483.51
1302,447,483,4,1623.24
1303,447,933,7,3672.73
1304,447,33,5,4981.32
1305,447,633,2,3499.03
1306,448,1941,7,1189.66
1307,449,535,2,3522.79
1308,449,914,5,4333.49
1309,450,1291,3,1652.05
1310,450,1891,2,2449.58
1311,451,1360,10,4735.63
1312,451,260,10,4516.57
1313,451,760,5,1737.91
1314,451,1060,9,3454.36
1315,452,1908,6,2331.26
1316,452,622,9,2117.22
1317,453,1360,9,4860.69
1318,454,757,10,1017.6
1319,454,1929,5,1645.1
1320,454,601,7,1726.62
1321,454,1223,4,1124.07
1322,455,228,5,4251.08
1323,455,1612,2,2183.83
1324,455,457,7,4138.87
1325,455,849,6,1399.89
1326,455,955,4,2290.74
1327,456,1593,4,1943.64
1328,457,545,1,2117.14
1329,458,1648,2,2294.48
1330,458,160,9,4085.74
1331,458,357,10,1547.76
1332,459,1225,8,745.11
1333,460,1710,10,3791.77
1334,460,510,2,3242.07
1335,460,1110,8,2782.17
1336,460,310,8,1601.93
1337,460,360,9,1956.38
1338,461,17,3,3209.03
1339,461,1567,6,1271.48
1340,461,217,2,2292.6
1341,462,501,5,3544.71
1342,462,1651,9,4236.1
1343,462,851,5,291.87
1344,463,258,5,1761.19
1345,463,1732,7,4101.7
1346,463,776,1,2930.27
1347,463,977,2,1327.09
1348,463,689,6,4672.06
1349,464,376,1,1129.44
1350,465,1011,4,785.42
1351,465,1011,10,4958.99
1352,465,361,8,2583.13
1353,466,1073,10,584.95
1354,466,1373,10,2343.05
1355,466,723,8,2076.0
1356,467,1426,5,1171.58
1357,467,1326,7,1020.93
1358,467,276,7,924.35
1359,467,676,8,529.92
1360,467,1276,8,4071.33
1361,468,1914,4,3047.2
1362,468,664,6,4043.6
1363,468,1514,7,3344.12
1364,468,664,9,3095.91
1365,469,264,4,3919.89
1366,469,1243,1,3053.36
1367,469,540,8,3534.2
1368,469,1103,9,1700.95
1369,469,846,5,650.93
1370,470,1250,5,836.5
1371,470,1850,2,1813.3
1372,470,200,5,3624.94
1373,470,1800,1,2919.98
1374,470,1450,8,4221.04
1375,471,1110,8,1345.42
1376,471,1910,5,161.82
1377,472,1393,1,1045.25
1378,472,1293,5,4608.47
1379,472,943,7,1932.78
1380,473,1579,8,2873.18
1381,473,1329,10,2468.08
1382,474,1151,7,3534.77
1383,475,1979,10,4261.61
1384,475,1864,1,2463.94
1385,475,202,4,1438.43
1386,476,97,9,807.05
1387,476,247,3,738.83
1388,476,1497,10,760.51
1389,476,997,6,485.8
1390,477,351,1,366.92
1391,477,1351,2,1554.06
1392,478,1698,3,3103.66
1393,478,1733,1,3556.05
1394,478,913,6,1643.91
1395,479,1363,10,4802.86
1396,479,63,8,1757.41
1397,480,585,4,1093.15
1398,480,285,4,3895.36
1399,480,785,9,2742.98
1400,481,1775,2,2875.12
1401,481,849,1,1075.52
1402,481,702,5,2829.2
1403,482,169,1,631.67
1404,483,1600,5,4032.49
1405,484,1491,4,4378.41
1406,485,244,8,3709.47
1407,485,1977,4,1059.26
1408,485,994,4,4679.69
1409,486,1441,8,599.6
1410,487,205,9,840.03
1411,487,1282,7,3369.16
1412,488,337,9,611.78
1413,488,437,2,3324.01
1414,488,1087,1,2742.93
1415,488,787,1,813.54
1416,489,1141,7,4986.26
1417,489,494,8,4553.68
1418,490,1373,6,2276.17
1419,490,1625,6,1236.87
1420,491,1318,4,1775.96
1421,491,1818,8,3485.12
1422,491,1218,9,1983.93
1423,492,1437,1,3334.63
1424,492,804,4,2535.89
1425,492,333,5,4840.82
1426,492,628,3,335.02
1427,492,1654,2,2400.68
1428,493,617,1,3291.74
1429,493,1217,10,3390.67
1430,493,1217,8,735.28
1431,494,690,2,171.57
1432,494,1190,8,1171.08
1433,494,1290,4,4602.4
1434,494,1890,3,2250.99
1435,495,1942,9,3365.73
1436,495,1559,3,3476.65
1437,495,606,10,1976.56
1438,496,346,3,184.73
1439,496,1946,1,3416.48
1440,496,746,2,4910.88
1441,496,696,6,3408.84
1442,496,696,5,3880.27
1443,497,1007,5,331.87
1444,497,1218,2,4002.76
1445,497,290,9,4284.62
1446,497,9,8,118.91
1447,497,915,4,3408.69
1448,498,942,10,320.52
1449,498,692,6,3897.99
1450,499,1085,4,920.93
1451,499,494,5,573.84
1452,499,1176,1,1186.28
1453,499,153,8,699.64
1454,499,54,2,321.21
1455,500,1805,8,903.0
1456,500,1224,6,4096.86
1457,501,1773,1,2494.66
1458,501,223,10,2160.42
1459,501,873,4,1078.85
1460,501,923,1,3993.94
1461,502,780,9,3133.82
1462,502,880,3,634.49
1463,503,327,4,1549.33
1464,503,1727,10,4458.25
1465,504,1241,6,2018.92
1466,504,741,2,2921.27
1467,504,791,3,3009.75
1468,505,68,10,1554.53
1469,505,1195,5,421.67
1470,505,1836,5,2517.37
1471,506,876,4,3788.67
1472,506,1733,9,4540.19
1473,507,1877,6,2739.82
1474,507,1527,5,4975.96
1475,508,1773,6,632.18
1476,508,623,7,4314.77
1477,508,973,1,2011.74
1478,508,1423,10,3662.0
1479,509,1718,3,4373.85
1480,509,118,6,2093.51
1481,509,718,8,63.75
1482,509,1268,3,2152.52
1483,509,618,7,4789.27
1484,510,1653,7,2065.8
1485,510,1053,1,3478.48
1486,510,1553,7,1140.84
1487,510,553,3,2547.43
1488,511,210,7,753.99
1489,512,1291,3,594.03
1490,512,91,4,2827.33
1491,512,1241,3,2925.21
1492,512,391,5,1364.0
1493,513,1800,8,1921.26
1494,513,1725,6,4783.86
1495,513,276,2,4439.97
1496,513,1840,5,2581.9
1497,514,1281,10,4741.83
1498,514,631,5,1880.03
1499,514,181,9,3011.55
1500,515,1991,10,3428.42
1501,515,491,2,2194.62
1502,515,1041,6,1153.06
1503,515,1341,6,4615.13
1504,515,1141,10,3575.92
1505,516,946,2,692.26
1506,516,1396,1,2878.14
1507,517,956,5,3782.62
1508,518,205,7,4260.52
1509,518,555,10,2736.78
1510,518,1205,2,4650.13
1511,518,455,1,1606.82
1512,519,649,7,3193.8
1513,520,1779,5,354.9
1514,521,1574,5,1820.18
1515,521,424,5,881.75
1516,521,1824,1,3594.62
1517,522,1833,9,975.49
1518,522,1633,7,1636.66
1519,523,1080,6,4963.58
1520,523,330,2,3050.77
1521,523,680,10,1065.06
1522,523,1430,6,4182.82
1523,523,630,8,4907.84
1524,524,1187,1,4935.4
1525,524,777,7,508.75
1526,524,1347,7,2955.46
1527,524,1849,2,1095.71
1528,525,352,5,3951.49
1529,525,1674,9,1064.65
1530,525,1110,10,1600.18
1531,526,1074,1,3481.21
1532,526,324,10,3115.94
1533,526,924,3,4436.67
1534,527,243,5,3010.25
1535,527,743,7,4437.77
1536,527,1143,9,3242.76
1537,527,1343,8,2152.35
1538,528,496,2,3307.21
1539,529,1563,5,1858.93
1540,530,786,8,1067.2
1541,530,1196,5,3024.46
1542,530,225,4,2834.22
1543,530,685,7,1042.17
1544,530,1949,8,1824.7
1545,531,1168,9,2515.16
1546,531,168,1,609.34
1547,531,1468,9,488.41
1548,531,1468,2,643.93
1549,531,1768,4,1206.56
1550,532,1893,5,453.61
1551,532,443,8,111.64
1552,532,193,8,4397.55
1553,532,493,2,765.53
1554,533,839,1,4216.31
1555,533,489,2,1000.31
1556,533,1039,3,904.75
1557,533,1539,1,4161.16
1558,533,1239,3,946.19
1559,534,584,4,4314.55
1560,535,1583,9,535.56
1561,536,231,3,3359.65
1562,536,1531,6,4958.56
1563,536,1631,10,134.43
1564,537,261,8,266.38
1565,537,1511,2,2718.92
1566,538,1609,4,2497.4
1567,538,196,5,1087.58
1568,539,1654,8,2891.17
1569,540,1309,4,1153.67
1570,540,187,6,2626.75
1571,540,1020,4,2072.1
1572,541,97,6,4290.51
1573,541,168,10,4782.09
1574,542,736,8,93.02
1575,542,586,1,2114.46
1576,542,386,1,2595.08
1577,542,186,2,4126.06
1578,543,1350,6,3355.7
1579,543,900,4,1974.92
1580,543,1450,10,682.95
1581,544,682,2,569.12
1582,544,90,5,1318.62
1583,545,1995,10,458.97
1584,545,1795,9,1462.24
1585,545,1195,10,4655.47
1586,545,95,5,1812.06
1587,545,295,10,1426.13
1588,546,573,5,3945.07
1589,546,1673,5,4958.57
1590,546,1323,2,2266.45
1591,546,1523,6,2089.03
1592,546,573,10,1322.8
1593,547,1666,7,1661.53
1594,548,820,9,387.69
1595,548,1620,5,3709.25
1596,548,970,3,1619.52
1597,549,1094,7,1624.11
1598,549,1365,1,4429.66
1599,549,1633,10,1185.22
1600,549,807,1,1287.51
1601,549,611,2,2404.51
1602,550,455,8,1734.15
1603,550,1155,9,1133.01
1604,550,405,4,2464.0
1605,550,855,8,4482.52
1606,550,1205,3,3754.6
1607,551,742,3,1324.06
1608,551,515,3,4977.89
1609,551,1712,1,3597.06
1610,551,311,9,3403.13
1611,552,382,3,943.12
1612,552,590,8,4573.09
1613,552,973,1,2250.51
1614,553,423,8,294.02
1615,554,484,3,1211.97
1616,555,1141,2,4961.55
1617,555,991,9,1740.28
1618,555,941,9,986.49
1619,555,491,8,1860.25
1620,555,741,9,4468.1
1621,556,1934,3,4740.11
1622,556,464,9,3037.91
1623,557,1490,9,1765.99
1624,557,125,9,2841.41
1625,557,1141,10,2603.67
1626,558,1557,10,3120.76
1627,559,1632,4,1462.28
1628,559,1432,1,2088.1
1629,560,1488,6,1730.04
1630,560,1788,5,1017.56
1631,561,1430,1,1388.42
1632,561,1530,10,3391.15
1633,561,880,4,966.96
1634,562,1663,1,4336.24
1635,562,1913,10,3243.8
1636,563,375,9,3293.9
1637,563,275,8,3836.26
1638,563,1275,3,1563.62
1639,563,25,8,2538.5
1640,564,1890,2,4558.03
1641,564,996,3,1860.73
1642,564,244,10,4065.34
1643,564,1835,10,2186.79
1644,564,278,10,4924.11
1645,565,1108,9,4188.47
1646,566,1961,10,1831.77
1647,566,561,1,2231.23
1648,567,705,10,2344.39
1649,567,1605,9,2902.5
1650,567,1055,2,2159.83
1651,567,155,6,4279.63
1652,567,1855,1,4659.55
1653,568,574,2,3343.58
1654,568,1924,3,1150.25
1655,568,1524,7,731.2
1656,568,924,8,1871.07
1657,568,774,1,4915.43
1658,569,1527,6,2383.81
1659,570,1900,9,1387.15
1660,570,950,8,4859.09
1661,570,1300,2,3738.18
1662,571,1024,3,2981.6
1663,571,1724,2,2702.97
1664,571,474,4,2064.89
1665,571,74,8,4862.03
1666,571,374,6,4135.62
1667,572,1043,1,3732.49
1668,573,1475,1,813.44
1669,573,178,3,1200.75
1670,574,1575,5,2807.12
1671,575,1711,3,1663.74
1672,575,311,7,1716.5
1673,576,1615,6,1801.81
1674,576,865,10,4763.23
1675,576,165,1,1071.2
1676,577,1898,4,2232.79
1677,577,1798,5,2213.09
1678,577,348,8,4341.27
1679,578,995,5,3237.88
1680,578,145,10,108.74
1681,579,687,3,1506.51
1682,579,1925,3,3475.82
1683,579,341,6,3006.99
1684,580,710,4,2437.32
1685,580,1210,10,4217.72
1686,580,1060,7,248.01
1687,580,760,4,1485.75
1688,581,115,10,3034.76
1689,581,865,3,4638.56
1690,581,215,2,3872.58
1691,581,765,6,1435.8
1692,581,665,3,1312.59
1693,582,1494,4,4211.06
1694,583,1404,9,1242.76
1695,583,804,9,3605.45
1696,583,1054,6,4467.45
1697,583,1054,9,3242.22
1698,584,521,6,3839.36
1699,584,1121,8,2893.58
1700,585,1473,1,3669.53
1701,585,1823,5,1104.33
1702,585,1273,9,879.5
1703,585,1273,8,1666.75
1704,586,1782,9,4316.16
1705,586,1082,7,4541.64
1706,586,132,8,4635.72
1707,586,1382,6,1201.22
1708,586,1832,9,579.61
1709,587,1926,2,582.23
1710,587,1026,10,4519.81
1711,587,1576,3,4027.13
1712,587,1776,7,2437.56
1713,587,526,10,3103.7
1714,588,411,1,4391.19
1715,588,1761,3,3654.53
1716,589,754,4,1624.93
1717,589,1779,9,4243.93
1718,589,1255,6,2289.36
1719,589,1313,6,1059.35
1720,589,790,3,255.72
1721,590,1365,5,1593.23
1722,590,15,7,1404.29
1723,591,331,10,4164.78
1724,592,404,1,1968.65
1725,592,954,4,810.78
1726,592,1054,9,4467.67
1727,593,906,4,4750.56
1728,593,1656,8,188.39
1729,593,1756,8,551.64
1730,594,1180,4,2405.21
1731,594,1130,2,4874.78
1732,594,980,10,3983.54
1733,595,961,7,3204.47
1734,595,811,8,2379.71
1735,595,61,1,58.02
1736,595,61,8,322.48
1737,596,1274,1,1920.74
1738,596,1374,1,2656.9
1739,596,774,6,3942.89
1740,596,1474,8,253.02
1741,596,124,8,358.68
1742,597,1510,3,3638.26
1743,598,1147,4,4376.16
1744,598,1698,10,257.1
1745,599,74,2,4617.38
1746,600,1830,9,4547.89
1747,601,1468,7,3099.18
1748,601,218,8,4223.28
1749,601,1568,1,4202.06
1750,601,1818,2,1443.98
1751,602,2000,3,3731.24
1752,602,500,6,604.76
1753,602,400,7,1323.59
1754,603,1879,6,2559.0
1755,603,1209,7,651.64
1756,604,1755,6,1303.27
1757,604,955,5,3944.13
1758,604,1705,10,1982.85
1759,604,305,6,228.37
1760,605,1892,3,4510.2
1761,605,1514,2,4230.22
1762,606,1708,5,3200.74
1763,606,1638,1,1690.11
1764,607,1266,1,4915.24
1765,607,1715,3,1507.28
1766,607,1989,5,3271.7
1767,607,674,3,2123.7
1768,608,368,2,3314.35
1769,608,466,6,1473.04
1770,609,1658,7,495.98
1771,609,1908,4,3097.28
1772,609,308,3,121.01
1773,609,308,2,3901.83
1774,610,1597,3,2575.89
1775,610,947,8,2795.47
1776,610,647,8,4564.5
1777,610,1797,10,355.82
1778,611,65,7,4341.47
1779,611,1165,7,914.44
1780,611,765,7,206.65
1781,612,1453,7,4730.09
1782,612,1247,5,4229.5
1783,613,91,10,1671.84
1784,613,1591,5,4937.77
1785,613,991,6,3207.85
1786,613,1991,5,3677.9
1787,613,591,7,1753.65
1788,614,242,8,600.74
1789,614,503,4,1310.6
1790,614,1409,8,2534.83
1791,614,1670,10,1098.9
1792,615,1530,3,4038.83
1793,615,280,7,2159.94
1794,616,1097,5,3853.97
1795,616,597,5,4904.86
1796,616,997,5,1746.67
1797,617,1763,2,4256.46
1798,617,63,4,1954.5
1799,617,63,6,3796.19
1800,618,1113,5,3957.84
1801,618,1113,6,3630.06
1802,618,1963,4,1778.09
1803,618,413,7,2597.74
1804,618,1963,3,4929.94
1805,619,1547,3,3339.47
1806,619,1647,4,4214.31
1807,619,1547,10,2758.54
1808,619,1347,2,1049.08
1809,619,647,8,3212.21
1810,620,160,6,3376.35
1811,621,204,2,620.24
1812,621,1873,2,1812.87
1813,621,637,9,584.38
1814,621,1796,7,4196.76
1815,622,1216,2,610.12
1816,622,316,9,2340.1
1817,623,1587,6,162.27
1818,623,787,8,4110.35
1819,623,1787,10,3778.37
1820,623,887,3,647.8
1821,624,1892,1,3240.09
1822,624,1142,5,1509.76
1823,624,192,1,225.69
1824,625,1509,3,2260.02
1825,625,1359,7,3161.12
1826,625,659,9,92.18
1827,625,1109,9,907.01
1828,626,1785,8,2115.05
1829,626,807,4,3490.13
1830,627,166,1,2321.03
1831,628,1031,8,4962.88
1832,628,1771,5,588.45
1833,629,269,7,3367.8
1834,629,419,5,3666.16
1835,630,1013,4,4176.96
1836,631,130,3,3468.11
1837,631,846,10,4173.88
1838,631,1019,5,4366.76
1839,631,616,6,2684.9
1840,631,1452,8,1334.85
1841,632,600,9,4745.79
1842,632,1001,8,4015.58
1843,632,1797,3,3275.87
1844,632,689,6,4093.37
1845,632,274,8,4566.84
1846,633,1113,5,1732.34
1847,633,366,5,180.58
1848,633,384,5,799.32
1849,633,1896,1,96.65
1850,633,1634,5,3199.08
1851,634,1508,4,2851.06
1852,634,1658,1,3620.43
1853,634,858,8,3532.15
1854,634,608,9,1932.37
1855,634,558,3,4883.53
1856,635,464,1,211.02
1857,635,664,3,3289.05
1858,635,464,6,4714.52
1859,635,1864,10,1706.64
1860,636,757,4,2299.43
1861,636,820,8,3357.56
1862,637,323,8,4043.17
1863,637,723,2,1143.37
1864,638,240,2,2252.3
1865,639,443,9,1020.77
1866,640,1705,3,665.44
1867,640,1154,2,1731.98
1868,641,1115,6,4757.06
1869,641,1765,10,1117.97
1870,641,965,9,3420.24
1871,641,915,2,4569.3
1872,641,115,6,3928.12
1873,642,1600,8,1103.98
1874,642,350,7,3940.95
1875,642,900,4,3382.91
1876,643,882,3,50.98
1877,643,169,10,3101.11
1878,644,1335,8,1686.05
1879,644,1435,6,1150.05
1880,644,1135,8,3961.41
1881,644,335,1,3480.35
1882,644,1385,8,4313.54
1883,645,775,3,4984.24
1884,645,1175,9,1602.96
1885,645,1375,7,2614.04
1886,646,597,10,1221.04
1887,646,162,2,3840.99
1888,646,861,2,481.4
1889,646,585,7,3796.08
1890,646,1683,9,1622.67
1891,647,1698,2,2613.59
1892,648,1345,4,3763.46
1893,648,1608,7,1286.62
1894,648,21,4,3439.47
1895,648,1466,2,2771.83
1896,649,193,7,511.7
1897,649,1643,1,4190.77
1898,650,1056,8,438.74
1899,650,1956,5,2580.29
1900,651,631,4,196.79
1901,651,1892,8,3246.37
1902,651,1782,6,4083.63
1903,652,961,5,4498.56
1904,652,1885,6,4345.69
1905,652,596,9,1089.34
1906,652,249,7,1260.2
1907,653,455,4,3543.66
1908,653,1760,4,246.8
1909,654,949,7,2049.13
1910,654,1409,1,2293.41
1911,654,1036,1,974.85
1912,654,1667,6,164.98
1913,655,1853,6,3573.59
1914,655,1153,7,455.3
1915,655,1303,1,2133.26
1916,655,3,10,2078.3
1917,656,1506,7,3828.06
1918,656,429,5,2507.44
1919,656,279,2,3260.12
1920,657,544,4,2865.58
1921,657,1344,9,1453.49
1922,657,1694,4,1625.85
1923,658,1751,9,2466.93
1924,658,1101,7,3179.29
1925,658,1351,9,4442.57
1926,658,1,2,2982.46
1927,659,960,2,4770.27
1928,659,1110,9,2415.48
1929,659,1010,10,686.45
1930,659,1160,7,1695.74
1931,659,410,2,4245.93
1932,660,924,1,557.6
1933,661,883,8,3434.19
1934,662,259,5,3005.65
1935,662,843,2,1702.27
1936,662,269,9,3092.63
1937,663,1726,2,2463.09
1938,663,676,8,1044.53
1939,664,1540,5,2868.32
1940,664,940,2,1234.48
1941,665,1625,8,3398.02
1942,665,1524,7,4010.52
1943,666,1916,2,4313.77
1944,666,816,3,1636.42
1945,666,716,7,3148.91
1946,667,1164,6,1296.57
1947,667,914,4,2096.37
1948,667,914,9,510.36
1949,668,1565,4,1452.09
1950,668,15,1,3582.36
1951,669,852,9,2232.84
1952,669,1732,8,1542.54
1953,669,1300,5,2168.08
1954,670,1067,8,1127.47
1955,670,217,9,3314.64
1956,670,1667,2,3802.81
1957,671,1045,8,4794.1
1958,671,1113,5,4116.0
1959,671,1924,6,337.52
1960,672,614,7,1898.41
1961,673,852,10,4602.79
1962,673,662,4,2750.29
1963,673,1420,5,1501.12
1964,673,857,8,437.15
1965,673,1270,5,479.55
1966,674,1314,4,1354.93
1967,674,1642,2,176.28
1968,674,1063,6,3893.85
1969,675,1997,8,2136.83
1970,675,1247,7,1865.09
1971,676,1584,7,4099.07
1972,676,88,1,4341.7
1973,677,875,9,1297.04
1974,677,1375,10,2372.14
1975,677,925,2,3759.27
1976,677,625,2,2622.87
1977,677,175,1,4515.43
1978,678,68,6,3698.45
1979,678,1468,9,956.72
1980,679,995,4,3453.04
1981,680,1875,4,444.69
1982,680,109,1,2213.86
1983,681,1428,8,2568.43
1984,681,178,9,2516.99
1985,681,1878,10,2361.66
1986,681,1878,9,2584.36
1987,682,1283,6,2352.95
1988,682,1483,10,2411.59
1989,682,1233,2,1496.75
1990,683,1689,10,3556.95
1991,683,839,3,4009.6
1992,683,1289,10,4025.02
1993,683,1239,2,152.72
1994,683,1889,4,4743.86
1995,684,776,10,2877.94
1996,684,1726,5,773.2
1997,684,1076,1,1183.43
1998,684,1326,7,4699.63
1999,685,1965,5,514.22
2000,685,1765,5,3786.78
2001,685,1815,1,3684.95
2002,686,1957,5,3020.94
2003,686,407,8,2214.35
2004,686,657,4,3574.39
2005,686,1657,10,2117.03
2006,687,1106,5,3943.46
2007,688,1196,9,2248.89
2008,688,146,2,760.21
2009,688,1546,10,2270.79
2010,688,446,8,1914.91
2011,688,1946,2,4751.69
2012,689,641,5,3620.23
2013,689,1541,2,1755.02
2014,690,1877,4,3435.58
2015,690,1049,5,2814.44
2016,691,1461,2,932.35
2017,691,1774,1,207.84
2018,691,743,6,2906.04
2019,691,502,1,1593.47
2020,691,1905,1,4344.87
2021,692,944,3,4428.05
2022,692,444,8,3628.03
2023,692,1444,4,434.24
2024,693,306,5,4427.97
2025,693,638,8,663.38
2026,693,129,9,2883.11
2027,694,806,8,3929.14
2028,694,333,8,3047.44
2029,694,1731,5,3651.5
2030,694,154,10,929.39
2031,695,1014,3,2503.86
2032,696,159,8,3844.81
2033,696,659,1,3673.6
2034,696,159,8,3435.09
2035,697,265,5,2954.57
2036,697,1365,2,3130.47
2037,697,1315,7,3510.52
2038,697,1465,6,505.72
2039,698,181,9,4513.6
2040,698,731,7,3905.4
2041,698,131,7,856.4
2042,698,831,4,2236.42
2043,699,929,2,930.78
2044,699,1379,10,2974.12
2045,699,1929,4,4278.64
2046,700,1009,1,3346.0
2047,700,778,8,3202.82
2048,700,1478,1,678.44
2049,700,1522,8,2908.23
2050,700,980,7,3885.6
2051,701,862,4,50.39
2052,701,1962,1,1136.1
2053,701,562,9,2510.04
2054,702,819,6,4175.8
2055,703,180,9,2102.33
2056,703,1349,5,3025.21
2057,703,1563,9,2458.5
2058,704,1363,3,875.98
2059,704,13,9,4301.94
2060,704,1413,7,2530.98
2061,705,914,6,4852.03
2062,706,669,4,71.07
2063,706,1419,3,1340.27
2064,706,1769,7,1474.95
2065,706,1769,1,4559.54
2066,707,310,8,1884.68
2067,708,811,6,3668.06
2068,708,611,1,2881.38
2069,708,461,6,1880.85
2070,709,1519,3,4049.35
2071,709,319,5,2482.0
2072,709,1919,7,62.08
2073,709,819,9,803.49
2074,710,105,7,1400.54
2075,710,255,8,3293.45
2076,710,605,4,3009.19
2077,710,1505,7,3082.41
2078,710,1405,10,1260.83
2079,711,1256,4,1266.57
2080,711,1569,4,3636.01
2081,712,1128,9,790.78
2082,712,428,9,657.66
2083,712,1428,8,1091.45
2084,712,778,7,4835.48
2085,712,1178,2,4559.7
2086,713,298,10,4177.36
2087,713,698,10,1216.35
2088,713,998,9,4875.85
2089,713,1698,4,3677.14
2090,714,1238,5,4621.73
2091,714,88,10,2049.18
2092,714,1888,4,4651.33
2093,715,1250,8,812.14
2094,715,750,3,2071.21
2095,715,1100,7,966.24
2096,716,921,7,2229.82
2097,717,1103,8,3369.91
2098,717,1748,4,3521.07
2099,717,847,8,422.42
2100,717,1970,2,4917.32
2101,718,887,7,2531.82
2102,719,467,8,1439.12
2103,719,445,7,831.27
2104,719,68,5,744.42
2105,719,741,2,323.89
2106,719,442,4,1245.98
2107,720,1420,4,1978.18
2108,720,968,2,2664.35
2109,720,1021,5,3910.64
2110,721,1527,2,1096.8
2111,722,476,4,3017.12
2112,722,726,6,2405.21
2113,722,926,3,4049.6
2114,722,526,9,1647.87
2115,722,826,1,2352.12
2116,723,1448,6,2647.12
2117,723,613,1,183.73
2118,723,1728,10,4068.38
2119,723,465,9,2172.24
2120,723,1041,10,847.18
2121,724,1371,5,3100.9
2122,724,1871,5,2540.94
2123,724,121,8,3750.82
2124,725,999,4,4189.9
2125,725,768,6,1212.51
2126,725,560,7,4212.33
2127,726,1407,8,754.98
2128,726,957,3,749.86
2129,726,1407,7,1572.0
2130,726,1107,7,3665.79
2131,726,1257,2,3793.2
2132,727,486,1,781.41
2133,727,1946,1,722.27
2134,727,70,6,3723.65
2135,728,1649,7,3484.28
2136,728,1789,4,4289.11
2137,728,1253,1,4490.74
2138,728,964,2,1298.11
2139,729,773,10,3403.59
2140,729,1330,2,4656.69
2141,730,145,1,2514.9
2142,730,318,1,320.58
2143,730,1560,7,3078.73
2144,730,1960,10,3436.19
2145,730,1815,6,1861.44
2146,731,449,3,4331.5
2147,731,1775,5,1317.88
2148,731,1199,6,4722.09
2149,732,262,10,1580.25
2150,732,612,2,988.2
2151,732,1912,10,2894.24
2152,733,824,10,3018.5
2153,734,489,2,1618.32
2154,734,1130,10,1669.38
2155,735,1473,7,3008.8
2156,736,1628,4,2085.45
2157,737,1605,9,4265.39
2158,738,1283,1,3449.84
2159,738,133,10,3984.35
2160,738,1683,4,4172.46
2161,739,271,9,2935.88
2162,739,871,10,4449.55
2163,740,1937,5,329.22
2164,740,487,3,419.85
2165,740,1587,6,284.31
2166,740,387,7,4328.61
2167,741,1524,7,314.21
2168,741,219,9,1801.73
2169,741,1170,9,2857.92
2170,741,197,6,1354.05
2171,741,307,9,386.41
2172,742,1151,7,1798.38
2173,742,451,5,2322.33
2174,742,1851,10,3865.31
2175,743,1354,8,232.82
2176,743,704,7,1933.79
2177,743,1004,4,185.87
2178,743,604,1,4176.74
2179,744,1197,7,4364.45
2180,744,1329,6,102.04
2181,744,633,2,735.72
2182,744,558,4,4589.01
2183,745,741,7,2192.19
2184,746,1700,6,194.01
2185,747,1733,7,1682.65
2186,747,1283,9,4461.99
2187,747,1383,4,4139.1
2188,748,1166,8,802.23
2189,748,1866,10,4224.49
2190,748,616,1,3539.46
2191,748,516,6,4354.45
2192,749,1600,7,4049.74
2193,750,252,7,4537.27
2194,751,1549,4,883.27
2195,751,649,2,417.64
2196,751,549,10,293.45
2197,752,1349,9,589.88
2198,752,499,4,4744.47
2199,752,949,4,86.81
2200,752,1999,9,1254.67
2201,753,461,1,1076.06
2202,753,1061,7,1123.5
2203,753,1511,4,3702.14
2204,754,1267,7,1633.46
2205,754,1617,9,1993.8
2206,755,1943,9,2900.05
2207,755,1843,6,4607.69
2208,755,93,4,2745.15
2209,755,93,6,2372.14
2210,755,743,6,4332.53
2211,756,1748,6,1384.32
2212,757,1529,9,577.35
2213,757,1649,1,4808.82
2214,757,1991,8,3123.92
2215,757,683,5,3115.15
2216,757,930,2,4005.57
2217,758,1785,2,4778.08
2218,758,1653,5,2167.05
2219,758,235,2,4448.59
2220,758,712,10,1738.57
2221,758,1372,2,2298.01
2222,759,1827,7,4224.91
2223,760,1135,4,3897.52
2224,760,585,7,1138.17
2225,760,1585,8,2156.52
2226,760,1335,6,3042.23
2227,761,303,3,1203.31
2228,761,453,9,556.3
2229,761,553,7,945.98
2230,762,1018,7,528.64
2231,762,618,7,4438.15
2232,762,1268,9,2607.79
2233,762,1068,7,1128.72
2234,763,1304,6,456.22
2235,763,1504,4,432.3
2236,763,404,4,1760.26
2237,764,1938,8,4488.64
2238,765,919,8,4891.25
2239,765,569,10,3954.16
2240,766,462,7,426.91
2241,766,1212,7,2809.95
2242,766,1612,3,1763.91
2243,766,212,9,1738.57
2244,767,1911,2,1116.56
2245,767,1667,6,3496.28
2246,767,560,8,1556.84
2247,767,1355,9,2264.77
2248,767,404,8,1405.65
2249,768,331,7,1740.67
2250,768,1281,8,2969.36
2251,768,231,1,1955.08
2252,768,981,9,4496.14
2253,769,222,5,1702.03
2254,769,1022,2,2945.89
2255,769,1172,3,1482.49
2256,770,1053,4,1590.82
2257,770,1963,5,80.02
2258,770,885,7,4232.24
2259,771,1754,7,1297.0
2260,772,421,4,2486.66
2261,773,42,6,1936.79
2262,773,198,2,1416.64
2263,773,1678,2,1929.02
2264,774,719,4,979.56
2265,774,1805,7,4483.07
2266,774,971,9,1387.14
2267,775,118,10,1902.98
2268,775,968,2,3302.09
2269,775,118,5,4522.89
2270,775,1218,2,1592.56
2271,775,968,6,538.26
2272,776,1335,4,2736.04
2273,776,736,4,1949.12
2274,776,670,1,4780.68
2275,776,1090,8,915.46
2276,776,1587,7,2160.38
2277,777,1060,1,2698.74
2278,778,1063,2,1943.97
2279,778,1813,9,1589.12
2280,779,1462,4,3278.09
2281,779,348,1,4124.74
2282,780,1552,1,3331.84
2283,780,1402,7,3374.26
2284,780,752,5,1820.21
2285,780,502,2,3386.66
2286,780,2,10,285.51
2287,781,982,4,1094.46
2288,782,1641,4,3586.76
2289,783,936,3,1073.31
2290,783,376,8,1148.81
2291,784,121,1,1693.15
2292,784,1671,1,1338.81
2293,784,271,4,1815.36
2294,784,1271,6,4224.6
2295,785,1843,4,309.49
2296,785,543,6,4313.01
2297,786,1513,10,2957.66
2298,786,1663,5,768.08
2299,786,163,1,3185.61
2300,786,1363,1,3589.32
2301,786,663,10,2830.24
2302,787,1767,4,616.55
2303,787,1417,7,1490.25
2304,787,167,2,3059.65
2305,787,1317,2,3520.96
2306,788,1420,6,4624.83
2307,788,1920,3,2168.69
2308,788,1970,1,2093.06
2309,788,320,9,3774.75
2310,789,361,4,2711.98
2311,789,511,10,1630.0
2312,789,711,10,1538.03
2313,789,911,9,2847.9
2314,789,1811,3,1663.89
2315,790,632,7,1862.78
2316,790,1182,2,853.85
2317,790,1232,9,3382.3
2318,790,932,10,3372.82
2319,791,863,4,447.41
2320,791,813,1,437.47
2321,791,663,3,3155.67
2322,791,913,4,1161.27
2323,792,1264,9,1111.69
2324,792,1364,6,1478.19
2325,792,514,6,3784.89
2326,792,114,8,1478.27
2327,792,564,9,2655.57
2328,793,1934,3,1841.98
2329,793,1134,6,4344.59
2330,794,1863,6,905.75
2331,794,1363,2,1792.26
2332,795,1569,7,4766.63
2333,795,819,10,3219.59
2334,795,1669,3,4862.01
2335,795,1869,5,2377.57
2336,796,821,2,242.54
2337,796,221,4,4105.3
2338,796,1071,3,938.58
2339,797,430,10,1724.34
2340,798,1707,3,995.6
2341,798,807,9,1807.69
2342,798,1007,5,538.67
2343,799,839,4,3158.15
2344,799,1677,7,3731.91
2345,800,617,2,1713.57
2346,800,1817,1,1370.03
2347,801,805,8,2740.63
2348,802,1633,6,3819.7
2349,802,1533,2,1079.87
2350,802,1933,7,2706.83
2351,802,1383,3,1018.67
2352,803,806,6,1808.89
2353,803,390,5,2101.88
2354,804,796,10,3543.21
2355,805,872,10,2302.21
2356,806,236,6,731.35
2357,806,586,9,3661.42
2358,807,1261,7,1456.7
2359,807,11,10,1201.98
2360,807,361,10,3079.19
2361,807,411,10,2693.67
2362,808,1156,10,4956.44
2363,808,706,10,2878.59
2364,808,956,10,1125.76
2365,808,1106,9,4755.96
2366,808,956,10,4991.04
2367,809,1286,10,1487.44
2368,810,308,1,228.78
2369,810,1908,5,500.67
2370,810,158,6,609.74
2371,810,1358,6,2622.58
2372,811,1841,4,1699.52
2373,811,1889,4,870.81
2374,811,1887,8,219.59
2375,811,928,9,3887.14
2376,812,1927,9,4174.98
2377,812,1027,5,1102.03
2378,812,1627,2,1956.79
2379,812,1877,2,343.9
2380,812,727,7,1804.93
2381,813,540,8,1073.39
2382,814,1504,4,436.95
2383,814,745,6,1800.65
2384,814,1402,8,378.65
2385,814,1619,1,4664.61
2386,814,595,1,4991.52
2387,815,837,9,4948.96
2388,815,1137,6,2762.63
2389,816,1963,2,1345.63
2390,816,1713,5,3857.25
2391,816,563,3,3721.85
2392,816,513,3,1760.8
2393,816,313,9,2194.54
2394,817,49,5,286.37
2395,817,1249,10,4370.37
2396,817,1049,10,2944.51
2397,817,1149,6,664.44
2398,818,598,1,2813.86
2399,818,5,1,3342.91
2400,818,734,4,3388.78
2401,819,346,7,1310.56
2402,819,1246,3,900.21
2403,819,846,7,1550.88
2404,819,446,3,1635.33
2405,820,1145,4,3018.52
2406,820,1745,7,114.9
2407,820,595,5,676.14
2408,821,906,5,734.25
2409,822,1433,7,2663.22
2410,822,1438,6,3769.77
2411,823,1028,10,534.59
2412,823,378,9,555.43
2413,824,800,5,4424.42
2414,824,250,9,243.67
2415,825,1201,7,3386.69
2416,825,1651,6,4340.58
2417,825,1151,2,4163.54
2418,825,1,6,3132.6
2419,826,442,2,2227.32
2420,827,1773,10,2396.09
2421,827,473,9,1976.92
2422,828,483,8,4609.1
2423,828,958,9,2330.76
2424,828,1564,6,1031.65
2425,829,1353,6,1190.56
2426,830,1813,7,2898.15
2427,830,363,7,1394.46
2428,831,138,4,396.25
2429,831,391,2,1816.07
2430,831,1893,10,2102.09
2431,832,1535,3,748.03
2432,832,1385,7,1027.61
2433,833,14,4,3228.05
2434,833,1764,5,3472.53
2435,833,1214,2,1271.48
2436,834,1312,7,2188.91
2437,834,702,2,1075.42
2438,834,402,5,2122.63
2439,835,1898,3,2599.44
2440,835,648,3,1102.09
2441,836,1020,10,2261.93
2442,836,620,10,2862.22
2443,836,370,5,3000.64
2444,837,929,3,640.46
2445,837,1079,10,2506.18
2446,837,1979,7,1506.29
2447,837,429,7,1477.7
2448,838,1895,2,1651.15
2449,838,1495,1,820.04
2450,839,1031,8,4455.37
2451,839,419,1,579.9
2452,839,18,4,751.61
2453,840,1333,5,2877.06
2454,841,1352,7,1044.98
2455,841,252,7,4674.98
2456,841,1852,3,2349.07
2457,842,384,7,4738.67
2458,842,1867,5,3436.85
2459,843,832,10,4783.43
2460,843,1282,8,3312.62
2461,843,1532,7,2422.75
2462,844,833,2,3470.05
2463,844,383,4,1141.96
2464,845,1486,2,4157.81
2465,845,1886,1,896.53
2466,845,1136,7,3348.13
2467,845,286,8,647.1
2468,846,1719,8,1805.7
2469,846,569,2,4874.63
2470,846,169,1,3991.28
2471,846,1069,9,1451.65
2472,846,219,6,4874.68
2473,847,1027,3,4854.92
2474,847,377,8,2853.23
2475,848,200,6,3094.31
2476,848,50,10,4407.65
2477,848,1850,3,3672.0
2478,848,800,8,2662.75
2479,849,1034,6,3994.44
2480,850,351,4,1463.74
2481,851,1676,2,437.84
2482,851,1494,1,729.73
2483,851,1967,4,171.36
2484,851,1560,3,4524.57
2485,852,1274,3,2983.07
2486,852,1674,3,4908.68
2487,852,1424,1,2350.25
2488,852,1624,3,1025.16
2489,852,1374,4,1250.49
2490,853,1165,4,3151.05
2491,853,1215,10,2933.69
2492,853,715,8,4600.78
2493,853,215,4,2728.32
2494,853,215,8,3027.98
2495,854,780,7,88.06
2496,854,880,9,3585.67
2497,854,1080,3,694.67
2498,854,330,7,4058.55
2499,855,520,5,1029.87
2500,855,520,7,818.36
2501,855,1020,1,1941.51
2502,855,670,2,1581.65
2503,856,1237,10,2593.97
2504,856,237,2,1082.01
2505,856,1037,1,2612.71
2506,856,887,4,4614.35
2507,856,137,4,2945.81
2508,857,1187,2,3786.25
2509,857,1445,2,3518.71
2510,857,1126,8,2974.86
2511,858,44,6,4978.75
2512,858,1282,8,3777.56
2513,859,122,3,2233.04
2514,859,572,10,872.15
2515,859,472,9,4439.84
2516,860,584,5,3822.83
2517,861,839,2,3387.16
2518,862,1944,6,4909.65
2519,862,1644,2,4725.0
2520,862,544,7,1201.59
2521,862,144,4,2554.38
2522,862,1494,4,2475.57
2523,863,593,3,917.3
2524,863,93,6,3024.85
2525,863,993,2,3607.68
2526,864,435,7,1209.63
2527,864,685,8,2609.26
2528,865,600,7,2082.18
2529,866,231,2,3891.45
2530,866,381,3,4168.64
2531,866,1381,2,4702.51
2532,866,1231,9,3873.21
2533,866,1581,6,3441.46
2534,867,184,2,4141.87
2535,868,75,4,3841.22
2536,869,1272,3,2575.73
2537,869,1172,1,532.01
2538,869,772,5,4811.13
2539,870,1359,7,2006.3
2540,870,659,3,2292.3
2541,870,459,7,2826.85
2542,870,159,3,2342.66
2543,870,959,9,2802.17
2544,871,1594,4,4226.57
2545,871,1944,9,1186.26
2546,871,1094,8,3363.99
2547,871,1744,8,3748.5
2548,872,26,5,2397.89
2549,872,1328,1,4949.8
2550,872,1676,9,201.63
2551,873,407,2,4163.49
2552,873,1407,5,3702.93
2553,873,1357,1,1406.45
2554,873,1657,5,1580.21
2555,873,307,10,2348.99
2556,874,1121,1,4652.45
2557,874,421,10,2285.38
2558,874,1171,9,3614.49
2559,874,1671,10,1169.09
2560,874,21,5,1830.52
2561,875,740,2,1030.63
2562,876,1579,7,399.15
2563,877,757,7,2803.98
2564,878,637,9,3388.29
2565,878,1631,3,3989.77
2566,878,1414,1,4659.09
2567,879,634,7,2891.76
2568,879,1034,10,741.45
2569,879,1684,5,1309.34
2570,879,134,5,325.98
2571,879,234,6,2227.67
2572,880,330,7,4274.61
2573,880,1580,7,805.95
2574,880,1580,10,418.18
2575,881,1984,5,2941.86
2576,882,978,3,4328.03
2577,882,1507,2,4476.67
2578,882,1436,1,359.55
2579,883,825,9,4612.28
2580,884,275,9,3979.16
2581,884,205,9,2901.01
2582,885,1467,5,2433.04
2583,885,1817,6,3484.49
2584,885,1317,2,4143.46
2585,886,651,6,1951.29
2586,886,796,5,549.15
2587,887,825,2,4857.13
2588,887,175,2,744.72
2589,887,925,8,138.85
2590,887,1575,9,3459.39
2591,888,1091,10,999.23
2592,889,1282,7,952.98
2593,889,1632,6,729.38
2594,889,1632,8,2134.1
2595,890,1846,6,4365.18
2596,890,1996,10,4000.58
2597,890,496,9,3245.78
2598,891,834,4,3771.6
2599,891,1034,5,1060.56
2600,891,1334,3,847.2
2601,891,1334,10,4377.39
2602,891,1284,8,2723.92
2603,892,1358,4,1134.05
2604,892,8,10,2743.46
2605,893,551,8,4664.91
2606,893,51,7,1756.24
2607,894,1884,10,3323.88
2608,894,1830,1,574.88
2609,894,1345,5,259.79
2610,895,48,8,234.52
2611,895,1698,10,279.89
2612,895,948,6,3072.4
2613,896,1480,5,1985.01
2614,896,1130,7,3042.94
2615,897,1563,10,4556.45
2616,898,1574,9,3783.17
2617,898,1069,4,1932.94
2618,898,861,7,2954.41
2619,898,1805,7,443.65
2620,898,547,4,1974.82
2621,899,1781,10,2084.69
2622,899,931,10,3547.7
2623,899,1431,3,3460.24
2624,899,631,10,541.38
2625,900,1296,9,2743.75
2626,900,1258,2,3374.49
2627,900,947,5,526.63
2628,901,1561,8,225.46
2629,901,1511,1,3973.32
2630,902,72,9,447.72
2631,902,872,9,2687.66
2632,902,522,7,2237.42
2633,902,1672,10,3592.36
2634,903,237,10,1044.46
2635,904,1668,4,1418.59
2636,904,168,10,4087.0
2637,904,1768,9,4299.39
2638,904,18,4,2782.92
2639,905,1899,5,132.42
2640,905,1899,7,925.65
2641,906,1494,3,1117.53
2642,906,1594,3,2433.53
2643,906,1694,4,1201.38
2644,906,1894,9,3321.18
2645,907,1571,5,2014.0
2646,908,1916,10,1643.3
2647,908,366,10,1965.81
2648,908,116,7,553.54
2649,908,1466,8,4020.77
2650,908,1966,4,333.33
2651,909,1101,9,4233.67
2652,909,151,5,2014.14
2653,909,1701,7,387.34
2654,909,1101,1,3003.63
2655,910,99,3,1626.64
2656,910,1449,7,708.32
2657,910,749,1,4897.53
2658,911,84,6,165.36
2659,911,934,1,3837.54
2660,911,1834,5,1407.2
2661,911,1184,6,2160.86
2662,911,1434,7,3415.6
2663,912,767,8,4485.09
2664,913,1610,8,1630.62
2665,913,1810,10,935.42
2666,913,360,9,1099.96
2667,913,310,1,1636.09
2668,914,498,8,964.45
2669,914,998,4,805.65
2670,914,798,5,2621.1
2671,914,1498,10,1006.83
2672,915,1780,6,2131.2
2673,915,980,8,3076.11
2674,916,795,6,1062.3
2675,916,1773,3,1422.57
2676,916,1117,5,2551.48
2677,917,1236,1,4443.17
2678,917,1936,8,1827.06
2679,918,1073,6,2002.66
2680,918,1373,5,1865.1
2681,918,873,10,938.45
2682,919,516,3,4244.93
2683,919,1066,10,3358.72
2684,920,273,4,1664.88
2685,920,1323,2,2776.3
2686,920,973,8,2674.96
2687,921,141,8,3342.44
2688,921,591,8,1537.85
2689,922,1197,2,4772.4
2690,922,913,1,1006.67
2691,922,1350,9,2707.56
2692,922,1477,3,2511.66
2693,923,1984,9,2552.31
2694,923,113,9,3365.89
2695,923,1792,8,3354.71
2696,923,840,5,3665.61
2697,923,1367,3,4760.6
2698,924,1302,5,2047.03
2699,924,1652,3,4123.48
2700,924,902,7,1085.75
2701,925,1435,2,706.56
2702,925,1735,5,4466.23
2703,925,1535,4,3575.85
2704,925,685,3,3161.7
2705,926,1231,6,3949.81
2706,926,1081,5,2211.67
2707,926,1681,7,4048.47
2708,926,881,2,2496.02
2709,926,1031,6,2855.03
2710,927,203,3,1968.91
2711,927,1753,2,3702.93
2712,927,1353,5,4974.71
2713,927,703,6,1707.5
2714,927,1703,10,1838.41
2715,928,1813,3,837.59
2716,928,213,8,3597.17
2717,928,1063,2,1110.85
2718,928,263,2,2527.41
2719,929,598,9,304.9
2720,930,644,4,790.91
2721,930,1744,3,1183.0
2722,930,744,10,388.04
2723,930,1394,3,4971.54
2724,930,494,2,2771.49
2725,931,1638,10,2611.78
2726,931,1988,6,2958.73
2727,932,1225,8,1071.26
2728,933,929,6,2163.61
2729,933,1828,8,579.79
2730,933,647,4,2357.89
2731,933,1046,3,1334.13
2732,933,559,5,1992.25
2733,934,1123,1,2889.66
2734,934,1973,8,2646.07
2735,934,1473,1,4091.07
2736,934,1223,3,4613.49
2737,934,773,7,1490.52
2738,935,1835,5,1376.17
2739,935,1185,5,1974.76
2740,935,985,4,456.43
2741,936,1359,10,4144.69
2742,936,59,10,2602.58
2743,936,1859,2,759.03
2744,936,909,1,949.26
2745,936,1159,2,1739.11
2746,937,1322,9,1802.08
2747,938,68,2,3589.65
2748,938,568,6,867.59
2749,939,1501,8,2515.89
2750,939,1701,6,432.67
2751,940,422,3,834.19
2752,941,566,3,2159.47
2753,941,1716,5,4409.24
2754,941,1016,5,2139.95
2755,941,566,4,434.26
2756,942,428,3,1130.43
2757,943,1643,4,2260.62
2758,943,1643,7,4794.85
2759,944,748,5,3822.16
2760,944,698,10,4800.83
2761,944,348,7,2750.36
2762,944,1248,3,1393.6
2763,945,1394,2,788.82
2764,946,1028,4,3690.47
2765,946,1257,3,3462.14
2766,946,1065,1,2412.07
2767,947,1809,6,2363.47
2768,948,904,3,4216.16
2769,948,1654,5,1305.61
2770,948,1404,6,1537.2
2771,948,1454,8,1663.11
2772,949,143,6,4050.94
2773,949,212,7,4012.05
2774,949,473,8,1093.91
2775,949,1720,1,696.06
2776,949,226,3,1966.66
2777,950,1647,5,4833.69
2778,950,1797,9,1469.23
2779,950,1147,9,1107.94
2780,951,1640,10,122.09
2781,952,1023,3,3490.52
2782,952,973,8,1782.36
2783,952,773,3,2479.84
2784,953,625,2,3742.21
2785,954,900,9,4774.22
2786,954,350,9,203.5
2787,955,1877,5,2867.08
2788,955,1777,8,257.19
2789,956,1186,2,2837.84
2790,956,1455,7,3332.0
2791,956,1271,5,1142.12
2792,956,6,4,1760.19
2793,956,1492,3,985.09
2794,957,353,2,4317.11
2795,957,150,9,2384.37
2796,957,1823,1,4804.64
2797,958,359,1,1826.77
2798,959,88,10,1213.43
2799,959,1110,6,1948.23
2800,960,84,7,1945.71
2801,961,1701,8,4130.99
2802,961,551,10,3088.55
2803,961,1701,2,3856.39
2804,961,351,8,997.7
2805,962,858,6,338.53
2806,963,1491,3,2350.98
2807,963,741,4,649.54
2808,963,1441,1,1231.19
2809,963,1591,6,313.35
2810,964,697,4,676.89
2811,964,32,8,3933.75
2812,964,807,1,4669.21
2813,965,1818,10,4077.53
2814,965,1318,6,2184.79
2815,965,1868,5,1938.88
2816,966,1526,10,4291.74
2817,966,1876,2,1426.36
2818,966,1476,9,1559.81
2819,966,526,1,74.98
2820,967,225,4,3812.21
2821,968,1029,4,2562.82
2822,968,979,3,992.86
2823,968,179,3,778.99
2824,968,1529,9,3464.53
2825,969,1550,3,4361.08
2826,969,350,4,3617.36
2827,970,658,6,2336.01
2828,970,208,7,4993.52
2829,970,958,7,438.61
2830,971,1173,2,2671.87
2831,972,547,4,4787.48
2832,972,1247,9,3340.33
2833,972,497,2,1461.6
2834,972,447,3,2004.06
2835,973,1925,6,3396.57
2836,973,1775,1,3260.07
2837,973,175,9,2430.54
2838,973,625,8,3873.0
2839,973,1375,8,1676.05
2840,974,449,3,4691.71
2841,974,1449,8,318.39
2842,975,767,9,483.82
2843,975,1867,9,1866.0
2844,975,617,5,4270.43
2845,975,217,9,4707.91
2846,975,367,3,3099.89
2847,976,1516,6,2295.17
2848,976,574,2,2376.18
2849,977,1332,1,1762.7
2850,977,132,10,2457.63
2851,977,832,3,2391.26
2852,977,382,4,441.12
2853,978,325,8,2365.99
2854,979,1893,10,3760.11
2855,979,1490,7,3491.18
2856,979,1225,5,623.35
2857,979,1241,7,3100.38
2858,980,774,9,975.01
2859,980,1724,10,691.83
2860,980,224,2,3545.41
2861,980,1624,8,1600.4
2862,981,1124,4,3470.79
2863,981,474,4,608.78
2864,981,1174,5,2912.35
2865,981,624,3,2532.9
2866,982,188,9,2188.28
2867,982,1388,5,4511.82
2868,982,238,5,4003.0
2869,982,938,7,4684.64
2870,982,1288,3,904.09
2871,983,1573,10,3338.6
2872,983,1163,6,3880.1
2873,983,1825,9,3880.3
2874,983,1557,1,103.68
2875,984,1443,7,3150.64
2876,984,1143,4,1307.1
2877,984,943,5,3104.67
2878,985,1673,5,4906.01
2879,986,1756,8,4236.03
2880,986,1656,8,2555.07
2881,986,1806,4,1478.35
2882,986,856,8,2935.58
2883,986,1956,4,731.54
2884,987,186,2,640.07
2885,987,1336,4,1458.23
2886,987,186,3,313.69
2887,987,1936,8,4365.03
2888,987,936,7,376.94
2889,988,1999,2,2534.75
2890,988,249,9,78.54
2891,988,1299,1,189.94
2892,989,185,4,1232.05
2893,990,566,9,2964.4
2894,990,1689,5,4582.76
2895,991,1666,10,850.24
2896,992,1736,8,3850.91
2897,992,1786,3,1369.51
2898,992,1186,4,3243.25
2899,993,661,5,2160.08
2900,993,773,10,4452.97
2901,993,155,6,4524.0
2902,993,1061,9,3734.54
2903,994,1876,8,1582.37
2904,994,1226,1,4655.85
2905,995,933,1,4335.25
2906,995,1983,4,1152.76
2907,995,233,9,4445.61
2908,995,383,7,1770.34
2909,995,1333,2,2854.49
2910,996,1200,10,2922.34
2911,996,1100,7,3661.8
2912,996,150,10,4227.38
2913,996,800,3,3657.1
2914,996,850,8,4353.0
2915,997,1633,7,3495.35
2916,998,1869,8,3334.86
2917,998,1469,6,3022.29
2918,998,719,8,2477.69
2919,998,1169,8,1109.01
2920,999,630,4,3912.69
2921,999,1480,4,4197.42
2922,999,830,4,2851.36
2923,999,280,5,2364.75
2924,999,1330,5,3471.5
2925,1000,1036,8,308.38
2926,1000,1636,4,3241.64
2927,1001,754,6,819.28
2928,1001,536,8,4975.21
2929,1001,1721,4,719.73
2930,1001,825,4,1128.38
2931,1001,7,6,2594.08
2932,1002,338,3,4916.76
2933,1002,1288,3,2962.69
2934,1002,1088,6,1701.66
2935,1002,38,8,2021.84
2936,1003,1084,1,2221.25
2937,1003,984,10,3641.79
2938,1004,21,2,1761.69
2939,1004,855,5,1163.0
2940,1004,261,5,1503.33
2941,1004,386,2,2836.65
2942,1004,1403,8,1585.9
2943,1005,1935,2,3531.14
2944,1005,585,3,1501.07
2945,1005,1485,9,3174.64
2946,1005,985,10,1916.8
2947,1006,1674,10,1290.53
2948,1006,1924,7,4670.74
2949,1006,1724,7,4821.55
2950,1007,1233,8,331.19
2951,1007,333,4,756.25
2952,1008,826,1,361.97
2953,1009,230,10,835.55
2954,1009,230,1,2407.81
2955,1009,530,2,4554.78
2956,1009,680,10,2774.09
2957,1009,1230,1,791.75
2958,1010,1186,7,210.16
2959,1011,770,2,2394.72
2960,1012,1781,7,4185.31
2961,1012,531,6,1852.86
2962,1012,181,6,475.16
2963,1013,1761,6,1852.68
2964,1013,423,2,2104.4
2965,1014,179,7,2060.56
2966,1014,715,1,3466.76
2967,1014,1344,7,1039.05
2968,1015,1020,6,937.83
2969,1015,670,6,4243.68
2970,1015,120,1,368.29
2971,1015,1870,10,483.78
2972,1015,520,6,1193.46
2973,1016,1326,8,2452.95
2974,1016,1226,2,4120.18
2975,1016,1676,4,1360.47
2976,1017,307,5,2760.41
2977,1017,562,7,1409.79
2978,1017,1942,10,370.9
2979,1018,1102,6,3687.61
2980,1018,1302,2,4175.67
2981,1018,352,5,244.42
2982,1019,1226,5,3203.06
2983,1019,315,7,1851.75
2984,1019,1231,4,766.67
2985,1019,1457,8,474.69
2986,1020,1192,3,2174.85
2987,1021,483,5,3793.91
2988,1021,1979,1,3677.78
2989,1021,1058,9,535.15
2990,1022,74,7,4301.18
2991,1022,1224,4,2854.42
2992,1023,276,4,713.77
2993,1023,1176,9,2171.05
2994,1024,246,10,885.72
2995,1024,228,5,4894.11
2996,1024,1423,2,742.99
2997,1024,1768,4,62.87
2998,1025,1516,2,2586.06
2999,1026,224,10,2211.73
3000,1026,974,8,3119.84
3001,1026,174,2,519.69
3002,1026,924,3,3084.05
3003,1026,224,3,1223.87
3004,1027,1466,6,1273.82
3005,1027,716,7,879.46
3006,1027,166,9,4298.35
3007,1028,726,1,3868.54
3008,1028,1430,1,2893.83
3009,1029,1329,2,3792.41
3010,1030,1335,5,1462.9
3011,1030,1085,9,847.19
3012,1030,185,2,2030.88
3013,1030,1335,7,694.35
3014,1031,884,8,4396.84
3015,1031,1284,3,4856.21
3016,1031,1284,3,1127.63
3017,1031,1384,3,4792.11
3018,1032,378,4,1994.08
3019,1032,1978,2,834.88
3020,1032,1128,5,564.94
3021,1033,1913,8,4709.92
3022,1033,1068,9,1436.56
3023,1033,1594,6,3074.58
3024,1034,1369,5,1380.82
3025,1034,869,1,1753.71
3026,1034,619,10,1532.76
3027,1035,371,6,1123.79
3028,1036,509,6,637.57
3029,1036,1659,10,1876.77
3030,1036,1309,1,3779.79
3031,1036,1509,10,2275.35
3032,1036,559,6,4614.35
3033,1037,1096,8,186.56
3034,1037,246,7,2146.41
3035,1037,646,6,3968.93
3036,1038,1878,3,180.07
3037,1039,879,10,4336.15
3038,1039,229,9,4633.83
3039,1040,1167,2,1775.05
3040,1040,267,9,4363.93
3041,1041,849,1,4307.3
3042,1041,299,9,4283.9
3043,1042,947,3,4990.98
3044,1042,1047,10,4144.56
3045,1042,47,6,925.83
3046,1042,1047,2,69.36
3047,1042,1797,10,1405.03
3048,1043,1373,2,1097.32
3049,1043,973,3,2474.99
3050,1044,38,3,2422.01
3051,1044,638,9,4626.24
3052,1044,38,3,4227.5
3053,1044,1588,8,2882.27
3054,1044,1838,10,4149.83
3055,1045,1390,1,1198.56
3056,1045,1490,3,1533.26
3057,1045,540,9,71.98
3058,1045,440,8,2394.35
3059,1045,890,1,112.12
3060,1046,214,6,293.65
3061,1046,1005,7,2733.36
3062,1046,217,3,1503.75
3063,1046,1612,1,2555.94
3064,1047,757,1,2729.71
3065,1047,1684,2,4733.04
3066,1047,1180,2,3914.6
3067,1047,332,3,3248.28
3068,1047,1957,9,2112.4
3069,1048,45,10,3607.18
3070,1048,1974,5,2910.35
3071,1048,1173,2,558.86
3072,1048,1195,8,594.4
3073,1049,481,9,3617.28
3074,1049,831,4,2382.6
3075,1049,606,6,3087.66
3076,1049,1706,1,3786.45
3077,1049,1887,3,1614.64
3078,1050,1018,8,2727.84
3079,1050,418,7,3162.1
3080,1050,1518,2,1709.29
3081,1050,1368,3,4056.79
3082,1050,1968,10,3464.93
3083,1051,1539,10,1545.0
3084,1051,639,8,305.48
3085,1051,989,8,4925.18
3086,1052,1520,1,1199.29
3087,1052,1320,4,1133.79
3088,1052,1444,4,4518.54
3089,1052,1525,10,785.31
3090,1052,1887,8,938.72
3091,1053,1522,9,3246.32
3092,1053,172,7,2131.3
3093,1053,622,2,4917.96
3094,1054,935,5,771.59
3095,1054,785,2,606.51
3096,1054,135,9,3811.25
3097,1055,1254,2,3138.61
3098,1055,526,7,1659.95
3099,1055,1224,10,1712.22
3100,1055,1453,8,1066.18
3101,1055,1832,7,3288.24
3102,1056,558,1,4956.52
3103,1056,158,1,3514.73
3104,1056,1558,10,2756.75
3105,1056,1808,2,4137.59
3106,1057,508,9,864.9
3107,1058,482,6,3876.66
3108,1058,326,10,4124.02
3109,1058,788,6,447.45
3110,1059,1043,6,372.04
3111,1059,1293,8,3010.67
3112,1059,993,6,1460.74
3113,1059,1343,4,2033.49
3114,1059,693,9,4519.83
3115,1060,1840,4,1385.11
3116,1061,1094,5,3104.24
3117,1061,1957,1,2646.34
3118,1061,1218,10,4398.25
3119,1061,420,1,4781.97
3120,1061,59,7,2953.46
3121,1062,1206,4,474.51
3122,1062,1406,8,2966.06
3123,1062,356,3,1977.32
3124,1062,1906,7,1475.91
3125,1063,916,1,1717.02
3126,1063,711,10,2856.07
3127,1064,234,8,3138.04
3128,1064,784,6,534.86
3129,1064,234,6,3046.28
3130,1064,1184,1,2724.53
3131,1065,582,9,1018.71
3132,1065,532,4,471.22
3133,1065,1382,6,4345.18
3134,1066,696,8,4779.52
3135,1066,1796,2,3975.59
3136,1066,1946,7,2610.19
3137,1066,546,9,3673.8
3138,1067,1491,7,4966.62
3139,1068,1156,4,163.25
3140,1068,56,9,647.31
3141,1069,346,10,3268.88
3142,1069,696,3,3701.74
3143,1069,1096,8,2122.19
3144,1069,246,6,4263.88
3145,1070,1733,1,352.44
3146,1070,633,3,4032.16
3147,1070,533,6,3060.92
3148,1070,933,7,1612.06
3149,1070,1583,2,958.95
3150,1071,1073,6,484.23
3151,1071,1573,7,365.64
3152,1071,873,10,4276.11
3153,1072,1955,1,1706.91
3154,1072,1305,5,1590.74
3155,1072,505,10,2142.75
3156,1072,1355,6,766.13
3157,1072,1155,2,2133.97
3158,1073,940,4,3981.07
3159,1073,1590,1,2314.56
3160,1074,976,3,119.82
3161,1074,1426,4,563.75
3162,1074,1676,6,2430.04
3163,1074,1276,10,2494.46
3164,1075,711,2,4989.94
3165,1075,1605,5,1875.41
3166,1075,1142,1,3988.73
3167,1075,135,8,2775.78
3168,1076,1353,2,2865.66
3169,1076,1203,3,2324.63
3170,1076,1453,7,2104.88
3171,1076,53,4,4289.9
3172,1077,373,3,4302.84
3173,1077,823,6,1712.06
3174,1077,173,2,4197.46
3175,1077,1973,4,679.51
3176,1077,1923,7,538.01
3177,1078,1867,1,457.05
3178,1078,1667,9,683.66
3179,1078,1817,4,3248.25
3180,1079,104,4,263.29
3181,1079,604,7,2381.68
3182,1080,180,6,1139.4
3183,1080,1830,2,3812.86
3184,1080,1980,6,2047.86
3185,1081,377,2,3894.41
3186,1081,1677,5,2737.49
3187,1081,1477,4,1226.88
3188,1081,1777,5,2835.43
3189,1081,677,2,1755.88
3190,1082,1924,4,3607.35
3191,1082,924,4,4974.0
3192,1082,124,3,525.55
3193,1082,774,9,3578.93
3194,1082,1274,9,279.41
3195,1083,1710,2,4167.5
3196,1084,1917,3,4742.21
3197,1084,1617,6,547.13
3198,1084,167,2,2746.44
3199,1085,1419,5,125.32
3200,1085,400,2,2372.35
3201,1086,520,6,3166.02
3202,1087,1510,7,795.19
3203,1087,796,4,2084.33
3204,1087,1901,2,556.97
3205,1087,1192,2,3761.5
3206,1088,1374,8,3475.19
3207,1089,679,6,4898.48
3208,1090,354,3,965.33
3209,1090,427,3,688.87
3210,1090,12,8,503.23
3211,1090,97,7,1590.01
3212,1090,1915,4,3327.24
3213,1091,1746,6,4584.75
3214,1091,1959,10,3131.7
3215,1092,1811,10,850.37
3216,1092,111,1,4200.26
3217,1092,611,10,4659.2
3218,1092,1911,10,1100.97
3219,1093,881,5,672.13
3220,1094,192,8,4604.86
3221,1095,55,1,4780.97
3222,1095,1705,5,1992.19
3223,1096,381,1,1591.13
3224,1097,1841,7,3564.83
3225,1097,856,2,153.3
3226,1097,1096,9,4217.22
3227,1098,1294,9,1188.98
3228,1098,294,10,4533.91
3229,1098,1544,10,90.39
3230,1099,372,9,2741.79
3231,1099,630,1,2484.0
3232,1099,549,7,3012.92
3233,1100,1581,10,4777.1
3234,1100,631,9,2855.75
3235,1100,431,5,2147.34
3236,1100,731,2,872.64
3237,1101,516,2,4748.21
3238,1101,516,7,218.61
3239,1101,1416,9,1363.56
3240,1102,1108,5,3190.05
3241,1102,258,5,1428.26
3242,1102,408,5,2702.55
3243,1102,1408,9,1807.76
3244,1103,1621,5,4854.67
3245,1103,1786,2,3513.26
3246,1103,1506,3,634.36
3247,1103,636,6,2344.17
3248,1104,191,1,2424.26
3249,1104,526,4,1054.76
3250,1104,272,10,472.33
3251,1104,778,4,4522.47
3252,1104,1471,3,2231.34
3253,1105,1858,6,1646.72
3254,1105,258,6,3711.95
3255,1105,1458,3,4486.79
3256,1106,1713,1,4129.3
3257,1106,426,8,2234.93
3258,1106,905,4,348.36
3259,1106,354,10,4814.57
3260,1106,1718,8,2830.1
3261,1107,1254,4,1313.87
3262,1107,1485,9,2005.92
3263,1108,704,4,2837.67
3264,1109,1593,10,4124.54
3265,1109,1193,9,4210.76
3266,1109,393,4,4422.6
3267,1109,1893,6,115.12
3268,1109,1043,4,3130.91
3269,1110,671,2,1761.31
3270,1110,721,2,1362.35
3271,1110,771,3,2330.0
3272,1111,2000,7,4633.55
3273,1111,850,8,4383.95
3274,1111,150,3,1583.32
3275,1111,1900,9,4149.6
3276,1111,1450,5,1382.19
3277,1112,173,10,2289.34
3278,1112,1673,4,3268.46
3279,1112,523,2,1515.46
3280,1113,500,6,1455.4
3281,1113,1115,1,491.83
3282,1113,536,3,741.98
3283,1113,659,10,4871.85
3284,1114,583,10,1262.98
3285,1114,233,9,2890.95
3286,1114,183,10,3576.84
3287,1114,1933,1,4986.13
3288,1114,1933,3,3285.93
3289,1115,303,5,4391.01
3290,1115,1903,8,2162.28
3291,1116,844,7,2269.41
3292,1116,1094,1,3434.21
3293,1116,1394,1,3347.85
3294,1116,344,10,4728.0
3295,1116,344,8,2464.31
3296,1117,1169,10,1782.69
3297,1117,819,1,3667.08
3298,1117,719,3,499.22
3299,1118,113,4,2186.68
3300,1118,313,5,1974.75
3301,1118,413,10,1152.13
3302,1119,691,7,1527.29
3303,1120,506,3,958.22
3304,1121,1817,6,4764.78
3305,1122,723,9,4207.11
3306,1122,1973,6,1620.19
3307,1122,323,3,1968.17
3308,1122,773,10,1461.45
3309,1123,1634,3,786.54
3310,1123,1484,9,2539.32
3311,1123,134,10,2904.19
3312,1124,1697,7,2551.92
3313,1124,1297,9,121.96
3314,1124,1147,1,2029.59
3315,1124,1447,6,4705.96
3316,1124,847,3,2674.67
3317,1125,1504,6,914.67
3318,1125,401,4,3746.68
3319,1125,66,7,560.93
3320,1126,1568,4,3280.41
3321,1126,196,1,2329.49
3322,1126,886,3,2508.18
3323,1127,1836,6,312.07
3324,1127,60,10,1504.32
3325,1127,93,1,4438.35
3326,1128,1215,2,283.39
3327,1128,865,5,2563.7
3328,1128,1465,10,546.48
3329,1128,1015,6,3872.86
3330,1129,1771,5,894.76
3331,1130,1029,5,2522.2
3332,1130,1279,2,1338.37
3333,1130,629,9,4304.71
3334,1131,1537,10,4158.94
3335,1131,1687,3,2978.09
3336,1131,187,4,2307.72
3337,1131,1387,10,217.66
3338,1131,837,2,2019.93
3339,1132,601,10,3473.35
3340,1132,951,10,1583.84
3341,1132,801,10,545.29
3342,1132,451,2,4523.71
3343,1132,1,10,970.56
3344,1133,1780,7,1713.82
3345,1133,1980,8,1435.63
3346,1133,980,7,3688.18
3347,1133,1680,8,2801.26
3348,1133,580,7,1069.58
3349,1134,469,7,4035.34
3350,1134,119,6,2958.89
3351,1134,1969,6,4953.33
3352,1134,219,3,1588.02
3353,1135,984,4,1400.76
3354,1135,984,4,907.78
3355,1135,334,2,99.84
3356,1135,834,2,184.0
3357,1136,245,2,494.24
3358,1136,545,3,274.96
3359,1136,1345,2,3252.39
3360,1136,145,5,2363.71
3361,1136,195,9,511.56
3362,1137,887,5,4436.29
3363,1137,1987,4,3904.6
3364,1137,1737,1,971.19
3365,1138,1621,9,812.86
3366,1139,1043,8,263.84
3367,1139,1984,3,2333.65
3368,1139,52,6,2270.64
3369,1139,1535,4,2078.12
3370,1140,368,3,1961.55
3371,1140,618,2,3164.99
3372,1140,918,5,2022.5
3373,1141,1809,8,788.17
3374,1141,9,4,3518.91
3375,1141,1559,9,3257.36
3376,1141,309,1,2568.43
3377,1142,494,5,3786.78
3378,1142,427,5,1784.51
3379,1142,1696,10,2225.36
3380,1142,1995,6,4376.95
3381,1143,1787,1,3456.61
3382,1144,660,9,277.27
3383,1144,798,3,2807.77
3384,1144,1435,5,59.54
3385,1144,1756,3,2281.14
3386,1144,1219,4,2128.5
3387,1145,1936,5,3108.85
3388,1145,1436,5,588.52
3389,1146,938,5,1467.41
3390,1146,1228,6,455.63
3391,1146,114,4,4483.63
3392,1147,41,3,1283.18
3393,1147,1541,9,775.44
3394,1147,41,1,118.26
3395,1147,1091,3,2990.67
3396,1147,1591,9,92.39
3397,1148,1132,7,1604.61
3398,1148,285,6,1052.53
3399,1148,1282,10,779.85
3400,1148,550,3,4765.33
3401,1149,236,10,153.35
3402,1150,1678,3,3598.62
3403,1150,445,3,1176.84
3404,1150,1585,8,761.01
3405,1151,118,1,2602.97
3406,1151,1518,9,2648.95
3407,1151,768,2,1308.74
3408,1152,539,4,678.17
3409,1152,1889,9,4700.21
3410,1152,339,5,2153.61
3411,1152,1339,7,641.33
3412,1152,439,10,2857.01
3413,1153,196,9,2030.1
3414,1154,1858,4,3233.7
3415,1154,228,8,4687.02
3416,1155,1395,2,3906.76
3417,1155,1752,6,3326.95
3418,1155,366,5,1323.91
3419,1156,1402,9,4545.26
3420,1156,1702,10,4955.08
3421,1157,339,6,3085.91
3422,1157,1861,8,1043.17
3423,1157,359,4,2483.51
3424,1158,747,8,4207.22
3425,1158,1327,4,768.04
3426,1158,107,1,3771.21
3427,1158,1075,1,2030.78
3428,1158,435,1,4162.11
3429,1159,1941,6,4773.78
3430,1159,991,6,2928.72
3431,1159,1941,8,4528.83
3432,1159,1491,2,3649.61
3433,1159,791,6,2365.65
3434,1160,1972,8,3841.03
3435,1160,1022,10,4834.15
3436,1161,1897,5,3917.58
3437,1161,1497,1,1666.28
3438,1162,1391,2,4762.13
3439,1162,1704,3,2343.51
3440,1162,940,9,643.0
3441,1162,778,1,2334.01
3442,1162,1561,7,815.99
3443,1163,1587,6,2162.13
3444,1163,737,8,3597.32
3445,1163,337,8,798.58
3446,1163,1337,2,2405.74
3447,1163,1537,1,365.03
3448,1164,672,4,1873.45
3449,1164,772,1,4455.09
3450,1164,922,8,3591.59
3451,1164,572,5,1339.09
3452,1165,1619,8,4748.52
3453,1165,1041,7,2466.59
3454,1165,1155,8,2620.86
3455,1165,87,9,308.95
3456,1165,1609,1,4059.97
3457,1166,1179,4,3388.83
3458,1166,1739,1,4892.52
3459,1166,278,1,2822.29
3460,1167,985,6,3548.95
3461,1167,1935,1,4963.31
3462,1168,113,9,4718.82
3463,1168,1663,1,992.35
3464,1169,1657,2,797.49
3465,1169,457,10,1877.28
3466,1169,1457,1,3984.01
3467,1170,1283,2,3867.22
3468,1170,1933,9,2518.27
3469,1170,1483,6,2847.5
3470,1171,1359,10,2972.66
3471,1171,1259,9,1214.67
3472,1171,259,10,4227.27
3473,1171,1659,7,1092.79
3474,1171,1059,10,516.01
3475,1172,552,7,4160.9
3476,1173,1813,10,3785.07
3477,1173,1513,9,1995.0
3478,1173,1063,1,2365.08
3479,1173,1713,7,3507.67
3480,1173,1163,9,3761.43
3481,1174,1168,1,573.66
3482,1174,218,5,3361.06
3483,1174,718,8,3902.09
3484,1175,480,9,3747.12
3485,1175,1480,9,2496.93
3486,1176,1712,8,4641.08
3487,1176,12,3,2449.73
3488,1176,312,6,833.25
3489,1177,345,3,1244.85
3490,1177,998,2,3520.26
3491,1177,1595,4,1471.57
3492,1178,1065,10,2223.9
3493,1178,815,8,2231.71
3494,1178,865,2,3284.77
3495,1178,715,9,3517.02
3496,1179,1413,8,1467.87
3497,1179,613,1,3088.09
3498,1179,763,9,1199.72
3499,1179,1463,9,4774.45
3500,1180,857,10,512.13
3501,1180,557,8,2427.42
3502,1180,1957,4,1978.47
3503,1180,1557,1,1661.91
3504,1180,1207,10,60.01
3505,1181,175,8,4255.74
3506,1181,1602,8,2725.12
3507,1181,27,2,4960.37
3508,1181,48,9,4167.26
3509,1181,66,3,3675.62
3510,1182,117,1,1078.49
3511,1182,1067,3,970.55
3512,1183,182,10,1034.39
3513,1184,911,6,3646.03
3514,1184,1711,5,3855.18
3515,1184,1261,8,4738.64
3516,1184,1711,8,2617.54
3517,1184,511,8,3559.59
3518,1185,1629,8,4614.83
3519,1185,1479,2,2305.24
3520,1186,1126,8,2863.83
3521,1187,258,7,647.01
3522,1187,1777,8,2173.9
3523,1187,12,9,4349.43
3524,1187,1395,4,2290.59
3525,1187,1581,2,4119.84
3526,1188,1247,4,4564.27
3527,1188,1797,9,2487.09
3528,1189,139,3,4496.5
3529,1189,1039,4,1614.54
3530,1189,189,9,602.67
3531,1189,1889,7,2417.37
3532,1190,325,6,3791.92
3533,1191,613,3,3995.09
3534,1192,596,9,958.81
3535,1192,471,9,1308.0
3536,1192,998,2,4341.5
3537,1192,1378,6,4434.45
3538,1192,376,3,338.93
3539,1193,1103,2,809.74
3540,1193,103,8,4575.61
3541,1193,303,7,3309.67
3542,1194,1354,1,1004.1
3543,1194,956,2,2476.46
3544,1194,1051,10,3741.41
3545,1194,423,1,3094.41
3546,1195,974,2,1104.94
3547,1195,718,7,4438.35
3548,1196,529,2,3579.29
3549,1196,1087,7,2498.6
3550,1196,231,10,4297.78
3551,1196,621,2,2805.24
3552,1196,1509,6,388.01
3553,1197,1997,7,1783.86
3554,1197,1997,9,1713.09
3555,1198,1874,10,4245.01
3556,1198,1074,5,319.81
3557,1198,1524,2,282.69
3558,1198,674,8,1849.71
3559,1198,1624,3,2766.55
3560,1199,261,6,284.2
3561,1199,1911,3,1714.82
3562,1199,661,4,4477.32
3563,1199,1561,2,3327.34
3564,1199,1311,3,4795.91
3565,1200,1369,6,4649.86
3566,1200,1119,1,1274.0
3567,1201,1071,6,1294.26
3568,1202,279,4,2839.5
3569,1202,1229,8,1630.74
3570,1202,879,2,2065.21
3571,1202,979,9,72.16
3572,1203,999,1,2321.98
3573,1203,1849,8,3615.25
3574,1203,49,3,3105.52
3575,1203,1399,2,2522.69
3576,1204,764,6,1553.35
3577,1204,564,1,3410.21
3578,1204,1314,3,2995.72
3579,1205,22,5,2874.63
3580,1205,1672,3,2711.83
3581,1205,1472,6,3579.95
3582,1205,572,1,3559.94
3583,1205,622,3,4195.16
3584,1206,1849,2,3332.71
3585,1206,132,5,4396.83
3586,1207,813,7,4819.77
3587,1207,463,8,79.56
3588,1207,1063,5,1182.86
3589,1207,63,2,2460.31
3590,1207,1063,10,997.73
3591,1208,1755,7,1044.86
3592,1208,55,2,3789.73
3593,1208,1305,5,2261.94
3594,1208,505,10,4868.64
3595,1209,864,6,298.21
3596,1210,1240,6,1012.87
3597,1210,997,8,2972.71
3598,1210,738,8,4971.72
3599,1210,687,9,4203.72
3600,1210,1036,7,3571.08
3601,1211,840,9,2254.66
3602,1211,190,5,3540.73
3603,1211,1140,4,3966.56
3604,1211,1940,2,2399.84
3605,1211,1790,8,4970.88
3606,1212,580,1,2014.29
3607,1212,980,9,3860.99
3608,1212,1380,6,3701.26
3609,1213,1372,6,4316.05
3610,1213,391,5,3776.3
3611,1213,640,4,4647.73
3612,1213,1107,8,3544.83
3613,1213,1621,5,457.39
3614,1214,659,7,1851.19
3615,1215,1856,7,2034.72
3616,1215,656,10,2844.23
3617,1215,1856,2,2722.17
3618,1215,756,6,672.63
3619,1216,1103,5,4664.85
3620,1216,503,7,243.4
3621,1216,453,7,3191.21
3622,1216,203,10,3906.33
3623,1216,1403,3,1231.83
3624,1217,435,4,1172.34
3625,1217,1035,2,1353.93
3626,1217,1485,4,3271.76
3627,1218,1047,10,3444.64
3628,1218,665,9,4015.74
3629,1218,1907,3,3739.45
3630,1219,421,2,223.08
3631,1219,971,1,156.14
3632,1219,871,9,4667.26
3633,1219,1371,1,244.29
3634,1220,1531,7,2076.28
3635,1220,857,2,2359.15
3636,1221,1633,5,1576.78
3637,1222,1189,3,4769.29
3638,1222,1829,8,3901.89
3639,1222,143,6,67.41
3640,1222,802,10,3827.63
3641,1222,1993,3,1804.62
3642,1223,237,4,1873.71
3643,1224,1988,8,4328.31
3644,1224,338,7,4544.84
3645,1224,988,7,877.74
3646,1224,1938,3,3049.88
3647,1225,202,8,4419.41
3648,1225,1302,1,622.1
3649,1226,1857,1,2719.18
3650,1226,602,5,4953.48
3651,1226,632,7,1363.39
3652,1226,812,2,2462.48
3653,1227,1536,3,4804.17
3654,1227,1836,4,620.71
3655,1227,186,6,4276.15
3656,1228,782,8,1469.26
3657,1228,232,1,4206.54
3658,1229,557,9,3677.49
3659,1229,757,7,3488.9
3660,1230,386,4,4768.79
3661,1230,1936,3,2254.0
3662,1230,1236,7,209.07
3663,1230,936,9,1484.86
3664,1230,1736,10,4697.39
3665,1231,724,3,378.6
3666,1231,724,10,3370.43
3667,1231,1324,10,4054.6
3668,1231,24,5,4625.82
3669,1232,713,6,2904.62
3670,1232,265,4,4721.61
3671,1232,659,2,3879.98
3672,1232,392,7,1855.75
3673,1232,1813,10,3665.41
3674,1233,1740,5,1836.1
3675,1234,617,4,2546.7
3676,1234,1517,8,58.14
3677,1234,117,8,410.51
3678,1234,267,7,159.76
3679,1234,1267,5,4715.08
3680,1235,1607,1,217.76
3681,1236,939,5,2778.59
3682,1236,289,6,1532.94
3683,1236,89,6,3404.66
3684,1236,139,6,3552.66
3685,1237,360,5,4041.66
3686,1237,1210,8,488.12
3687,1237,1910,6,4818.94
3688,1237,1260,7,2514.49
3689,1237,1610,10,3673.99
3690,1238,842,5,3413.7
3691,1238,1142,8,751.51
3692,1238,92,4,1705.37
3693,1238,1992,9,4817.75
3694,1238,1692,4,4737.59
3695,1239,1793,8,2441.47
3696,1239,193,1,1565.54
3697,1239,1793,4,3503.52
3698,1239,1293,8,1984.14
3699,1239,143,8,4382.71
3700,1240,1064,5,1119.16
3701,1240,914,4,822.13
3702,1241,331,1,2156.86
3703,1241,1774,4,1555.19
3704,1241,262,4,2304.53
3705,1241,691,3,4482.13
3706,1242,147,7,1320.22
3707,1242,533,8,1849.18
3708,1243,1554,6,3711.24
3709,1244,345,4,2944.87
3710,1245,1668,2,3476.1
3711,1246,418,1,1849.66
3712,1247,1604,10,4480.16
3713,1248,85,10,4202.09
3714,1248,1360,1,321.48
3715,1249,1797,9,1991.85
3716,1249,1960,6,2631.02
3717,1249,828,5,819.69
3718,1249,1032,6,966.06
3719,1249,598,8,2227.23
3720,1250,722,10,918.26
3721,1250,872,8,1739.32
3722,1250,1522,2,3034.86
3723,1250,572,3,4028.42
3724,1250,1922,3,3554.54
3725,1251,268,7,337.19
3726,1251,368,6,914.72
3727,1251,1668,9,3970.54
3728,1251,168,5,3064.95
3729,1252,369,6,2309.88
3730,1252,19,8,2274.54
3731,1252,1819,4,645.02
3732,1252,419,5,301.08
3733,1253,1425,8,1722.78
3734,1253,425,6,1060.21
3735,1253,275,8,1040.5
3736,1253,475,5,4568.74
3737,1253,125,8,3268.38
3738,1254,1450,9,1812.39
3739,1254,900,3,2297.49
3740,1255,615,7,4289.37
3741,1255,1892,10,2954.55
3742,1255,1661,2,1759.23
3743,1255,1290,9,2871.42
3744,1256,491,9,4637.76
3745,1256,991,9,4658.12
3746,1257,1394,3,4724.9
3747,1257,1294,9,4278.44
3748,1257,1294,4,2070.76
3749,1258,40,6,4740.98
3750,1258,640,6,1850.87
3751,1258,640,2,264.67
3752,1258,190,5,4042.66
3753,1259,834,9,2662.39
3754,1259,1534,1,367.46
3755,1259,1734,2,3683.24
3756,1259,1784,8,4177.66
3757,1259,184,10,2308.34
3758,1260,1494,3,4416.94
3759,1261,708,1,1902.7
3760,1261,808,2,3901.34
3761,1261,1258,7,3143.69
3762,1261,508,8,2116.43
3763,1261,108,1,1749.32
3764,1262,1710,3,3685.48
3765,1262,1760,2,3042.95
3766,1263,172,1,3477.58
3767,1263,1192,4,906.91
3768,1263,1504,2,209.23
3769,1264,259,6,3136.09
3770,1264,697,3,646.12
3771,1264,1946,3,1238.46
3772,1264,926,1,4044.21
3773,1265,1042,10,3826.36
3774,1265,1256,1,1656.91
3775,1266,419,2,2242.15
3776,1266,1988,2,3698.82
3777,1266,1793,5,4210.14
3778,1267,1555,8,4364.16
3779,1267,1055,2,2853.46
3780,1267,755,8,2695.96
3781,1267,1755,4,1781.57
3782,1268,719,4,4863.61
3783,1268,369,3,1827.11
3784,1268,1069,8,67.63
3785,1269,513,6,1427.58
3786,1269,213,1,2275.41
3787,1269,713,7,1308.06
3788,1269,1663,8,592.37
3789,1269,13,9,4188.76
3790,1270,1191,2,1513.11
3791,1270,391,6,4527.97
3792,1270,1091,4,3780.76
3793,1270,241,5,2786.4
3794,1271,1702,3,3916.17
3795,1272,1742,6,3348.86
3796,1272,513,9,1421.24
3797,1272,1494,9,1541.53
3798,1272,1811,3,704.19
3799,1273,776,2,2792.34
3800,1273,1405,1,2146.61
3801,1273,12,7,4377.42
3802,1273,266,3,1711.96
3803,1274,1499,2,3575.2
3804,1274,1649,10,239.28
3805,1274,549,8,2469.49
3806,1274,549,3,373.43
3807,1275,1980,9,1001.73
3808,1276,568,9,1318.17
3809,1276,1668,6,2249.59
3810,1276,968,6,4987.81
3811,1276,18,3,4065.72
3812,1277,692,10,4273.5
3813,1277,432,3,4889.29
3814,1277,1410,9,2126.02
3815,1277,529,10,4832.59
3816,1278,1672,4,1716.4
3817,1278,1722,3,4787.72
3818,1279,529,10,86.28
3819,1279,779,4,2613.22
3820,1280,450,1,1730.52
3821,1280,1901,8,4404.92
3822,1280,977,8,3654.97
3823,1280,1817,3,855.14
3824,1281,1820,3,4895.47
3825,1282,20,3,1113.24
3826,1283,354,4,2787.45
3827,1283,1354,6,4600.66
3828,1283,1054,4,1826.62
3829,1284,257,2,1603.67
3830,1285,813,7,4363.53
3831,1285,813,9,1907.51
3832,1285,563,10,4605.33
3833,1285,1513,10,400.97
3834,1286,1795,5,1504.1
3835,1286,1745,6,3642.47
3836,1286,245,4,3496.49
3837,1286,445,10,1979.88
3838,1286,1295,8,989.95
3839,1287,1060,9,3303.84
3840,1287,160,2,2017.93
3841,1287,1260,7,2030.27
3842,1288,379,9,4061.79
3843,1288,1624,10,454.49
3844,1289,758,8,2308.71
3845,1289,308,6,3402.94
3846,1289,1208,5,3351.0
3847,1290,1894,5,4425.02
3848,1291,1968,7,2438.27
3849,1291,768,5,4881.77
3850,1291,168,1,2317.22
3851,1291,368,4,1774.72
3852,1292,1867,10,1120.02
3853,1292,817,5,3350.21
3854,1293,222,4,4237.11
3855,1293,1372,10,4121.11
3856,1293,322,5,2460.35
3857,1294,878,6,3366.49
3858,1295,1118,5,1328.3
3859,1295,1068,5,1940.36
3860,1295,418,10,4224.45
3861,1295,1518,10,3673.31
3862,1296,710,10,549.56
3863,1296,310,5,3230.94
3864,1297,1958,6,3213.91
3865,1297,437,3,3084.96
3866,1298,173,7,3457.59
3867,1298,1558,9,2137.96
3868,1298,1503,5,4434.56
3869,1298,165,5,3904.3
3870,1298,1438,8,2644.65
3871,1299,1878,1,2314.69
3872,1299,923,9,478.97
3873,1299,409,2,2049.42
3874,1299,269,5,1292.53
3875,1300,760,10,2515.63
3876,1301,949,1,3581.85
3877,1302,1137,1,1786.17
3878,1302,937,5,432.36
3879,1302,1937,2,2935.68
3880,1303,1796,2,4579.94
3881,1303,1246,5,884.94
3882,1303,1296,2,1591.95
3883,1303,1346,3,4475.31
3884,1303,246,5,190.83
3885,1304,1661,9,2850.27
3886,1304,1011,4,3266.26
3887,1304,661,1,2819.96
3888,1305,708,8,3433.28
3889,1306,1140,2,233.33
3890,1306,1161,5,3247.62
3891,1307,523,2,4450.31
3892,1307,824,3,2733.26
3893,1307,75,6,1334.8
3894,1307,1709,10,2895.86
3895,1307,1553,8,4510.42
3896,1308,467,1,2584.34
3897,1308,206,1,2790.36
3898,1308,1336,7,2239.68
3899,1308,686,1,1379.35
3900,1309,736,8,3013.92
3901,1309,1691,4,1644.88
3902,1310,794,5,791.07
3903,1311,1124,10,3331.01
3904,1311,1024,9,3604.4
3905,1311,1624,7,1448.76
3906,1311,1024,9,3485.12
3907,1311,974,5,425.53
3908,1312,566,6,3031.17
3909,1312,766,4,3798.16
3910,1313,300,8,758.83
3911,1314,1418,2,1266.62
3912,1314,1568,9,3986.97
3913,1314,768,9,2397.43
3914,1315,328,6,4585.51
3915,1315,1228,9,2489.79
3916,1315,578,1,3705.36
3917,1316,817,5,1907.96
3918,1317,1966,1,655.79
3919,1317,1566,7,2540.16
3920,1317,1716,9,4594.08
3921,1317,1266,7,2299.87
3922,1317,816,8,2657.24
3923,1318,609,4,3085.13
3924,1318,909,1,1173.43
3925,1318,659,7,4664.15
3926,1319,264,7,4922.46
3927,1319,1464,6,3620.88
3928,1319,464,5,4922.12
3929,1319,1064,4,4331.85
3930,1319,1864,9,1038.51
3931,1320,914,1,2307.72
3932,1320,914,7,3925.46
3933,1320,1064,3,244.59
3934,1320,614,7,1722.34
3935,1320,1764,6,1920.32
3936,1321,795,9,3353.19
3937,1321,1545,2,1083.83
3938,1321,795,10,757.65
3939,1321,1995,3,4428.49
3940,1322,1855,3,529.35
3941,1322,582,4,2485.83
3942,1323,1812,4,2517.02
3943,1323,612,1,4581.47
3944,1323,1062,2,913.44
3945,1323,1112,4,1709.01
3946,1323,1412,8,4175.9
3947,1324,1526,8,3556.18
3948,1324,446,6,3005.43
3949,1324,1516,2,934.7
3950,1324,1013,3,2968.8
3951,1324,1290,10,692.44
3952,1325,140,4,2247.5
3953,1325,480,5,1639.44
3954,1326,1462,6,294.33
3955,1326,15,8,3544.22
3956,1326,1356,10,3210.63
3957,1326,1132,2,4910.75
3958,1327,359,9,4208.86
3959,1327,1959,7,2826.78
3960,1327,1159,2,1231.0
3961,1327,1459,1,3454.15
3962,1327,1209,4,4701.32
3963,1328,1816,7,397.28
3964,1328,1466,1,1455.09
3965,1328,1466,7,428.9
3966,1328,1666,5,4431.83
3967,1328,366,7,481.8
3968,1329,233,10,3031.75
3969,1329,133,3,4003.8
3970,1329,783,10,962.72
3971,1330,990,6,3583.47
3972,1330,1040,9,4950.3
3973,1331,60,1,4978.68
3974,1331,1810,9,3015.92
3975,1332,951,8,1534.99
3976,1332,451,8,2618.22
3977,1332,1451,1,498.72
3978,1332,251,5,1373.94
3979,1332,1751,1,2569.32
3980,1333,1899,10,3802.46
3981,1333,549,2,4046.52
3982,1333,699,9,1691.17
3983,1333,999,5,2403.96
3984,1333,299,8,264.47
3985,1334,1333,1,3034.81
3986,1334,383,6,2223.9
3987,1335,6,4,3707.79
3988,1336,1442,4,4848.42
3989,1336,1660,2,189.33
3990,1336,359,3,4916.29
3991,1336,1902,5,764.48
3992,1337,794,2,327.15
3993,1338,868,5,4483.5
3994,1338,1720,9,2369.31
3995,1338,1148,8,3948.44
3996,1338,601,9,3074.36
3997,1339,1278,8,3524.49
3998,1340,257,3,3853.55
3999,1340,1483,8,1866.47
4000,1340,1780,9,3160.55
4001,1340,41,1,4748.59
4002,1340,618,5,363.65
4003,1341,660,10,3195.53
4004,1342,173,9,847.22
4005,1342,973,6,4485.68
4006,1343,1828,9,2593.34
4007,1343,1627,1,1584.48
4008,1343,1703,7,4711.11
4009,1344,37,10,3715.71
4010,1344,1687,2,2399.89
4011,1344,1037,1,4576.12
4012,1345,1556,8,1092.89
4013,1345,580,1,4454.06
4014,1346,679,9,4369.66
4015,1346,279,5,622.52
4016,1346,429,4,3409.7
4017,1346,329,6,2782.41
4018,1347,1400,2,345.07
4019,1348,31,4,1622.41
4020,1348,58,3,1031.62
4021,1348,291,1,2211.37
4022,1348,489,8,1585.53
4023,1349,1705,6,2393.14
4024,1350,1923,9,1048.31
4025,1351,1747,2,1592.44
4026,1351,74,6,4204.16
4027,1351,541,4,4052.73
4028,1351,197,5,2945.26
4029,1351,780,2,3590.13
4030,1352,1620,5,3630.83
4031,1352,1320,4,4948.22
4032,1352,920,1,1397.53
4033,1352,570,1,1124.1
4034,1352,820,1,3348.56
4035,1353,1006,6,1219.2
4036,1353,706,1,4280.43
4037,1353,1006,7,670.89
4038,1354,1335,10,4028.89
4039,1354,1485,5,3080.65
4040,1355,550,10,4365.13
4041,1355,500,9,1936.09
4042,1355,1900,6,1714.5
4043,1355,500,9,1738.03
4044,1355,150,1,4284.94
4045,1356,35,5,3789.52
4046,1356,385,10,4384.86
4047,1357,124,5,2011.21
4048,1357,1724,2,2753.44
4049,1358,1217,7,610.85
4050,1358,204,3,270.7
4051,1358,523,5,251.12
4052,1359,1883,2,4017.79
4053,1359,533,7,3174.6
4054,1359,33,2,3693.14
4055,1359,1633,9,3639.61
4056,1360,1750,8,4035.46
4057,1360,1902,5,4170.21
4058,1361,162,8,4325.35
4059,1361,712,6,1050.11
4060,1361,1312,8,4911.2
4061,1361,462,3,4095.21
4062,1361,1212,9,1909.37
4063,1362,325,1,4493.26
4064,1362,524,1,212.89
4065,1363,1682,9,1178.44
4066,1363,682,1,3213.26
4067,1363,1082,3,769.64
4068,1364,548,9,2976.92
4069,1364,27,6,4905.36
4070,1364,2000,8,4914.33
4071,1364,1375,9,3626.41
4072,1365,710,9,4688.88
4073,1365,167,1,3552.49
4074,1366,637,2,3198.03
4075,1366,372,10,740.45
4076,1367,609,5,4382.87
4077,1367,149,8,2368.33
4078,1367,794,10,4653.35
4079,1367,1479,8,3230.8
4080,1367,477,7,3080.01
4081,1368,10,2,4187.12
4082,1368,710,6,3716.97
4083,1369,1617,1,1482.78
4084,1369,1717,5,3136.33
4085,1369,367,9,602.52
4086,1369,1467,10,2833.63
4087,1370,1415,5,1141.43
4088,1370,797,8,4537.31
4089,1370,1058,4,601.4
4090,1370,964,5,3171.8
4091,1370,600,1,756.76
4092,1371,102,2,3965.24
4093,1372,106,5,111.69
4094,1373,937,7,4536.09
4095,1373,1587,5,2554.47
4096,1373,337,5,1209.67
4097,1374,1870,8,4863.67
4098,1375,283,9,2813.67
4099,1375,483,7,446.91
4100,1375,283,8,3282.07
4101,1376,1402,1,2478.38
4102,1376,1056,3,4552.09
4103,1376,1097,2,1572.49
4104,1376,1755,4,1776.02
4105,1376,1584,5,755.36
4106,1377,1634,9,2247.33
4107,1377,434,1,1085.94
4108,1377,1834,3,1037.06
4109,1378,1541,8,349.71
4110,1378,260,10,1344.85
4111,1379,595,6,1747.13
4112,1379,345,6,3104.58
4113,1380,304,1,2563.25
4114,1380,1404,9,1803.61
4115,1380,454,5,3617.84
4116,1381,1529,2,1303.13
4117,1382,912,10,2887.39
4118,1382,962,5,2511.9
4119,1382,1512,2,2694.04
4120,1382,512,2,3623.84
4121,1382,1162,3,1516.14
4122,1383,1405,7,519.93
4123,1384,379,8,341.14
4124,1384,1429,6,1644.28
4125,1385,1091,6,2343.59
4126,1385,1841,8,3337.56
4127,1385,241,9,329.76
4128,1385,1791,8,4580.44
4129,1386,1349,6,726.28
4130,1386,1899,6,3528.56
4131,1386,1799,5,576.36
4132,1386,1249,1,2586.87
4133,1386,899,3,3849.22
4134,1387,943,10,793.3
4135,1387,743,6,138.11
4136,1387,693,7,4359.86
4137,1387,1793,4,2401.5
4138,1388,450,4,2502.5
4139,1388,1550,3,535.56
4140,1389,132,4,4038.53
4141,1389,1732,5,899.98
4142,1389,1232,9,4620.34
4143,1389,682,7,1123.93
4144,1390,812,8,1442.7
4145,1390,1362,5,3430.77
4146,1391,976,5,278.59
4147,1391,676,9,2981.18
4148,1391,276,5,3913.53
4149,1391,826,10,1098.62
4150,1391,1026,10,1057.48
4151,1392,795,10,3568.08
4152,1392,995,6,4345.85
4153,1392,1595,3,4011.54
4154,1392,1895,6,1490.73
4155,1392,745,7,710.99
4156,1393,1906,7,3686.34
4157,1393,1056,1,494.6
4158,1393,1656,7,373.29
4159,1393,1756,2,2091.3
4160,1394,210,8,4940.56
4161,1394,1460,10,1420.95
4162,1394,910,2,1527.45
4163,1394,1510,8,2421.76
4164,1395,668,8,3670.18
4165,1395,1768,7,2964.52
4166,1396,895,4,2899.28
4167,1396,945,1,3778.74
4168,1396,345,4,241.03
4169,1396,1645,8,2968.06
4170,1397,1264,9,2929.88
4171,1397,1614,2,2395.75
4172,1398,1361,7,1143.96
4173,1398,1285,3,417.55
4174,1398,748,9,4749.7
4175,1398,1769,9,4494.1
4176,1399,291,7,3231.42
4177,1400,429,10,2338.2
4178,1400,1479,5,1535.48
4179,1400,229,7,2640.44
4180,1400,79,1,232.35
4181,1400,1679,5,2269.33
4182,1401,1543,7,3889.47
4183,1401,1193,2,1970.42
4184,1401,1193,7,4328.73
4185,1402,1116,3,2869.07
4186,1402,912,9,4953.65
4187,1402,1175,7,1200.01
4188,1402,1818,7,3675.18
4189,1402,1801,8,2292.03
4190,1403,775,1,141.42
4191,1403,1725,8,1838.17
4192,1403,275,1,1321.33
4193,1403,475,9,1414.72
4194,1404,474,9,2889.85
4195,1404,1600,2,378.34
4196,1405,1626,3,72.13
4197,1405,1115,8,3006.36
4198,1405,1323,8,2442.67
4199,1406,1497,2,2100.33
4200,1406,1397,5,248.66
4201,1406,247,3,2783.73
4202,1406,1047,1,698.96
4203,1406,747,9,179.35
4204,1407,368,5,1506.21
4205,1407,1392,7,2193.96
4206,1408,1381,3,4254.08
4207,1408,731,6,4868.9
4208,1408,881,1,1528.6
4209,1408,831,4,2745.23
4210,1409,1149,10,2910.67
4211,1409,399,2,976.85
4212,1409,1949,7,4455.99
4213,1409,1499,2,2303.16
4214,1409,549,5,2901.25
4215,1410,319,9,4777.44
4216,1410,419,1,3411.48
4217,1410,619,8,177.87
4218,1411,60,7,3454.85
4219,1411,1210,3,2956.61
4220,1411,860,7,2323.59
4221,1412,1848,2,3523.21
4222,1412,966,7,2726.09
4223,1412,227,8,1199.9
4224,1412,1027,2,3644.43
4225,1412,1238,1,192.24
4226,1413,1166,8,2375.85
4227,1414,96,1,173.21
4228,1414,108,4,3460.21
4229,1414,367,7,1574.38
4230,1414,328,3,1125.03
4231,1415,622,10,1588.44
4232,1415,272,3,4962.05
4233,1416,376,1,888.31
4234,1416,1276,5,4999.45
4235,1416,276,1,2906.26
4236,1417,1113,7,1699.83
4237,1418,645,7,3596.33
4238,1418,895,9,1140.45
4239,1418,795,5,4248.06
4240,1419,1339,10,4054.14
4241,1419,389,6,3398.32
4242,1419,289,8,805.41
4243,1420,204,4,4283.12
4244,1420,588,7,550.73
4245,1421,1045,6,4708.72
4246,1421,1025,10,3128.45
4247,1422,1193,9,612.6
4248,1422,1993,10,686.55
4249,1422,843,8,403.74
4250,1422,1193,5,1551.34
4251,1423,243,7,1306.83
4252,1424,111,9,4501.95
4253,1424,1796,8,2598.0
4254,1424,1967,9,4643.61
4255,1424,789,4,3014.03
4256,1424,1455,3,3240.05
4257,1425,992,6,995.94
4258,1425,1266,9,3728.33
4259,1425,1614,6,425.47
4260,1425,77,9,3487.35
4261,1426,1547,1,1187.94
4262,1426,1947,8,3673.2
4263,1426,1997,8,1055.17
4264,1426,1197,9,65.89
4265,1426,1297,1,1301.29
4266,1427,313,7,3657.72
4267,1428,1302,5,3839.93
4268,1428,617,4,4079.6
4269,1428,253,1,216.11
4270,1428,1608,9,4895.1
4271,1428,17,6,2754.65
4272,1429,395,9,2454.93
4273,1429,445,2,3096.69
4274,1430,1838,5,2217.9
4275,1430,191,5,2014.06
4276,1430,131,6,4297.84
4277,1431,645,7,396.41
4278,1431,1445,4,4329.48
4279,1431,545,3,1435.14
4280,1431,695,3,623.22
4281,1432,510,5,290.12
4282,1432,910,6,3201.44
4283,1432,1360,4,3553.51
4284,1432,760,1,3856.34
4285,1432,210,7,2627.53
4286,1433,329,10,4190.59
4287,1433,429,8,4059.55
4288,1433,129,5,628.83
4289,1434,1446,2,4029.62
4290,1434,1846,6,4645.11
4291,1435,1544,9,1050.58
4292,1435,1186,10,800.71
4293,1435,270,2,3835.43
4294,1435,270,4,4398.34
4295,1435,1257,1,1302.54
4296,1436,86,9,2077.81
4297,1436,444,1,2506.36
4298,1436,1328,10,1528.7
4299,1437,933,5,1708.14
4300,1438,1208,3,2708.0
4301,1438,1308,6,1699.12
4302,1439,497,3,2390.59
4303,1439,797,7,1021.23
4304,1439,1747,5,2697.23
4305,1439,1297,8,4085.14
4306,1440,1874,3,2673.0
4307,1440,1528,1,4961.47
4308,1440,196,7,3050.45
4309,1441,1607,2,571.77
4310,1441,1585,10,3810.36
4311,1441,324,4,441.47
4312,1442,926,9,3440.18
4313,1443,407,9,3439.12
4314,1443,107,9,382.18
4315,1443,1957,5,884.33
4316,1443,1657,4,2777.24
4317,1443,1207,6,3151.94
4318,1444,626,6,263.22
4319,1444,1676,9,1651.5
4320,1444,576,5,2726.64
4321,1445,1541,1,1564.33
4322,1445,1741,10,3932.02
4323,1445,791,8,2599.46
4324,1446,1185,9,4338.22
4325,1446,1184,5,3848.79
4326,1446,592,1,2008.25
4327,1446,1273,3,3952.51
4328,1446,1312,10,3791.9
4329,1447,1174,1,1759.61
4330,1448,1087,3,4578.08
4331,1448,1237,8,2351.48
4332,1449,1783,1,855.83
4333,1449,683,10,1141.03
4334,1450,1634,8,2271.64
4335,1450,1857,6,748.4
4336,1451,473,8,2960.3
4337,1451,623,2,3947.72
4338,1451,1423,3,1900.13
4339,1451,273,4,742.52
4340,1452,1036,1,1553.96
4341,1452,536,2,2141.06
4342,1452,1286,8,1412.57
4343,1453,1693,6,1540.36
4344,1453,193,5,1584.69
4345,1454,32,7,3505.78
4346,1454,299,1,3409.54
4347,1454,1388,2,1974.92
4348,1454,612,9,513.37
4349,1454,1550,1,2499.05
4350,1455,993,10,4237.72
4351,1455,1390,8,1195.8
4352,1456,1872,4,4332.92
4353,1456,1422,3,332.24
4354,1456,1272,1,1254.49
4355,1456,1572,3,4706.83
4356,1456,22,5,94.74
4357,1457,211,8,2801.0
4358,1457,325,7,4816.06
4359,1457,155,4,4505.13
4360,1458,505,3,3020.44
4361,1458,705,5,1232.17
4362,1458,55,3,2668.02
4363,1459,878,10,4836.86
4364,1459,878,9,3869.16
4365,1459,778,4,1944.86
4366,1459,778,4,3829.99
4367,1460,1019,9,4203.55
4368,1460,169,4,472.69
4369,1461,1352,8,4735.11
4370,1461,1222,1,382.85
4371,1461,4,5,1933.01
4372,1461,1409,9,2374.6
4373,1461,1076,1,3930.91
4374,1462,1765,7,2334.72
4375,1462,265,4,491.31
4376,1463,1522,3,3880.49
4377,1463,1022,4,3139.94
4378,1463,1022,10,2187.69
4379,1463,372,5,4873.71
4380,1464,432,10,3581.17
4381,1464,282,3,3042.04
4382,1464,982,2,1272.43
4383,1464,532,3,1563.59
4384,1465,148,9,2044.36
4385,1466,26,6,183.6
4386,1466,776,6,3620.97
4387,1466,1626,7,3107.3
4388,1466,276,9,881.18
4389,1466,876,2,4536.93
4390,1467,195,4,3161.73
4391,1467,409,9,3392.29
4392,1467,567,2,822.91
4393,1467,1980,6,2823.89
4394,1468,326,10,2240.1
4395,1469,1470,3,3479.99
4396,1469,120,7,1609.75
4397,1469,270,3,2140.89
4398,1469,220,7,321.28
4399,1470,1752,7,4471.18
4400,1470,52,1,4810.57
4401,1470,302,6,3888.14
4402,1470,902,4,405.27
4403,1471,1531,5,2414.82
4404,1471,431,7,3976.49
4405,1472,1010,3,1560.39
4406,1472,968,3,4478.11
4407,1472,1491,3,2439.28
4408,1472,987,5,3923.84
4409,1472,1866,2,922.01
4410,1473,841,3,2161.97
4411,1473,1841,2,839.34
4412,1473,1591,10,3082.08
4413,1473,291,9,2334.76
4414,1473,1491,10,2857.84
4415,1474,133,7,3548.78
4416,1474,633,2,928.66
4417,1474,1733,8,1767.58
4418,1475,603,1,2817.19
4419,1476,385,9,4687.04
4420,1476,294,9,4808.91
4421,1476,663,9,405.03
4422,1476,1621,7,4261.45
4423,1477,675,9,3708.86
4424,1477,775,6,394.34
4425,1477,375,3,176.79
4426,1478,1009,5,2349.63
4427,1478,1459,8,88.38
4428,1478,1009,7,4731.72
4429,1479,1883,3,3333.87
4430,1479,34,4,1932.44
4431,1479,1813,8,4961.86
4432,1479,1526,7,1887.32
4433,1480,405,10,1688.71
4434,1480,905,7,3463.28
4435,1481,715,3,2962.51
4436,1481,1865,1,1591.51
4437,1482,1664,6,4202.69
4438,1482,852,6,732.84
4439,1482,449,1,1730.73
4440,1482,1450,1,333.0
4441,1482,1130,6,3955.2
4442,1483,1317,7,3832.36
4443,1484,83,6,2865.4
4444,1485,1941,9,3148.73
4445,1485,1041,4,857.22
4446,1485,691,6,4141.36
4447,1486,807,7,2041.77
4448,1487,1235,3,2647.08
4449,1488,1233,6,4448.52
4450,1489,1657,6,4956.25
4451,1489,957,9,3508.49
4452,1489,207,7,4025.67
4453,1489,1507,2,1613.86
4454,1489,1807,9,1141.08
4455,1490,1691,5,1182.11
4456,1490,641,4,1507.53
4457,1490,1191,3,2179.58
4458,1490,591,8,2758.89
4459,1491,1642,2,589.21
4460,1491,811,6,4670.66
4461,1491,890,7,2833.22
4462,1492,1885,1,3001.46
4463,1493,704,2,2381.49
4464,1493,1004,9,830.01
4465,1493,1654,10,1935.26
4466,1493,804,2,4336.23
4467,1494,965,8,1497.2
4468,1494,466,9,3611.09
4469,1494,35,3,2309.14
4470,1495,1434,8,1051.45
4471,1495,275,2,4127.73
4472,1495,1936,10,2165.36
4473,1495,1970,10,1558.67
4474,1496,1650,8,1496.17
4475,1496,313,6,3279.37
4476,1496,217,6,2801.65
4477,1497,1613,9,161.63
4478,1497,813,7,4419.61
4479,1497,563,5,576.43
4480,1497,613,5,1900.61
4481,1497,463,10,1800.75
4482,1498,1664,8,1025.18
4483,1498,1764,2,1744.5
4484,1498,1479,7,3599.56
4485,1499,961,6,4652.41
4486,1499,1318,2,981.14
4487,1499,269,1,669.33
4488,1499,1085,4,4290.56
4489,1499,165,8,4369.78
4490,1500,756,8,1070.41
4491,1500,1256,10,2281.65
4492,1500,1206,9,2345.94
4493,1500,1556,7,1864.07
4494,1501,232,6,4854.59
4495,1501,1582,5,242.86
4496,1501,182,7,583.2
4497,1501,1882,10,4529.17
4498,1502,1691,5,4114.15
4499,1502,241,1,2091.64
4500,1502,1641,3,633.63
4501,1502,641,10,551.45
4502,1502,1941,7,4076.52
4503,1503,1227,8,854.67
4504,1503,827,8,3951.4
4505,1504,416,4,372.4
4506,1504,1616,7,3993.51
4507,1504,366,3,1557.68
4508,1504,1816,7,2928.83
4509,1504,1966,2,3784.15
4510,1505,1131,10,2271.29
4511,1506,1924,8,4038.53
4512,1506,1174,1,410.88
4513,1506,1274,10,4141.71
4514,1506,1424,9,1096.4
4515,1507,524,7,1414.63
4516,1507,1405,1,2462.98
4517,1507,731,2,1788.42
4518,1507,600,1,2186.05
4519,1507,161,7,1768.92
4520,1508,113,6,2373.72
4521,1508,513,9,4426.16
4522,1509,688,3,4335.3
4523,1509,1267,1,141.26
4524,1509,374,7,4637.91
4525,1509,308,6,3619.18
4526,1509,311,10,4516.63
4527,1510,558,1,1093.87
4528,1510,258,5,4729.37
4529,1510,108,1,3601.14
4530,1510,1008,9,2362.75
4531,1511,82,7,2117.93
4532,1511,1682,8,3227.99
4533,1512,1646,9,648.22
4534,1513,210,1,1362.88
4535,1513,1910,6,2561.84
4536,1513,960,7,4042.42
4537,1513,260,10,3065.59
4538,1514,1382,2,2061.54
4539,1515,244,3,3819.32
4540,1515,444,3,4799.02
4541,1515,1594,1,2738.71
4542,1515,1444,2,3440.04
4543,1516,1402,10,4636.8
4544,1516,702,4,3031.29
4545,1517,1763,5,2012.81
4546,1517,1063,9,769.98
4547,1517,113,8,1544.84
4548,1518,1870,8,4122.36
4549,1518,620,7,2174.76
4550,1518,570,7,492.23
4551,1518,220,10,2022.23
4552,1519,1166,3,3121.74
4553,1520,1944,10,2442.25
4554,1521,399,9,3546.68
4555,1521,1649,9,2324.73
4556,1521,799,7,3361.13
4557,1521,1749,1,4369.68
4558,1522,247,4,4653.2
4559,1522,447,1,3033.36
4560,1522,1047,5,1740.99
4561,1523,1793,1,1391.79
4562,1523,1693,1,483.28
4563,1523,1243,9,1859.93
4564,1523,193,1,3870.59
4565,1523,1893,3,2416.74
4566,1524,886,7,1787.83
4567,1525,362,1,3512.39
4568,1525,212,9,1595.61
4569,1525,1012,1,524.88
4570,1525,1812,10,1801.99
4571,1526,1287,5,2947.36
4572,1526,1458,5,1311.27
4573,1526,383,5,185.52
4574,1526,327,7,2189.01
4575,1526,372,2,4267.74
4576,1527,295,5,4104.92
4577,1527,145,7,376.03
4578,1527,1195,4,3756.05
4579,1527,1695,9,881.69
4580,1527,1445,6,3458.83
4581,1528,1612,2,3556.34
4582,1529,1475,2,2583.14
4583,1529,1575,1,2659.5
4584,1530,1608,8,4701.79
4585,1531,358,4,4808.79
4586,1532,263,6,2348.16
4587,1532,513,4,2182.49
4588,1532,1813,10,3843.84
4589,1533,81,10,827.8
4590,1533,1481,1,3513.61
4591,1533,1581,7,3742.16
4592,1533,981,10,2713.45
4593,1533,1331,2,4488.71
4594,1534,294,2,3264.67
4595,1535,1412,7,2471.37
4596,1535,1412,7,4560.66
4597,1536,132,3,2118.22
4598,1536,282,2,131.95
4599,1536,582,4,115.65
4600,1536,82,4,4180.24
4601,1537,1975,10,478.95
4602,1538,487,5,4224.14
4603,1538,1637,6,4015.79
4604,1539,1388,9,2990.77
4605,1539,141,4,315.83
4606,1540,938,9,2385.78
4607,1540,1138,3,2669.2
4608,1541,98,7,2546.42
4609,1541,298,1,3720.84
4610,1541,498,1,119.54
4611,1541,948,8,4076.29
4612,1542,319,8,2672.87
4613,1542,919,6,788.44
4614,1542,919,4,4218.51
4615,1542,69,10,3107.79
4616,1543,634,5,4745.21
4617,1544,946,5,2708.98
4618,1544,1296,6,4052.81
4619,1545,735,5,1441.92
4620,1546,514,6,3602.52
4621,1546,64,9,4771.82
4622,1547,20,10,803.55
4623,1547,1077,2,2246.44
4624,1547,1076,1,4465.66
4625,1548,471,10,2195.1
4626,1548,671,7,3505.24
4627,1548,1671,9,3740.01
4628,1548,1571,3,4130.74
4629,1549,1932,9,635.72
4630,1549,682,8,3979.8
4631,1549,1882,9,1162.29
4632,1550,1031,2,107.21
4633,1550,1631,2,3975.85
4634,1551,1039,8,1314.47
4635,1551,1739,5,2135.96
4636,1552,1386,6,3405.5
4637,1552,1636,2,1972.22
4638,1553,40,7,1478.56
4639,1553,90,10,4368.25
4640,1553,540,4,3760.75
4641,1553,590,7,3488.83
4642,1553,240,7,372.74
4643,1554,1331,6,848.99
4644,1554,1581,7,4224.33
4645,1554,1931,8,640.76
4646,1554,1731,4,358.44
4647,1554,581,5,4133.85
4648,1555,1409,9,2422.52
4649,1555,1188,4,1733.9
4650,1555,51,10,2821.78
4651,1555,1578,3,3643.09
4652,1556,1889,6,4582.77
4653,1556,1439,2,1216.82
4654,1557,1896,6,4541.2
4655,1557,1496,4,710.25
4656,1558,437,7,3104.8
4657,1558,737,9,2606.64
4658,1559,1632,3,3812.42
4659,1559,932,5,1188.43
4660,1560,1754,5,751.5
4661,1560,248,2,3699.72
4662,1560,1029,10,2156.07
4663,1560,1051,7,1445.2
4664,1560,1124,6,1828.91
4665,1561,1759,9,1341.08
4666,1561,333,4,4724.6
4667,1562,839,5,52.19
4668,1562,1489,7,2612.89
4669,1562,1389,10,2978.45
4670,1562,1889,5,789.99
4671,1563,763,9,198.98
4672,1563,463,2,3255.84
4673,1564,1308,1,3489.07
4674,1564,1108,6,4833.15
4675,1564,1458,6,2264.77
4676,1564,1458,3,3344.7
4677,1564,1808,9,2172.66
4678,1565,154,7,395.84
4679,1566,500,7,3402.21
4680,1567,688,9,208.77
4681,1568,155,5,279.76
4682,1568,1049,8,4546.22
4683,1568,1678,4,1803.2
4684,1569,1050,9,1544.85
4685,1569,1608,8,4165.61
4686,1570,312,9,1598.14
4687,1571,1867,4,2140.78
4688,1571,458,1,4773.12
4689,1571,1683,3,1154.18
4690,1571,1959,3,4363.75
4691,1572,1337,2,633.1
4692,1573,1135,8,475.1
4693,1573,485,1,1790.54
4694,1573,1635,9,483.36
4695,1573,635,8,4991.76
4696,1573,35,10,2127.27
4697,1574,773,3,1253.87
4698,1575,917,8,2049.68
4699,1575,1467,9,2657.01
4700,1576,792,9,820.16
4701,1576,1742,6,1330.53
4702,1576,542,4,4832.23
4703,1577,1865,2,1936.66
4704,1577,65,7,4070.47
4705,1577,1465,3,1216.06
4706,1577,515,3,1861.56
4707,1578,1862,3,3185.42
4708,1579,1501,2,494.37
4709,1580,954,2,1551.61
4710,1580,1404,6,2109.71
4711,1580,204,7,3274.1
4712,1580,954,8,269.92
4713,1580,1304,1,3176.8
4714,1581,381,6,451.32
4715,1581,1881,4,1900.0
4716,1582,720,5,2168.67
4717,1582,1520,3,673.8
4718,1583,616,7,226.11
4719,1583,939,10,2460.45
4720,1583,1563,10,57.2
4721,1583,1893,2,3249.86
4722,1583,829,7,583.95
4723,1584,707,9,3941.84
4724,1584,557,6,3129.77
4725,1585,1920,6,2201.92
4726,1585,1970,9,1287.6
4727,1585,1620,10,1876.3
4728,1586,1821,8,4789.86
4729,1586,1471,6,1874.38
4730,1586,1821,2,844.18
4731,1587,1506,1,4417.47
4732,1587,656,1,3163.11
4733,1587,356,6,176.85
4734,1588,1646,8,726.68
4735,1588,346,3,258.53
4736,1588,196,5,1151.24
4737,1588,1496,3,977.78
4738,1589,609,10,2760.38
4739,1589,1977,6,2342.96
4740,1589,1772,9,2399.44
4741,1589,174,5,596.4
4742,1589,1379,4,4803.04
4743,1590,1446,8,542.81
4744,1590,496,4,1981.46
4745,1591,530,8,2594.34
4746,1592,1748,4,4052.94
4747,1592,1398,6,3195.26
4748,1592,1848,10,2874.18
4749,1592,348,2,1608.87
4750,1592,1098,2,4848.66
4751,1593,554,3,4455.0
4752,1593,1054,4,61.27
4753,1594,1536,5,1536.25
4754,1594,1486,3,1845.81
4755,1594,886,1,2860.5
4756,1594,536,7,2916.01
4757,1594,236,4,3916.93
4758,1595,1387,1,2669.45
4759,1595,237,1,4346.23
4760,1595,1937,4,2885.42
4761,1596,668,10,1975.4
4762,1596,1268,4,2439.09
4763,1596,1768,5,2396.85
4764,1596,1318,9,4438.61
4765,1596,368,10,2786.24
4766,1597,121,1,952.17
4767,1597,171,6,1845.8
4768,1597,1071,8,3398.94
4769,1597,571,2,4563.3
4770,1598,1208,1,1239.43
4771,1598,696,4,2167.68
4772,1599,565,2,659.95
4773,1599,315,5,1761.84
4774,1600,1291,4,4538.54
4775,1600,1891,10,1104.14
4776,1600,1291,10,2143.78
4777,1600,791,7,4563.46
4778,1600,791,4,1584.0
4779,1601,704,6,2490.23
4780,1602,1178,5,1826.01
4781,1602,82,5,1000.7
4782,1603,396,10,4938.14
4783,1603,166,4,415.42
4784,1604,96,1,1123.65
4785,1604,246,8,2382.87
4786,1605,1853,9,515.62
4787,1605,1453,10,3472.0
4788,1605,1553,9,3885.91
4789,1605,1103,8,4589.38
4790,1605,1553,7,4317.94
4791,1606,583,6,210.77
4792,1606,383,9,1108.33
4793,1606,383,9,376.83
4794,1606,183,3,2477.38
4795,1607,203,5,1036.24
4796,1607,1803,10,1189.54
4797,1607,103,7,4817.14
4798,1608,967,4,4293.94
4799,1608,467,3,4899.08
4800,1608,1767,9,112.82
4801,1608,467,6,3864.55
4802,1608,617,6,2629.97
4803,1609,52,10,721.69
4804,1609,352,9,4801.07
4805,1609,402,7,349.68
4806,1609,302,2,2481.45
4807,1609,202,9,1806.5
4808,1610,654,8,4249.15
4809,1610,1254,7,4681.37
4810,1610,154,2,1539.29
4811,1611,284,7,2497.65
4812,1611,606,1,4144.82
4813,1611,627,2,479.77
4814,1611,465,9,249.34
4815,1612,1776,4,4638.91
4816,1612,1226,10,2409.0
4817,1613,526,8,3782.89
4818,1613,726,2,83.08
4819,1613,976,4,2236.86
4820,1613,1476,6,2079.93
4821,1613,176,7,1158.76
4822,1614,367,9,3059.03
4823,1614,617,10,349.6
4824,1615,346,5,926.0
4825,1616,921,8,1908.73
4826,1617,1976,3,1897.53
4827,1618,949,5,2531.29
4828,1618,949,3,512.65
4829,1618,599,3,4979.29
4830,1618,199,8,1304.83
4831,1618,1499,3,435.05
4832,1619,1493,2,1052.82
4833,1619,593,8,598.04
4834,1619,1743,2,3171.39
4835,1619,1143,9,4868.03
4836,1619,1143,10,3358.34
4837,1620,1187,3,2284.53
4838,1620,187,10,1577.28
4839,1620,337,5,1784.49
4840,1620,1737,6,65.78
4841,1620,1387,8,1234.29
4842,1621,1203,1,1147.88
4843,1621,1003,9,849.5
4844,1622,1865,6,3759.78
4845,1622,1214,8,344.51
4846,1622,1120,10,2256.72
4847,1623,1870,4,4039.42
4848,1623,770,5,1945.56
4849,1624,1728,2,4747.37
4850,1624,1128,6,679.19
4851,1624,478,3,3610.44
4852,1624,178,9,511.75
4853,1625,1085,7,1951.81
4854,1625,335,9,3303.02
4855,1625,885,3,1199.38
4856,1625,1935,4,4696.78
4857,1625,1135,2,403.94
4858,1626,311,1,1084.71
4859,1626,1411,8,2040.54
4860,1626,1161,2,326.82
4861,1626,1561,2,4969.38
4862,1626,711,4,4161.69
4863,1627,381,5,943.46
4864,1627,1031,4,2222.74
4865,1627,581,8,4752.47
4866,1628,749,8,3810.42
4867,1628,1349,4,3800.49
4868,1628,1999,4,75.06
4869,1629,1667,6,3696.49
4870,1629,917,2,2132.48
4871,1629,717,6,1712.03
4872,1629,1067,2,3963.89
4873,1630,793,3,428.87
4874,1630,514,4,2199.15
4875,1631,606,8,4560.32
4876,1632,356,3,3056.28
4877,1632,1671,5,1686.65
4878,1633,1646,2,1952.95
4879,1634,202,1,3920.07
4880,1634,1121,5,4285.79
4881,1634,1356,1,2619.16
4882,1635,1301,3,144.09
4883,1635,1201,8,3816.62
4884,1636,1245,9,3978.3
4885,1636,95,7,1679.25
4886,1636,1295,10,3492.36
4887,1636,945,4,548.48
4888,1637,46,9,2323.35
4889,1637,2000,2,1700.79
4890,1637,1734,5,3485.72
4891,1637,1359,2,2140.24
4892,1637,1891,8,383.34
4893,1638,1354,8,4069.75
4894,1638,1054,9,2698.06
4895,1638,854,2,3670.79
4896,1639,1913,8,3079.21
4897,1639,1963,1,376.64
4898,1639,1663,6,4742.16
4899,1639,263,5,4671.22
4900,1639,1013,2,3349.07
4901,1640,1138,2,573.15
4902,1641,756,4,1395.59
4903,1641,1556,1,2819.51
4904,1641,1656,6,627.82
4905,1641,1956,5,3093.32
4906,1641,1056,7,4328.67
4907,1642,243,3,1000.48
4908,1642,1943,4,3815.76
4909,1642,1143,5,4822.71
4910,1642,593,7,2822.9
4911,1643,793,10,4104.65
4912,1643,1243,8,158.43
4913,1643,943,2,2141.04
4914,1643,1943,5,1770.83
4915,1643,1643,3,883.37
4916,1644,1930,4,2619.9
4917,1644,128,8,4052.34
4918,1644,357,9,3090.09
4919,1645,235,8,1992.69
4920,1645,585,1,1411.01
4921,1646,1795,3,1780.24
4922,1646,1495,10,3930.14
4923,1646,845,6,1055.06
4924,1646,1845,7,882.35
4925,1646,1945,1,3635.12
4926,1647,409,8,4019.57
4927,1647,372,1,2190.83
4928,1647,1466,8,1874.58
4929,1647,912,5,4408.81
4930,1647,266,1,1850.89
4931,1648,452,1,4743.5
4932,1648,602,9,1058.54
4933,1648,452,7,2825.58
4934,1648,1552,3,2840.16
4935,1648,702,9,658.93
4936,1649,106,7,2466.16
4937,1649,570,10,1527.89
4938,1649,1932,8,3614.62
4939,1649,1186,2,4555.01
4940,1650,914,10,2638.99
4941,1651,1849,3,57.6
4942,1652,1141,8,2834.39
4943,1652,1455,8,63.39
4944,1652,346,9,4709.93
4945,1652,438,8,2406.65
4946,1652,1185,2,1614.23
4947,1653,615,3,4923.53
4948,1653,1406,5,1281.14
4949,1654,259,10,2888.91
4950,1655,1964,5,4093.42
4951,1655,914,1,2963.96
4952,1656,1366,3,2509.71
4953,1656,1503,10,2598.88
4954,1656,540,2,3474.53
4955,1657,1934,5,980.97
4956,1657,1117,8,567.96
4957,1657,125,9,3922.97
4958,1657,486,4,4412.33
4959,1657,1591,6,3746.31
4960,1658,286,10,2745.84
4961,1658,986,7,2616.3
4962,1658,736,9,529.24
4963,1659,1386,9,4406.3
4964,1659,1586,3,990.29
4965,1659,836,9,2023.04
4966,1659,886,5,867.16
4967,1660,577,8,1498.89
4968,1660,927,7,1841.01
4969,1660,1877,9,2747.0
4970,1661,1982,2,4565.89
4971,1661,835,5,1757.53
4972,1661,892,2,397.43
4973,1662,322,5,3534.08
4974,1663,216,2,3468.77
4975,1664,1462,1,2943.13
4976,1665,347,8,943.99
4977,1665,1497,1,824.54
4978,1665,197,7,1014.85
4979,1665,1147,5,385.43
4980,1666,268,5,1321.48
4981,1667,1848,6,3997.01
4982,1667,598,9,3524.75
4983,1668,1637,8,905.79
4984,1668,1487,5,3967.08
4985,1668,1437,8,4541.85
4986,1669,1383,2,2647.79
4987,1669,428,9,2868.54
4988,1670,604,7,753.49
4989,1671,1469,10,3141.89
4990,1671,969,7,3414.77
4991,1672,1710,3,4763.52
4992,1672,110,2,1428.24
4993,1673,200,5,3007.79
4994,1673,500,10,99.48
4995,1673,900,1,998.71
4996,1673,800,4,4251.36
4997,1674,1708,5,2472.86
4998,1674,408,7,3353.83
4999,1674,508,5,3344.12
5000,1675,609,5,295.33
5001,1675,859,1,1436.85
5002,1675,1609,9,4533.19
5003,1675,159,10,1832.24
5004,1675,1409,3,1354.85
5005,1676,1568,6,2173.18
5006,1676,1768,7,4586.72
5007,1676,1418,4,3037.41
5008,1677,87,2,740.32
5009,1678,716,8,1815.62
5010,1679,1231,5,1924.5
5011,1679,1181,7,2505.37
5012,1679,631,7,4680.75
5013,1679,831,5,4822.87
5014,1679,731,2,1137.72
5015,1680,1538,5,3904.84
5016,1680,1588,3,597.51
5017,1680,1938,5,3727.38
5018,1680,1838,4,3523.62
5019,1680,438,5,3621.23
5020,1681,209,5,2882.36
5021,1681,759,4,1611.17
5022,1681,9,10,262.37
5023,1682,233,10,4785.29
5024,1683,1505,1,1647.28
5025,1683,805,2,2707.8
5026,1684,423,1,230.01
5027,1684,923,8,4952.96
5028,1685,187,9,294.72
5029,1685,35,6,227.62
5030,1686,1893,4,4558.24
5031,1686,443,5,234.96
5032,1686,643,10,4455.66
5033,1686,1843,3,4844.85
5034,1686,743,3,3457.71
5035,1687,686,6,62.77
5036,1688,205,2,1831.39
5037,1688,297,10,1816.09
5038,1689,1517,5,397.04
5039,1689,755,8,600.49
5040,1689,1169,7,1723.46
5041,1689,1588,4,1926.44
5042,1689,355,1,634.5
5043,1690,1531,4,692.68
5044,1691,1360,4,2709.61
5045,1692,519,10,822.5
5046,1692,1669,2,3288.91
5047,1692,1419,6,412.63
5048,1692,219,9,647.25
5049,1693,1769,7,2787.53
5050,1694,958,3,654.47
5051,1694,958,4,2748.05
5052,1695,714,8,1157.09
5053,1695,1264,4,3337.74
5054,1695,1164,3,630.28
5055,1696,1839,3,1586.03
5056,1697,781,7,684.28
5057,1697,778,10,600.73
5058,1697,1428,4,4614.29
5059,1698,161,5,4774.07
5060,1698,686,5,121.61
5061,1698,465,7,60.95
5062,1698,1214,5,2124.5
5063,1699,651,9,1412.36
5064,1700,729,9,589.66
5065,1700,1229,4,4259.08
5066,1700,879,4,1878.88
5067,1700,129,4,4805.47
5068,1700,979,4,4763.24
5069,1701,729,6,2699.7
5070,1701,1029,6,4795.08
5071,1701,1329,5,2577.77
5072,1701,879,4,2556.01
5073,1701,679,9,3742.9
5074,1702,1763,1,4616.42
5075,1702,1363,1,2422.49
5076,1702,1513,4,257.46
5077,1702,963,10,356.09
5078,1703,1344,4,1964.43
5079,1703,644,7,2237.8
5080,1704,438,10,3714.98
5081,1705,476,8,1703.43
5082,1705,1076,8,164.38
5083,1706,369,6,3059.09
5084,1707,466,5,847.86
5085,1707,1168,8,4928.95
5086,1708,1582,9,645.99
5087,1708,306,6,4427.31
5088,1708,1866,6,3728.63
5089,1708,1628,7,118.01
5090,1708,1091,1,919.49
5091,1709,930,4,1719.23
5092,1709,30,9,4879.38
5093,1709,580,3,3108.6
5094,1709,180,10,3980.03
5095,1710,582,4,4457.21
5096,1710,1904,1,2059.39
5097,1710,268,9,1595.75
5098,1711,1315,3,4367.27
5099,1711,1615,4,2736.82
5100,1711,1565,3,1189.06
5101,1711,765,2,3017.86
5102,1711,765,10,1513.57
5103,1712,581,1,4306.74
5104,1712,1581,2,3262.72
5105,1712,1631,9,2086.38
5106,1712,831,7,1834.94
5107,1712,1381,3,2400.34
5108,1713,1897,3,3050.27
5109,1713,1058,7,1509.45
5110,1713,234,5,2622.46
5111,1713,1679,3,2330.0
5112,1713,1293,2,2851.52
5113,1714,241,4,2026.35
5114,1714,1491,5,3412.25
5115,1714,541,8,845.9
5116,1715,1983,5,264.68
5117,1716,916,1,2805.13
5118,1717,1588,3,1796.76
5119,1717,238,9,711.03
5120,1718,1817,1,1359.93
5121,1718,317,6,3078.51
5122,1718,867,2,4882.98
5123,1718,217,9,4341.87
5124,1718,1617,10,2848.82
5125,1719,1691,8,4518.06
5126,1720,1905,7,3764.86
5127,1720,767,4,1988.1
5128,1720,1962,2,4268.86
5129,1721,962,5,2320.64
5130,1721,49,3,1004.59
5131,1722,1344,1,1915.1
5132,1722,1410,9,966.79
5133,1722,334,3,86.57
5134,1722,743,4,4893.37
5135,1723,500,8,4933.21
5136,1723,1550,10,3320.42
5137,1723,1250,2,3131.11
5138,1724,545,10,2356.21
5139,1724,295,4,4111.82
5140,1724,95,6,2996.99
5141,1724,745,10,4939.33
5142,1725,1934,10,2222.44
5143,1725,1584,1,951.11
5144,1725,734,10,3976.47
5145,1725,1684,5,1807.92
5146,1725,1234,6,4570.63
5147,1726,603,8,4670.18
5148,1726,1453,10,597.65
5149,1726,1003,10,2544.64
5150,1727,466,7,3744.55
5151,1727,716,3,1070.2
5152,1727,1716,1,3150.75
5153,1727,466,8,473.28
5154,1727,66,6,4833.35
5155,1728,977,4,706.22
5156,1728,1628,6,3263.2
5157,1728,881,2,1995.27
5158,1729,1373,9,3708.26
5159,1729,1273,4,2509.27
5160,1729,1673,8,301.99
5161,1729,523,1,1102.34
5162,1730,884,8,4147.65
5163,1730,1434,8,1701.18
5164,1730,284,9,1326.33
5165,1730,1284,1,1701.7
5166,1731,836,9,1662.55
5167,1732,941,8,826.6
5168,1732,1491,5,4438.84
5169,1733,169,6,4334.86
5170,1734,934,5,3374.05
5171,1734,1684,10,2252.26
5172,1734,734,6,124.72
5173,1734,984,1,3038.93
5174,1734,1184,1,2164.84
5175,1735,945,6,1182.29
5176,1735,1995,5,4842.31
5177,1735,1295,2,529.98
5178,1736,1662,3,4740.71
5179,1736,512,9,4048.34
5180,1736,62,3,316.47
5181,1737,458,4,2992.84
5182,1737,58,4,600.68
5183,1737,1008,7,3206.28
5184,1738,708,4,1351.33
5185,1738,258,1,4166.14
5186,1738,1758,9,2845.51
5187,1739,1581,4,2466.78
5188,1740,30,1,2168.56
5189,1740,1730,6,3598.67
5190,1740,1780,1,3572.1
5191,1740,780,5,188.49
5192,1741,365,5,158.88
5193,1742,597,8,3120.48
5194,1743,1984,6,1164.35
5195,1743,1784,8,991.24
5196,1743,1634,3,4327.82
5197,1744,743,4,4661.16
5198,1744,343,2,1503.01
5199,1744,1343,9,4127.02
5200,1744,193,2,734.73
5201,1745,725,9,1063.02
5202,1745,1375,10,2079.39
5203,1745,675,9,2753.56
5204,1745,1275,7,183.15
5205,1745,925,7,4847.89
5206,1746,849,4,4396.89
5207,1746,1299,10,1905.28
5208,1746,549,10,3346.14
5209,1746,149,7,1685.48
5210,1746,1249,2,943.12
5211,1747,1717,10,1312.26
5212,1747,1617,4,74.5
5213,1748,1730,3,4054.92
5214,1748,1030,4,338.84
5215,1748,530,8,616.87
5216,1748,1330,5,3295.34
5217,1748,130,6,4607.29
5218,1749,1894,9,2138.51
5219,1750,1040,4,2250.65
5220,1751,65,9,3573.63
5221,1751,1046,9,531.63
5222,1751,149,4,2390.24
5223,1751,1608,1,607.07
5224,1751,1844,1,1460.18
5225,1752,542,5,1313.57
5226,1753,1727,3,1778.11
5227,1753,1380,8,712.67
5228,1754,172,2,87.48
5229,1755,1394,9,3216.73
5230,1755,294,3,400.74
5231,1755,744,6,1815.67
5232,1756,354,1,4257.54
5233,1756,1394,1,2688.93
5234,1756,1799,9,2733.7
5235,1757,1281,8,869.54
5236,1757,581,3,2560.01
5237,1757,1581,6,4713.4
5238,1757,631,7,3955.74
5239,1757,931,4,437.01
5240,1758,573,8,1044.06
5241,1758,1123,8,2110.14
5242,1758,1423,2,2974.79
5243,1759,486,4,487.6
5244,1759,917,1,3975.53
5245,1759,1961,6,3467.24
5246,1759,966,4,3923.62
5247,1759,925,6,4297.31
5248,1760,1872,5,2894.28
5249,1760,622,1,3338.36
5250,1760,1372,8,1360.78
5251,1760,672,7,4361.28
5252,1760,122,8,715.03
5253,1761,1640,9,765.03
5254,1761,1890,1,2224.2
5255,1761,1040,1,1654.6
5256,1761,1940,10,4606.78
5257,1761,240,6,2700.23
5258,1762,93,4,3476.83
5259,1762,516,8,2061.13
5260,1762,296,7,2418.63
5261,1762,755,4,698.35
5262,1763,1204,1,4502.68
5263,1763,804,8,3934.74
5264,1763,783,3,2761.78
5265,1764,1599,8,628.03
5266,1764,1699,3,623.55
5267,1764,449,7,940.43
5268,1764,99,7,3376.78
5269,1765,1400,1,3285.93
5270,1765,1000,5,892.16
5271,1765,550,9,1656.74
5272,1765,1050,5,1488.45
5273,1766,1441,7,4986.94
5274,1767,1933,2,3372.66
5275,1767,1233,4,983.65
5276,1767,1733,1,4609.74
5277,1767,1983,5,676.06
5278,1767,133,8,3044.73
5279,1768,1095,5,4356.57
5280,1768,695,1,1451.91
5281,1769,1702,5,4984.86
5282,1769,602,2,2053.39
5283,1769,1502,4,504.09
5284,1769,1852,7,3851.52
5285,1770,998,1,1142.73
5286,1770,113,8,2951.66
5287,1770,109,5,4883.47
5288,1771,209,7,156.32
5289,1771,1459,9,179.44
5290,1771,59,9,3847.62
5291,1771,1609,7,2987.78
5292,1772,1484,9,3349.92
5293,1773,1004,9,2535.24
5294,1774,565,8,1681.05
5295,1774,308,1,4809.81
5296,1774,1948,9,4705.35
5297,1774,128,8,4362.7
5298,1775,839,7,4657.01
5299,1775,1989,4,1430.46
5300,1776,1070,7,4870.26
5301,1776,1427,2,3697.19
5302,1776,1968,1,271.8
5303,1777,661,10,383.67
5304,1777,1555,5,3464.41
5305,1777,556,6,384.26
5306,1778,1198,3,2233.66
5307,1778,346,10,4777.33
5308,1778,1965,6,751.72
5309,1778,227,2,2441.44
5310,1779,1304,8,744.57
5311,1779,854,1,4990.91
5312,1779,454,7,1313.61
5313,1779,1354,6,4707.23
5314,1779,1454,8,437.24
5315,1780,1121,7,1083.52
5316,1780,1421,9,4412.61
5317,1781,603,4,4425.3
5318,1781,1903,3,4893.32
5319,1782,693,4,87.85
5320,1782,1943,9,3950.98
5321,1782,1293,2,4681.34
5322,1782,1243,8,3479.79
5323,1783,7,7,1920.9
5324,1783,575,1,4204.69
5325,1784,1844,2,2884.8
5326,1785,1624,4,3592.51
5327,1785,770,10,3496.17
5328,1785,188,7,1654.94
5329,1785,1084,7,4954.9
5330,1785,1255,2,1529.75
5331,1786,136,8,2817.47
5332,1787,1669,8,1539.02
5333,1788,355,3,3801.53
5334,1788,105,7,4381.29
5335,1789,1386,6,4081.81
5336,1789,163,3,380.48
5337,1789,268,2,3981.66
5338,1789,639,10,1238.66
5339,1789,130,4,2754.26
5340,1790,794,3,4092.96
5341,1790,1594,9,2967.45
5342,1791,1422,8,3725.96
5343,1791,735,8,1869.12
5344,1791,1940,5,3235.04
5345,1791,945,1,2772.96
5346,1791,466,5,1881.2
5347,1792,700,5,3734.1
5348,1793,1167,4,4900.63
5349,1793,1367,1,4676.3
5350,1794,1997,3,3584.77
5351,1794,522,3,4122.97
5352,1794,1500,6,1487.25
5353,1794,655,10,3546.93
5354,1794,740,3,886.89
5355,1795,1889,2,4468.92
5356,1795,146,7,3695.24
5357,1795,531,3,1788.05
5358,1796,1728,4,103.41
5359,1796,478,7,542.72
5360,1796,1478,4,584.06
5361,1797,495,3,4712.57
5362,1798,1245,4,3719.3
5363,1798,1045,6,3644.07
5364,1798,1495,3,3713.21
5365,1798,245,3,428.21
5366,1799,1184,10,2768.91
5367,1800,1138,4,1072.72
5368,1801,355,7,4118.57
5369,1801,1605,1,850.53
5370,1801,1205,9,808.6
5371,1801,1255,10,2064.72
5372,1801,1205,9,3197.38
5373,1802,416,7,937.22
5374,1802,616,9,1278.32
5375,1802,1966,6,2552.17
5376,1802,1616,9,91.43
5377,1802,1816,9,2647.06
5378,1803,888,1,933.03
5379,1803,88,5,2122.7
5380,1803,838,5,834.61
5381,1803,988,4,3297.62
5382,1804,1441,10,969.53
5383,1804,541,8,194.94
5384,1804,541,3,2905.22
5385,1804,1391,8,4540.78
5386,1804,1891,5,4919.3
5387,1805,1312,9,2935.08
5388,1805,540,1,498.66
5389,1806,1137,10,3784.25
5390,1806,1687,6,4483.02
5391,1806,437,7,1817.57
5392,1806,837,9,1907.18
5393,1807,219,5,2716.94
5394,1807,560,5,4443.35
5395,1807,111,5,1655.6
5396,1807,1598,7,2300.65
5397,1807,505,4,3276.99
5398,1808,390,5,1755.69
5399,1808,447,8,338.12
5400,1809,731,10,1920.12
5401,1810,597,5,3316.68
5402,1811,543,6,2379.44
5403,1811,1193,1,2442.8
5404,1811,1043,7,625.98
5405,1811,1243,5,4350.71
5406,1812,1664,10,2118.08
5407,1812,664,7,4612.36
5408,1813,323,10,3374.92
5409,1813,1773,5,1111.65
5410,1813,1173,1,4019.37
5411,1813,1623,5,2693.7
5412,1813,723,5,2692.41
5413,1814,136,5,1649.48
5414,1814,1092,6,2233.89
5415,1814,224,9,4764.77
5416,1814,1016,7,3274.34
5417,1815,44,4,3259.3
5418,1815,94,1,1142.72
5419,1815,1044,6,4832.47
5420,1815,1344,1,2352.52
5421,1816,417,8,315.74
5422,1816,567,6,1719.33
5423,1816,17,1,595.49
5424,1817,600,4,3744.37
5425,1817,1800,8,3639.54
5426,1818,1890,6,1210.23
5427,1818,1390,5,150.23
5428,1818,190,3,1986.54
5429,1818,1990,2,4139.78
5430,1819,1048,6,4837.68
5431,1820,411,8,3528.37
5432,1820,161,9,4248.44
5433,1821,1383,1,1890.31
5434,1821,583,5,715.54
5435,1821,283,2,496.95
5436,1822,333,2,3913.3
5437,1822,333,9,504.75
5438,1822,483,10,2220.13
5439,1822,633,8,3628.6
5440,1823,1605,3,2342.69
5441,1824,1621,2,3884.26
5442,1824,1533,2,2970.19
5443,1824,1812,9,889.19
5444,1825,909,4,1887.08
5445,1825,1359,2,2683.38
5446,1825,509,9,2039.38
5447,1825,1559,9,3807.3
5448,1825,509,6,4954.44
5449,1826,1716,8,599.67
5450,1826,956,8,966.01
5451,1826,585,5,4703.46
5452,1826,682,8,2997.55
5453,1827,1345,1,2238.88
5454,1827,1245,3,1276.46
5455,1828,1357,3,4162.22
5456,1828,1407,8,1263.64
5457,1828,657,10,2286.32
5458,1828,507,1,1391.94
5459,1829,695,9,2690.15
5460,1830,526,1,2022.49
5461,1830,326,3,4454.45
5462,1830,726,8,2286.2
5463,1830,1526,6,4715.28
5464,1831,551,10,2457.14
5465,1831,101,9,2614.41
5466,1831,1,8,2066.65
5467,1831,1901,1,391.94
5468,1831,1351,10,2059.64
5469,1832,1991,10,1062.94
5470,1832,800,10,2852.73
5471,1832,1408,3,2492.41
5472,1832,906,9,3382.14
5473,1833,96,8,2928.78
5474,1833,1596,10,255.61
5475,1834,1894,10,2582.19
5476,1834,1894,4,4735.49
5477,1834,1294,4,2625.64
5478,1834,1644,1,585.22
5479,1834,994,4,2048.88
5480,1835,1483,6,3961.68
5481,1835,183,3,3591.53
5482,1836,976,4,3650.49
5483,1836,1726,3,765.51
5484,1836,1876,6,161.2
5485,1836,826,5,3260.95
5486,1837,1771,5,2529.21
5487,1837,1067,9,4220.25
5488,1837,1700,1,3772.55
5489,1837,1353,6,2911.7
5490,1838,12,3,1161.08
5491,1838,262,4,3326.04
5492,1838,1962,2,4844.95
5493,1839,583,9,3314.18
5494,1839,395,1,3955.28
5495,1840,945,3,3317.01
5496,1840,1774,10,826.72
5497,1841,1694,10,2045.04
5498,1841,66,7,1616.76
5499,1841,1603,4,2668.08
5500,1841,1512,6,1206.82
5501,1841,1627,8,1608.44
5502,1842,10,3,475.07
5503,1843,1392,1,1683.32
5504,1843,1114,1,927.72
5505,1843,1298,3,793.17
5506,1844,315,4,2346.58
5507,1844,1815,1,344.86
5508,1844,1365,9,1578.51
5509,1844,465,10,3452.55
5510,1845,304,4,2823.81
5511,1845,1173,6,1666.76
5512,1845,1682,1,2222.13
5513,1846,2000,3,4016.22
5514,1846,1550,5,1373.46
5515,1846,100,10,649.73
5516,1846,1450,1,3158.89
5517,1846,1100,2,50.72
5518,1847,132,5,59.0
5519,1847,232,7,1406.97
5520,1847,382,2,1904.4
5521,1848,254,9,725.63
5522,1849,1315,10,1894.88
5523,1849,1715,2,176.27
5524,1850,348,2,1125.57
5525,1850,1948,10,3205.86
5526,1851,1107,9,4475.42
5527,1851,645,5,4906.2
5528,1852,303,10,469.85
5529,1852,153,2,309.41
5530,1852,503,2,3018.58
5531,1852,1853,10,1730.33
5532,1853,1,10,2423.14
5533,1853,674,5,4999.88
5534,1854,1754,9,489.57
5535,1854,1898,5,4664.51
5536,1855,1408,5,3454.02
5537,1855,1208,2,3142.95
5538,1856,1589,10,4084.38
5539,1856,1739,2,584.72
5540,1856,989,5,4019.18
5541,1856,489,4,3671.5
5542,1856,1339,7,3469.76
5543,1857,219,1,4698.27
5544,1858,1036,6,1933.17
5545,1858,1636,3,3255.87
5546,1858,836,1,3167.36
5547,1859,391,10,4867.61
5548,1859,991,10,2305.28
5549,1859,891,6,4931.57
5550,1859,741,3,304.3
5551,1859,1291,6,1924.74
5552,1860,1230,2,4473.07
5553,1860,180,3,2346.39
5554,1860,1530,10,1588.01
5555,1860,880,5,3540.28
5556,1861,1973,8,696.47
5557,1862,348,10,2300.32
5558,1862,1548,1,2317.94
5559,1863,886,8,4822.34
5560,1863,1086,7,4145.92
5561,1864,1404,6,1480.12
5562,1864,1904,5,119.26
5563,1864,254,7,3763.84
5564,1864,1354,7,4326.81
5565,1864,1054,9,3300.08
5566,1865,607,3,1745.14
5567,1865,857,9,1346.4
5568,1865,1307,2,3133.41
5569,1866,669,10,2739.94
5570,1867,1819,5,3082.24
5571,1867,1969,8,3402.17
5572,1867,669,8,770.64
5573,1867,1469,2,892.75
5574,1868,1621,5,4099.85
5575,1868,421,1,3076.72
5576,1868,1921,3,2116.61
5577,1868,721,8,2550.15
5578,1868,371,4,1086.33
5579,1869,362,1,2541.74
5580,1870,824,9,98.28
5581,1870,674,4,1328.19
5582,1871,873,10,4080.65
5583,1872,1481,4,3892.48
5584,1873,515,5,4340.93
5585,1873,1794,10,3673.39
5586,1873,608,3,3786.92
5587,1874,618,5,4706.06
5588,1875,434,2,4040.68
5589,1876,1903,5,4550.9
5590,1876,1825,3,4206.33
5591,1876,1196,4,746.21
5592,1876,602,10,1708.52
5593,1876,1851,9,4456.35
5594,1877,1689,5,3094.88
5595,1877,839,6,4126.71
5596,1877,439,6,165.05
5597,1878,1089,7,3565.29
5598,1878,1336,2,4413.88
5599,1878,1381,4,2754.34
5600,1879,5,6,3613.16
5601,1879,1405,10,3807.08
5602,1880,207,5,1936.66
5603,1880,1807,4,4917.64
5604,1880,1157,2,2198.63
5605,1881,774,1,4677.52
5606,1881,1774,5,4111.28
5607,1881,874,4,1052.42
5608,1881,424,10,4271.93
5609,1882,1626,1,2319.33
5610,1883,1550,7,2856.39
5611,1883,675,2,1359.95
5612,1883,1471,7,4879.78
5613,1884,697,9,1016.1
5614,1884,1268,10,1946.32
5615,1884,1956,3,1874.31
5616,1884,299,8,4357.08
5617,1885,1345,7,4605.66
5618,1885,805,6,2110.05
5619,1885,251,7,3768.7
5620,1886,751,2,2265.7
5621,1886,451,2,325.61
5622,1886,701,10,4126.84
5623,1886,1001,8,2875.44
5624,1887,562,4,2144.32
5625,1887,1162,3,2541.06
5626,1887,812,6,463.33
5627,1887,312,7,968.88
5628,1887,612,9,1070.7
5629,1888,869,4,3512.41
5630,1888,1269,7,3710.21
5631,1888,119,1,623.07
5632,1888,1469,8,4746.19
5633,1889,1400,1,1064.29
5634,1889,750,9,4206.03
5635,1889,600,2,2169.61
5636,1889,2000,6,4607.05
5637,1890,1107,7,590.03
5638,1890,1286,5,1941.28
5639,1890,1866,9,3952.72
5640,1890,1306,8,1913.17
5641,1890,114,9,3359.06
5642,1891,1847,7,4005.74
5643,1891,802,1,1058.38
5644,1891,627,7,4388.52
5645,1892,269,7,934.02
5646,1892,1569,8,537.53
5647,1893,291,7,3751.53
5648,1893,179,6,4900.42
5649,1893,936,7,2312.38
5650,1893,459,10,326.57
5651,1893,840,1,4660.88
5652,1894,1532,4,2096.9
5653,1894,1882,8,2090.06
5654,1895,828,8,3162.19
5655,1895,1378,7,1312.98
5656,1895,1478,3,831.09
5657,1896,1351,3,4097.55
5658,1897,1193,6,3648.66
5659,1897,1445,3,1370.0
5660,1897,523,5,2993.56
5661,1898,1068,3,2142.3
5662,1899,1304,10,2997.47
5663,1899,150,6,4595.54
5664,1899,53,8,2588.51
5665,1900,501,4,2620.91
5666,1901,401,4,3756.19
5667,1902,1927,4,3254.49
5668,1902,27,1,2687.33
5669,1902,377,6,478.96
5670,1903,794,9,4753.65
5671,1903,794,6,2112.63
5672,1903,844,10,477.97
5673,1903,394,1,4220.09
5674,1903,1994,1,4721.82
5675,1904,1073,1,4044.15
5676,1904,423,5,533.46
5677,1904,1373,7,418.16
5678,1904,1523,7,3197.84
5679,1904,1873,2,1045.99
5680,1905,571,6,1009.41
5681,1906,1599,1,2599.19
5682,1906,1899,1,1606.69
5683,1906,599,8,4479.17
5684,1906,1049,10,2637.78
5685,1907,1996,10,1256.94
5686,1907,1596,8,379.9
5687,1907,1696,4,2715.39
5688,1907,346,10,3803.44
5689,1908,665,5,1716.43
5690,1908,565,9,4532.09
5691,1908,1715,10,165.21
5692,1908,515,8,4538.77
5693,1909,1158,3,2009.27
5694,1909,1208,5,3515.69
5695,1910,1661,7,1110.59
5696,1910,711,6,597.02
5697,1910,1261,9,4587.21
5698,1910,811,7,1017.24
5699,1911,478,4,4969.65
5700,1911,178,9,4181.0
5701,1911,928,7,2777.03
5702,1911,378,4,2002.63
5703,1912,1497,6,3399.49
5704,1912,1797,4,1388.82
5705,1912,1597,2,4975.99
5706,1913,412,5,4083.6
5707,1913,612,4,1879.7
5708,1913,362,8,487.76
5709,1913,1712,3,132.09
5710,1914,290,7,62.9
5711,1914,140,9,975.41
5712,1914,1290,10,2281.63
5713,1915,1360,8,214.49
5714,1915,1047,5,1881.73
5715,1916,671,4,4458.73
5716,1916,1804,1,2378.56
5717,1916,1564,10,3523.91
5718,1917,1950,8,1564.8
5719,1917,1200,4,3239.62
5720,1917,100,6,4920.34
5721,1917,1150,10,3854.01
5722,1918,1892,2,4704.13
5723,1918,1842,6,4399.47
5724,1918,842,7,1073.1
5725,1919,1944,4,3441.67
5726,1919,44,4,394.22
5727,1919,1394,4,156.59
5728,1919,194,7,2510.16
5729,1920,479,1,1028.75
5730,1920,1979,1,1075.93
5731,1920,1079,5,4849.51
5732,1920,829,1,2031.73
5733,1921,704,5,726.35
5734,1921,1496,9,1683.96
5735,1921,1080,2,3160.99
5736,1921,1528,7,2650.74
5737,1921,19,9,3686.37
5738,1922,1755,8,1206.87
5739,1922,1555,5,1964.25
5740,1922,1255,8,2171.02
5741,1922,955,7,2678.29
5742,1922,655,10,1078.3
5743,1923,428,8,122.37
5744,1924,1629,5,1199.43
5745,1924,1012,6,133.46
5746,1924,596,9,4269.12
5747,1924,1736,6,3378.27
5748,1924,886,1,1448.26
5749,1925,520,4,1867.75
5750,1925,336,9,2719.74
5751,1925,1143,8,3161.96
5752,1926,538,1,1774.29
5753,1926,1738,5,3445.9
5754,1927,1210,9,2970.82
5755,1927,1329,4,82.65
5756,1927,1491,2,2629.13
5757,1927,541,7,4121.18
5758,1928,946,10,2784.68
5759,1928,1596,6,3843.99
5760,1928,1896,8,3824.99
5761,1928,1996,7,3928.31
5762,1928,496,1,4315.62
5763,1929,1153,6,1493.85
5764,1929,453,9,4393.58
5765,1929,1953,10,4456.71
5766,1930,1544,1,4578.95
5767,1930,1594,6,1124.63
5768,1930,1044,7,1194.97
5769,1931,1292,7,2502.27
5770,1931,163,1,1325.52
5771,1931,1917,8,3277.02
5772,1931,1411,9,356.02
5773,1932,1159,5,2922.68
5774,1932,709,5,2754.56
5775,1932,359,9,2268.27
5776,1933,1307,1,1765.5
5777,1933,1107,8,1974.79
5778,1933,157,9,2029.01
5779,1934,1645,5,4235.76
5780,1934,779,7,1645.39
5781,1934,135,8,359.56
5782,1934,1126,2,3326.45
5783,1934,1912,9,3394.38
5784,1935,1580,2,198.05
5785,1935,1374,7,2086.3
5786,1935,1468,3,2087.24
5787,1936,867,1,942.17
5788,1936,447,6,4541.79
5789,1937,677,7,2328.14
5790,1937,477,4,2161.29
5791,1937,977,1,1133.65
5792,1937,777,3,4333.74
5793,1938,346,6,2830.52
5794,1939,968,10,4785.31
5795,1940,1412,9,3408.01
5796,1940,1456,2,3010.31
5797,1940,208,7,2587.85
5798,1941,1877,9,2963.41
5799,1941,1577,1,2579.68
5800,1942,702,3,1026.79
5801,1942,802,10,2572.48
5802,1943,316,3,1399.69
5803,1943,966,8,4618.98
5804,1943,1916,9,3730.03
5805,1944,659,7,4598.98
5806,1945,1734,6,399.02
5807,1945,914,5,3365.43
5808,1945,1928,8,2235.71
5809,1945,133,2,1949.98
5810,1945,1032,2,3455.02
5811,1946,1073,3,3270.93
5812,1946,104,8,2581.65
5813,1946,1217,7,4408.4
5814,1946,1627,2,512.46
5815,1946,823,10,374.18
5816,1947,1444,5,231.49
5817,1947,1544,3,2196.81
5818,1948,665,9,4492.95
5819,1949,952,6,3245.56
5820,1949,578,1,4263.73
5821,1949,1299,9,3981.21
5822,1949,1311,9,1486.39
5823,1949,435,1,1532.75
5824,1950,390,6,2195.72
5825,1950,990,6,1176.16
5826,1950,1890,9,2076.18
5827,1951,1920,5,4090.91
5828,1951,1970,4,3727.11
5829,1951,420,4,2467.71
5830,1951,1170,4,4024.72
5831,1951,270,7,3310.97
5832,1952,1289,5,1468.42
5833,1953,1573,5,745.35
5834,1953,1977,8,1206.5
5835,1953,299,10,2928.71
5836,1953,49,10,4774.95
5837,1953,1067,2,1612.56
5838,1954,1417,2,4038.04
5839,1954,1417,1,3958.81
5840,1954,1667,6,783.59
5841,1954,317,9,2264.41
5842,1954,1867,1,645.01
5843,1955,869,6,803.34
5844,1956,1709,6,2057.2
5845,1957,830,3,3629.67
5846,1957,330,1,2148.02
5847,1957,1230,6,1338.96
5848,1958,1905,8,316.68
5849,1958,1306,4,2229.89
5850,1958,862,1,2227.24
5851,1958,1603,2,4134.59
5852,1959,1998,6,2443.72
5853,1959,1947,6,1206.53
5854,1959,1887,9,4407.96
5855,1959,768,3,4917.53
5856,1959,1990,8,2800.38
5857,1960,957,9,1784.71
5858,1960,1507,7,3107.89
5859,1961,968,9,450.35
5860,1962,1822,9,3171.3
5861,1962,1022,7,738.08
5862,1962,172,10,1066.66
5863,1962,1072,9,1373.25
5864,1962,1572,9,3256.96
5865,1963,181,7,4934.47
5866,1964,20,1,4151.03
5867,1964,1952,5,4523.63
5868,1965,1547,5,270.57
5869,1966,1057,10,240.33
5870,1966,695,1,1008.76
5871,1966,1646,8,4611.13
5872,1967,1921,7,4241.33
5873,1967,1794,10,457.34
5874,1967,130,3,3961.9
5875,1967,1897,8,3185.29
5876,1967,620,3,1125.31
5877,1968,842,1,4997.59
5878,1968,1842,3,1999.17
5879,1968,242,1,3750.55
5880,1968,1742,7,4524.44
5881,1968,592,3,4990.99
5882,1969,338,3,308.4
5883,1969,488,2,4959.38
5884,1970,507,8,2213.84
5885,1970,1007,1,778.8
5886,1971,1959,9,2739.08
5887,1971,209,4,1855.35
5888,1971,1109,2,999.7
5889,1971,409,6,4634.5
5890,1971,1159,3,3384.24
5891,1972,597,9,4315.22
5892,1972,1047,9,4511.28
5893,1973,1790,2,3632.69
5894,1973,1240,4,2861.91
5895,1973,990,8,785.48
5896,1974,1261,3,3532.87
5897,1974,461,8,1632.21
5898,1975,1806,9,2387.75
5899,1976,585,1,3995.75
5900,1976,1651,6,3461.49
5901,1976,577,8,1648.66
5902,1977,1808,10,250.79
5903,1977,808,8,219.35
5904,1978,614,10,4747.96
5905,1978,1196,5,3388.62
5906,1979,907,9,2322.66
5907,1980,749,6,3766.77
5908,1980,449,5,1742.09
5909,1980,799,10,1445.72
5910,1980,49,8,4314.62
5911,1980,599,4,2356.88
5912,1981,1676,3,1315.74
5913,1981,1376,5,2868.59
5914,1981,1726,8,3631.95
5915,1981,426,2,858.96
5916,1982,638,4,2110.88
5917,1982,138,3,4626.41
5918,1983,1557,6,3606.51
5919,1984,1470,10,1805.44
5920,1984,120,9,4977.24
5921,1984,1220,10,2387.23
5922,1984,1820,7,3334.33
5923,1984,1020,1,429.2
5924,1985,787,4,4530.43
5925,1985,987,7,3062.56
5926,1985,1637,5,2018.59
5927,1985,887,1,1688.11
5928,1986,492,10,1460.7
5929,1986,1092,1,1671.6
5930,1986,42,6,3932.0
5931,1986,1342,6,2947.82
5932,1986,1592,10,113.17
5933,1987,822,3,2333.44
5934,1988,155,1,3301.13
5935,1989,1200,8,4040.34
5936,1990,866,1,2812.07
5937,1990,1116,9,2646.12
5938,1990,166,8,2908.34
5939,1990,966,6,3301.1
5940,1990,1466,2,3928.74
5941,1991,619,2,2134.24
5942,1992,1413,10,2667.17
5943,1992,1313,9,2696.04
5944,1993,1711,1,2985.91
5945,1993,946,5,4249.85
5946,1993,1980,9,2763.56
5947,1993,4,9,3935.95
5948,1994,1996,9,2756.83
5949,1994,996,3,3187.73
5950,1994,746,4,307.32
5951,1994,1896,8,1737.86
5952,1994,1196,6,4158.77
5953,1995,192,1,233.22
5954,1995,642,10,1061.46
5955,1995,1142,3,862.28
5956,1995,242,7,1496.91
5957,1995,1592,3,156.51
5958,1996,1940,5,3581.61
5959,1996,490,1,948.78
5960,1996,1590,9,3522.2
5961,1996,1190,3,3003.74
5962,1997,1047,1,924.37
5963,1997,1408,5,3800.04
5964,1998,1569,1,1193.01
5965,1998,1146,6,581.14
5966,1999,628,2,3515.77
5967,1999,1578,8,2340.56
5968,2000,1323,4,2149.89
5969,2000,378,7,2679.52
5970,2000,707,3,1151.54
5971,2000,959,6,3468.54
5972,2000,1088,3,4217.66
5973,2001,103,2,4448.42
5974,2001,153,4,4590.82
5975,2002,1884,2,3166.79
5976,2002,1884,3,482.17
5977,2002,1334,5,3146.45
5978,2002,1884,7,1783.33
5979,2003,195,2,207.1
5980,2003,124,5,1696.29
5981,2004,1442,1,220.44
5982,2005,1289,2,462.39
5983,2005,939,2,4193.63
5984,2005,639,6,165.09
5985,2005,89,5,581.02
5986,2005,1639,3,3640.74
5987,2006,205,6,346.85
5988,2006,305,9,949.44
5989,2006,1005,8,4020.32
5990,2007,988,8,3101.54
5991,2007,1138,2,1457.04
5992,2008,1207,6,598.61
5993,2008,57,2,1316.31
5994,2009,1558,4,3979.18
5995,2009,608,5,2720.26
5996,2009,808,4,1729.59
5997,2009,58,10,373.84
5998,2009,658,3,2364.47
5999,2010,1526,5,4622.0
6000,2010,379,8,3089.84
6001,2011,725,4,4709.46
6002,2011,376,5,2408.54
6003,2011,1567,1,4035.15
6004,2011,471,10,4260.49
6005,2011,1399,8,2775.74
6006,2012,393,7,4653.75
6007,2012,1882,5,4225.59
6008,2012,1325,6,2660.89
6009,2013,205,2,2380.94
6010,2013,705,1,2240.42
6011,2013,905,8,1836.18
6012,2014,888,8,403.02
6013,2014,1863,7,561.9
6014,2014,270,1,1461.05
6015,2014,1866,1,1286.94
6016,2015,1496,9,374.21
6017,2015,496,10,4156.33
6018,2015,796,8,2704.99
6019,2015,296,1,3619.7
6020,2016,1808,5,3584.95
6021,2016,858,6,1607.64
6022,2016,8,8,1522.88
6023,2016,1608,9,542.31
6024,2016,608,5,4635.91
6025,2017,537,7,3739.21
6026,2017,575,3,2029.44
6027,2018,1164,10,4824.29
6028,2018,664,9,582.32
6029,2019,365,10,3242.0
6030,2019,1815,2,1628.3
6031,2020,1176,10,838.0
6032,2020,1518,8,2381.4
6033,2020,1730,8,490.61
6034,2021,1939,7,165.47
6035,2021,1289,2,1064.89
6036,2021,239,2,1250.38
6037,2022,1605,9,3223.24
6038,2022,1055,10,870.01
6039,2022,1305,4,339.25
6040,2022,1555,1,4617.11
6041,2023,289,5,290.78
6042,2023,1678,1,3050.22
6043,2023,655,1,4288.14
6044,2023,1136,3,3185.31
6045,2024,550,7,3349.93
6046,2025,801,10,180.21
6047,2026,1518,3,4315.17
6048,2026,758,9,3853.13
6049,2027,1280,10,182.76
6050,2027,530,5,4119.45
6051,2027,880,7,4841.34
6052,2027,30,2,2504.3
6053,2027,1780,3,994.66
6054,2028,1529,4,4058.88
6055,2028,79,4,3812.67
6056,2028,1679,2,3392.31
6057,2028,679,3,1682.07
6058,2029,578,6,3717.23
6059,2029,918,6,276.52
6060,2029,41,4,457.79
6061,2029,530,8,4852.69
6062,2029,1082,5,3561.56
6063,2030,1823,6,4832.56
6064,2030,723,1,102.81
6065,2030,423,5,2795.97
6066,2030,923,4,4460.91
6067,2031,1660,1,765.07
6068,2031,160,2,4556.17
6069,2032,62,7,3441.99
6070,2032,1312,10,1856.46
6071,2033,230,8,746.4
6072,2033,1530,1,4044.6
6073,2033,880,7,4255.01
6074,2033,1180,8,1261.22
6075,2034,1055,10,1341.79
6076,2034,919,3,4265.43
6077,2034,1644,4,641.25
6078,2035,1751,8,2587.2
6079,2035,1951,2,4979.99
6080,2035,1101,6,4236.47
6081,2036,121,10,3459.06
6082,2037,958,9,3923.7
6083,2037,808,4,4027.14
6084,2037,1008,7,4889.4
6085,2037,1008,7,385.1
6086,2038,673,10,1018.82
6087,2038,123,2,4023.79
6088,2038,923,8,4785.48
6089,2038,1073,3,4188.19
6090,2039,1554,5,1075.28
6091,2039,1904,1,956.29
6092,2039,504,9,2633.58
6093,2039,1304,6,2988.24
6094,2040,930,8,1603.36
6095,2041,494,9,389.22
6096,2041,994,7,3815.63
6097,2041,44,4,849.53
6098,2041,394,1,2365.06
6099,2042,794,4,2252.35
6100,2042,1794,2,656.5
6101,2043,1199,8,3258.44
6102,2043,367,3,1347.77
6103,2043,1076,8,2067.03
6104,2043,1248,10,3908.4
6105,2044,985,7,265.97
6106,2044,1285,4,554.21
6107,2045,278,8,575.78
6108,2045,728,3,3871.63
6109,2045,178,6,715.54
6110,2045,228,8,628.85
6111,2045,628,1,2042.16
6112,2046,728,1,1453.14
6113,2046,828,10,465.18
6114,2046,1078,1,1114.37
6115,2047,379,3,4125.88
6116,2047,579,3,1532.02
6117,2047,829,9,3657.37
6118,2047,1979,8,2191.31
6119,2048,923,3,649.98
6120,2048,1723,4,4791.21
6121,2048,1473,2,3492.62
6122,2049,1988,1,885.66
6123,2049,1088,9,841.15
6124,2049,488,8,2193.45
6125,2049,1188,3,934.61
6126,2049,1438,1,2501.89
6127,2050,1318,2,1116.03
6128,2051,1442,10,1472.5
6129,2051,392,10,1475.7
6130,2051,842,3,2498.17
6131,2052,581,3,4789.64
6132,2052,981,6,2285.17
6133,2053,1951,7,2723.31
6134,2053,1760,8,828.75
6135,2053,749,8,3450.29
6136,2053,556,1,1339.68
6137,2053,1159,3,4503.48
6138,2054,958,7,4909.9
6139,2055,1707,9,981.38
6140,2055,588,7,1105.28
6141,2055,557,3,1396.84
6142,2055,635,1,4519.87
6143,2055,380,5,879.34
6144,2056,1925,5,4956.63
6145,2056,1987,8,4752.25
6146,2056,1482,3,295.76
6147,2057,756,3,1386.31
6148,2057,56,4,3112.43
6149,2057,56,10,2396.25
6150,2057,1556,8,1989.17
6151,2058,406,10,2854.24
6152,2058,261,4,2908.79
6153,2058,1926,9,2428.08
6154,2058,1278,6,3055.81
6155,2059,634,2,2939.67
6156,2060,818,2,380.36
6157,2060,568,9,2633.39
6158,2060,1818,4,3640.71
6159,2061,45,5,2477.53
6160,2061,245,9,411.05
6161,2061,845,7,1264.48
6162,2061,445,1,4654.93
6163,2062,736,4,1568.25
6164,2062,1136,6,1445.46
6165,2062,286,5,3077.89
6166,2062,136,6,4951.38
6167,2063,958,2,2298.75
6168,2063,1908,6,171.66
6169,2063,1608,10,3342.93
6170,2063,108,6,2276.98
6171,2063,1958,2,1478.17
6172,2064,1930,1,424.72
6173,2064,995,6,1236.67
6174,2065,1309,4,2535.97
6175,2065,459,2,3682.09
6176,2065,1159,2,3296.75
6177,2065,1159,8,1425.97
6178,2065,1809,1,323.99
6179,2066,299,4,877.53
6180,2066,349,4,3319.51
6181,2066,1849,7,255.3
6182,2066,1299,4,1631.33
6183,2067,1215,3,1464.34
6184,2067,572,8,902.57
6185,2067,561,3,828.33
6186,2067,1854,7,1468.47
6187,2068,1266,7,267.79
6188,2068,416,4,942.11
6189,2068,1466,3,3309.68
6190,2068,316,6,1908.58
6191,2069,1073,8,1133.88
6192,2069,623,10,4073.08
6193,2069,523,9,4018.82
6194,2069,1823,2,3667.66
6195,2070,1472,3,1480.45
6196,2070,1524,3,1435.85
6197,2070,1177,3,3017.82
6198,2070,1454,4,1813.2
6199,2070,1920,10,2486.78
6200,2071,1045,10,1140.85
6201,2071,295,8,3853.25
6202,2072,1602,6,4160.48
6203,2072,1202,5,4700.16
6204,2072,1202,6,1384.69
6205,2072,802,10,1592.82
6206,2072,852,5,3679.2
6207,2073,1230,8,4611.01
6208,2073,1851,8,776.8
6209,2074,415,6,4945.79
6210,2074,1615,8,3207.65
6211,2074,1065,4,2488.29
6212,2074,415,6,507.24
6213,2074,1315,10,1019.69
6214,2075,675,2,768.18
6215,2076,1375,8,222.86
6216,2076,1225,8,580.02
6217,2076,875,8,513.36
6218,2076,725,10,3245.87
6219,2077,1565,6,1716.99
6220,2077,465,2,1068.78
6221,2077,715,9,1560.17
6222,2077,315,1,3549.64
6223,2077,1265,4,3657.09
6224,2078,865,3,166.96
6225,2079,1956,9,4992.02
6226,2079,906,3,3172.13
6227,2080,813,9,1999.64
6228,2081,842,7,4043.05
6229,2081,492,9,4810.35
6230,2081,1542,7,4021.88
6231,2081,42,10,3757.94
6232,2081,1242,9,4282.2
6233,2082,1149,10,886.82
6234,2082,1940,10,3818.07
6235,2082,202,10,3917.65
6236,2083,252,9,1560.71
6237,2084,613,4,774.62
6238,2084,1613,8,1877.05
6239,2085,1225,7,996.03
6240,2085,1675,3,323.15
6241,2086,1487,1,4245.19
6242,2087,413,10,3470.99
6243,2087,352,7,4572.05
6244,2087,486,10,400.36
6245,2088,775,2,4904.97
6246,2089,798,5,4625.64
6247,2089,1698,6,3045.07
6248,2089,1598,3,999.78
6249,2090,1899,9,799.13
6250,2090,1915,10,143.04
6251,2090,1219,9,123.14
6252,2090,968,5,2303.85
6253,2091,77,9,2544.61
6254,2091,27,9,1564.93
6255,2092,166,5,3117.18
6256,2092,413,4,632.6
6257,2093,436,9,2612.87
6258,2094,349,9,4392.21
6259,2094,1449,3,1229.04
6260,2094,649,7,666.52
6261,2094,1799,1,3832.14
6262,2094,549,1,3335.85
6263,2095,304,4,3576.47
6264,2095,1529,3,389.43
6265,2095,1723,2,244.12
6266,2095,1145,6,3797.41
6267,2095,1278,1,4578.16
6268,2096,1228,8,4048.84
6269,2097,94,1,2929.0
6270,2097,1894,8,4175.69
6271,2097,1294,7,4227.08
6272,2098,216,4,429.78
6273,2098,66,5,741.07
6274,2098,1216,4,1949.1
6275,2098,616,4,863.95
6276,2099,1581,3,3236.21
6277,2100,1625,8,4555.21
6278,2100,375,6,245.67
6279,2100,1625,5,4541.26
6280,2101,956,5,3747.71
6281,2101,1806,4,4962.49
6282,2101,1556,1,4002.89
6283,2102,1428,8,4733.24
6284,2103,1852,6,2431.2
6285,2103,402,9,1343.65
6286,2103,302,4,2044.13
6287,2103,1652,10,638.78
6288,2104,1564,10,2808.93
6289,2105,637,8,2798.18
6290,2106,444,6,2672.4
6291,2106,1994,3,1110.96
6292,2107,1615,3,763.63
6293,2107,1815,5,426.88
6294,2108,1918,3,1001.9
6295,2109,1575,8,2287.37
6296,2110,828,2,3179.82
6297,2111,958,3,667.36
6298,2111,458,9,1590.31
6299,2112,1883,2,2204.58
6300,2112,1783,7,1343.36
6301,2112,1383,7,4736.91
6302,2112,1133,1,3839.9
6303,2112,483,3,4138.37
6304,2113,1147,2,2254.76
6305,2113,597,7,3334.06
6306,2113,1147,7,616.93
6307,2113,247,5,2483.54
6308,2114,1130,10,2307.92
6309,2114,668,7,1545.45
6310,2114,1609,7,2839.81
6311,2114,1415,7,1869.64
6312,2115,911,8,3506.52
6313,2116,599,6,2365.67
6314,2116,1449,4,1507.48
6315,2116,399,8,3356.7
6316,2116,1449,3,252.14
6317,2117,793,4,1842.13
6318,2118,1518,9,432.79
6319,2118,1381,8,688.93
6320,2119,99,4,4776.22
6321,2119,599,6,834.01
6322,2119,1499,8,3199.37
6323,2120,1691,7,3986.54
6324,2120,974,8,2883.06
6325,2120,276,4,4442.22
6326,2121,98,1,1378.92
6327,2122,932,1,3201.87
6328,2122,1682,3,4560.13
6329,2123,370,9,1578.82
6330,2123,505,10,3078.98
6331,2123,1030,6,1725.7
6332,2124,995,1,1951.87
6333,2124,252,2,2999.26
6334,2124,1142,6,1460.27
6335,2124,253,9,316.52
6336,2125,797,1,3342.92
6337,2125,1447,7,1646.75
6338,2125,897,7,1772.9
6339,2125,1297,3,4978.73
6340,2126,513,4,2438.26
6341,2126,1873,5,863.21
6342,2126,976,2,3940.62
6343,2127,1116,8,4714.46
6344,2128,1504,7,3203.65
6345,2128,4,4,4038.07
6346,2128,1054,8,2022.44
6347,2128,504,4,2599.04
6348,2128,654,2,971.63
6349,2129,1938,4,4849.16
6350,2129,1322,4,2179.33
6351,2129,1940,7,815.13
6352,2130,127,1,3168.3
6353,2130,1277,1,2256.11
6354,2131,826,10,3231.51
6355,2131,1076,7,130.4
6356,2131,476,10,119.85
6357,2131,876,7,3237.78
6358,2132,1172,4,3710.22
6359,2133,1987,7,472.84
6360,2133,1987,10,266.05
6361,2133,537,9,2221.5
6362,2133,1437,9,4413.98
6363,2133,137,7,3297.12
6364,2134,689,6,2255.03
6365,2134,1882,5,4411.57
6366,2135,1417,1,2630.64
6367,2136,75,7,4391.95
6368,2136,825,2,4558.23
6369,2136,525,10,1130.22
6370,2136,1175,4,4648.25
6371,2136,175,4,1279.67
6372,2137,1062,4,984.87
6373,2137,512,7,1325.88
6374,2138,1605,7,1544.8
6375,2138,1046,5,2108.26
6376,2138,196,2,3963.78
6377,2139,1127,10,591.09
6378,2139,677,7,2358.32
6379,2140,1695,5,2877.2
6380,2141,1990,9,4888.11
6381,2141,90,2,738.9
6382,2141,40,8,4286.09
6383,2141,1490,7,201.71
6384,2142,1911,5,2406.0
6385,2142,511,7,2466.57
6386,2142,1061,10,1993.15
6387,2142,1761,6,212.95
6388,2142,861,1,3887.57
6389,2143,1358,8,3121.54
6390,2144,892,1,456.21
6391,2144,1342,6,2021.88
6392,2144,1392,3,1586.49
6393,2144,842,7,715.81
6394,2145,711,6,378.97
6395,2145,132,3,2534.41
6396,2145,289,1,916.36
6397,2145,1733,2,3944.36
6398,2146,1610,8,1470.68
6399,2146,1810,10,2459.08
6400,2146,1310,6,4436.19
6401,2147,134,9,158.28
6402,2147,534,5,1369.56
6403,2148,1372,3,4665.54
6404,2148,1922,8,4775.28
6405,2148,1622,3,3071.62
6406,2148,1472,8,553.9
6407,2149,1907,10,251.33
6408,2150,1047,7,3184.49
6409,2150,147,3,1906.6
6410,2150,1997,4,499.52
6411,2151,618,5,2148.86
6412,2151,1199,8,2585.07
6413,2152,1872,6,860.41
6414,2152,1872,3,4624.58
6415,2152,222,4,652.06
6416,2152,1172,2,1589.95
6417,2152,472,3,4250.02
6418,2153,970,10,3473.18
6419,2154,1490,10,3852.77
6420,2155,467,3,135.64
6421,2155,161,1,1605.0
6422,2155,1619,4,2933.6
6423,2155,1766,5,1260.26
6424,2155,1456,3,4527.55
6425,2156,192,10,1084.74
6426,2156,292,8,3496.34
6427,2156,1192,9,1388.23
6428,2157,1119,2,1350.67
6429,2158,368,2,2689.1
6430,2158,418,8,351.12
6431,2158,1768,7,3203.25
6432,2158,1168,10,3741.51
6433,2158,118,9,1025.65
6434,2159,118,7,2726.37
6435,2159,218,1,4688.85
6436,2159,318,8,1247.43
6437,2159,1018,3,4581.87
6438,2159,18,2,4084.85
6439,2160,1282,1,2300.38
6440,2160,1323,3,417.18
6441,2160,1314,9,3123.56
6442,2160,1477,1,2182.71
6443,2161,693,5,4877.91
6444,2161,743,1,298.37
6445,2161,743,3,2205.47
6446,2162,905,10,4284.41
6447,2162,1605,6,1332.43
6448,2162,855,4,3411.55
6449,2162,455,7,515.23
6450,2163,1038,5,3896.04
6451,2164,1008,10,4651.5
6452,2164,1158,1,4677.51
6453,2165,1218,7,3996.53
6454,2165,318,9,3143.44
6455,2165,1168,7,3164.44
6456,2166,1590,6,2343.68
6457,2166,256,1,513.02
6458,2166,239,1,4241.4
6459,2166,1097,3,346.39
6460,2167,1836,8,4461.89
6461,2167,886,10,1713.03
6462,2167,636,6,2438.54
6463,2167,1336,10,262.0
6464,2168,1065,7,4874.19
6465,2168,1615,4,3260.93
6466,2168,115,3,3995.02
6467,2169,1588,4,1754.19
6468,2169,88,4,648.81
6469,2170,1305,1,200.15
6470,2171,222,9,949.6
6471,2171,358,5,2637.77
6472,2171,1280,7,515.13
6473,2171,1765,2,529.8
6474,2171,1208,4,4419.56
6475,2172,1730,5,3603.82
6476,2172,180,10,1186.33
6477,2172,1780,8,3058.59
6478,2172,180,10,4565.02
6479,2172,130,7,1167.58
6480,2173,1471,2,3118.41
6481,2173,1721,7,906.33
6482,2173,1071,4,4463.27
6483,2174,479,4,2354.48
6484,2175,1649,9,4152.75
6485,2175,1049,1,4705.59
6486,2175,699,8,2500.36
6487,2176,900,7,1358.13
6488,2176,400,6,4814.76
6489,2176,150,8,1785.17
6490,2176,1400,4,379.4
6491,2176,1450,1,4671.56
6492,2177,1956,8,1583.59
6493,2177,1145,3,2398.27
6494,2177,1248,8,4677.59
6495,2177,1444,5,2640.75
6496,2178,674,10,533.64
6497,2179,1639,2,3351.2
6498,2179,1139,6,2779.02
6499,2179,589,7,4103.76
6500,2179,539,7,2655.43
6501,2180,1672,3,1835.45
6502,2180,352,6,4246.42
6503,2180,911,3,4366.21
6504,2181,1483,3,1408.19
6505,2181,1768,3,982.2
6506,2182,1853,3,4412.13
6507,2182,1929,10,1446.29
6508,2182,1477,10,2228.07
6509,2182,150,6,4914.95
6510,2182,280,2,286.26
6511,2183,608,10,327.72
6512,2183,258,10,1548.1
6513,2184,1681,5,3138.17
6514,2185,433,5,2852.97
6515,2186,1438,8,202.69
6516,2187,1276,2,3776.14
6517,2187,131,10,4321.2
6518,2188,1478,9,3848.94
6519,2188,937,8,2100.36
6520,2189,559,10,1084.42
6521,2189,1528,1,3489.76
6522,2189,1874,8,777.16
6523,2189,798,8,4223.9
6524,2189,904,3,412.79
6525,2190,1932,1,3584.96
6526,2190,280,1,2051.66
6527,2190,991,9,3270.21
6528,2190,1237,7,1488.41
6529,2190,1609,9,2523.0
6530,2191,893,6,2588.96
6531,2191,793,8,1004.79
6532,2192,714,10,942.7
6533,2193,618,4,861.74
6534,2193,1568,9,596.67
6535,2193,1818,6,4664.27
6536,2193,618,2,1054.45
6537,2193,418,9,968.94
6538,2194,1485,10,3567.77
6539,2194,298,5,4904.88
6540,2195,1989,5,1961.55
6541,2196,69,9,4652.2
6542,2196,963,1,3802.27
6543,2196,273,2,2593.09
6544,2196,590,10,3125.84
6545,2197,1882,2,1627.48
6546,2197,1832,3,2476.65
6547,2197,1082,2,408.04
6548,2197,532,3,2492.34
6549,2198,1947,7,459.96
6550,2199,120,7,4214.12
6551,2199,1720,3,4206.14
6552,2200,1042,10,4042.48
6553,2200,192,8,2836.83
6554,2201,1617,2,1100.05
6555,2202,777,8,4494.09
6556,2202,1577,10,2226.18
6557,2202,1527,7,3945.5
6558,2202,1427,10,2219.72
6559,2203,776,2,3800.58
6560,2204,335,6,2923.87
6561,2205,1864,2,4992.98
6562,2206,1493,6,660.49
6563,2206,293,10,4012.11
6564,2207,1526,8,1133.86
6565,2208,1917,7,2466.65
6566,2208,1217,7,3687.99
6567,2208,1117,8,2526.08
6568,2208,517,5,96.25
6569,2209,242,7,2586.26
6570,2209,42,8,4387.75
6571,2209,242,8,112.53
6572,2210,1744,2,4542.82
6573,2210,1694,6,2655.49
6574,2210,944,10,3739.0
6575,2211,1865,8,2796.1
6576,2211,1987,2,4864.27
6577,2212,1039,10,3439.9
6578,2212,439,2,2974.65
6579,2213,833,3,3550.0
6580,2213,1633,7,379.43
6581,2213,333,1,2959.17
6582,2213,633,2,3633.01
6583,2213,183,9,3573.36
6584,2214,1325,4,4883.88
6585,2214,725,7,3590.94
6586,2214,1225,8,1180.05
6587,2214,1575,3,2136.7
6588,2215,332,7,3868.12
6589,2215,893,8,1097.99
6590,2215,1353,2,1347.46
6591,2216,697,3,2454.7
6592,2216,1349,10,3385.9
6593,2217,130,7,751.89
6594,2217,1480,8,2034.27
6595,2218,1746,6,1950.28
6596,2218,646,2,1185.83
6597,2218,896,1,2034.15
6598,2219,91,8,760.49
6599,2219,1484,5,1701.07
6600,2219,315,4,4909.17
6601,2219,1256,6,4360.82
6602,2220,154,5,3989.17
6603,2221,105,7,3151.88
6604,2222,747,7,4197.14
6605,2222,1407,3,2178.34
6606,2222,3,4,2400.4
6607,2222,1969,1,1709.87
6608,2222,418,5,1087.31
6609,2223,21,3,2434.6
6610,2223,1993,5,4494.45
6611,2224,754,4,4759.82
6612,2224,1354,6,2995.36
6613,2225,1076,1,3996.91
6614,2225,990,4,3771.83
6615,2225,1737,8,3209.52
6616,2226,772,1,3717.96
6617,2227,220,3,1470.19
6618,2227,1020,1,3183.85
6619,2227,970,8,3524.1
6620,2227,620,2,1614.5
6621,2228,35,8,4860.53
6622,2228,930,5,1565.56
6623,2228,680,7,3149.12
6624,2229,1120,1,4294.94
6625,2229,220,4,2032.77
6626,2229,770,5,3734.84
6627,2229,320,2,2974.52
6628,2229,570,2,3576.1
6629,2230,391,6,4549.18
6630,2230,291,7,2490.22
6631,2230,891,10,3112.35
6632,2230,1991,7,1908.39
6633,2231,1818,8,3949.15
6634,2231,1468,2,4253.28
6635,2231,168,9,3402.77
6636,2232,1896,6,4810.73
6637,2233,820,2,4246.14
6638,2233,320,4,4100.12
6639,2233,1920,7,2714.59
6640,2233,1620,6,2420.59
6641,2233,220,2,893.57
6642,2234,970,8,108.6
6643,2234,878,5,1371.77
6644,2235,1104,2,1175.97
6645,2235,793,10,306.51
6646,2235,1157,1,2722.23
6647,2235,608,9,4584.0
6648,2236,1067,4,1621.2
6649,2236,1557,6,3190.11
6650,2237,80,4,4623.63
6651,2238,1862,4,4750.86
6652,2238,112,4,3162.74
6653,2238,662,5,640.44
6654,2238,1312,7,2101.76
6655,2238,1612,3,4782.19
6656,2239,771,1,4220.89
6657,2240,1010,2,3199.92
6658,2240,660,1,494.84
6659,2240,610,1,815.79
6660,2240,110,7,4394.04
6661,2240,160,6,1878.81
6662,2241,950,8,3369.57
6663,2241,1899,2,3245.8
6664,2241,1416,2,4471.03
6665,2242,280,9,2385.01
6666,2242,1789,5,3669.04
6667,2242,1068,9,4709.14
6668,2243,1766,10,175.31
6669,2244,1421,7,187.01
6670,2244,657,2,4849.51
6671,2244,320,9,4795.18
6672,2245,788,4,2456.98
6673,2245,567,9,581.41
6674,2245,193,3,879.01
6675,2246,1086,4,2105.85
6676,2247,639,10,2263.79
6677,2247,539,3,4290.09
6678,2247,1089,6,4379.22
6679,2247,1539,8,238.24
6680,2247,1939,1,1764.44
6681,2248,569,3,3127.53
6682,2248,1919,1,3567.43
6683,2249,856,4,2848.68
6684,2249,1406,6,3653.64
6685,2249,1156,7,502.69
6686,2249,806,7,510.65
6687,2249,1206,2,91.76
6688,2250,1267,10,3445.77
6689,2251,19,10,2126.06
6690,2252,1595,8,2360.51
6691,2252,792,6,2263.87
6692,2252,75,2,1840.99
6693,2252,101,6,1959.39
6694,2252,1421,4,2897.32
6695,2253,1770,2,3696.55
6696,2253,1670,6,2310.01
6697,2253,1420,6,3115.97
6698,2254,1208,9,4620.9
6699,2255,1239,1,1823.4
6700,2256,1683,3,1979.27
6701,2257,275,2,320.99
6702,2257,1491,2,1852.83
6703,2257,1423,4,174.77
6704,2257,697,8,4071.77
6705,2258,561,8,2123.62
6706,2258,961,10,3740.7
6707,2259,1479,10,3322.42
6708,2259,829,2,88.0
6709,2259,579,3,4489.62
6710,2259,129,10,3681.95
6711,2259,129,8,896.97
6712,2260,1080,2,1739.27
6713,2260,694,8,227.67
6714,2260,720,4,1328.22
6715,2261,190,2,3336.74
6716,2261,900,1,1204.56
6717,2261,1653,6,4092.6
6718,2262,485,4,4821.23
6719,2263,576,8,1457.65
6720,2263,501,6,341.49
6721,2263,1282,4,2041.08
6722,2264,428,3,2561.09
6723,2264,1155,4,1910.33
6724,2264,1277,10,3278.66
6725,2264,1761,4,1296.32
6726,2264,1848,2,4857.68
6727,2265,527,1,2185.82
6728,2265,227,5,1096.86
6729,2265,777,4,4168.31
6730,2266,1504,7,2871.36
6731,2267,283,8,749.18
6732,2267,1733,7,3824.29
6733,2267,1133,4,4588.22
6734,2268,1638,3,1428.54
6735,2268,288,2,502.21
6736,2269,1423,8,3978.21
6737,2269,873,3,3938.65
6738,2269,973,2,1743.74
6739,2269,223,2,3841.77
6740,2270,326,4,2128.15
6741,2270,1678,10,2958.69
6742,2270,888,1,2376.83
6743,2270,1528,10,3119.43
6744,2270,1232,6,545.81
6745,2271,1266,10,2715.82
6746,2272,900,8,4346.57
6747,2272,700,7,3804.92
6748,2272,600,5,1597.85
6749,2272,300,8,4744.64
6750,2272,50,8,228.45
6751,2273,260,7,191.33
6752,2273,810,4,591.95
6753,2273,1010,2,3890.59
6754,2273,710,2,1534.54
6755,2274,1109,2,1592.7
6756,2274,1891,5,330.7
6757,2275,218,5,956.37
6758,2275,518,6,1880.47
6759,2276,1023,10,957.24
6760,2276,152,1,2378.02
6761,2277,557,8,2565.83
6762,2277,1007,4,4919.15
6763,2277,307,9,4439.05
6764,2278,1508,7,2197.79
6765,2278,1508,1,4297.45
6766,2278,1458,1,4491.59
6767,2279,1142,10,4545.75
6768,2280,79,2,2689.08
6769,2280,929,5,3249.21
6770,2280,179,8,4815.94
6771,2280,729,5,1332.0
6772,2281,521,4,3229.53
6773,2282,1696,3,1147.19
6774,2282,596,8,868.01
6775,2283,1297,1,4401.72
6776,2283,1376,4,2543.13
6777,2283,736,4,1557.87
6778,2284,1190,6,1036.22
6779,2284,390,8,2403.04
6780,2284,1790,5,3889.27
6781,2284,340,3,3220.52
6782,2285,1069,5,3644.04
6783,2285,469,7,715.06
6784,2285,669,1,1648.13
6785,2285,569,4,2541.03
6786,2286,717,6,4925.53
6787,2286,1109,10,536.01
6788,2286,1025,9,2852.65
6789,2287,918,5,1403.85
6790,2288,686,2,1154.38
6791,2288,1436,1,4034.89
6792,2288,1536,4,767.2
6793,2288,1636,2,4501.62
6794,2288,236,2,4282.73
6795,2289,1599,2,3810.74
6796,2289,1299,10,2305.17
6797,2289,949,2,3214.85
6798,2289,299,3,3977.93
6799,2290,416,9,522.74
6800,2290,166,1,4519.29
6801,2290,866,5,4017.91
6802,2290,1866,10,2755.17
6803,2290,266,9,2421.91
6804,2291,584,5,3927.3
6805,2292,118,7,1687.21
6806,2292,1110,2,1607.06
6807,2292,1910,4,3129.58
6808,2292,780,7,820.5
6809,2292,838,4,3864.44
6810,2293,789,6,1374.16
6811,2293,566,5,2183.18
6812,2293,1585,6,3492.15
6813,2293,880,10,4529.32
6814,2293,1174,3,124.82
6815,2294,734,6,2343.2
6816,2294,934,2,2073.29
6817,2294,434,10,3425.62
6818,2295,340,6,972.73
6819,2295,851,3,246.97
6820,2295,1242,10,3271.83
6821,2295,264,7,774.48
6822,2296,953,1,111.88
6823,2296,103,9,1457.07
6824,2297,1034,9,1638.11
6825,2297,284,10,1157.96
6826,2297,984,2,2500.0
6827,2297,1384,6,2550.06
6828,2298,1905,6,1202.64
6829,2298,991,7,4556.52
6830,2298,421,7,2224.1
6831,2298,560,1,3395.24
6832,2298,109,8,4452.35
6833,2299,1876,9,4160.12
6834,2299,1626,4,2073.33
6835,2300,1178,10,2903.71
6836,2301,1692,4,4957.2
6837,2301,68,8,2655.14
6838,2301,181,3,1025.03
6839,2301,382,10,1395.43
6840,2302,1916,5,291.19
6841,2302,75,3,1911.46
6842,2302,1894,10,1874.5
6843,2302,1111,4,2012.42
6844,2302,451,5,412.54
6845,2303,1628,5,1726.85
6846,2303,1004,10,1414.17
6847,2303,902,9,2704.41
6848,2303,1910,7,2601.21
6849,2303,1298,1,2731.63
6850,2304,1074,10,3814.05
6851,2304,1873,3,147.58
6852,2304,1442,10,1980.52
6853,2304,1533,5,3636.72
6854,2304,127,2,2405.27
6855,2305,727,6,4182.89
6856,2305,1968,4,3023.62
6857,2305,266,2,3150.77
6858,2306,71,1,2743.27
6859,2306,71,8,4616.49
6860,2306,1721,8,4352.17
6861,2307,1931,8,327.72
6862,2308,512,2,4199.24
6863,2308,273,6,4380.75
6864,2309,1289,10,671.68
6865,2309,828,6,2647.61
6866,2309,427,7,2353.86
6867,2309,82,5,1158.03
6868,2309,404,7,161.67
6869,2310,1034,8,3674.85
6870,2310,484,6,81.76
6871,2310,284,1,3453.87
6872,2310,1084,5,3585.58
6873,2310,1284,8,4885.18
6874,2311,1033,7,3383.92
6875,2312,165,3,2846.41
6876,2312,215,8,4987.69
6877,2312,1515,1,2261.34
6878,2313,1123,4,2716.01
6879,2313,1490,7,1517.61
6880,2313,797,2,351.03
6881,2313,1516,8,2765.09
6882,2314,1680,5,3117.52
6883,2315,1921,10,372.18
6884,2315,1771,3,2438.75
6885,2315,1121,5,3143.28
6886,2315,271,5,4778.84
6887,2316,1649,7,4241.52
6888,2317,1064,4,593.86
6889,2317,1764,8,939.08
6890,2318,279,5,3226.81
6891,2319,1198,5,639.56
6892,2320,1994,5,1669.64
6893,2320,177,3,4693.72
6894,2320,401,1,3192.33
6895,2320,108,4,1786.01
6896,2320,1001,3,3218.55
6897,2321,1325,1,4274.83
6898,2321,1773,4,2928.05
6899,2321,1788,3,4140.42
6900,2322,47,1,2508.58
6901,2322,1947,4,3151.45
6902,2323,839,5,780.45
6903,2324,847,9,3334.83
6904,2324,297,2,4230.62
6905,2324,1847,3,984.64
6906,2324,1297,2,3439.58
6907,2324,997,1,4138.65
6908,2325,1240,6,2043.28
6909,2326,598,1,4301.25
6910,2327,1954,1,4050.68
6911,2328,127,8,2751.9
6912,2329,1895,10,1286.96
6913,2330,524,4,3363.09
6914,2330,1324,2,3751.52
6915,2331,375,7,1847.25
6916,2331,225,7,1726.05
6917,2331,525,1,2414.87
6918,2331,325,3,384.42
6919,2332,837,6,322.35
6920,2332,448,3,367.63
6921,2332,1772,3,457.98
6922,2333,208,5,4384.14
6923,2334,799,5,1641.99
6924,2335,1352,6,665.94
6925,2335,502,2,4936.86
6926,2335,102,5,4080.74
6927,2335,252,6,1274.77
6928,2335,502,8,62.09
6929,2336,1333,9,4118.94
6930,2336,1233,3,3144.81
6931,2337,1720,7,4875.2
6932,2337,500,8,4205.7
6933,2338,424,1,652.75
6934,2338,574,6,2527.94
6935,2338,274,2,3407.84
6936,2338,1374,2,1898.32
6937,2338,124,6,4981.8
6938,2339,490,8,659.9
6939,2339,40,1,3809.56
6940,2339,1540,7,503.97
6941,2340,602,2,3319.86
6942,2340,1852,7,656.87
6943,2340,1652,10,3368.8
6944,2340,202,1,2154.32
6945,2340,1952,2,290.21
6946,2341,1593,7,2384.54
6947,2341,1868,7,4307.64
6948,2342,83,10,4885.18
6949,2342,583,5,2741.81
6950,2342,1583,6,1848.21
6951,2342,233,5,2902.2
6952,2342,1583,9,1741.03
6953,2343,999,8,580.69
6954,2343,171,6,2079.25
6955,2343,1006,9,2897.49
6956,2344,310,2,4059.44
6957,2344,510,2,1660.18
6958,2344,760,9,2996.76
6959,2344,760,7,59.65
6960,2345,1292,3,146.46
6961,2345,792,5,2586.41
6962,2345,542,5,148.85
6963,2345,142,6,769.24
6964,2345,292,8,3847.36
6965,2346,1305,3,1459.36
6966,2346,1605,8,537.59
6967,2346,1955,3,1740.95
6968,2346,455,10,3097.67
6969,2346,405,10,3517.33
6970,2347,1802,1,990.14
6971,2347,1694,7,2866.37
6972,2347,480,3,4202.56
6973,2347,1259,2,4728.25
6974,2348,535,1,4559.95
6975,2348,935,9,1805.42
6976,2348,1585,8,3517.08
6977,2348,585,5,2002.71
6978,2348,185,9,4400.06
6979,2349,696,10,2395.07
6980,2349,1403,2,4920.59
6981,2349,1127,5,4623.21
6982,2349,1671,3,4729.54
6983,2350,1747,3,222.2
6984,2350,747,1,3615.46
6985,2350,947,4,2104.31
6986,2350,1347,9,4060.19
6987,2351,887,9,922.38
6988,2351,437,2,2720.17
6989,2351,1837,8,2094.73
6990,2351,1537,2,860.37
6991,2351,487,10,1380.86
6992,2352,1826,4,3176.69
6993,2352,143,10,583.05
6994,2352,759,8,3639.04
6995,2353,825,3,2508.52
6996,2353,125,5,4789.14
6997,2353,1925,5,2298.53
6998,2353,1275,1,4135.77
6999,2354,1949,1,2294.87
7000,2354,879,7,768.46
7001,2354,964,10,818.0
7002,2354,533,6,708.78
7003,2354,747,6,3387.61
7004,2355,891,9,657.13
7005,2355,691,3,4199.03
7006,2355,891,1,229.49
7007,2356,1371,5,151.02
7008,2356,671,5,1036.09
7009,2356,471,10,1059.61
7010,2357,893,4,1174.79
7011,2357,43,10,3284.51
7012,2357,1343,3,1465.77
7013,2357,743,4,2814.9
7014,2358,459,2,3732.29
7015,2358,309,2,231.6
7016,2358,1159,4,2459.6
7017,2359,1058,9,4058.97
7018,2360,1388,6,3857.57
7019,2360,1688,4,1421.51
7020,2361,1023,2,711.52
7021,2361,1424,9,1459.9
7022,2361,1414,4,3801.67
7023,2362,1779,9,2346.4
7024,2362,754,1,1295.72
7025,2362,1132,10,3689.93
7026,2363,1058,8,1134.87
7027,2364,670,10,4586.73
7028,2364,209,1,3096.17
7029,2365,616,6,4838.41
7030,2365,66,10,3813.87
7031,2366,1133,10,2742.86
7032,2366,1499,4,4836.18
7033,2367,984,4,1666.02
7034,2367,1334,9,342.03
7035,2368,1691,9,385.7
7036,2368,1191,9,2704.45
7037,2368,1091,6,4726.58
7038,2368,1391,6,381.1
7039,2368,1141,6,2082.15
7040,2369,1659,1,234.13
7041,2369,1759,4,1987.82
7042,2369,909,8,238.87
7043,2370,1669,9,4493.67
7044,2370,1069,10,588.34
7045,2370,1269,3,3121.65
7046,2370,1919,5,2242.44
7047,2370,1869,4,1018.25
7048,2371,1139,8,3932.43
7049,2371,489,2,1256.5
7050,2371,39,1,1036.12
7051,2371,539,8,2177.74
7052,2372,1213,2,2952.01
7053,2373,1219,10,2366.32
7054,2374,894,3,2465.53
7055,2374,194,2,4891.05
7056,2374,1044,7,872.34
7057,2375,753,9,1447.42
7058,2375,996,10,95.81
7059,2376,205,9,2565.37
7060,2376,1605,10,3221.35
7061,2377,1728,8,121.77
7062,2378,1199,5,489.17
7063,2378,1999,7,2809.29
7064,2378,999,9,4780.67
7065,2379,1464,2,3148.15
7066,2379,1114,6,1038.18
7067,2379,1014,5,96.25
7068,2380,1119,4,255.92
7069,2380,1769,9,376.72
7070,2381,1190,4,1387.9
7071,2382,1165,7,2300.88
7072,2382,65,5,4272.84
7073,2382,915,6,4235.67
7074,2382,1315,4,3093.48
7075,2383,1187,9,4220.34
7076,2383,187,3,2430.28
7077,2384,909,3,3665.94
7078,2384,959,7,1037.94
7079,2384,1709,9,4757.63
7080,2385,959,2,1932.54
7081,2386,1686,6,2651.36
7082,2387,1552,4,1604.46
7083,2387,302,9,1097.48
7084,2387,1252,5,930.82
7085,2387,602,2,4678.18
7086,2388,1335,6,2393.53
7087,2388,1597,7,503.69
7088,2389,654,9,1549.21
7089,2389,1154,2,4414.37
7090,2389,954,3,855.34
7091,2390,1351,4,98.03
7092,2390,601,1,176.27
7093,2390,701,9,3757.43
7094,2390,1851,6,3275.58
7095,2390,801,4,824.55
7096,2391,1252,8,4508.51
7097,2391,302,1,1344.97
7098,2391,1752,9,4693.83
7099,2392,71,3,1513.73
7100,2392,171,1,2825.05
7101,2392,821,4,746.9
7102,2393,1082,6,4479.7
7103,2394,629,5,3323.58
7104,2394,129,5,1137.56
7105,2394,1129,1,673.32
7106,2394,329,2,3706.81
7107,2394,1229,3,183.47
7108,2395,1822,8,4454.64
7109,2395,422,7,723.24
7110,2395,722,9,3715.5
7111,2395,222,3,2312.47
7112,2396,513,3,2040.35
7113,2396,413,10,93.63
7114,2396,1113,8,1793.38
7115,2396,1013,2,2357.15
7116,2396,963,6,1424.76
7117,2397,192,9,656.64
7118,2397,842,8,996.83
7119,2397,1292,7,1589.66
7120,2398,1489,9,83.08
7121,2399,1114,9,3271.83
7122,2399,1914,2,3525.08
7123,2400,1375,6,4811.21
7124,2400,630,6,1519.13
7125,2400,908,5,4482.45
7126,2400,832,9,2724.66
7127,2401,351,5,4321.5
7128,2401,951,9,3950.4
7129,2401,101,9,3283.63
7130,2401,1551,9,705.98
7131,2401,401,7,134.81
7132,2402,1604,9,1559.14
7133,2402,1104,3,881.36
7134,2402,454,6,3834.94
7135,2403,608,4,4911.52
7136,2403,1831,8,2132.35
7137,2404,273,4,3534.56
7138,2404,473,10,3017.12
7139,2404,173,6,4047.57
7140,2404,1523,6,1598.98
7141,2404,923,9,1184.22
7142,2405,1373,5,405.98
7143,2406,1839,5,1279.4
7144,2406,966,10,2450.65
7145,2406,1311,3,3466.0
7146,2406,1715,1,969.54
7147,2406,562,3,4682.27
7148,2407,482,8,4468.63
7149,2408,1260,3,2650.23
7150,2409,1581,6,737.77
7151,2409,1381,7,4240.7
7152,2409,1981,2,200.96
7153,2409,1481,9,1471.85
7154,2409,81,1,4057.02
7155,2410,1864,8,3450.58
7156,2410,1349,8,1719.35
7157,2410,1416,3,1249.02
7158,2410,1016,7,998.88
7159,2411,1476,8,844.23
7160,2411,276,3,2598.34
7161,2411,876,1,4076.26
7162,2411,676,5,3535.73
7163,2412,856,3,3703.07
7164,2412,1456,9,4546.52
7165,2413,1156,8,1532.08
7166,2413,156,6,3523.81
7167,2413,106,8,3871.87
7168,2413,1756,4,2504.26
7169,2413,206,1,4451.06
7170,2414,1878,4,1135.11
7171,2414,70,7,3876.85
7172,2414,355,9,1922.16
7173,2415,289,8,3277.14
7174,2416,1218,2,3367.38
7175,2416,477,7,3296.67
7176,2417,866,3,2969.92
7177,2417,666,4,406.77
7178,2417,166,1,423.15
7179,2417,1066,2,2733.87
7180,2417,1166,6,1394.17
7181,2418,1544,9,2455.95
7182,2418,532,1,4409.95
7183,2418,587,9,474.89
7184,2419,968,8,3081.83
7185,2419,1218,4,755.66
7186,2419,1818,6,1054.23
7187,2419,1568,8,1279.77
7188,2420,695,3,4636.81
7189,2420,895,1,3529.84
7190,2421,1627,6,4008.07
7191,2421,1227,6,907.34
7192,2421,227,2,4703.89
7193,2421,1077,7,753.02
7194,2422,425,9,2485.4
7195,2422,525,3,712.16
7196,2423,1200,10,4171.64
7197,2423,118,4,4003.48
7198,2424,1200,4,4389.11
7199,2424,350,5,1310.64
7200,2425,217,9,3074.83
7201,2425,17,1,397.33
7202,2425,717,4,3202.69
7203,2425,617,8,3934.47
7204,2425,1317,3,2778.73
7205,2426,899,4,1582.49
7206,2426,1499,8,4168.22
7207,2426,1999,1,2347.41
7208,2426,1599,8,2588.43
7209,2427,663,7,1551.61
7210,2427,1734,3,710.93
7211,2427,77,2,1344.11
7212,2427,353,7,3420.41
7213,2428,1801,8,2889.37
7214,2428,751,7,3791.77
7215,2429,445,5,2344.54
7216,2429,495,8,4181.52
7217,2429,595,7,3746.7
7218,2430,1145,4,2259.97
7219,2430,845,7,642.47
7220,2431,1964,6,4925.14
7221,2432,977,5,3116.72
7222,2432,1427,1,2009.65
7223,2432,1927,10,874.84
7224,2432,527,2,3759.33
7225,2433,1909,6,2172.65
7226,2433,255,3,3101.13
7227,2433,178,3,2302.9
7228,2433,711,9,666.03
7229,2433,1353,4,2056.04
7230,2434,1501,10,1132.89
7231,2434,501,4,2802.95
7232,2434,951,10,1731.36
7233,2435,1130,3,3393.12
7234,2436,1744,1,1005.25
7235,2436,544,10,2281.13
7236,2436,194,6,452.84
7237,2436,644,2,924.32
7238,2437,38,8,4748.15
7239,2438,1116,3,3399.93
7240,2438,654,8,4663.39
7241,2439,951,2,1704.45
7242,2439,852,9,3684.5
7243,2439,250,10,4784.93
7244,2440,1039,1,2620.86
7245,2440,1790,2,4149.6
7246,2440,622,6,4246.14
7247,2440,20,2,881.34
7248,2441,831,7,2435.15
7249,2442,208,7,1483.75
7250,2442,1258,4,1255.18
7251,2442,1089,4,2306.12
7252,2442,797,4,657.92
7253,2443,1695,1,4928.39
7254,2443,618,2,248.0
7255,2443,897,8,2316.27
7256,2443,820,6,1270.29
7257,2444,506,10,2702.69
7258,2444,606,1,918.19
7259,2444,306,3,332.7
7260,2444,1556,10,4241.16
7261,2444,706,4,1688.79
7262,2445,1901,6,1736.1
7263,2445,1051,7,2518.03
7264,2445,1951,1,101.89
7265,2446,936,9,145.65
7266,2446,1636,9,2321.25
7267,2446,186,4,1407.65
7268,2446,286,2,1989.84
7269,2447,153,3,4331.74
7270,2447,1053,8,4874.71
7271,2447,103,1,274.18
7272,2447,703,6,2072.33
7273,2447,653,1,2568.6
7274,2448,1936,3,4351.35
7275,2448,1636,5,4064.97
7276,2448,186,10,1344.75
7277,2448,1936,8,1443.82
7278,2449,974,4,2877.99
7279,2449,324,8,2105.86
7280,2449,324,9,4446.8
7281,2449,1474,6,1022.18
7282,2449,1524,10,1198.17
7283,2450,545,9,2038.36
7284,2450,1245,2,2742.31
7285,2450,195,10,4618.02
7286,2451,1540,10,1952.52
7287,2451,1290,8,3524.42
7288,2451,840,8,3456.42
7289,2451,940,10,1844.26
7290,2452,1453,7,1776.92
7291,2452,1003,2,4689.55
7292,2452,1453,4,4931.41
7293,2452,1153,5,2652.25
7294,2452,1953,9,4953.2
7295,2453,1775,1,668.61
7296,2453,1888,6,4641.68
7297,2453,1792,2,2553.03
7298,2453,1068,3,3324.14
7299,2454,254,3,4065.15
7300,2454,1518,1,1860.29
7301,2454,10,4,1644.28
7302,2454,322,6,3197.65
7303,2455,1095,4,4769.25
7304,2455,695,9,942.09
7305,2455,795,7,4857.68
7306,2455,345,1,2209.77
7307,2455,1945,8,228.31
7308,2456,1851,8,3662.12
7309,2456,151,10,880.38
7310,2457,193,9,3557.12
7311,2457,1267,1,3064.76
7312,2457,1951,6,4562.13
7313,2457,1449,1,3946.29
7314,2458,397,7,3495.31
7315,2458,297,5,3620.93
7316,2458,397,1,455.68
7317,2458,997,10,4957.11
7318,2458,1847,8,1109.45
7319,2459,11,3,4362.86
7320,2460,476,5,3361.13
7321,2460,126,2,3110.91
7322,2461,1165,8,1250.68
7323,2461,263,5,4540.4
7324,2462,1072,4,1635.07
7325,2463,1566,5,803.62
7326,2463,766,10,4952.3
7327,2463,1566,7,4889.92
7328,2463,866,7,4106.41
7329,2464,579,10,466.45
7330,2464,1329,3,2662.32
7331,2464,829,1,96.01
7332,2464,429,4,3230.24
7333,2464,1879,1,3180.14
7334,2465,1400,4,1978.33
7335,2465,150,3,1209.43
7336,2465,150,4,1049.12
7337,2465,1350,2,2762.53
7338,2466,591,8,1788.81
7339,2466,1341,2,3457.03
7340,2466,1191,6,830.95
7341,2467,1136,8,3571.75
7342,2467,336,4,751.49
7343,2467,36,4,2279.75
7344,2467,1586,1,2917.85
7345,2467,1786,4,567.79
7346,2468,640,4,3037.95
7347,2468,598,2,1678.7
7348,2468,1873,4,1146.75
7349,2469,1363,1,4126.8
7350,2469,1613,1,634.67
7351,2469,813,9,399.38
7352,2470,1235,10,4350.54
7353,2470,1285,1,1272.02
7354,2470,585,1,3835.55
7355,2471,1187,9,3700.23
7356,2471,1337,7,3158.11
7357,2471,1787,1,1950.47
7358,2471,587,7,369.67
7359,2472,1682,8,736.59
7360,2473,614,8,2505.96
7361,2473,64,8,3885.55
7362,2473,864,6,4610.87
7363,2473,1064,4,2762.89
7364,2474,995,5,3251.49
7365,2474,145,3,555.95
7366,2474,895,1,3650.01
7367,2474,1695,9,3086.83
7368,2475,1039,4,3617.15
7369,2475,1789,10,4733.92
7370,2476,501,1,1680.85
7371,2476,1985,7,2537.5
7372,2476,1464,8,1159.82
7373,2476,618,6,4068.72
7374,2476,274,3,2010.19
7375,2477,723,10,4511.13
7376,2477,1805,9,4660.0
7377,2477,362,6,1252.07
7378,2478,814,2,94.54
7379,2479,1284,7,4699.11
7380,2480,681,2,60.73
7381,2481,1437,6,66.18
7382,2482,1143,5,4366.13
7383,2482,1528,3,2275.92
7384,2482,962,7,4519.79
7385,2482,348,6,4011.66
7386,2482,810,1,1838.31
7387,2483,1497,6,4189.61
7388,2483,1717,2,1877.66
7389,2484,482,3,1296.3
7390,2484,1187,8,4965.16
7391,2484,1016,3,3267.84
7392,2484,533,9,2961.67
7393,2485,1450,8,3783.03
7394,2485,647,7,4958.14
7395,2485,1259,2,2892.97
7396,2485,1824,5,2145.68
7397,2485,1807,6,1924.39
7398,2486,61,4,964.45
7399,2487,1183,10,1549.61
7400,2487,533,8,675.64
7401,2487,1083,4,3474.18
7402,2487,1133,6,711.13
7403,2487,1133,9,730.78
7404,2488,1094,1,3331.46
7405,2488,1744,3,1779.34
7406,2488,194,1,107.34
7407,2488,394,3,3888.27
7408,2488,1344,10,3782.63
7409,2489,319,3,4431.64
7410,2489,819,4,1344.28
7411,2489,1369,8,3301.54
7412,2489,69,10,2949.15
7413,2489,969,8,4411.48
7414,2490,1332,7,383.49
7415,2490,76,2,3270.13
7416,2490,1545,2,2323.67
7417,2490,892,9,2692.72
7418,2490,145,9,3604.87
7419,2491,762,7,3076.4
7420,2492,309,9,4626.66
7421,2492,459,5,1557.42
7422,2492,1809,5,2028.77
7423,2492,459,2,2329.47
7424,2493,747,2,2233.4
7425,2493,1497,1,1508.02
7426,2493,1647,5,3235.96
7427,2494,705,5,1707.8
7428,2494,355,2,3452.61
7429,2494,1955,9,4412.23
7430,2495,315,9,593.35
7431,2495,1665,7,4024.01
7432,2496,238,6,1996.22
7433,2497,1804,3,2187.61
7434,2498,1050,2,2133.58
7435,2498,1398,5,4979.33
7436,2498,1796,1,3221.97
7437,2498,721,7,1475.32
7438,2499,1849,5,4783.28
7439,2500,1009,3,3129.21
7440,2500,309,3,4473.25
7441,2500,959,10,2744.1
7442,2501,1927,7,4047.3
7443,2502,1224,5,2647.69
7444,2502,975,4,3986.61
7445,2502,333,6,3991.68
7446,2503,1145,4,1070.29
7447,2503,1245,8,1790.88
7448,2503,1545,10,3870.88
7449,2504,386,9,2688.99
7450,2504,1936,9,2469.09
7451,2505,1475,10,3355.95
7452,2505,1525,3,3764.39
7453,2505,875,3,1584.23
7454,2505,1775,8,2062.27
7455,2506,922,10,2240.43
7456,2507,1471,7,978.76
7457,2508,210,10,1461.5
7458,2508,1360,10,1414.27
7459,2508,1610,5,2352.22
7460,2508,860,3,3950.76
7461,2509,1321,10,2942.06
7462,2509,771,8,1597.1
7463,2510,1184,4,3388.69
7464,2511,1214,7,4986.3
7465,2511,1614,2,1593.9
7466,2512,1924,8,2503.78
7467,2512,1474,2,2898.15
7468,2512,1124,5,1675.1
7469,2513,1264,5,241.3
7470,2513,805,10,4470.62
7471,2513,161,8,2295.81
7472,2514,583,7,1297.59
7473,2514,1683,1,1661.73
7474,2514,283,4,4819.84
7475,2515,453,3,717.68
7476,2515,1726,8,2058.18
7477,2516,143,5,1719.65
7478,2516,1593,4,690.56
7479,2516,393,7,506.69
7480,2516,1043,7,3109.17
7481,2517,528,10,1425.83
7482,2517,1173,3,872.23
7483,2517,1157,10,3986.33
7484,2517,455,9,4015.65
7485,2518,1717,7,4635.53
7486,2518,117,9,2669.55
7487,2518,1417,4,4022.95
7488,2519,837,3,173.24
7489,2520,1327,7,4292.6
7490,2520,505,1,3869.21
7491,2520,477,8,2070.3
7492,2521,908,9,2771.1
7493,2521,175,7,1261.35
7494,2521,1897,1,3673.51
7495,2521,1353,7,3780.8
7496,2521,327,8,4543.63
7497,2522,614,8,3860.97
7498,2522,96,5,2718.01
7499,2522,902,9,3626.83
7500,2523,1826,7,4326.58
7501,2524,572,3,4207.01
7502,2524,443,2,718.27
7503,2525,1508,3,3405.06
7504,2525,1508,9,3042.17
7505,2525,558,5,987.14
7506,2525,1758,9,3420.17
7507,2526,909,7,1671.99
7508,2526,1009,1,3634.26
7509,2526,159,9,89.83
7510,2526,59,10,3209.45
7511,2527,870,5,2772.01
7512,2527,720,9,4313.89
7513,2528,545,3,2711.03
7514,2528,995,5,1757.24
7515,2528,1295,9,2582.02
7516,2528,1895,10,1214.15
7517,2529,1075,8,481.25
7518,2529,134,1,2765.73
7519,2530,1709,2,2848.91
7520,2530,1118,1,1112.11
7521,2531,931,4,1094.68
7522,2531,1981,8,3904.57
7523,2531,1281,4,1817.86
7524,2532,699,9,2080.23
7525,2532,561,9,517.04
7526,2532,1191,9,3395.02
7527,2532,67,3,3765.55
7528,2532,1378,2,4342.89
7529,2533,996,7,3373.99
7530,2534,1484,7,1268.83
7531,2534,1984,9,3371.95
7532,2534,1784,3,4531.0
7533,2534,734,3,945.78
7534,2535,1909,10,4533.6
7535,2536,66,9,1600.3
7536,2536,1616,1,2279.85
7537,2536,1966,8,243.0
7538,2536,1166,3,1100.67
7539,2537,1404,3,3731.9
7540,2537,504,2,4437.54
7541,2537,804,6,4077.97
7542,2537,454,7,402.77
7543,2537,1304,2,1317.01
7544,2538,1765,3,2705.97
7545,2538,187,7,3400.03
7546,2538,1503,4,564.33
7547,2538,360,10,1337.78
7548,2538,1311,2,4188.48
7549,2539,1669,7,4608.71
7550,2539,1176,6,3412.23
7551,2539,1963,2,2681.25
7552,2539,306,9,324.94
7553,2539,1321,3,81.1
7554,2540,1591,9,114.76
7555,2540,341,7,395.71
7556,2541,317,2,2769.32
7557,2541,127,5,3729.3
7558,2541,1952,6,3684.9
7559,2542,15,4,2622.48
7560,2542,1215,2,2110.28
7561,2542,115,6,2785.63
7562,2542,615,6,2121.49
7563,2542,265,3,3431.04
7564,2543,1451,6,2139.17
7565,2543,451,2,3775.36
7566,2543,1,5,3147.6
7567,2544,750,10,2211.44
7568,2544,350,3,2912.67
7569,2544,950,4,3626.41
7570,2544,950,5,3747.8
7571,2544,1300,7,2429.18
7572,2545,127,8,2002.1
7573,2545,877,7,2258.34
7574,2545,277,5,3171.1
7575,2545,577,1,542.67
7576,2545,77,9,3613.32
7577,2546,1743,10,4121.05
7578,2546,893,6,995.77
7579,2546,793,10,1910.02
7580,2547,299,1,2772.56
7581,2547,561,5,3371.99
7582,2547,1849,7,1825.4
7583,2547,1915,3,4398.48
7584,2548,1362,1,978.14
7585,2548,1512,9,2662.85
7586,2548,212,2,4040.26
7587,2549,916,6,3232.03
7588,2549,116,3,1930.22
7589,2549,566,10,2040.4
7590,2550,54,8,1611.19
7591,2551,937,2,2305.7
7592,2551,1587,1,2093.02
7593,2551,1937,8,2247.26
7594,2551,337,5,4261.99
7595,2552,13,2,2024.17
7596,2553,268,4,4639.77
7597,2553,1668,7,456.05
7598,2553,818,10,518.56
7599,2553,1818,4,1617.67
7600,2554,1480,8,766.36
7601,2554,892,8,4149.7
7602,2554,746,2,3303.14
7603,2554,937,9,3957.43
7604,2554,333,5,3386.67
7605,2555,779,4,2571.21
7606,2555,379,3,1995.49
7607,2555,1654,8,336.86
7608,2556,1105,5,409.6
7609,2556,905,2,1350.76
7610,2556,955,7,307.15
7611,2556,1755,10,2914.19
7612,2556,805,3,2950.81
7613,2557,1513,1,4496.43
7614,2557,263,3,3053.42
7615,2558,10,4,3823.9
7616,2558,1608,8,796.85
7617,2558,1930,1,4696.98
7618,2558,1705,7,2475.66
7619,2558,150,4,2714.2
7620,2559,123,8,4963.89
7621,2559,873,4,4369.68
7622,2559,423,3,2430.81
7623,2559,1623,10,4778.55
7624,2560,485,8,3386.84
7625,2561,15,4,1102.6
7626,2562,1790,2,1500.41
7627,2562,1986,8,4596.09
7628,2562,76,6,424.91
7629,2562,1854,9,3399.48
7630,2563,396,9,3079.85
7631,2563,996,4,1914.18
7632,2563,496,5,4443.88
7633,2563,1496,8,1375.24
7634,2563,346,6,2272.79
7635,2564,497,3,2509.12
7636,2564,1747,9,3942.16
7637,2564,47,5,3558.99
7638,2564,197,3,2469.11
7639,2565,1229,1,461.29
7640,2565,1679,10,796.63
7641,2565,929,7,2343.39
7642,2566,1290,2,3023.22
7643,2566,440,6,635.5
7644,2566,940,8,201.96
7645,2566,1990,9,2306.07
7646,2566,1890,2,2110.74
7647,2567,908,4,4021.17
7648,2568,664,10,4429.42
7649,2568,564,6,1239.59
7650,2568,1114,9,1331.54
7651,2568,214,6,1522.55
7652,2569,1268,9,2266.12
7653,2569,868,10,3458.07
7654,2569,1518,3,3321.19
7655,2569,1568,2,1447.64
7656,2570,340,10,3670.22
7657,2570,1940,10,1936.65
7658,2570,1240,7,4858.07
7659,2570,1690,6,91.2
7660,2570,390,7,176.5
7661,2571,1072,7,1801.56
7662,2572,452,6,1881.35
7663,2573,1114,1,3385.09
7664,2574,92,7,4251.45
7665,2575,1262,5,3680.3
7666,2575,362,4,2722.7
7667,2575,862,1,4526.65
7668,2575,62,7,4881.77
7669,2576,965,2,116.43
7670,2576,265,10,3640.53
7671,2576,1865,8,3329.41
7672,2576,465,8,885.99
7673,2576,1165,2,2903.5
7674,2577,1351,2,2124.01
7675,2577,1501,1,204.46
7676,2577,1751,8,961.21
7677,2577,851,6,1035.48
7678,2578,66,6,2567.56
7679,2578,42,2,2449.8
7680,2578,1256,1,4503.75
7681,2578,426,1,310.43
7682,2579,1928,1,3280.59
7683,2579,1353,2,3760.67
7684,2579,748,8,4716.42
7685,2580,1304,3,1808.64
7686,2580,1854,5,4404.66
7687,2580,1154,4,3248.97
7688,2580,1504,5,3065.33
7689,2580,254,4,911.94
7690,2581,1387,5,1035.55
7691,2582,1333,4,1268.44
7692,2583,141,3,741.31
7693,2584,1504,5,4119.89
7694,2584,1188,8,4741.73
7695,2584,31,5,1525.61
7696,2584,1825,4,109.19
7697,2585,1652,9,2465.69
7698,2585,852,7,2428.42
7699,2585,1252,5,1730.74
7700,2585,1102,4,1486.73
7701,2585,1602,4,3659.17
7702,2586,1030,2,3410.37
7703,2586,430,9,3811.24
7704,2586,80,1,1036.07
7705,2587,420,6,169.03
7706,2587,803,1,1598.65
7707,2587,436,4,1254.48
7708,2587,985,6,532.71
7709,2588,1347,8,2804.06
7710,2589,725,8,3144.64
7711,2589,1394,4,2091.9
7712,2589,1884,3,1788.4
7713,2590,1318,7,3932.66
7714,2590,268,1,885.65
7715,2591,809,3,4717.88
7716,2591,1209,8,718.05
7717,2592,359,2,4241.83
7718,2592,609,2,68.26
7719,2592,9,3,2864.36
7720,2592,1159,10,3170.4
7721,2592,959,5,4919.94
7722,2593,1179,9,2862.85
7723,2593,846,6,3176.6
7724,2593,721,5,4492.78
7725,2593,857,6,3051.51
7726,2593,959,9,3313.69
7727,2594,403,5,909.85
7728,2594,1753,3,581.28
7729,2594,253,9,1497.35
7730,2594,1103,4,1126.96
7731,2595,1799,4,3837.65
7732,2596,1469,3,3125.42
7733,2597,1502,9,2477.32
7734,2597,1152,3,180.63
7735,2597,1352,1,3860.45
7736,2597,1152,6,808.32
7737,2598,353,6,1818.11
7738,2599,1983,2,1365.09
7739,2599,33,9,2425.31
7740,2599,1433,5,1193.48
7741,2599,433,4,84.62
7742,2599,1283,4,4876.47
7743,2600,832,4,4654.88
7744,2600,32,3,1660.27
7745,2600,1482,8,3301.53
7746,2600,1982,10,2227.5
7747,2600,982,7,2454.62
7748,2601,456,1,1193.44
7749,2601,1156,8,1844.03
7750,2601,506,7,3098.99
7751,2602,470,4,2967.05
7752,2602,1670,9,2384.79
7753,2602,70,9,1578.1
7754,2603,1596,3,2701.65
7755,2603,1446,5,108.87
7756,2603,946,9,3504.98
7757,2603,1046,9,3827.92
7758,2603,1196,9,1865.77
7759,2604,1312,3,391.62
7760,2604,1562,1,291.81
7761,2605,526,6,3560.05
7762,2605,1126,6,1792.17
7763,2605,1676,7,1345.3
7764,2606,386,2,2612.74
7765,2606,1782,1,1232.89
7766,2606,1712,6,3651.76
7767,2606,278,9,3919.19
7768,2607,318,2,2088.53
7769,2607,468,9,3486.31
7770,2607,1718,7,2781.39
7771,2607,1218,4,1745.4
7772,2607,18,7,1059.99
7773,2608,293,7,3864.54
7774,2608,554,7,1701.12
7775,2608,1403,7,652.16
7776,2608,589,8,3301.17
7777,2609,1829,6,3313.33
7778,2609,470,2,4880.82
7779,2610,1095,10,3426.52
7780,2610,945,8,262.31
7781,2611,1817,8,1157.36
7782,2611,1817,4,2037.17
7783,2611,767,7,3546.53
7784,2612,1021,1,2140.08
7785,2612,1503,8,1571.26
7786,2612,1395,10,3715.02
7787,2613,1260,1,165.71
7788,2613,910,8,3796.27
7789,2614,1019,3,3893.71
7790,2615,1379,9,2014.68
7791,2615,1545,10,4041.77
7792,2616,127,2,1458.94
7793,2616,1585,5,2728.22
7794,2616,1111,10,1588.62
7795,2616,1097,6,1347.62
7796,2616,1915,2,942.45
7797,2617,1226,1,2151.24
7798,2617,843,10,457.59
7799,2618,247,2,2814.06
7800,2618,1447,7,2244.74
7801,2618,1497,3,1098.84
7802,2618,1247,10,2062.5
7803,2618,1647,6,2178.41
7804,2619,1174,9,2388.05
7805,2619,1374,9,1780.55
7806,2619,1124,10,3632.71
7807,2619,424,2,4467.33
7808,2620,1271,8,3491.74
7809,2621,1839,8,139.51
7810,2621,233,7,1035.13
7811,2621,1086,8,3166.21
7812,2622,329,3,4179.73
7813,2622,829,9,591.8
7814,2622,1529,7,374.86
7815,2622,1429,10,1149.87
7816,2623,795,3,4740.04
7817,2623,95,9,815.46
7818,2623,1995,1,2433.96
7819,2624,660,5,491.05
7820,2624,1455,4,4611.22
7821,2624,1264,3,1434.51
7822,2624,837,10,4607.72
7823,2624,372,2,3641.35
7824,2625,555,5,888.43
7825,2625,1355,6,2627.02
7826,2626,523,6,3692.82
7827,2626,1962,2,1292.61
7828,2626,1591,5,1128.06
7829,2627,1054,10,4504.48
7830,2627,1454,10,678.39
7831,2628,354,2,1831.12
7832,2629,1272,3,3604.27
7833,2629,1600,9,979.27
7834,2629,1615,10,1452.7
7835,2630,859,5,3022.06
7836,2630,809,8,2010.62
7837,2630,859,3,1196.79
7838,2630,1259,10,578.78
7839,2630,1259,1,1211.05
7840,2631,462,8,4760.87
7841,2631,112,8,2956.84
7842,2632,1531,2,2316.83
7843,2632,164,1,1857.42
7844,2633,790,8,4258.82
7845,2633,1240,8,891.6
7846,2633,190,1,2837.0
7847,2634,302,2,1789.19
7848,2634,1552,2,507.94
7849,2634,1252,10,4086.65
7850,2634,1102,10,4151.71
7851,2634,352,2,2387.49
7852,2635,1477,7,3490.82
7853,2635,375,2,1872.26
7854,2635,707,4,2142.62
7855,2635,1831,9,4767.06
7856,2635,1337,5,4939.14
7857,2636,1272,1,3840.12
7858,2636,572,7,4656.41
7859,2636,622,3,2613.19
7860,2636,1122,4,1961.53
7861,2637,1239,2,2666.52
7862,2637,349,8,4824.24
7863,2637,1145,2,4085.85
7864,2637,1289,4,4579.99
7865,2638,600,2,3489.1
7866,2638,1950,8,3740.16
7867,2638,500,7,3617.61
7868,2638,1900,5,1634.11
7869,2639,1083,10,3740.51
7870,2639,1617,10,4200.5
7871,2639,1900,5,4250.1
7872,2639,420,8,3055.06
7873,2640,1453,4,4152.38
7874,2641,126,8,309.15
7875,2641,1026,7,1324.02
7876,2641,1426,1,3007.72
7877,2641,326,1,3524.72
7878,2641,926,6,2431.86
7879,2642,1329,1,1946.88
7880,2642,178,3,1989.38
7881,2642,596,1,1753.98
7882,2642,1971,3,2811.85
7883,2643,582,9,4313.45
7884,2643,1632,6,579.03
7885,2644,1919,9,4202.2
7886,2644,469,6,2727.81
7887,2644,1519,3,3607.86
7888,2645,476,1,4952.31
7889,2645,426,7,3832.89
7890,2645,1076,8,2419.91
7891,2646,553,7,1117.84
7892,2646,1503,1,1609.74
7893,2646,1053,10,3179.96
7894,2646,153,6,188.3
7895,2646,103,7,665.89
7896,2647,883,8,608.38
7897,2648,1881,2,331.59
7898,2648,481,3,314.06
7899,2648,1731,10,582.6
7900,2648,1131,5,3034.47
7901,2649,1358,9,4208.13
7902,2649,1108,5,2341.02
7903,2649,1758,4,3088.89
7904,2649,1108,4,3374.93
7905,2649,1808,5,4525.3
7906,2650,1277,3,4602.57
7907,2650,27,3,3433.18
7908,2650,877,4,2785.77
7909,2650,427,3,954.41
7910,2650,477,6,1098.89
7911,2651,1982,10,703.69
7912,2651,932,6,189.27
7913,2651,82,2,4749.38
7914,2652,803,7,2460.15
7915,2652,803,8,2756.51
7916,2652,1703,9,2384.19
7917,2652,1653,4,4275.38
7918,2652,853,9,3151.07
7919,2653,282,6,2165.33
7920,2653,1832,10,2727.14
7921,2653,782,7,1801.23
7922,2653,882,5,2531.83
7923,2653,282,10,3819.82
7924,2654,41,10,3519.75
7925,2654,1491,8,4593.91
7926,2655,184,5,3258.15
7927,2656,1086,2,1798.18
7928,2656,186,1,101.5
7929,2656,1736,6,3483.38
7930,2657,613,9,1501.99
7931,2657,1063,3,1685.58
7932,2658,1955,8,1980.43
7933,2658,855,2,3881.61
7934,2658,1005,4,975.24
7935,2658,405,6,2415.09
7936,2659,1908,6,789.75
7937,2659,758,7,3814.32
7938,2659,708,10,991.22
7939,2659,1308,7,306.14
7940,2659,458,3,1673.91
7941,2660,1648,10,3985.59
7942,2660,1398,9,2893.8
7943,2660,48,2,3548.92
7944,2660,1248,9,3652.36
7945,2660,498,4,3590.24
7946,2661,630,6,2506.73
7947,2661,1823,5,4142.63
7948,2661,1616,5,3263.4
7949,2662,191,10,1702.34
7950,2662,1891,10,3831.9
7951,2662,1141,4,4379.72
7952,2663,854,1,246.34
7953,2663,1054,8,1159.06
7954,2663,1104,10,210.73
7955,2663,654,4,957.66
7956,2663,154,6,4251.22
7957,2664,649,3,785.28
7958,2664,1599,4,3986.11
7959,2664,199,1,957.16
7960,2664,549,6,3091.63
7961,2665,1774,10,2467.15
7962,2665,1674,3,3216.84
7963,2665,1824,7,87.05
7964,2665,424,6,1806.94
7965,2665,1674,3,4916.48
7966,2666,1574,4,4220.68
7967,2666,1174,6,1127.74
7968,2666,224,10,4101.38
7969,2666,1524,10,4023.82
7970,2667,908,7,3526.25
7971,2667,308,10,2808.29
7972,2667,8,9,3019.73
7973,2667,108,4,2397.39
7974,2668,154,4,2367.25
7975,2668,1754,9,3972.77
7976,2668,354,2,658.45
7977,2668,1804,5,1411.36
7978,2669,702,1,2867.58
7979,2669,1102,1,4257.94
7980,2669,1052,3,1743.3
7981,2669,552,6,4648.2
7982,2670,1721,3,824.8
7983,2670,371,1,4784.83
7984,2670,221,8,3810.41
7985,2670,421,4,4658.29
7986,2671,1274,1,4021.73
7987,2671,424,2,2116.8
7988,2671,1374,8,2738.35
7989,2672,846,4,1030.04
7990,2672,96,2,3120.91
7991,2672,1796,7,1797.72
7992,2673,1409,2,4076.08
7993,2673,1359,5,2033.48
7994,2673,1909,5,2711.39
7995,2674,1350,3,4835.04
7996,2675,46,7,4674.17
7997,2675,1619,2,1797.19
7998,2676,164,2,2216.39
7999,2676,1229,10,4626.77
8000,2676,1661,8,2842.27
8001,2677,613,8,3217.09
8002,2678,376,6,4080.36
8003,2679,1629,6,3075.89
8004,2680,1285,10,3939.08
8005,2680,85,4,2073.41
8006,2680,1235,1,3518.31
8007,2680,385,5,2449.78
8008,2681,1542,7,303.33
8009,2681,1291,6,2490.5
8010,2681,39,7,4484.56
8011,2681,860,3,2389.24
8012,2682,1627,2,3667.9
8013,2682,1761,3,3671.2
8014,2682,1770,6,2983.4
8015,2682,1142,3,739.18
8016,2682,505,2,2601.24
8017,2683,201,2,2009.15
8018,2683,1901,7,457.74
8019,2683,1351,8,121.9
8020,2683,1351,5,196.48
8021,2683,501,9,3362.37
8022,2684,421,8,3198.79
8023,2684,621,4,2837.76
8024,2684,71,10,3584.02
8025,2684,1721,2,4292.37
8026,2684,1921,2,3434.19
8027,2685,1171,10,3373.94
8028,2685,1821,3,3700.35
8029,2685,21,8,3086.18
8030,2685,271,9,4691.47
8031,2686,711,4,3952.12
8032,2686,1661,1,784.75
8033,2686,1761,7,3863.59
8034,2686,361,3,4000.25
8035,2687,583,3,2800.66
8036,2688,1030,8,4650.28
8037,2688,1630,3,4208.7
8038,2689,175,9,819.61
8039,2689,75,2,2646.11
8040,2690,1571,3,1891.71
8041,2690,71,6,375.82
8042,2691,1548,10,3123.27
8043,2692,1562,7,1489.22
8044,2692,1312,10,2516.11
8045,2693,402,6,726.58
8046,2693,652,5,808.41
8047,2693,302,2,2027.1
8048,2693,702,2,2941.64
8049,2694,728,5,617.48
8050,2694,1675,10,3661.39
8051,2694,1162,5,1647.62
8052,2695,621,5,327.52
8053,2695,1721,10,2533.86
8054,2695,1071,7,4006.36
8055,2695,1671,7,415.34
8056,2695,1221,2,4337.94
8057,2696,1730,10,3876.08
8058,2696,28,9,3055.68
8059,2696,898,1,116.31
8060,2696,552,2,2774.5
8061,2697,1871,2,1899.01
8062,2697,389,7,4506.88
8063,2698,650,7,1017.2
8064,2698,381,10,4010.89
8065,2698,236,3,3147.88
8066,2698,1802,5,1540.98
8067,2699,60,6,1567.47
8068,2699,923,9,4980.2
8069,2699,890,9,2908.2
8070,2700,1277,9,2945.17
8071,2700,494,8,4723.65
8072,2700,1276,2,4319.12
8073,2701,1046,5,767.94
8074,2701,996,2,849.28
8075,2702,1599,4,4000.55
8076,2702,961,1,104.77
8077,2703,366,5,712.01
8078,2703,266,1,1357.25
8079,2703,1216,2,2463.05
8080,2704,672,9,1493.77
8081,2704,450,1,4392.98
8082,2705,820,1,3052.87
8083,2706,226,5,3006.94
8084,2706,1330,4,1131.13
8085,2707,507,4,4436.07
8086,2707,1166,1,4541.51
8087,2708,1460,2,401.88
8088,2708,110,7,2473.63
8089,2708,910,7,3434.07
8090,2709,728,4,4737.43
8091,2709,278,2,3552.88
8092,2710,63,4,2642.38
8093,2711,563,5,87.86
8094,2711,323,6,1509.54
8095,2711,815,8,1820.82
8096,2711,433,2,1696.6
8097,2711,1382,7,3128.2
8098,2712,321,10,4119.27
8099,2712,384,2,3525.7
8100,2713,334,10,4849.38
8101,2713,1039,10,4997.17
8102,2713,1794,8,2375.7
8103,2713,1287,1,446.61
8104,2713,15,9,975.25
8105,2714,908,9,2216.24
8106,2714,658,7,2212.41
8107,2714,958,3,446.99
8108,2714,658,8,2471.85
8109,2715,529,6,4198.85
8110,2715,637,6,2276.19
8111,2715,222,4,4740.17
8112,2716,688,9,959.29
8113,2716,1984,9,419.65
8114,2716,1785,3,4630.43
8115,2716,1229,2,2553.41
8116,2717,1968,3,3098.89
8117,2718,1318,6,871.8
8118,2718,618,5,222.78
8119,2718,1868,8,585.1
8120,2719,1901,4,582.72
8121,2719,1170,5,2185.32
8122,2719,172,6,758.35
8123,2720,547,4,382.69
8124,2720,897,3,2896.19
8125,2720,647,4,2664.31
8126,2721,307,8,968.25
8127,2721,1157,10,700.4
8128,2722,1803,1,3015.33
8129,2722,1903,2,393.78
8130,2723,1882,3,4201.43
8131,2723,1681,3,2228.4
8132,2723,171,7,539.26
8133,2723,1391,9,1309.62
8134,2723,1655,3,1768.37
8135,2724,1535,8,3480.3
8136,2725,1108,2,4730.68
8137,2725,1008,4,898.04
8138,2726,352,2,3660.12
8139,2726,1802,9,512.59
8140,2726,52,9,1878.76
8141,2726,852,4,4748.62
8142,2727,1929,2,2828.15
8143,2727,529,4,624.04
8144,2728,644,5,853.28
8145,2728,277,9,1303.1
8146,2728,1214,7,2772.23
8147,2728,982,2,2974.15
8148,2728,885,7,375.59
8149,2729,1676,5,845.69
8150,2729,276,10,297.46
8151,2729,1426,1,1161.25
8152,2730,253,2,586.03
8153,2731,1004,1,1535.14
8154,2732,1017,8,1189.35
8155,2732,1115,5,2576.65
8156,2732,1344,6,721.61
8157,2733,263,4,2847.25
8158,2733,96,8,3851.7
8159,2733,1024,1,3160.8
8160,2733,1878,7,3410.6
8161,2734,638,2,4598.35
8162,2735,788,5,378.19
8163,2735,1838,7,1954.44
8164,2735,888,1,2055.34
8165,2735,1738,9,1724.5
8166,2736,1679,5,3942.27
8167,2736,1531,5,1365.63
8168,2736,1562,3,1470.03
8169,2736,1073,1,4512.05
8170,2736,1108,10,3746.07
8171,2737,423,3,2113.53
8172,2737,823,3,2492.65
8173,2737,1973,7,2136.87
8174,2737,1473,8,4706.5
8175,2737,623,4,4743.96
8176,2738,1671,9,4962.49
8177,2738,171,3,488.68
8178,2738,921,3,1930.28
8179,2739,1133,7,1112.24
8180,2739,845,6,4822.4
8181,2739,1060,9,3393.84
8182,2739,759,7,3745.93
8183,2739,49,10,2483.37
8184,2740,719,9,958.76
8185,2740,1919,4,1548.53
8186,2740,1019,5,954.75
8187,2740,1669,6,3100.61
8188,2741,1308,6,721.81
8189,2741,972,2,3992.14
8190,2741,24,7,950.85
8191,2741,1866,3,1671.1
8192,2741,34,7,631.2
8193,2742,541,5,4828.3
8194,2742,1441,9,2362.84
8195,2743,1273,2,4018.86
8196,2743,623,2,3851.07
8197,2744,968,4,1243.5
8198,2744,767,3,4884.08
8199,2744,932,1,2128.99
8200,2744,1292,2,4333.27
8201,2745,891,3,3087.3
8202,2745,1134,8,3900.97
8203,2745,1249,9,98.51
8204,2745,708,4,1193.48
8205,2745,1914,6,841.96
8206,2746,1291,6,3007.51
8207,2746,520,4,4018.71
8208,2746,1396,4,4853.39
8209,2747,904,2,1618.19
8210,2747,1154,6,2206.38
8211,2747,104,4,3969.22
8212,2747,1454,7,3775.81
8213,2747,1204,1,3980.99
8214,2748,1821,5,964.16
8215,2748,221,3,1636.09
8216,2748,1271,9,1335.91
8217,2749,1188,6,2410.47
8218,2749,438,8,4631.57
8219,2749,1588,9,3924.89
8220,2750,1168,5,3718.71
8221,2750,1568,8,4864.24
8222,2750,18,8,3091.94
8223,2751,1202,2,1520.12
8224,2751,252,1,4744.15
8225,2751,1952,5,3980.18
8226,2751,1452,5,310.06
8227,2752,1907,9,1718.59
8228,2752,457,6,786.81
8229,2752,207,6,848.56
8230,2752,1957,2,1983.16
8231,2753,1945,9,299.43
8232,2753,195,3,3879.2
8233,2754,1141,3,606.88
8234,2754,1291,6,2903.89
8235,2754,291,5,3943.73
8236,2754,1491,4,981.89
8237,2754,1841,9,581.08
8238,2755,1373,8,4884.14
8239,2755,1097,10,4542.41
8240,2755,517,2,2361.37
8241,2755,303,1,4440.79
8242,2756,1595,10,3187.25
8243,2756,1895,7,1175.21
8244,2756,1845,10,2637.96
8245,2756,945,7,3686.27
8246,2756,1395,2,4467.78
8247,2757,378,10,325.1
8248,2757,778,5,3604.43
8249,2758,1553,8,665.28
8250,2758,303,6,2708.41
8251,2759,832,4,4063.19
8252,2759,132,1,2217.01
8253,2759,1932,6,4519.26
8254,2760,998,8,3954.83
8255,2760,948,7,2604.6
8256,2760,548,7,1385.39
8257,2760,1298,10,3469.84
8258,2761,1983,4,1304.22
8259,2761,1181,9,1936.22
8260,2761,473,6,1576.17
8261,2762,359,4,390.85
8262,2762,9,8,4498.86
8263,2762,1209,6,3455.11
8264,2762,809,10,1723.27
8265,2762,759,7,708.72
8266,2763,464,9,3471.51
8267,2763,1864,5,4116.33
8268,2763,214,4,3202.14
8269,2763,1664,8,166.0
8270,2764,1726,4,4701.58
8271,2764,1626,2,1944.7
8272,2764,1026,10,563.4
8273,2764,976,10,1351.29
8274,2765,473,7,4678.04
8275,2765,482,2,1912.7
8276,2765,262,4,3131.8
8277,2765,992,5,2641.27
8278,2765,802,2,2319.77
8279,2766,1612,9,635.33
8280,2766,962,6,3928.31
8281,2767,141,4,3046.53
8282,2767,791,2,3148.34
8283,2768,523,1,3881.12
8284,2769,1439,10,4008.03
8285,2770,996,4,1726.39
8286,2770,1146,1,2036.29
8287,2770,546,8,2293.03
8288,2770,1546,4,4486.46
8289,2771,123,9,3885.9
8290,2771,473,6,4903.89
8291,2772,236,8,1150.66
8292,2772,486,3,2817.89
8293,2772,136,6,3083.24
8294,2772,336,6,3801.73
8295,2772,36,5,1084.74
8296,2773,841,5,96.73
8297,2774,592,1,4922.72
8298,2775,1707,10,1903.29
8299,2775,107,8,3603.22
8300,2776,1754,4,1358.59
8301,2776,804,6,4890.88
8302,2777,75,1,1779.66
8303,2778,424,10,614.75
8304,2778,924,3,1172.49
8305,2779,808,3,3009.04
8306,2780,1848,2,1471.58
8307,2780,1148,3,3266.12
8308,2780,1348,4,1136.92
8309,2780,1548,3,3347.05
8310,2780,648,6,2057.3
8311,2781,1991,8,1567.8
8312,2781,641,7,4751.06
8313,2782,984,8,473.73
8314,2782,1988,6,1803.95
8315,2782,1163,2,1188.16
8316,2782,272,1,1082.75
8317,2782,1952,6,3566.83
8318,2783,939,9,3188.77
8319,2783,1689,5,545.61
8320,2783,1989,9,4931.79
8321,2783,1839,8,3105.29
8322,2783,1139,4,3098.5
8323,2784,1115,10,2952.4
8324,2784,1465,6,4059.96
8325,2785,404,2,355.92
8326,2785,604,9,4810.29
8327,2786,1867,9,3180.07
8328,2787,1737,10,3646.21
8329,2787,1913,4,1256.96
8330,2788,1363,5,2895.32
8331,2788,1313,4,3972.74
8332,2789,1244,8,3751.58
8333,2789,404,2,269.78
8334,2790,376,2,4377.09
8335,2790,1826,4,3266.48
8336,2790,1826,2,2088.28
8337,2791,53,4,4927.35
8338,2792,1347,2,2665.05
8339,2792,820,9,150.4
8340,2792,266,10,233.09
8341,2792,237,4,4221.64
8342,2793,607,3,50.39
8343,2793,1007,3,4072.31
8344,2793,107,5,4662.9
8345,2793,1807,2,2664.28
8346,2793,1607,1,392.39
8347,2794,1499,6,4117.94
8348,2794,598,1,3045.96
8349,2794,1371,6,4717.96
8350,2794,162,6,1959.9
8351,2795,515,2,1724.17
8352,2796,507,3,4478.39
8353,2796,457,9,3248.63
8354,2797,1246,5,4461.21
8355,2797,846,8,4138.48
8356,2798,879,5,4193.45
8357,2798,341,2,4482.79
8358,2799,627,8,3386.21
8359,2799,1927,8,4293.07
8360,2800,1431,1,1207.1
8361,2800,1381,5,2648.87
8362,2801,345,6,4125.15
8363,2802,546,7,3362.92
8364,2802,1746,8,2141.25
8365,2802,1946,2,2485.32
8366,2803,1875,4,827.36
8367,2803,1449,2,4931.86
8368,2803,642,4,3198.94
8369,2803,1548,6,3692.35
8370,2804,507,6,3103.71
8371,2804,357,4,4643.19
8372,2804,57,3,1307.18
8373,2804,1457,1,1228.23
8374,2805,1044,7,2151.97
8375,2805,1594,1,2987.73
8376,2805,444,1,1925.38
8377,2805,544,10,1598.58
8378,2805,644,1,4663.28
8379,2806,555,7,4815.75
8380,2806,39,5,1590.92
8381,2806,1892,6,379.73
8382,2807,1193,3,2652.41
8383,2807,1393,4,4702.83
8384,2807,1993,5,2911.69
8385,2807,43,3,4563.67
8386,2808,680,1,2402.79
8387,2808,672,3,4098.04
8388,2808,1547,9,750.94
8389,2809,996,2,68.18
8390,2809,1196,6,2195.32
8391,2809,546,10,4666.24
8392,2809,96,8,3006.05
8393,2809,146,4,4696.01
8394,2810,1852,5,1542.28
8395,2810,1865,3,4183.67
8396,2810,1248,2,4125.94
8397,2810,772,10,2062.89
8398,2811,1361,10,1208.07
8399,2811,861,5,2525.09
8400,2811,961,6,3117.59
8401,2811,1611,4,4273.5
8402,2811,1911,8,669.95
8403,2812,647,7,214.99
8404,2812,260,8,2988.25
8405,2813,630,5,2324.29
8406,2813,230,2,939.04
8407,2813,30,6,2476.67
8408,2813,180,8,3408.74
8409,2813,730,9,1377.72
8410,2814,301,1,4050.6
8411,2815,984,1,2237.01
8412,2815,1284,9,3882.97
8413,2816,981,4,3996.38
8414,2816,1079,3,1896.7
8415,2816,1483,1,3011.03
8416,2816,1791,2,3944.61
8417,2817,361,3,2039.0
8418,2817,261,1,496.0
8419,2817,461,6,1466.45
8420,2818,1447,10,2893.83
8421,2818,1047,2,723.43
8422,2818,1947,3,1080.96
8423,2818,347,9,982.48
8424,2819,1403,8,761.17
8425,2819,153,9,1783.53
8426,2819,1003,4,164.57
8427,2819,1503,4,3322.81
8428,2819,803,10,4144.17
8429,2820,895,1,3132.71
8430,2820,545,2,1251.77
8431,2820,945,8,246.45
8432,2820,445,9,1101.26
8433,2820,1195,3,2454.79
8434,2821,1644,4,4876.99
8435,2822,1741,9,2677.25
8436,2822,991,6,4348.7
8437,2822,541,8,3275.75
8438,2822,541,6,4876.41
8439,2823,292,7,4730.65
8440,2823,199,6,3060.48
8441,2823,1048,3,475.52
8442,2824,956,7,487.51
8443,2824,1506,10,184.18
8444,2824,456,6,1540.48
8445,2825,1765,4,760.21
8446,2826,671,10,2273.01
8447,2826,1221,1,3858.06
8448,2826,721,6,4089.86
8449,2827,1427,5,4256.94
8450,2828,1660,10,2484.46
8451,2829,927,2,261.35
8452,2829,77,1,4686.97
8453,2830,1293,1,1158.59
8454,2831,343,5,1157.73
8455,2831,743,8,3617.72
8456,2832,1428,3,1981.48
8457,2832,678,5,4417.19
8458,2832,78,3,449.92
8459,2833,333,3,4770.31
8460,2833,633,4,4565.66
8461,2833,1833,8,758.39
8462,2833,1833,9,4092.77
8463,2834,1497,10,4519.06
8464,2834,1447,7,3504.14
8465,2835,1738,1,3720.08
8466,2835,38,2,3156.73
8467,2835,1938,1,4686.11
8468,2835,738,9,4147.57
8469,2836,1688,6,2896.33
8470,2836,759,9,1842.2
8471,2836,410,2,3879.91
8472,2836,1416,4,3145.58
8473,2837,340,6,1226.1
8474,2837,490,3,3270.02
8475,2838,196,1,311.48
8476,2838,1946,7,1352.0
8477,2838,346,9,4611.33
8478,2838,1496,2,4759.48
8479,2838,1096,6,2262.01
8480,2839,1192,3,1376.95
8481,2839,434,10,3278.3
8482,2839,1854,5,3045.19
8483,2839,1750,3,4749.01
8484,2840,1100,7,1917.09
8485,2840,1350,10,1003.65
8486,2840,1200,1,217.98
8487,2840,1050,5,2258.03
8488,2840,250,5,4843.73
8489,2841,1266,5,752.58
8490,2841,558,9,932.68
8491,2842,1783,10,374.69
8492,2842,333,9,950.77
8493,2842,733,8,828.25
8494,2842,1633,8,4319.41
8495,2842,783,2,1233.75
8496,2843,786,7,1810.44
8497,2843,36,1,630.07
8498,2843,1986,3,1411.53
8499,2843,1186,1,1514.42
8500,2843,486,1,3760.28
8501,2844,1757,10,2466.28
8502,2844,807,4,4590.54
8503,2845,440,1,1394.99
8504,2845,790,3,264.43
8505,2845,40,9,4728.52
8506,2845,940,7,4016.38
8507,2846,834,5,1283.86
8508,2846,734,2,3988.37
8509,2846,1184,3,1968.8
8510,2847,1316,9,2381.79
8511,2847,516,1,3249.0
8512,2847,366,6,3774.9
8513,2848,1811,10,4336.89
8514,2848,111,3,4319.1
8515,2848,811,5,93.12
8516,2848,261,9,4204.83
8517,2848,711,5,3192.07
8518,2849,1063,4,4244.95
8519,2849,513,3,1635.78
8520,2849,163,3,2573.84
8521,2849,263,5,1575.76
8522,2850,1858,4,723.2
8523,2851,1702,2,4935.08
8524,2851,1152,7,4009.28
8525,2851,352,9,3780.29
8526,2851,202,7,1327.04
8527,2852,1049,6,3714.45
8528,2852,761,3,3086.09
8529,2853,495,1,3088.65
8530,2853,245,7,2943.53
8531,2853,1395,5,4695.14
8532,2853,645,4,4191.19
8533,2853,1995,1,2514.81
8534,2854,224,9,1722.44
8535,2854,1122,10,1217.83
8536,2855,416,10,4903.37
8537,2855,1166,6,4979.5
8538,2855,1366,4,4986.82
8539,2855,1266,4,4554.76
8540,2856,498,6,4370.49
8541,2856,1998,7,2900.54
8542,2856,1748,9,3877.12
8543,2857,1047,5,2520.07
8544,2857,47,2,3336.45
8545,2857,647,3,2393.02
8546,2858,776,8,3970.02
8547,2858,1526,7,2600.1
8548,2858,1126,3,2021.4
8549,2858,1976,9,1815.68
8550,2858,1926,6,595.23
8551,2859,109,9,3592.68
8552,2859,1516,7,327.13
8553,2859,196,4,4006.03
8554,2859,212,8,109.41
8555,2860,823,2,4192.83
8556,2860,673,3,4612.18
8557,2860,673,9,2119.41
8558,2861,639,3,819.34
8559,2861,439,6,3872.12
8560,2861,1339,2,1372.97
8561,2862,1901,2,2906.73
8562,2863,1470,2,2127.32
8563,2863,1470,6,2544.97
8564,2863,1320,1,3261.55
8565,2864,1491,3,2024.25
8566,2864,1441,5,3559.2
8567,2864,1841,6,1626.19
8568,2864,741,6,4204.47
8569,2864,1191,3,1487.27
8570,2865,1445,10,2519.21
8571,2865,645,3,287.36
8572,2865,1095,1,649.3
8573,2865,545,2,1948.14
8574,2866,877,9,1543.68
8575,2867,1780,8,2038.76
8576,2867,880,8,2259.71
8577,2867,230,6,4173.0
8578,2867,380,8,3132.96
8579,2867,280,5,3631.8
8580,2868,389,7,4900.47
8581,2869,188,6,1054.0
8582,2869,820,3,719.33
8583,2869,337,10,4114.31
8584,2869,1657,9,2019.08
8585,2870,985,8,1732.86
8586,2870,1185,4,4929.81
8587,2870,1785,8,3191.97
8588,2870,1485,8,1804.08
8589,2870,1385,2,1122.46
8590,2871,275,4,4276.74
8591,2871,25,10,4565.07
8592,2871,125,8,3347.3
8593,2872,1291,5,469.51
8594,2872,891,3,4751.32
8595,2872,541,7,1533.87
8596,2872,691,7,3480.88
8597,2872,1241,9,1654.88
8598,2873,1380,5,2329.87
8599,2873,1430,1,3573.0
8600,2873,30,6,3555.01
8601,2873,1930,4,2405.05
8602,2874,848,6,1853.83
8603,2875,1031,8,3357.18
8604,2876,1497,4,1840.1
8605,2876,1147,7,4170.91
8606,2877,317,10,354.09
8607,2877,817,6,1455.33
8608,2877,417,2,2508.52
8609,2877,1567,8,4017.59
8610,2877,1717,2,2142.43
8611,2878,595,6,4239.12
8612,2878,1145,7,120.29
8613,2878,795,9,108.21
8614,2878,1395,5,4744.58
8615,2879,468,2,59.33
8616,2879,1768,7,3362.78
8617,2879,704,8,215.4
8618,2880,452,4,146.25
8619,2880,1402,8,3201.5
8620,2880,502,5,483.86
8621,2880,1902,3,2425.39
8622,2881,290,2,1266.47
8623,2881,1101,1,3064.99
8624,2882,134,9,4906.67
8625,2882,1534,6,3864.87
8626,2882,1734,8,4866.04
8627,2883,357,7,138.18
8628,2884,868,8,1369.11
8629,2884,1296,9,1960.44
8630,2885,1993,9,2696.91
8631,2885,293,9,692.82
8632,2885,93,1,4204.7
8633,2885,343,9,758.79
8634,2885,1693,4,3902.03
8635,2886,271,9,357.64
8636,2886,21,1,911.64
8637,2886,371,6,556.89
8638,2886,1071,8,3894.02
8639,2887,1617,5,2080.07
8640,2887,129,3,988.6
8641,2887,1234,1,3816.83
8642,2887,695,5,4788.12
8643,2888,94,2,4152.72
8644,2889,1663,6,380.47
8645,2890,1969,9,3919.48
8646,2890,769,6,4439.47
8647,2890,1069,8,2074.9
8648,2890,1069,1,2156.87
8649,2891,1448,9,4392.22
8650,2891,1326,8,1099.03
8651,2891,1886,1,4575.3
8652,2891,582,3,587.51
8653,2891,1597,10,2413.31
8654,2892,417,7,1551.74
8655,2893,394,6,643.68
8656,2894,683,10,2872.65
8657,2894,233,1,3077.17
8658,2894,383,1,4657.18
8659,2895,1716,10,3418.47
8660,2896,1207,1,2268.62
8661,2897,1118,5,51.88
8662,2897,1118,4,3023.76
8663,2898,1329,8,921.21
8664,2898,1679,10,2456.9
8665,2898,1679,4,1336.1
8666,2898,1829,1,3397.0
8667,2899,1567,1,898.61
8668,2899,1290,5,4538.53
8669,2899,1032,10,1457.12
8670,2899,1511,4,3086.07
8671,2899,347,8,1488.04
8672,2900,1182,4,97.38
8673,2900,1482,3,566.23
8674,2901,1861,4,3606.82
8675,2901,361,1,389.32
8676,2901,311,10,1131.09
8677,2902,1304,3,2016.48
8678,2902,1053,3,1272.21
8679,2902,1588,7,547.1
8680,2902,333,10,4374.28
8681,2903,969,3,2953.1
8682,2903,669,9,2738.43
8683,2904,1914,5,1497.98
8684,2904,1864,5,3546.14
8685,2905,1020,8,538.82
8686,2905,420,7,2788.19
8687,2905,770,9,339.27
8688,2905,1870,8,2315.47
8689,2906,1510,7,4949.15
8690,2907,753,7,3633.33
8691,2907,1853,2,1528.92
8692,2907,103,1,2383.5
8693,2907,353,2,4208.73
8694,2908,602,2,996.78
8695,2908,452,2,2559.5
8696,2909,1705,8,3516.15
8697,2909,1211,10,789.17
8698,2909,1290,3,3075.37
8699,2910,1120,1,2234.26
8700,2911,1823,6,3067.52
8701,2911,1375,10,474.0
8702,2911,1039,10,912.64
8703,2911,1943,10,3392.82
8704,2911,1591,3,632.96
8705,2912,1688,9,4356.07
8706,2912,1588,5,2480.44
8707,2912,1888,9,2180.69
8708,2912,488,7,1408.38
8709,2913,244,6,3276.61
8710,2914,27,1,1223.71
8711,2915,1794,10,114.79
8712,2916,126,1,3441.73
8713,2916,1676,7,2286.9
8714,2916,1376,4,1540.97
8715,2916,1726,8,151.64
8716,2917,963,6,264.06
8717,2917,613,8,1339.13
8718,2917,813,7,880.85
8719,2917,563,10,2760.88
8720,2917,313,10,3700.25
8721,2918,1524,1,421.05
8722,2918,1408,9,3927.14
8723,2918,654,10,2243.08
8724,2918,1169,8,376.95
8725,2918,471,10,685.37
8726,2919,907,4,1462.96
8727,2919,507,9,4081.33
8728,2919,1707,6,4243.33
8729,2919,57,7,2238.56
8730,2920,1569,1,668.33
8731,2921,862,6,1421.36
8732,2921,162,10,2590.53
8733,2921,262,6,2033.9
8734,2921,812,2,74.86
8735,2922,611,4,997.23
8736,2922,1146,6,1090.0
8737,2922,250,10,985.31
8738,2922,119,8,1584.09
8739,2922,121,3,764.94
8740,2923,1038,10,3790.04
8741,2923,188,4,1965.7
8742,2923,1488,8,3346.72
8743,2923,1588,9,3285.66
8744,2924,1229,4,3109.55
8745,2924,1979,7,3364.67
8746,2924,129,3,1342.29
8747,2925,1299,3,3085.02
8748,2926,1356,9,4075.89
8749,2927,1569,2,4865.64
8750,2927,569,2,3477.67
8751,2927,369,3,2712.3
8752,2928,667,8,266.91
8753,2928,1767,6,4610.42
8754,2929,429,3,1637.4
8755,2929,364,6,3287.98
8756,2929,192,5,1001.82
8757,2930,1464,8,2596.48
8758,2930,364,2,4094.33
8759,2930,114,6,3633.08
8760,2931,1196,9,3479.66
8761,2932,1498,2,2056.38
8762,2932,1508,8,845.26
8763,2932,108,4,2039.23
8764,2932,1525,4,1892.42
8765,2932,1108,1,2347.08
8766,2933,1621,10,1463.05
8767,2933,421,6,1474.31
8768,2933,1271,1,4453.16
8769,2933,721,5,2123.58
8770,2933,971,8,1420.57
8771,2934,1132,2,3606.47
8772,2934,82,2,1173.65
8773,2934,1032,1,76.11
8774,2935,838,3,4400.04
8775,2935,1988,10,4739.86
8776,2936,1360,7,595.18
8777,2936,1560,2,1860.71
8778,2937,1877,1,2291.8
8779,2937,1877,10,3546.07
8780,2937,427,5,2331.03
8781,2937,1077,6,824.95
8782,2937,1027,1,3915.63
8783,2938,1271,3,1176.66
8784,2938,21,10,77.98
8785,2939,1544,2,3541.05
8786,2940,218,3,738.34
8787,2940,1918,3,4327.41
8788,2940,1368,6,426.36
8789,2941,1401,9,2849.05
8790,2942,1224,4,1742.66
8791,2943,1776,1,170.71
8792,2944,273,9,1992.23
8793,2945,1610,1,4635.1
8794,2945,960,5,3020.65
8795,2945,610,6,906.32
8796,2945,960,5,3056.69
8797,2946,1289,1,284.43
8798,2946,1189,7,2865.79
8799,2946,789,2,3480.29
8800,2946,489,6,3411.6
8801,2946,239,8,181.11
8802,2947,690,7,1261.79
8803,2948,1941,7,2245.64
8804,2948,1891,6,1151.69
8805,2948,1441,5,1556.63
8806,2949,1273,2,2796.59
8807,2949,1023,7,1256.75
8808,2949,1823,3,3217.68
8809,2949,1373,4,4902.03
8810,2950,1885,2,679.03
8811,2950,1985,8,1336.28
8812,2950,185,9,4622.04
8813,2951,1477,10,2674.24
8814,2952,51,7,3346.2
8815,2952,696,1,1700.81
8816,2953,1497,5,2036.93
8817,2953,297,7,1072.7
8818,2953,1997,9,782.49
8819,2953,147,7,3015.43
8820,2953,947,3,3878.15
8821,2954,1606,9,513.66
8822,2954,1206,9,2840.08
8823,2954,1956,2,156.45
8824,2954,806,1,2746.75
8825,2955,1185,1,259.08
8826,2955,485,4,368.42
8827,2955,835,1,2683.4
8828,2956,336,9,4618.25
8829,2956,1036,7,1810.12
8830,2956,1736,1,2297.64
8831,2956,386,5,4184.84
8832,2957,1523,2,494.64
8833,2957,1773,7,4986.65
8834,2957,973,1,3438.32
8835,2957,1023,8,786.96
8836,2958,1042,10,4390.4
8837,2958,742,5,2801.9
8838,2958,1542,5,3744.49
8839,2958,1542,1,2635.22
8840,2959,370,7,477.02
8841,2959,1074,10,2663.3
8842,2960,751,10,4539.23
8843,2960,951,7,2379.57
8844,2960,1001,9,931.89
8845,2960,1501,5,567.61
8846,2961,1647,9,3425.93
8847,2961,1047,3,1669.45
8848,2961,97,10,2648.48
8849,2961,347,8,3471.09
8850,2961,1097,5,652.72
8851,2962,1258,8,4199.75
8852,2962,908,9,4964.6
8853,2962,958,3,1830.14
8854,2962,308,7,3968.07
8855,2962,1108,6,1694.74
8856,2963,540,6,3052.74
8857,2963,883,9,1185.49
8858,2963,1869,5,1040.02
8859,2964,1939,4,833.57
8860,2965,216,9,3622.41
8861,2965,1266,7,3842.06
8862,2965,716,6,1351.67
8863,2965,1366,4,4073.04
8864,2965,66,9,2830.65
8865,2966,239,7,3138.77
8866,2966,589,6,3349.32
8867,2966,739,7,3357.47
8868,2966,189,8,550.94
8869,2967,297,6,2609.12
8870,2967,1747,2,4787.34
8871,2967,1347,4,3290.49
8872,2967,1247,10,1188.88
8873,2968,1193,5,4322.7
8874,2968,1643,9,4233.91
8875,2968,93,1,98.03
8876,2968,93,7,229.72
8877,2969,1933,10,2620.67
8878,2970,477,5,2654.75
8879,2970,1721,2,1646.02
8880,2971,1933,1,4505.33
8881,2971,1233,5,2792.61
8882,2971,1633,10,4629.26
8883,2971,583,4,2736.69
8884,2972,31,4,4111.84
8885,2972,1031,2,1434.22
8886,2972,81,2,2556.43
8887,2973,1378,2,2395.32
8888,2973,1578,8,4493.85
8889,2973,1078,5,4177.78
8890,2973,1878,7,2524.06
8891,2974,1634,3,50.78
8892,2974,612,1,3254.31
8893,2974,1844,9,236.09
8894,2975,129,9,3286.96
8895,2976,1412,2,652.0
8896,2976,818,10,88.82
8897,2976,380,7,4172.38
8898,2976,128,9,2426.24
8899,2977,1243,1,2933.16
8900,2978,1910,4,3534.98
8901,2978,1460,6,2034.52
8902,2978,1660,6,226.96
8903,2979,1441,5,4031.14
8904,2979,981,6,4244.53
8905,2979,1213,3,672.6
8906,2980,1215,3,178.52
8907,2980,1665,7,4512.41
8908,2981,314,2,4622.12
8909,2981,814,9,3917.78
8910,2982,81,8,4215.24
8911,2982,1581,8,1564.86
8912,2983,328,5,3515.35
8913,2984,1344,2,2160.4
8914,2984,1644,10,3477.03
8915,2984,1294,7,4819.84
8916,2984,1794,2,2494.31
8917,2984,994,6,1909.16
8918,2985,791,2,4400.11
8919,2985,1691,5,3361.52
8920,2986,1802,8,118.68
8921,2986,1252,5,3389.02
8922,2986,652,2,2451.49
8923,2987,680,2,3201.91
8924,2987,1880,9,3147.46
8925,2988,1749,9,1090.26
8926,2989,153,10,3121.43
8927,2989,53,6,4121.67
8928,2989,853,5,4732.24
8929,2990,1521,1,3085.08
8930,2990,1721,3,192.48
8931,2990,471,7,1819.62
8932,2991,1321,10,2930.7
8933,2991,571,9,3051.66
8934,2991,521,9,743.59
8935,2991,1071,2,3241.42
8936,2991,21,5,4294.16
8937,2992,1319,1,2548.1
8938,2992,1412,10,3498.36
8939,2992,1486,8,4991.66
8940,2992,873,3,3302.79
8941,2992,388,6,611.64
8942,2993,469,10,1710.83
8943,2993,397,5,4094.23
8944,2993,1149,2,4949.28
8945,2993,1955,3,4016.95
8946,2993,1295,4,3006.97
8947,2994,715,8,1728.74
8948,2994,515,6,1487.4
8949,2994,1215,4,2690.11
8950,2994,965,3,821.25
8951,2995,858,10,1637.25
8952,2995,1508,8,4942.36
8953,2995,1958,5,4513.71
8954,2996,1082,8,1913.05
8955,2996,1132,1,2355.55
8956,2996,882,9,3825.23
8957,2996,1182,1,4195.59
8958,2996,1032,2,3479.85
8959,2997,1638,10,4161.41
8960,2998,1041,4,1361.83
8961,2998,1491,9,2452.89
8962,2999,1316,6,3758.61
8963,2999,316,9,1473.14
8964,3000,1607,4,4481.69
8965,3000,507,7,4698.29
8966,3000,707,9,197.21
8967,3000,707,1,3478.7
8968,3000,1407,5,1599.67
8969,3001,919,2,4859.58
8970,3002,1659,1,169.67
8971,3002,1891,4,55.7
8972,3002,39,1,1264.7
8973,3002,1339,3,4294.81
8974,3003,907,10,1564.08
8975,3003,307,9,2487.04
8976,3003,757,9,4950.0
8977,3003,257,4,2149.57
8978,3004,86,3,3058.03
8979,3005,1433,6,3678.13
8980,3005,756,3,4040.52
8981,3005,1322,2,1513.72
8982,3006,1730,2,2800.29
8983,3006,1480,2,1087.69
8984,3006,1680,9,2498.84
8985,3006,930,3,610.88
8986,3007,816,7,2140.64
8987,3007,866,9,4930.86
8988,3008,1118,5,3068.5
8989,3008,1010,2,2286.92
8990,3008,1200,4,4649.37
8991,3009,562,1,2344.9
8992,3009,1412,3,4384.82
8993,3010,1383,3,2538.28
8994,3010,783,8,3730.05
8995,3010,433,5,4780.53
8996,3011,1569,3,4358.82
8997,3011,594,1,4828.54
8998,3012,119,1,2818.18
8999,3012,1169,4,3568.3
9000,3012,19,5,1772.01
9001,3013,926,4,1896.54
9002,3013,1661,10,939.29
9003,3014,1164,3,2158.14
9004,3014,354,8,1888.96
9005,3014,703,6,4249.01
9006,3014,1429,2,2639.55
9007,3015,396,4,2174.93
9008,3015,1396,2,1119.54
9009,3015,946,10,2861.88
9010,3015,146,3,1081.41
9011,3015,146,4,2953.62
9012,3016,1702,5,1674.93
9013,3016,1467,3,774.97
9014,3016,574,7,3272.92
9015,3016,1987,1,4826.44
9016,3016,1388,8,4073.54
9017,3017,1879,1,4569.43
9018,3017,829,1,2493.97
9019,3017,579,2,1194.61
9020,3017,1329,6,3390.05
9021,3018,1816,2,2564.97
9022,3018,166,7,3687.77
9023,3018,1066,1,1768.49
9024,3018,1166,3,1037.63
9025,3018,616,2,4394.49
9026,3019,709,9,4850.84
9027,3019,909,5,2007.28
9028,3020,696,10,1370.44
9029,3020,46,5,683.25
9030,3020,946,5,2531.35
9031,3020,1346,6,3344.09
9032,3021,1999,6,4311.26
9033,3021,199,1,3448.94
9034,3021,649,7,4589.97
9035,3021,1149,6,1117.09
9036,3021,549,3,1737.76
9037,3022,1557,9,164.94
9038,3022,1027,4,3544.28
9039,3023,987,9,170.5
9040,3023,1487,6,2307.55
9041,3023,1487,7,3473.68
9042,3023,1837,9,2275.71
9043,3024,1554,3,227.64
9044,3024,706,9,2775.63
9045,3025,156,4,4959.45
9046,3025,1356,3,4125.54
9047,3025,1156,7,2151.89
9048,3025,1656,6,1256.44
9049,3026,1688,8,833.27
9050,3026,738,5,2626.41
9051,3026,1688,9,2702.53
9052,3026,938,4,2804.97
9053,3026,1788,6,1757.04
9054,3027,1350,7,2143.9
9055,3027,1200,4,291.88
9056,3027,1800,9,4707.96
9057,3028,1051,3,4249.33
9058,3028,301,5,2181.33
9059,3028,951,1,446.44
9060,3029,1828,7,1215.5
9061,3030,1633,2,180.45
9062,3031,674,4,4175.55
9063,3031,1424,9,551.58
9064,3031,1274,3,1287.7
9065,3031,374,2,3993.13
9066,3031,1224,8,2059.13
9067,3032,566,6,3093.92
9068,3032,1123,1,614.43
9069,3032,542,6,883.75
9070,3032,884,10,4649.84
9071,3032,179,2,2306.17
9072,3033,561,2,4650.39
9073,3033,385,2,990.05
9074,3034,15,2,3201.44
9075,3034,1859,7,3586.92
9076,3034,1156,2,4951.69
9077,3034,392,4,1737.14
9078,3035,1240,8,824.87
9079,3035,240,2,2172.5
9080,3035,990,5,342.45
9081,3036,1991,3,1636.16
9082,3037,717,3,2693.8
9083,3037,917,1,2534.29
9084,3037,1517,10,3793.66
9085,3038,1171,7,578.42
9086,3038,1971,9,3012.01
9087,3039,1332,1,4571.73
9088,3039,32,3,2511.11
9089,3039,632,4,2015.86
9090,3039,1882,5,3591.56
9091,3039,1532,6,4938.91
9092,3040,1298,3,988.24
9093,3040,98,8,4087.58
9094,3040,1998,5,4575.8
9095,3040,1648,6,1564.1
9096,3041,144,8,1519.01
9097,3041,644,7,2852.07
9098,3041,894,10,1118.67
9099,3041,1344,9,4561.34
9100,3042,1147,10,605.09
9101,3042,547,7,4503.99
9102,3043,556,4,935.17
9103,3043,506,4,661.25
9104,3043,6,5,3190.64
9105,3044,1563,5,684.79
9106,3044,523,6,2551.7
9107,3044,1686,2,1831.36
9108,3044,326,10,1931.01
9109,3044,1001,5,1687.19
9110,3045,1881,10,1041.56
9111,3045,931,5,880.72
9112,3045,381,2,2642.96
9113,3045,531,6,4668.79
9114,3045,881,5,2649.1
9115,3046,752,1,4289.35
9116,3047,259,3,2819.81
9117,3047,549,4,3181.88
9118,3047,64,1,203.07
9119,3047,1042,10,954.38
9120,3048,321,3,4238.23
9121,3048,1771,8,172.32
9122,3049,820,8,831.23
9123,3049,1388,9,880.91
9124,3050,155,8,1199.3
9125,3050,1640,2,4770.13
9126,3050,738,6,1241.24
9127,3050,927,7,1172.93
9128,3051,1325,9,4377.91
9129,3051,75,4,3088.21
9130,3051,775,7,2701.77
9131,3051,1625,3,4028.52
9132,3052,814,4,100.77
9133,3052,114,4,189.49
9134,3052,664,6,1925.69
9135,3052,214,5,453.54
9136,3052,1064,9,2992.72
9137,3053,994,9,3697.31
9138,3053,644,4,4984.14
9139,3053,294,2,4991.11
9140,3053,1644,4,3371.52
9141,3053,944,1,3741.06
9142,3054,178,8,1236.08
9143,3054,669,3,4705.43
9144,3055,1414,2,4279.53
9145,3056,291,5,2388.78
9146,3056,1031,2,4863.67
9147,3056,961,1,2987.54
9148,3056,1208,3,340.1
9149,3057,808,3,2807.35
9150,3057,108,6,2418.6
9151,3057,458,1,560.5
9152,3058,1239,10,2107.66
9153,3058,1556,3,3238.52
9154,3058,835,4,4268.56
9155,3058,968,1,869.69
9156,3058,222,7,4502.88
9157,3059,1553,4,2836.78
9158,3059,253,10,3804.53
9159,3059,1353,7,1952.35
9160,3059,1403,10,151.98
9161,3060,119,3,2748.41
9162,3061,1894,2,3300.84
9163,3061,1400,6,3356.04
9164,3062,1949,1,4219.53
9165,3062,99,5,2494.78
9166,3062,1099,4,159.28
9167,3062,299,10,696.53
9168,3063,579,4,3221.79
9169,3063,1029,4,1795.09
9170,3063,1079,8,778.14
9171,3063,579,8,3412.58
9172,3063,1729,2,4035.68
9173,3064,1418,3,295.85
9174,3064,418,10,4062.62
9175,3064,568,9,3447.21
9176,3064,1868,10,177.59
9177,3064,918,2,1835.78
9178,3065,1319,10,2547.9
9179,3066,1077,4,2080.03
9180,3066,827,5,1231.35
9181,3067,1505,1,4374.46
9182,3067,305,10,3182.5
9183,3067,705,2,4959.56
9184,3067,1005,7,1873.45
9185,3067,1905,2,1845.95
9186,3068,1929,4,4930.02
9187,3068,1529,7,1995.33
9188,3068,329,7,1448.21
9189,3068,1329,10,2652.5
9190,3069,1572,1,1368.07
9191,3069,22,9,3898.81
9192,3069,472,1,3529.57
9193,3070,859,7,1779.14
9194,3071,69,6,4389.84
9195,3071,505,9,1748.05
9196,3071,76,10,3344.03
9197,3071,931,4,4155.0
9198,3071,1691,10,3222.94
9199,3072,271,3,2961.27
9200,3072,1674,2,3059.94
9201,3073,475,4,3011.19
9202,3073,1925,8,393.43
9203,3073,425,4,2098.98
9204,3074,439,8,3590.31
9205,3075,754,1,4686.6
9206,3075,1204,2,2767.16
9207,3075,1654,2,2086.77
9208,3075,1704,7,3290.25
9209,3076,547,6,1940.18
9210,3076,1331,3,1356.59
9211,3076,180,8,4062.39
9212,3076,113,3,222.19
9213,3076,676,8,4395.09
9214,3077,366,8,4660.78
9215,3077,1298,2,1001.07
9216,3077,947,6,4409.51
9217,3077,243,7,4066.96
9218,3077,1561,9,4863.25
9219,3078,231,7,1418.52
9220,3078,540,9,2893.05
9221,3078,1695,4,4226.21
9222,3078,454,2,4910.2
9223,3079,1225,9,2589.15
9224,3079,1930,8,3463.86
9225,3079,23,1,344.85
9226,3080,1134,2,4334.88
9227,3080,334,7,274.14
9228,3081,483,2,4260.94
9229,3081,537,2,4796.63
9230,3081,597,3,914.24
9231,3082,109,1,3179.28
9232,3083,305,10,4668.55
9233,3083,1883,8,58.65
9234,3083,1081,10,3667.24
9235,3083,1792,8,4637.02
9236,3083,1952,7,1261.35
9237,3084,1315,1,806.76
9238,3084,115,4,892.57
9239,3085,510,3,1389.3
9240,3085,60,8,4797.34
9241,3085,1660,9,2055.32
9242,3086,1388,9,3705.24
9243,3087,1228,10,127.27
9244,3087,1278,3,2344.84
9245,3087,1928,10,3551.21
9246,3088,1768,3,3880.07
9247,3088,68,7,3622.61
9248,3088,1918,10,705.47
9249,3088,368,9,867.35
9250,3088,1668,10,2480.79
9251,3089,384,4,2247.06
9252,3089,1834,1,421.79
9253,3089,584,3,1953.78
9254,3090,74,9,1753.67
9255,3090,1872,5,1031.47
9256,3090,1903,1,2086.17
9257,3091,1975,2,771.21
9258,3091,1967,5,2616.41
9259,3091,465,9,4452.2
9260,3092,1247,7,3170.49
9261,3092,102,6,4858.08
9262,3093,516,2,1125.48
9263,3093,1116,3,1204.97
9264,3093,666,7,4686.55
9265,3094,374,1,4708.11
9266,3095,943,5,1699.1
9267,3095,1393,1,1296.38
9268,3095,393,3,1437.18
9269,3095,1443,1,1802.93
9270,3095,543,7,3428.97
9271,3096,1050,8,3851.56
9272,3096,1900,2,1280.79
9273,3097,1437,10,1724.13
9274,3097,786,1,169.78
9275,3097,468,3,4092.53
9276,3097,1352,1,3547.53
9277,3097,1621,7,3861.46
9278,3098,1629,3,2412.53
9279,3098,858,1,4227.89
9280,3098,1199,8,192.02
9281,3098,737,3,2440.48
9282,3098,211,1,3864.87
9283,3099,1962,1,3367.67
9284,3099,112,4,2958.62
9285,3100,86,10,4753.7
9286,3101,231,4,4268.06
9287,3101,1583,9,4225.52
9288,3101,1964,9,2431.24
9289,3101,1886,2,1704.53
9290,3101,8,5,570.25
9291,3102,861,7,922.11
9292,3102,561,5,4333.14
9293,3102,111,10,1807.65
9294,3102,161,6,1873.08
9295,3102,1611,4,2575.18
9296,3103,188,5,836.69
9297,3104,1525,1,1829.81
9298,3104,1762,4,4731.58
9299,3105,1355,10,2055.73
9300,3105,1855,3,1364.67
9301,3105,1805,3,4988.04
9302,3105,655,7,2054.6
9303,3105,505,5,2452.45
9304,3106,318,5,1157.89
9305,3106,1768,2,4773.36
9306,3106,1668,2,2197.75
9307,3106,18,1,3037.33
9308,3106,218,1,3700.29
9309,3107,1417,10,1116.15
9310,3107,17,6,204.97
9311,3107,517,1,1886.39
9312,3107,1867,3,1064.0
9313,3108,705,2,3763.21
9314,3108,1905,5,4770.14
9315,3108,1505,9,3212.71
9316,3109,593,4,2857.39
9317,3110,915,6,3310.03
9318,3110,1815,6,4129.18
9319,3110,1415,3,2783.31
9320,3110,1165,8,1965.15
9321,3110,215,5,3259.5
9322,3111,807,9,976.58
9323,3112,408,7,755.69
9324,3113,243,4,3526.94
9325,3113,193,10,1632.09
9326,3114,1774,1,1708.44
9327,3114,524,6,1376.82
9328,3115,159,7,3889.98
9329,3115,359,3,2174.92
9330,3115,9,7,519.04
9331,3115,1709,1,2813.2
9332,3116,831,8,3026.23
9333,3116,81,10,4854.32
9334,3116,981,10,1957.59
9335,3117,1882,4,4145.07
9336,3117,432,10,3231.3
9337,3118,1843,3,1635.52
9338,3118,1974,9,2583.26
9339,3118,1067,5,2874.07
9340,3118,1643,7,3472.74
9341,3118,703,6,875.25
9342,3119,61,2,3933.57
9343,3119,1789,4,3040.31
9344,3119,507,6,4023.59
9345,3120,399,2,1099.88
9346,3121,1047,6,425.92
9347,3121,1347,5,1212.0
9348,3122,1862,7,688.07
9349,3123,1585,5,1848.76
9350,3123,1409,3,2165.99
9351,3123,1826,6,1542.94
9352,3123,505,6,4605.05
9353,3123,215,7,3699.88
9354,3124,1168,5,4856.82
9355,3125,1051,1,2448.72
9356,3126,727,9,4692.24
9357,3126,624,7,632.79
9358,3126,1310,6,255.57
9359,3127,158,4,123.84
9360,3127,1708,2,1766.26
9361,3127,1508,8,513.0
9362,3127,1058,6,2341.49
9363,3127,8,8,4816.21
9364,3128,230,2,487.43
9365,3129,1809,7,4902.14
9366,3129,1859,1,2198.77
9367,3129,909,3,2800.19
9368,3129,59,8,3116.13
9369,3129,359,9,372.73
9370,3130,1796,1,2001.77
9371,3130,696,6,4767.24
9372,3130,1946,10,2862.61
9373,3131,1799,3,2396.58
9374,3132,89,6,1026.01
9375,3132,789,7,1318.71
9376,3132,1289,4,3830.53
9377,3133,1951,6,3891.33
9378,3133,1651,3,4341.25
9379,3133,1,1,2657.38
9380,3133,601,3,1053.68
9381,3134,1268,7,2588.68
9382,3135,1486,9,2087.91
9383,3135,1736,7,2732.02
9384,3135,136,5,1407.94
9385,3135,586,3,606.17
9386,3135,836,10,3970.6
9387,3136,783,2,2523.36
9388,3136,303,10,1574.35
9389,3136,1784,7,3682.21
9390,3136,296,4,797.84
9391,3137,1826,4,3329.11
9392,3138,658,3,1791.28
9393,3139,1039,10,3506.38
9394,3139,508,2,595.35
9395,3139,1588,2,214.03
9396,3140,1801,4,2013.35
9397,3140,151,3,1629.3
9398,3140,1351,8,1214.66
9399,3140,1301,3,3502.18
9400,3140,1751,10,658.37
9401,3141,397,10,4964.47
9402,3142,1812,10,1016.12
9403,3142,628,4,4504.96
9404,3142,4,9,3220.43
9405,3143,1174,4,186.88
9406,3143,217,7,1892.14
9407,3143,573,7,3450.78
9408,3143,1128,4,147.8
9409,3143,114,1,3635.73
9410,3144,1333,7,4430.8
9411,3144,633,4,1366.31
9412,3144,683,9,696.51
9413,3144,1633,4,4842.45
9414,3144,1983,5,1214.95
9415,3145,181,3,2452.06
9416,3146,1648,10,4914.42
9417,3147,596,2,3796.55
9418,3147,1166,2,3237.12
9419,3147,1788,2,441.69
9420,3148,1821,3,4467.61
9421,3148,1571,3,3194.83
9422,3148,1271,9,2120.64
9423,3148,1921,6,492.68
9424,3148,771,4,2365.96
9425,3149,1243,6,3023.24
9426,3149,743,9,1445.1
9427,3150,401,8,1446.48
9428,3150,501,10,4698.15
9429,3150,801,9,4189.47
9430,3150,501,3,283.85
9431,3150,101,8,3882.77
9432,3151,910,1,4469.62
9433,3151,1010,2,3227.62
9434,3151,1410,3,2057.25
9435,3151,1660,10,2848.84
9436,3152,1246,1,4232.7
9437,3153,649,4,235.03
9438,3153,299,6,4411.31
9439,3153,749,2,3967.55
9440,3153,1799,9,2517.82
9441,3154,1793,9,3871.41
9442,3154,1043,2,1021.83
9443,3155,1678,10,1508.56
9444,3155,1871,5,3591.73
9445,3155,632,3,644.45
9446,3155,1675,3,1715.67
9447,3156,1107,10,937.0
9448,3156,1157,10,2158.78
9449,3156,57,6,4306.31
9450,3156,607,5,3820.12
9451,3156,1557,1,2431.37
9452,3157,1628,10,3491.01
9453,3157,1878,6,3140.82
9454,3158,517,10,2367.08
9455,3158,417,1,1995.96
9456,3158,1667,10,1834.06
9457,3159,1751,10,2249.97
9458,3160,466,2,3897.31
9459,3160,1866,10,86.19
9460,3160,416,10,1040.78
9461,3161,1067,9,4220.28
9462,3161,855,10,2641.74
9463,3162,1367,7,4807.74
9464,3162,1217,7,1195.58
9465,3162,1717,2,3404.59
9466,3163,238,2,2619.45
9467,3163,1388,6,663.64
9468,3163,1788,2,3087.86
9469,3163,488,4,1424.42
9470,3163,338,9,1992.84
9471,3164,906,1,2448.53
9472,3164,1456,6,4663.18
9473,3164,606,7,2540.96
9474,3164,706,7,2765.67
9475,3165,1017,10,314.0
9476,3165,1913,1,478.84
9477,3165,1429,4,2822.26
9478,3166,1329,4,3132.32
9479,3166,929,2,632.15
9480,3166,129,8,322.43
9481,3166,1779,6,2925.56
9482,3166,1779,5,1976.71
9483,3167,1917,9,2925.17
9484,3167,917,7,2999.82
9485,3167,1617,9,507.32
9486,3167,1317,4,3670.91
9487,3167,367,3,2968.61
9488,3168,1681,1,3178.37
9489,3168,571,1,1780.33
9490,3168,1294,5,1683.96
9491,3169,557,4,4108.39
9492,3170,715,10,4413.59
9493,3170,235,10,1309.47
9494,3170,1144,4,2018.08
9495,3170,1822,5,272.8
9496,3171,856,3,1929.45
9497,3171,956,2,139.95
9498,3171,1656,4,3370.06
9499,3171,1106,9,1717.6
9500,3171,406,10,1368.6
9501,3172,722,3,569.85
9502,3172,622,9,3810.02
9503,3173,1814,3,3566.16
9504,3173,64,1,4693.28
9505,3173,164,8,2178.7
9506,3173,1264,3,1417.25
9507,3174,655,9,3453.11
9508,3175,317,8,3412.89
9509,3176,1141,2,3580.71
9510,3176,1141,10,4105.39
9511,3176,1241,10,4269.8
9512,3176,1741,7,2149.37
9513,3176,1291,10,1180.34
9514,3177,1004,1,3982.18
9515,3177,804,3,2933.96
9516,3177,804,8,173.16
9517,3177,1454,5,2972.88
9518,3178,424,7,342.97
9519,3178,224,10,4446.63
9520,3179,1181,10,1823.1
9521,3179,481,1,2950.61
9522,3179,831,9,1575.67
9523,3179,1131,4,4685.45
9524,3179,1231,8,2251.96
9525,3180,1520,4,1547.39
9526,3180,870,5,4669.9
9527,3180,370,2,3081.2
9528,3181,1952,10,378.29
9529,3182,530,3,3849.35
9530,3182,1965,8,1330.14
9531,3183,1224,3,330.4
9532,3184,911,9,141.36
9533,3184,161,6,4894.75
9534,3184,261,1,2874.8
9535,3184,811,7,2314.23
9536,3185,1764,8,4645.53
9537,3185,1064,4,2671.11
9538,3185,1414,9,2440.93
9539,3185,1064,10,3206.76
9540,3185,864,10,3399.21
9541,3186,1922,2,992.29
9542,3186,1122,10,3889.15
9543,3186,1072,3,2553.97
9544,3186,722,2,4875.53
9545,3187,1664,10,3919.48
9546,3188,551,5,1807.0
9547,3188,453,6,362.81
9548,3188,138,4,2673.37
9549,3188,426,9,3784.89
9550,3189,890,2,250.66
9551,3189,1590,8,1642.18
9552,3190,205,1,3634.32
9553,3190,1505,9,2869.74
9554,3190,5,10,4909.21
9555,3190,1105,2,818.84
9556,3190,805,2,1532.88
9557,3191,1116,2,1728.16
9558,3191,566,5,194.23
9559,3191,66,4,1024.43
9560,3191,1566,6,3082.56
9561,3192,113,8,244.01
9562,3192,125,6,1057.82
9563,3192,1802,10,2170.8
9564,3192,1789,3,3664.79
9565,3193,1132,7,2702.26
9566,3193,859,4,344.56
9567,3193,1199,8,2497.75
9568,3193,1059,3,2058.04
9569,3194,1247,8,3018.97
9570,3194,1797,7,3109.24
9571,3194,1847,7,2772.38
9572,3194,1397,7,4046.98
9573,3194,747,1,3558.44
9574,3195,50,4,256.73
9575,3195,250,4,1740.57
9576,3195,1250,1,4784.74
9577,3195,750,8,1951.82
9578,3195,1100,1,217.13
9579,3196,672,5,3408.55
9580,3196,124,2,82.35
9581,3196,428,7,2604.83
9582,3196,1138,10,4736.21
9583,3196,1787,4,3898.6
9584,3197,1679,1,4652.74
9585,3197,1729,2,3575.06
9586,3197,279,10,1482.32
9587,3197,1379,6,4184.8
9588,3198,243,9,435.0
9589,3198,93,4,4844.56
9590,3198,343,9,616.19
9591,3198,1693,1,3826.48
9592,3198,443,1,715.87
9593,3199,1948,6,3252.94
9594,3199,1681,8,4822.17
9595,3199,1644,3,2195.89
9596,3199,1822,10,1625.27
9597,3200,1852,3,4835.15
9598,3200,793,4,4517.27
9599,3200,231,9,1822.71
9600,3201,369,9,1692.77
9601,3201,1069,7,4777.27
9602,3201,319,3,3325.3
9603,3201,1019,4,1955.19
9604,3201,1619,4,2901.53
9605,3202,1602,1,756.74
9606,3202,512,9,4317.74
9607,3202,1522,6,4716.4
9608,3202,695,6,3921.85
9609,3203,1026,1,2650.56
9610,3203,876,1,1989.77
9611,3204,1581,9,4116.01
9612,3204,1581,10,2769.61
9613,3205,625,2,1234.58
9614,3206,365,2,925.33
9615,3206,1260,2,2027.53
9616,3207,841,9,4639.38
9617,3207,691,1,3928.93
9618,3207,1641,9,1361.84
9619,3208,876,1,4371.47
9620,3209,1524,2,885.79
9621,3210,728,9,4913.78
9622,3211,1006,4,2641.84
9623,3211,1572,5,2599.04
9624,3211,313,5,2556.42
9625,3212,838,9,126.75
9626,3212,1169,3,876.34
9627,3213,714,8,3546.13
9628,3214,441,2,1556.78
9629,3214,963,2,1617.79
9630,3214,1427,8,162.53
9631,3214,548,10,1903.89
9632,3214,372,2,351.45
9633,3215,651,7,641.11
9634,3215,1051,1,3381.87
9635,3215,1101,5,3658.32
9636,3216,845,2,3529.33
9637,3216,1371,5,2882.81
9638,3216,1435,5,1037.98
9639,3216,1662,1,1769.1
9640,3217,1550,7,4662.46
9641,3218,627,6,2299.59
9642,3219,1440,3,1139.27
9643,3219,1425,6,3778.18
9644,3219,743,10,2361.62
9645,3220,748,3,1437.66
9646,3220,7,2,65.86
9647,3220,718,8,3231.19
9648,3220,1679,2,1655.75
9649,3220,748,1,3948.08
9650,3221,1212,8,839.94
9651,3221,1362,5,2790.8
9652,3221,362,6,1408.85
9653,3221,812,6,3594.83
9654,3221,312,10,1617.83
9655,3222,1020,6,3319.94
9656,3222,720,1,815.1
9657,3223,942,3,2995.56
9658,3224,1100,9,727.11
9659,3224,350,9,1671.78
9660,3224,800,1,1381.32
9661,3224,200,7,682.42
9662,3225,1565,1,574.3
9663,3225,215,4,302.4
9664,3225,1815,2,3992.88
9665,3225,1665,4,736.52
9666,3225,1415,4,1273.0
9667,3226,583,5,3688.99
9668,3226,833,2,4352.86
9669,3226,833,4,4516.44
9670,3226,833,2,955.22
9671,3226,433,2,3018.72
9672,3227,1350,7,2877.15
9673,3227,850,5,3806.43
9674,3227,1850,7,3955.66
9675,3228,517,7,3776.66
9676,3228,1517,5,1547.32
9677,3228,1317,2,3592.23
9678,3229,1201,1,4758.89
9679,3230,453,2,4333.82
9680,3230,803,2,3179.95
9681,3231,503,7,1182.82
9682,3231,1353,10,2818.83
9683,3231,603,3,747.33
9684,3231,1853,5,240.5
9685,3231,503,2,4752.84
9686,3232,1262,10,276.24
9687,3232,1759,6,3188.58
9688,3232,994,4,1664.04
9689,3233,218,4,567.65
9690,3234,1855,1,3831.96
9691,3234,1721,7,3309.56
9692,3234,909,10,4210.98
9693,3234,1893,3,557.9
9694,3234,732,4,3071.8
9695,3235,1901,1,3551.15
9696,3236,585,2,3883.51
9697,3236,1572,8,3089.46
9698,3236,1032,9,3560.24
9699,3236,1897,1,1047.94
9700,3237,1801,10,1213.23
9701,3237,494,6,3899.56
9702,3238,1414,10,3536.91
9703,3238,1364,5,2964.26
9704,3238,1664,8,396.44
9705,3238,164,2,1072.89
9706,3238,14,2,353.2
9707,3239,1758,6,1103.44
9708,3239,1108,2,332.47
9709,3239,1658,8,190.1
9710,3239,1058,7,4363.69
9711,3239,1808,7,2430.96
9712,3240,1096,2,4244.59
9713,3241,963,3,2019.55
9714,3241,986,6,3579.66
9715,3241,497,8,2695.11
9716,3241,1953,2,348.89
9717,3242,1030,2,2076.21
9718,3242,1216,9,4020.77
9719,3242,595,4,414.62
9720,3243,729,7,2317.94
9721,3243,761,8,2721.95
9722,3243,260,10,3318.12
9723,3243,1357,1,1640.4
9724,3243,650,5,4615.78
9725,3244,868,7,3001.02
9726,3245,423,1,4817.9
9727,3246,270,10,2087.19
9728,3246,1920,10,3951.82
9729,3246,1970,10,4731.95
9730,3247,1228,9,914.89
9731,3247,1128,2,2031.3
9732,3247,28,1,1344.33
9733,3247,1978,4,2505.62
9734,3248,553,4,2780.51
9735,3248,1103,5,520.0
9736,3248,1753,4,397.55
9737,3248,953,2,409.64
9738,3249,1741,1,4658.12
9739,3249,141,8,2563.37
9740,3249,1091,10,4595.37
9741,3250,1967,4,4607.77
9742,3250,767,1,640.56
9743,3250,1367,4,4901.03
9744,3250,1417,3,3956.44
9745,3250,567,3,1023.87
9746,3251,118,2,1203.81
9747,3251,718,4,3835.64
9748,3252,516,8,2782.67
9749,3252,996,3,3992.28
9750,3252,329,10,1980.43
9751,3253,1703,8,1199.24
9752,3253,1627,6,4575.02
9753,3253,1440,6,3301.74
9754,3254,779,7,2195.45
9755,3254,99,8,3535.97
9756,3254,1377,7,2079.94
9757,3255,418,9,1142.01
9758,3255,1468,9,1668.55
9759,3255,818,10,2305.97
9760,3255,1618,2,3446.18
9761,3256,3,10,2382.43
9762,3256,1653,4,2055.13
9763,3256,453,7,4781.68
9764,3256,803,4,4853.41
9765,3257,1039,3,4104.22
9766,3258,1260,6,3137.99
9767,3259,1766,10,3624.89
9768,3259,1466,7,4129.52
9769,3259,466,4,4472.31
9770,3259,1066,6,625.3
9771,3260,159,7,1762.04
9772,3260,1426,6,3287.6
9773,3260,114,4,2600.18
9774,3260,1691,3,865.98
9775,3261,763,9,1185.72
9776,3261,663,5,3611.91
9777,3262,792,1,3625.48
9778,3262,1733,5,2756.81
9779,3262,98,3,4445.25
9780,3262,679,3,1931.25
9781,3262,308,8,3423.64
9782,3263,1643,9,2530.17
9783,3264,1176,1,3084.15
9784,3265,954,3,2996.47
9785,3265,1811,2,3192.72
9786,3265,159,9,79.39
9787,3265,1083,8,4454.73
9788,3265,1088,7,539.66
9789,3266,1046,7,571.51
9790,3266,46,9,2233.47
9791,3266,1346,1,4913.37
9792,3267,255,7,1050.97
9793,3267,5,8,1999.68
9794,3268,1270,3,4270.32
9795,3269,773,3,692.86
9796,3269,523,10,2671.67
9797,3269,1623,4,3841.88
9798,3270,535,2,3210.45
9799,3270,502,10,1289.74
9800,3270,76,7,4424.66
9801,3271,819,6,4496.66
9802,3271,395,2,1803.99
9803,3271,1835,2,267.08
9804,3271,305,5,3252.84
9805,3272,619,2,215.71
9806,3273,90,8,1891.66
9807,3274,906,9,4852.05
9808,3274,1906,7,4133.07
9809,3274,656,2,2392.82
9810,3274,606,9,1541.27
9811,3275,1208,10,801.39
9812,3276,176,9,3531.75
9813,3276,1239,9,4223.58
9814,3277,804,10,4615.59
9815,3277,654,8,3866.68
9816,3278,272,3,72.53
9817,3279,1885,8,3121.04
9818,3279,1721,2,3310.94
9819,3280,57,3,2692.83
9820,3280,70,9,1754.64
9821,3280,179,6,3470.21
9822,3280,1666,8,949.84
9823,3281,1436,9,2881.34
9824,3281,1136,9,1267.14
9825,3281,436,5,216.81
9826,3281,1386,3,3403.86
9827,3281,186,7,3940.77
9828,3282,792,1,3180.0
9829,3283,1814,10,1717.38
9830,3283,1764,1,4026.17
9831,3283,14,2,1703.8
9832,3283,1014,3,2520.15
9833,3284,900,3,804.82
9834,3284,500,9,4512.62
9835,3284,1350,3,1676.9
9836,3285,626,6,2819.46
9837,3285,376,9,3475.75
9838,3285,276,3,4955.28
9839,3286,534,1,1375.27
9840,3286,584,3,1573.23
9841,3286,884,8,3194.72
9842,3286,1534,10,2368.16
9843,3286,1984,8,1001.28
9844,3287,1849,10,4742.89
9845,3288,83,3,3337.33
9846,3289,1112,8,1411.12
9847,3289,74,9,4582.03
9848,3290,1246,3,4971.24
9849,3290,93,7,1704.5
9850,3290,477,2,4737.5
9851,3290,1890,6,4407.35
9852,3291,480,3,3967.42
9853,3291,380,8,3312.84
9854,3291,780,9,4378.52
9855,3291,80,8,3654.59
9856,3292,1507,4,801.1
9857,3292,1242,7,183.09
9858,3292,1002,8,3769.88
9859,3293,1359,2,3011.77
9860,3294,750,4,2012.05
9861,3294,1700,9,4333.16
9862,3294,1350,6,3863.17
9863,3295,1307,6,3296.74
9864,3295,304,6,3262.53
9865,3295,573,3,1907.82
9866,3295,1882,8,4571.86
9867,3296,1916,3,2776.51
9868,3296,1966,8,4168.71
9869,3296,366,2,4650.2
9870,3296,1516,1,966.63
9871,3297,1559,1,109.67
9872,3297,609,6,1123.08
9873,3297,1059,5,1407.97
9874,3297,9,3,4111.01
9875,3298,1851,3,2526.28
9876,3298,1641,8,809.96
9877,3298,1238,3,1416.43
9878,3298,1728,4,1027.12
9879,3299,44,5,1236.25
9880,3299,1744,8,4973.99
9881,3299,1094,3,3208.11
9882,3299,1444,3,1715.55
9883,3300,1570,8,1779.29
9884,3300,570,7,1854.29
9885,3300,320,10,2778.9
9886,3301,1837,10,1288.85
9887,3301,1294,2,4827.81
9888,3301,1531,1,65.31
9889,3301,1924,8,511.69
9890,3302,1522,2,2549.26
9891,3302,1272,5,3735.08
9892,3302,772,5,4187.2
9893,3302,422,7,3384.75
9894,3303,1776,1,961.0
9895,3303,776,1,2495.6
9896,3303,1326,3,1434.53
9897,3303,676,6,443.57
9898,3303,1376,4,3664.78
9899,3304,299,8,4036.3
9900,3304,1499,5,4953.17
9901,3304,599,5,420.0
9902,3304,1049,9,1480.11
9903,3304,699,5,870.89
9904,3305,1288,6,2382.82
9905,3305,438,6,1395.06
9906,3305,1888,5,457.58
9907,3306,1168,6,382.86
9908,3306,668,9,3707.1
9909,3306,18,9,3008.15
9910,3306,268,7,2598.73
9911,3306,1468,2,1931.13
9912,3307,1045,9,2234.03
9913,3307,245,10,2843.08
9914,3307,1195,6,2352.5
9915,3308,62,7,4689.79
9916,3308,123,10,267.14
9917,3308,619,1,4331.17
9918,3308,1496,3,1915.57
9919,3308,1034,8,3655.77
9920,3309,37,4,1585.49
9921,3309,1587,8,1381.76
9922,3310,583,2,1615.48
9923,3310,633,3,4182.96
9924,3310,333,5,3090.27
9925,3310,1583,4,3711.13
9926,3310,733,3,2981.55
9927,3311,1488,3,220.86
9928,3311,1910,4,218.97
9929,3311,1912,7,334.21
9930,3312,1757,8,1882.49
9931,3312,472,10,3216.01
9932,3313,1912,6,2568.32
9933,3313,1862,6,2314.32
9934,3313,612,1,1886.41
9935,3313,1262,6,2377.31
9936,3314,1179,10,4916.75
9937,3314,966,10,3390.45
9938,3314,739,2,2687.71
9939,3314,1457,2,3127.18
9940,3314,404,1,1752.77
9941,3315,515,3,2923.26
9942,3315,848,2,3527.16
9943,3315,1487,9,2946.94
9944,3315,734,4,1836.24
9945,3315,1883,1,1858.23
9946,3316,1625,1,4525.09
9947,3316,275,5,4318.43
9948,3317,599,4,3765.45
9949,3317,299,9,1443.78
9950,3317,249,7,812.3
9951,3317,999,8,1347.48
9952,3318,647,5,738.31
9953,3318,747,3,1177.66
9954,3318,897,6,3741.29
9955,3318,147,5,1567.03
9956,3319,1447,1,4130.64
9957,3320,1783,1,1320.72
9958,3320,83,3,4778.56
9959,3320,33,9,4717.08
9960,3320,1283,9,4546.37
9961,3321,792,3,3230.85
9962,3322,1911,9,2534.84
9963,3322,61,6,859.65
9964,3322,211,2,2474.7
9965,3323,279,7,4718.29
9966,3323,1003,3,1899.96
9967,3323,83,3,3848.82
9968,3323,262,10,2483.75
9969,3323,1467,7,4649.16
9970,3324,229,1,3973.56
9971,3324,1729,1,295.75
9972,3324,1829,5,4899.38
9973,3325,67,6,3360.74
9974,3325,17,2,3866.05
9975,3325,1467,9,2573.07
9976,3326,648,10,4597.02
9977,3326,798,10,817.24
9978,3326,1698,10,3182.22
9979,3326,1148,2,2056.01
9980,3326,898,2,2082.2
9981,3327,1326,4,3350.13
9982,3327,426,2,2588.92
9983,3327,876,3,3003.13
9984,3328,1742,5,1883.84
9985,3328,942,5,2556.25
9986,3328,1092,6,476.95
9987,3328,1692,7,4445.78
9988,3329,1579,3,1532.65
9989,3329,579,6,4939.12
9990,3329,1029,2,2094.59
9991,3329,579,9,1025.34
9992,3330,367,5,2363.67
9993,3330,1317,4,4007.7
9994,3331,323,8,294.99
9995,3332,18,2,4533.79
9996,3332,968,3,1287.57
9997,3332,568,3,4970.23
9998,3333,341,1,3244.74
9999,3333,1441,3,1955.07
10000,3333,991,7,528.1
10001,3334,830,9,1842.2
10002,3334,380,9,1660.62
10003,3335,1721,2,4652.13
10004,3335,21,1,594.55
10005,3336,1508,7,2587.67
10006,3336,1239,6,3866.04
10007,3337,161,9,4201.28
10008,3337,161,1,878.56
10009,3337,1811,2,4332.93
10010,3337,1711,6,4868.02
10011,3338,116,2,1914.02
10012,3338,616,1,866.79
10013,3339,1612,10,321.07
10014,3340,563,6,3398.78
10015,3340,213,3,654.09
10016,3340,913,1,2945.83
10017,3340,1313,6,2939.79
10018,3341,45,9,1398.49
10019,3342,190,2,3437.4
10020,3342,740,2,2589.22
10021,3342,390,8,756.95
10022,3342,1190,5,911.17
10023,3342,1690,10,1009.12
10024,3343,1628,4,2187.73
10025,3344,234,10,4585.44
10026,3344,744,10,4010.51
10027,3345,1856,2,3685.48
10028,3345,1218,8,2772.98
10029,3345,1400,9,2793.98
10030,3346,516,6,1152.59
10031,3346,1466,7,1366.3
10032,3346,866,3,3505.75
10033,3347,1914,8,4839.87
10034,3347,114,5,530.26
10035,3347,514,3,3094.46
10036,3347,1414,9,2171.31
10037,3348,1537,5,822.4
10038,3348,1737,4,4721.72
10039,3349,959,8,3351.07
10040,3349,1809,9,3292.58
10041,3349,1959,8,3644.7
10042,3349,159,9,3903.04
10043,3350,1572,4,439.8
10044,3350,795,3,4667.02
10045,3350,697,6,4358.8
10046,3350,19,9,4930.14
10047,3350,98,4,2202.81
10048,3351,790,4,4807.76
10049,3351,240,4,2962.44
10050,3352,655,3,822.89
10051,3352,1105,10,4342.05
10052,3353,694,2,4811.23
10053,3353,1224,6,3500.39
10054,3354,687,10,2437.96
10055,3354,87,3,861.47
10056,3354,1342,2,295.39
10057,3354,992,9,2916.48
10058,3354,1973,9,3486.56
10059,3355,1234,9,2758.38
10060,3355,684,10,546.31
10061,3355,84,4,686.28
10062,3355,84,1,1196.2
10063,3356,352,8,1415.74
10064,3357,346,1,2279.99
10065,3357,824,9,348.56
10066,3357,1192,8,3037.66
10067,3357,1687,5,4196.81
10068,3358,39,10,3826.53
10069,3358,1189,8,2926.59
10070,3358,89,9,4619.23
10071,3358,439,1,1389.47
10072,3359,1982,10,894.47
10073,3359,1782,6,3115.11
10074,3359,1782,3,347.54
10075,3359,1832,8,4361.92
10076,3360,1748,10,3779.57
10077,3361,653,5,1135.17
10078,3361,1503,2,566.76
10079,3361,203,2,3150.16
10080,3361,1803,7,2458.8
10081,3362,282,1,2397.04
10082,3362,1405,4,4727.81
10083,3362,151,4,1804.05
10084,3363,1461,8,1771.75
10085,3363,861,9,1360.98
10086,3363,1311,2,670.94
10087,3364,370,7,616.59
10088,3364,1120,10,1507.72
10089,3364,520,7,1645.66
10090,3364,1020,9,1724.64
10091,3364,1720,8,4904.01
10092,3365,1920,2,4829.36
10093,3365,1164,2,4856.35
10094,3365,496,8,4667.6
10095,3365,1329,3,1525.46
10096,3365,32,7,691.18
10097,3366,136,1,2273.55
10098,3366,1692,7,2681.27
10099,3366,657,3,4800.1
10100,3366,1710,3,3882.43
10101,3366,1731,2,4478.75
10102,3367,1875,6,1086.37
10103,3368,1571,1,1684.25
10104,3369,1727,1,773.25
10105,3369,211,8,4177.88
10106,3369,564,7,2289.41
10107,3369,502,10,3305.05
10108,3370,283,9,1164.24
10109,3370,1533,5,886.95
10110,3370,533,1,254.12
10111,3370,583,6,1366.73
10112,3370,1833,1,4649.43
10113,3371,939,5,739.89
10114,3371,1389,4,3625.58
10115,3371,939,4,4854.58
10116,3372,1627,3,3178.25
10117,3372,177,5,459.9
10118,3373,722,3,3745.51
10119,3373,872,8,2362.47
10120,3373,1322,3,3083.72
10121,3374,1899,10,4149.77
10122,3374,849,2,2330.81
10123,3374,449,5,2010.18
10124,3374,1749,9,2284.59
10125,3375,1681,1,2518.0
10126,3375,1181,8,142.48
10127,3375,681,7,1411.38
10128,3375,1431,4,4422.17
10129,3375,281,8,447.89
10130,3376,354,8,4866.59
10131,3376,804,5,4053.82
10132,3376,1354,2,4888.74
10133,3377,215,3,2325.31
10134,3377,1715,6,2843.84
10135,3377,265,7,2300.16
10136,3377,1465,5,3340.86
10137,3378,1322,9,1505.06
10138,3378,215,2,4868.13
10139,3378,982,7,3283.87
10140,3379,697,10,4635.66
10141,3379,797,6,2367.9
10142,3379,1697,6,1418.79
10143,3380,890,5,3789.6
10144,3381,473,3,345.82
10145,3381,564,8,2657.32
10146,3381,282,7,4965.21
10147,3381,1433,3,1281.29
10148,3381,1121,6,4263.54
10149,3382,307,3,3569.12
10150,3382,245,7,4617.92
10151,3382,457,8,3482.87
10152,3383,1121,10,2905.15
10153,3383,1121,4,4350.41
10154,3383,1171,10,1443.45
10155,3383,771,6,2756.57
10156,3384,489,2,2999.43
10157,3384,539,1,3110.96
10158,3384,339,6,414.79
10159,3384,1039,8,2979.72
10160,3384,1539,2,2472.04
10161,3385,1676,5,2853.61
10162,3385,1030,6,317.67
10163,3385,1199,4,3436.0
10164,3386,866,7,1178.33
10165,3386,16,5,4725.42
10166,3386,1616,1,1939.63
10167,3386,1116,6,2871.56
10168,3387,1609,3,1478.19
10169,3387,109,10,1690.49
10170,3387,1709,7,1660.13
10171,3388,1164,10,2372.02
10172,3388,1014,10,1125.29
10173,3388,1964,8,4629.29
10174,3389,827,6,3423.95
10175,3390,1477,3,4054.55
10176,3390,1677,8,601.19
10177,3391,751,1,4775.13
10178,3392,1270,8,3705.81
10179,3392,1325,1,2021.86
10180,3392,163,10,1181.87
10181,3392,1487,5,4980.4
10182,3392,1559,10,578.37
10183,3393,1612,2,4254.02
10184,3394,1800,6,1599.34
10185,3394,1208,9,561.59
10186,3394,177,8,4515.04
10187,3395,1389,9,1014.53
10188,3395,1839,7,4260.02
10189,3395,39,4,962.49
10190,3395,1989,8,283.68
10191,3395,1239,7,395.09
10192,3396,1033,8,2164.38
10193,3396,1633,9,4086.47
10194,3396,1483,6,4660.13
10195,3396,683,3,2058.65
10196,3396,283,4,2216.13
10197,3397,1596,2,4710.5
10198,3397,1196,2,3834.25
10199,3397,1496,10,4179.71
10200,3397,296,2,2106.56
10201,3397,646,5,3569.75
10202,3398,1711,5,3479.76
10203,3398,761,5,3281.99
10204,3398,1811,6,4088.95
10205,3399,1714,6,3937.21
10206,3400,554,2,3566.81
10207,3400,1254,2,4479.44
10208,3400,1404,2,83.73
10209,3401,1895,7,2876.73
10210,3401,951,1,1787.89
10211,3401,1668,10,3938.24
10212,3401,1320,8,530.85
10213,3401,344,8,1002.56
10214,3402,1690,7,2156.93
10215,3402,1418,10,1901.17
10216,3403,1092,4,3544.49
10217,3403,1542,3,3769.94
10218,3403,1442,6,4142.14
10219,3403,392,10,4928.84
10220,3403,542,1,2503.2
10221,3404,1591,7,2501.28
10222,3405,1060,8,1287.77
10223,3406,1852,4,3816.57
10224,3407,1072,8,2681.44
10225,3407,737,3,4260.52
10226,3407,93,6,1957.96
10227,3407,1711,7,568.9
10228,3407,553,9,3162.99
10229,3408,610,9,786.54
10230,3408,101,8,3672.96
10231,3409,599,7,1588.74
10232,3409,1949,1,2686.6
10233,3410,1119,4,4760.34
10234,3410,1269,3,2422.34
10235,3410,1319,6,3228.24
10236,3410,969,8,2956.58
10237,3411,293,1,1821.95
10238,3411,1520,1,4816.21
10239,3412,547,10,2169.71
10240,3412,1373,1,4079.51
10241,3412,446,8,1719.72
10242,3412,798,6,1354.87
10243,3412,689,3,909.95
10244,3413,18,10,1289.65
10245,3413,854,5,2244.9
10246,3414,1388,10,1835.89
10247,3414,438,7,440.92
10248,3414,1888,8,3150.0
10249,3414,1738,9,2642.46
10250,3414,288,5,2739.86
10251,3415,859,10,4009.22
10252,3416,1208,5,466.95
10253,3417,970,4,1109.56
10254,3417,570,4,1547.41
10255,3418,1669,10,4656.87
10256,3418,1169,4,3217.02
10257,3418,1469,7,4324.05
10258,3418,569,7,3563.92
10259,3418,69,8,4310.94
10260,3419,944,10,2876.84
10261,3420,1745,1,2211.45
10262,3421,904,1,4402.19
10263,3421,404,9,2419.45
10264,3421,1454,6,839.98
10265,3422,637,1,4207.6
10266,3422,1963,10,1720.83
10267,3423,151,8,667.14
10268,3423,1021,2,2792.51
10269,3423,165,3,757.78
10270,3424,246,3,1195.97
10271,3424,909,2,1060.76
10272,3425,78,10,1703.78
10273,3425,44,5,4632.18
10274,3425,94,9,3210.08
10275,3425,1565,8,1300.85
10276,3425,215,6,201.26
10277,3426,79,8,1047.58
10278,3426,929,5,607.62
10279,3427,362,3,3734.42
10280,3427,1212,10,1394.66
10281,3427,812,9,4189.31
10282,3428,1147,10,2533.94
10283,3428,297,5,1006.83
10284,3428,1047,8,4293.61
10285,3428,1597,2,414.35
10286,3429,142,6,4456.68
10287,3429,1942,8,1600.41
10288,3430,1290,1,1330.88
10289,3430,340,7,3955.66
10290,3431,110,3,1684.66
10291,3431,560,7,4253.46
10292,3431,110,10,2801.26
10293,3431,1910,4,929.83
10294,3431,1160,5,3526.5
10295,3432,1293,9,3222.29
10296,3432,1743,7,4428.36
10297,3432,1943,2,1582.33
10298,3433,1571,2,4050.22
10299,3433,13,6,648.3
10300,3433,566,7,2939.7
10301,3433,1521,6,1035.93
10302,3433,1787,3,3856.24
10303,3434,245,9,284.15
10304,3434,295,9,4354.35
10305,3434,595,10,3139.36
10306,3434,795,8,314.7
10307,3434,1345,8,2487.99
10308,3435,1216,3,942.0
10309,3436,251,6,4651.31
10310,3436,1701,4,1382.58
10311,3437,908,3,1689.13
10312,3437,1408,2,2223.83
10313,3437,208,10,509.46
10314,3437,458,6,261.2
10315,3437,1758,5,591.07
10316,3438,265,2,4160.86
10317,3438,415,10,3555.91
10318,3438,15,9,2296.67
10319,3438,965,4,2289.51
10320,3439,1592,7,3339.11
10321,3439,570,7,3401.73
10322,3439,766,2,3754.6
10323,3439,971,2,3529.59
10324,3439,1304,2,3577.26
10325,3440,364,10,1533.84
10326,3440,1464,8,3907.17
10327,3441,53,7,3308.82
10328,3441,53,4,1953.71
10329,3441,1503,6,2180.34
10330,3441,853,9,3338.54
10331,3441,703,2,225.22
10332,3442,1226,9,3392.37
10333,3442,1008,10,284.77
10334,3442,1589,5,1833.76
10335,3442,421,6,2486.34
10336,3442,540,3,3704.65
10337,3443,823,3,4282.73
10338,3443,1373,4,2411.46
10339,3443,1473,10,3905.12
10340,3443,873,5,1588.58
10341,3444,1672,5,3014.85
10342,3444,1772,1,3140.06
10343,3444,172,4,1060.63
10344,3444,1372,8,2338.59
10345,3444,872,7,3687.27
10346,3445,680,3,4488.13
10347,3445,1880,9,745.5
10348,3445,730,5,4517.25
10349,3445,1580,6,4049.39
10350,3445,1430,9,4601.48
10351,3446,941,10,2931.78
10352,3446,829,9,1904.83
10353,3447,331,2,2348.03
10354,3447,231,9,3499.19
10355,3447,81,9,1647.13
10356,3447,1181,6,4527.62
10357,3447,881,9,4755.13
10358,3448,1165,5,1764.17
10359,3448,1715,4,4139.62
10360,3448,665,9,3715.79
10361,3449,1727,2,337.13
10362,3449,177,6,1767.15
10363,3450,1527,3,4574.83
10364,3450,1462,4,3954.39
10365,3450,576,2,1267.23
10366,3450,379,5,849.19
10367,3451,1097,7,1621.76
10368,3451,1497,10,1778.57
10369,3452,732,7,4845.29
10370,3452,1417,4,1779.08
10371,3452,1547,7,656.17
10372,3453,1247,7,3301.89
10373,3453,1647,6,2363.83
10374,3453,547,1,2443.95
10375,3453,997,10,1364.52
10376,3454,354,6,4448.66
10377,3455,81,8,186.37
10378,3455,181,2,4930.34
10379,3455,1531,3,4943.86
10380,3455,1431,7,2116.65
10381,3456,431,2,1107.61
10382,3456,281,1,3924.38
10383,3456,431,3,3183.3
10384,3456,1231,8,400.57
10385,3457,264,8,4612.94
10386,3457,1164,4,3921.81
10387,3457,164,4,2514.43
10388,3458,320,7,287.93
10389,3458,1070,3,552.84
10390,3459,1398,5,4131.42
10391,3460,1969,8,3111.8
10392,3461,1101,10,1242.34
10393,3461,322,4,3183.05
10394,3461,525,8,4881.62
10395,3461,1117,5,4190.73
10396,3462,1431,1,3905.26
10397,3462,231,2,4937.32
10398,3462,281,8,1901.4
10399,3463,1048,8,1556.66
10400,3463,1598,4,2596.5
10401,3463,198,7,3930.78
10402,3464,1008,7,4389.87
10403,3464,408,8,814.76
10404,3464,558,6,1269.33
10405,3464,1208,7,1614.03
10406,3464,1058,6,1604.41
10407,3465,1203,3,987.99
10408,3466,1508,10,656.65
10409,3466,284,4,3533.96
10410,3466,656,1,2110.3
10411,3466,221,4,559.02
10412,3466,860,3,2991.92
10413,3467,516,1,4312.38
10414,3467,166,8,478.58
10415,3467,1766,2,1629.84
10416,3467,1216,6,3977.51
10417,3467,966,9,3677.13
10418,3468,1832,1,2553.03
10419,3468,1882,9,384.84
10420,3469,156,2,3900.28
10421,3469,206,3,4816.95
10422,3470,646,4,1434.53
10423,3470,746,6,3031.17
10424,3470,1946,9,1953.07
10425,3470,296,10,2766.64
10426,3471,1723,3,3376.54
10427,3471,1501,9,1812.68
10428,3471,1196,3,1377.37
10429,3471,1895,6,3997.74
10430,3471,1814,1,4573.48
10431,3472,1666,8,4739.35
10432,3473,1489,8,4612.07
10433,3473,1089,6,407.91
10434,3474,715,4,2496.97
10435,3474,1688,10,4403.87
10436,3475,1096,1,3496.28
10437,3475,1346,3,131.46
10438,3475,1746,8,504.75
10439,3476,1298,7,1147.22
10440,3477,98,5,1474.46
10441,3477,1548,4,3331.99
10442,3477,698,3,4302.41
10443,3477,1298,4,981.1
10444,3477,1948,8,4136.01
10445,3478,306,10,1259.7
10446,3478,1126,1,1587.44
10447,3479,1127,2,4516.85
10448,3479,527,4,2189.55
10449,3479,827,2,3704.16
10450,3479,427,10,908.43
10451,3479,927,9,854.1
10452,3480,1016,8,521.31
10453,3480,716,10,3047.47
10454,3480,766,8,4442.24
10455,3481,456,2,392.61
10456,3481,56,4,202.81
10457,3481,206,2,249.17
10458,3482,1488,5,4035.55
10459,3482,1488,4,1531.25
10460,3482,238,3,1292.56
10461,3483,1472,5,4131.6
10462,3483,222,7,1025.24
10463,3483,1772,1,2233.62
10464,3484,628,2,3917.78
10465,3484,828,10,1508.17
10466,3484,1678,10,74.6
10467,3484,1728,1,405.37
10468,3484,128,8,729.43
10469,3485,1940,6,196.93
10470,3485,1740,9,2804.54
10471,3485,1690,8,1030.28
10472,3486,667,8,1816.59
10473,3486,1217,8,4856.64
10474,3486,1967,8,2787.61
10475,3486,717,4,881.66
10476,3486,367,9,3732.74
10477,3487,420,7,1614.43
10478,3487,1447,7,3435.06
10479,3487,910,4,2285.68
10480,3487,304,1,351.34
10481,3488,1576,2,1673.25
10482,3488,726,8,4737.34
10483,3488,1926,9,3830.37
10484,3489,1365,6,314.2
10485,3489,1865,2,1565.81
10486,3490,1206,9,4557.84
10487,3491,1695,5,1321.89
10488,3491,295,3,3129.19
10489,3491,545,1,4539.99
10490,3491,1045,2,912.91
10491,3491,395,3,4764.45
10492,3492,700,1,4017.35
10493,3492,1350,8,4875.85
10494,3493,584,9,3216.29
10495,3493,1748,5,1382.08
10496,3494,222,5,3181.41
10497,3494,1322,9,2267.59
10498,3494,872,6,1721.46
10499,3495,923,5,1566.41
10500,3495,373,4,310.49
10501,3495,673,10,3525.14
10502,3495,323,9,3528.53
10503,3495,1123,4,1024.74
10504,3496,716,3,2614.05
10505,3496,423,3,3888.54
10506,3497,154,2,4919.37
10507,3497,804,7,900.62
10508,3498,125,8,678.14
10509,3498,1025,2,4739.57
10510,3498,925,4,3296.44
10511,3499,996,1,951.01
10512,3499,1300,3,2466.02
10513,3499,1722,10,1024.83
10514,3499,126,1,4183.07
10515,3499,629,4,2591.19
10516,3500,1264,6,4426.69
10517,3500,1960,4,1939.77
10518,3501,1597,4,2306.92
10519,3501,947,1,4746.23
10520,3502,694,7,69.31
10521,3502,924,4,1113.3
10522,3502,905,7,4304.28
10523,3502,264,1,2143.45
10524,3502,1343,6,2909.5
10525,3503,875,6,272.39
10526,3503,1725,9,539.95
10527,3503,275,6,1258.55
10528,3503,1475,3,4343.97
10529,3503,1775,7,4966.67
10530,3504,837,3,564.68
10531,3504,287,2,4767.18
10532,3505,640,4,4890.33
10533,3505,1505,5,469.88
10534,3505,556,2,838.26
10535,3505,973,2,3517.39
10536,3505,172,7,3806.97
10537,3506,775,4,4972.72
10538,3506,371,2,4230.23
10539,3506,666,9,524.3
10540,3506,1737,9,1388.01
10541,3507,975,10,4305.9
10542,3507,925,10,1250.55
10543,3507,125,4,3281.89
10544,3507,75,3,102.53
10545,3508,712,7,4673.84
10546,3508,962,3,2791.37
10547,3508,162,10,3318.66
10548,3508,1212,2,4513.29
10549,3509,1335,7,2188.35
10550,3509,1585,6,4748.62
10551,3509,1235,1,3189.23
10552,3509,35,3,4668.1
10553,3509,35,4,1137.9
10554,3510,1600,4,398.74
10555,3510,1600,6,4442.54
10556,3510,1900,10,3618.42
10557,3510,1800,7,1655.79
10558,3511,1022,8,3516.27
10559,3511,1022,3,1858.45
10560,3511,1072,5,4392.14
10561,3512,1380,4,1296.78
10562,3512,330,2,3804.39
10563,3513,1237,2,445.88
10564,3513,1887,7,3664.48
10565,3514,857,4,2471.91
10566,3514,382,10,2170.95
10567,3514,1798,9,2721.43
10568,3514,232,3,216.83
10569,3514,198,8,3053.6
10570,3515,1113,7,4792.23
10571,3515,313,10,3251.5
10572,3515,1513,5,2925.62
10573,3515,1013,1,350.3
10574,3516,462,9,4504.98
10575,3517,287,5,3179.13
10576,3518,364,10,3981.42
10577,3518,314,6,2952.7
10578,3518,864,3,3984.21
10579,3519,463,4,800.04
10580,3519,1213,4,4187.21
10581,3519,1563,1,2080.64
10582,3520,1953,6,664.8
10583,3520,1503,4,4887.34
10584,3520,153,4,3061.42
10585,3520,753,5,4146.76
10586,3520,1103,3,3684.59
10587,3521,400,1,1063.0
10588,3522,1135,9,3325.32
10589,3522,685,3,4129.31
10590,3522,1885,4,673.31
10591,3523,1146,5,3981.14
10592,3523,1446,6,1835.39
10593,3523,596,10,2976.32
10594,3523,1396,1,1109.62
10595,3524,573,6,2416.19
10596,3524,473,4,1538.22
10597,3525,577,10,3008.47
10598,3525,477,7,321.11
10599,3525,927,4,904.62
10600,3525,377,7,633.86
10601,3525,1627,2,810.78
10602,3526,555,10,2133.6
10603,3526,1561,6,177.28
10604,3526,437,9,1445.71
10605,3526,971,4,3870.65
10606,3527,1257,10,266.71
10607,3527,907,8,2772.86
10608,3528,185,5,767.88
10609,3528,985,8,1300.78
10610,3528,1935,4,4962.26
10611,3528,1335,6,3424.24
10612,3529,973,3,1860.26
10613,3529,1006,1,3514.03
10614,3529,1044,2,2192.13
10615,3529,628,9,2755.5
10616,3530,1105,8,1738.08
10617,3530,1755,4,4420.19
10618,3530,1605,7,780.88
10619,3530,505,8,3086.11
10620,3530,955,1,2183.1
10621,3531,1262,6,465.81
10622,3531,1221,5,345.28
10623,3531,1483,3,2777.4
10624,3531,758,3,4418.14
10625,3532,472,7,4016.99
10626,3532,822,9,3404.87
10627,3533,640,2,3480.66
10628,3534,1724,8,3850.26
10629,3534,1724,6,3908.3
10630,3534,1624,6,2601.12
10631,3535,334,7,1567.34
10632,3535,1934,3,3541.49
10633,3535,884,6,4856.17
10634,3535,1184,8,962.23
10635,3535,734,1,2557.91
10636,3536,419,5,2936.65
10637,3536,819,8,1563.24
10638,3536,1519,8,2913.9
10639,3537,1481,4,2591.87
10640,3537,1881,5,4208.21
10641,3537,1981,2,2173.62
10642,3537,881,8,647.75
10643,3537,1081,6,2215.69
10644,3538,1711,10,1546.62
10645,3538,296,1,2020.36
10646,3538,1827,4,3599.91
10647,3538,1150,6,3648.49
10648,3539,1591,9,2133.0
10649,3540,960,9,4702.25
10650,3540,1650,1,2893.25
10651,3540,1004,4,3568.85
10652,3540,1668,7,4008.35
10653,3541,930,2,3107.43
10654,3541,130,10,274.08
10655,3541,1280,1,158.5
10656,3541,330,2,3991.71
10657,3542,1605,5,4246.99
10658,3542,855,5,50.52
10659,3542,555,1,3105.49
10660,3543,609,3,4077.58
10661,3543,309,4,314.03
10662,3544,855,1,1627.91
10663,3544,1935,9,355.89
10664,3544,1405,3,4059.16
10665,3544,1349,1,193.75
10666,3545,1362,6,1740.52
10667,3545,562,5,4136.89
10668,3545,412,3,1986.06
10669,3545,1812,9,618.68
10670,3546,1232,2,4123.77
10671,3546,946,2,4752.66
10672,3546,1440,1,2551.33
10673,3546,8,5,4846.42
10674,3547,613,6,481.44
10675,3547,1190,6,2625.46
10676,3547,1571,9,4540.09
10677,3547,1315,9,693.4
10678,3547,90,6,2557.54
10679,3548,1572,1,3786.78
10680,3549,336,9,4532.56
10681,3549,670,2,1418.48
10682,3550,72,4,4359.13
10683,3550,1972,4,909.29
10684,3550,672,6,488.04
10685,3550,872,6,734.97
10686,3551,1009,1,909.85
10687,3551,809,4,4243.79
10688,3551,909,7,2824.37
10689,3551,1259,9,3919.57
10690,3552,1054,8,3202.13
10691,3552,1854,5,2482.03
10692,3552,1654,1,1747.95
10693,3552,904,3,2988.03
10694,3553,92,8,3589.62
10695,3553,792,10,3967.8
10696,3553,1692,9,1297.06
10697,3553,292,4,664.29
10698,3554,1203,9,4969.01
10699,3554,1403,7,4059.42
10700,3555,766,9,3003.81
10701,3556,219,7,1289.14
10702,3556,1019,4,407.87
10703,3556,469,7,4374.78
10704,3557,250,5,2020.17
10705,3557,1700,2,3795.43
10706,3557,500,9,4192.88
10707,3558,784,7,4678.25
10708,3558,884,9,4038.46
10709,3558,1584,3,1451.95
10710,3559,1700,7,2778.4
10711,3559,1850,5,2568.3
10712,3559,1900,8,3954.78
10713,3560,1426,5,279.21
10714,3561,672,10,3431.69
10715,3561,168,8,1148.04
10716,3562,819,6,707.01
10717,3563,385,7,1583.16
10718,3563,1335,4,1104.47
10719,3563,185,10,3611.95
10720,3563,635,6,2067.7
10721,3563,35,3,4726.16
10722,3564,1934,6,3019.9
10723,3565,1863,9,4490.06
10724,3565,1768,5,2628.51
10725,3565,1637,1,3523.9
10726,3565,539,6,4542.68
10727,3565,861,3,4660.16
10728,3566,611,4,753.93
10729,3566,961,7,4376.8
10730,3567,611,5,3551.13
10731,3567,1211,1,1912.18
10732,3567,1261,5,3773.23
10733,3567,161,1,118.34
10734,3567,1911,1,1982.63
10735,3568,1895,2,381.2
10736,3568,195,2,4263.77
10737,3568,1245,3,4153.14
10738,3568,1945,3,4359.74
10739,3568,345,1,3690.64
10740,3569,576,10,3553.13
10741,3569,238,1,3276.47
10742,3569,1792,4,2930.91
10743,3570,1948,5,3077.52
10744,3570,998,3,516.77
10745,3570,1698,6,2093.06
10746,3570,1548,3,546.92
10747,3571,695,9,2726.37
10748,3571,345,6,3127.33
10749,3571,1745,10,4009.82
10750,3571,995,5,1397.26
10751,3571,145,3,3345.8
10752,3572,1430,2,4294.59
10753,3573,1277,6,3515.86
10754,3574,37,4,68.78
10755,3574,87,9,1550.22
10756,3574,1237,2,2032.24
10757,3575,221,2,4057.44
10758,3575,471,3,3622.96
10759,3575,771,5,4110.17
10760,3576,202,9,947.36
10761,3576,352,1,3010.16
10762,3577,303,5,95.85
10763,3578,645,6,1737.72
10764,3578,845,10,2952.86
10765,3578,1995,1,331.53
10766,3578,945,7,724.58
10767,3579,868,1,2681.8
10768,3579,1230,3,4945.19
10769,3579,1812,9,2315.82
10770,3579,881,3,4220.91
10771,3579,985,1,2760.94
10772,3580,154,7,1470.41
10773,3580,904,1,1283.08
10774,3580,604,9,509.47
10775,3581,263,2,4304.96
10776,3582,1865,6,2127.57
10777,3582,1915,9,4013.65
10778,3582,1665,7,4678.46
10779,3583,1915,1,2244.96
10780,3583,515,5,2193.69
10781,3584,988,7,700.12
10782,3584,1038,1,1717.66
10783,3584,888,6,204.55
10784,3585,459,3,991.35
10785,3585,9,4,2987.14
10786,3585,459,10,4966.6
10787,3585,659,9,4933.57
10788,3586,1392,1,732.51
10789,3586,992,8,1310.52
10790,3586,992,9,3851.26
10791,3586,1442,10,3832.63
10792,3587,462,4,442.22
10793,3587,212,10,4541.22
10794,3588,257,4,1797.07
10795,3588,107,8,4437.52
10796,3588,1257,5,2938.87
10797,3588,1407,5,4162.07
10798,3588,1707,9,1580.6
10799,3589,1248,4,3312.69
10800,3589,948,10,1892.53
10801,3589,248,7,624.1
10802,3589,1898,8,884.43
10803,3590,537,8,770.64
10804,3591,464,4,1908.59
10805,3591,465,5,4761.23
10806,3592,1828,8,429.11
10807,3592,1078,2,1734.87
10808,3592,1828,10,1894.57
10809,3593,1436,4,1320.86
10810,3593,30,2,1935.0
10811,3593,1978,5,4291.44
10812,3593,419,7,877.12
10813,3594,1203,1,428.24
10814,3595,721,7,1210.29
10815,3595,1921,5,317.84
10816,3595,1671,6,2514.94
10817,3596,1748,4,2083.87
10818,3597,1230,9,3158.34
10819,3597,464,5,3522.88
10820,3598,1174,10,444.3
10821,3598,1524,5,2954.53
10822,3598,1374,3,1740.84
10823,3599,226,2,4569.29
10824,3599,176,8,584.53
10825,3599,376,9,1633.54
10826,3600,31,10,4743.69
10827,3600,859,7,3387.71
10828,3601,163,9,2315.97
10829,3601,213,5,2118.82
10830,3601,263,7,4248.08
10831,3601,1163,4,1647.25
10832,3602,1547,2,436.21
10833,3602,397,3,1994.21
10834,3602,1647,4,2990.24
10835,3602,897,4,237.44
10836,3603,1852,6,4859.0
10837,3604,1715,10,4013.83
10838,3604,15,7,1151.93
10839,3605,1877,2,4469.52
10840,3605,727,9,3441.14
10841,3605,1177,2,1367.31
10842,3605,1327,10,258.95
10843,3605,1877,9,2790.89
10844,3606,1584,1,1046.76
10845,3606,260,1,2795.02
10846,3606,130,3,3442.06
10847,3606,351,4,3654.73
10848,3606,1725,7,4094.6
10849,3607,675,6,2043.92
10850,3607,925,7,1797.03
10851,3608,1888,3,856.31
10852,3608,688,6,87.12
10853,3608,1688,5,1472.3
10854,3609,1824,1,603.3
10855,3609,781,7,3881.02
10856,3609,922,10,4233.92
10857,3610,1031,6,4452.38
10858,3610,1453,5,3098.63
10859,3610,1640,2,2056.83
10860,3610,1459,6,2640.69
10861,3610,1581,5,2977.68
10862,3611,1075,3,1805.91
10863,3611,1825,8,1140.38
10864,3611,25,5,3044.57
10865,3612,693,4,2544.53
10866,3612,25,3,1338.48
10867,3612,442,10,3706.32
10868,3612,84,1,91.29
10869,3612,1063,2,4666.68
10870,3613,1906,3,1093.56
10871,3613,1606,1,2382.48
10872,3613,356,9,2342.53
10873,3614,1743,8,3264.18
10874,3614,43,10,3166.01
10875,3614,143,1,777.9
10876,3615,390,6,2928.33
10877,3615,1425,3,2727.24
10878,3615,1352,1,1545.63
10879,3616,819,2,1913.82
10880,3616,569,10,3085.62
10881,3616,1819,9,2442.13
10882,3616,269,3,2494.34
10883,3617,1434,9,3101.4
10884,3618,1783,9,4616.61
10885,3618,1244,6,2609.85
10886,3619,101,6,778.19
10887,3619,822,9,2833.24
10888,3619,891,6,4891.92
10889,3619,839,1,1268.17
10890,3619,732,7,2778.07
10891,3620,921,1,4599.58
10892,3620,424,1,307.3
10893,3620,51,6,1096.14
10894,3620,519,6,4123.03
10895,3621,382,8,1956.7
10896,3621,1582,3,3854.7
10897,3621,832,9,1383.5
10898,3621,1532,2,1591.93
10899,3622,815,7,3032.11
10900,3622,1815,9,2582.8
10901,3622,1815,8,1615.26
10902,3623,382,5,2085.04
10903,3623,732,4,4871.4
10904,3623,1732,3,2532.37
10905,3623,1582,6,4643.09
10906,3624,900,7,1738.75
10907,3624,1900,8,1171.29
10908,3624,1950,10,3264.28
10909,3625,1134,2,4466.72
10910,3625,84,7,2930.08
10911,3625,134,7,4734.8
10912,3626,1290,2,1637.78
10913,3626,1024,4,4457.42
10914,3626,1453,8,4452.28
10915,3626,1757,6,2888.08
10916,3627,1890,8,3258.11
10917,3627,1280,7,1934.42
10918,3627,940,9,291.7
10919,3628,1537,1,892.28
10920,3629,1806,4,2352.38
10921,3629,195,7,3781.61
10922,3630,1985,6,1597.47
10923,3631,288,5,4762.91
10924,3631,738,1,947.99
10925,3631,288,2,646.91
10926,3632,124,7,3142.33
10927,3632,821,8,2316.49
10928,3632,587,10,1460.12
10929,3632,431,8,3316.07
10930,3632,1812,8,1469.09
10931,3633,1703,4,1918.1
10932,3633,53,3,574.46
10933,3633,203,2,3463.35
10934,3633,1503,8,3580.72
10935,3633,953,8,460.4
10936,3634,1676,5,2267.82
10937,3635,1455,1,681.91
10938,3635,1516,4,2967.78
10939,3636,1114,9,2928.03
10940,3636,211,6,3377.53
10941,3636,1460,8,3789.94
10942,3636,964,7,4500.3
10943,3637,63,8,4040.18
10944,3637,63,10,554.84
10945,3637,663,7,3705.12
10946,3637,313,8,510.1
10947,3637,1663,2,1269.75
10948,3638,1944,2,533.26
10949,3639,673,2,759.56
10950,3639,323,2,63.14
10951,3639,973,4,3370.38
10952,3639,523,9,1057.47
10953,3640,1929,6,4985.43
10954,3640,929,7,2405.6
10955,3640,1329,8,3425.41
10956,3640,1229,9,158.6
10957,3640,529,7,2764.73
10958,3641,1372,4,1025.53
10959,3641,1172,7,4310.87
10960,3641,822,2,3479.12
10961,3641,322,9,2869.13
10962,3642,1704,7,1329.02
10963,3642,1254,2,2735.93
10964,3642,104,5,2291.13
10965,3642,954,8,435.8
10966,3643,1084,4,2805.69
10967,3643,1034,5,1982.11
10968,3643,1084,9,2252.85
10969,3643,1934,7,2692.58
10970,3643,834,6,379.44
10971,3644,1282,2,1683.39
10972,3644,932,3,3990.02
10973,3645,1839,3,2988.42
10974,3645,589,2,3568.5
10975,3645,389,2,3406.71
10976,3645,839,4,3039.93
10977,3645,189,5,1734.8
10978,3646,694,9,2840.27
10979,3646,1428,2,1008.84
10980,3647,1039,2,3750.2
10981,3648,1646,6,3055.67
10982,3648,207,9,2261.73
10983,3648,1608,5,4812.76
10984,3648,245,4,1481.14
10985,3648,1741,1,4228.1
10986,3649,119,9,2766.03
10987,3649,1869,2,4764.54
10988,3649,219,10,3149.76
10989,3649,469,10,2519.16
10990,3650,1031,4,4140.39
10991,3650,1231,3,1583.49
10992,3650,1581,4,2199.16
10993,3650,1581,8,4580.9
10994,3651,747,4,4985.38
10995,3651,1647,2,128.52
10996,3652,379,1,2684.62
10997,3652,1629,3,1492.77
10998,3652,1479,2,2900.71
10999,3652,1879,4,1784.9
11000,3652,1579,4,271.48
11001,3653,1609,4,1495.84
11002,3653,209,8,4098.98
11003,3653,909,9,1364.3
11004,3653,759,4,2861.99
11005,3654,714,5,2066.55
11006,3654,214,10,880.81
11007,3654,1414,10,2477.65
11008,3654,364,9,4177.22
11009,3655,1754,8,4995.14
11010,3655,254,1,4198.99
11011,3656,1015,4,1142.13
11012,3657,1829,8,3246.35
11013,3658,1632,10,2092.61
11014,3658,1282,7,3441.38
11015,3658,882,5,792.67
11016,3659,828,9,3705.08
11017,3659,878,2,1152.46
11018,3660,257,10,1290.01
11019,3660,407,4,1043.66
11020,3660,957,4,3817.9
11021,3660,807,7,3724.15
11022,3661,730,9,798.67
11023,3661,1356,4,3178.79
11024,3661,638,6,1329.54
11025,3662,557,9,4520.61
11026,3663,1548,3,3654.98
11027,3664,291,1,2957.55
11028,3664,291,8,785.27
11029,3664,1291,6,4266.27
11030,3664,691,6,1911.79
11031,3665,1900,6,781.4
11032,3665,1428,9,3579.94
11033,3666,1942,3,4181.48
11034,3666,292,9,617.88
11035,3666,142,1,3937.78
11036,3666,292,5,3112.06
11037,3666,592,1,3002.77
11038,3667,415,7,3893.6
11039,3667,1315,9,68.02
11040,3667,315,7,1240.01
11041,3667,1965,5,2536.98
11042,3668,1172,6,4466.99
11043,3668,572,1,446.54
11044,3669,1683,9,3570.01
11045,3669,433,8,1346.48
11046,3669,1633,6,3483.37
11047,3669,1483,8,1100.9
11048,3670,1217,9,4453.06
11049,3670,1067,2,132.9
11050,3670,567,3,2937.62
11051,3670,17,1,965.96
11052,3671,837,4,4642.76
11053,3672,9,4,963.7
11054,3672,159,9,4007.8
11055,3672,1909,2,925.99
11056,3672,1209,6,710.73
11057,3673,1798,10,4703.84
11058,3673,1848,2,3927.95
11059,3673,298,6,4860.98
11060,3674,1016,8,2830.09
11061,3674,266,7,2414.82
11062,3674,1466,7,3570.08
11063,3674,616,1,839.16
11064,3674,1416,4,4180.99
11065,3675,1384,1,145.33
11066,3675,784,7,4671.16
11067,3675,134,4,1827.93
11068,3676,1777,2,3238.45
11069,3676,1614,1,2311.54
11070,3677,1648,6,2441.52
11071,3677,1748,2,2921.06
11072,3677,1498,7,1633.46
11073,3678,1784,6,710.86
11074,3678,134,1,516.23
11075,3678,1684,3,3497.6
11076,3678,684,5,56.04
11077,3678,1884,2,767.18
11078,3679,870,7,1366.95
11079,3679,1312,5,3012.13
11080,3679,1578,6,1537.31
11081,3679,958,8,2093.81
11082,3679,1919,2,2943.38
11083,3680,930,3,869.72
11084,3680,1108,4,3445.08
11085,3681,100,3,2953.32
11086,3681,1000,3,4366.64
11087,3681,200,1,2176.49
11088,3682,1873,7,4651.84
11089,3682,461,2,776.41
11090,3682,1323,2,619.85
11091,3683,1880,3,2538.35
11092,3683,1930,2,1363.36
11093,3684,1511,8,1355.24
11094,3684,1211,5,3805.99
11095,3684,361,2,3294.91
11096,3684,1461,5,128.24
11097,3684,1461,4,2681.97
11098,3685,1081,9,1211.3
11099,3685,1953,6,3744.59
11100,3686,1335,3,2403.89
11101,3687,1791,6,868.25
11102,3688,412,4,899.26
11103,3688,562,2,420.81
11104,3688,1612,5,2432.73
11105,3689,145,8,4352.45
11106,3690,783,2,3581.05
11107,3690,457,10,3276.85
11108,3691,1295,8,3182.07
11109,3692,733,2,896.54
11110,3692,883,1,426.03
11111,3693,1915,3,4829.47
11112,3693,1621,3,4930.86
11113,3693,462,7,2048.77
11114,3693,69,3,3714.17
11115,3694,1203,9,3132.48
11116,3694,762,9,1260.74
11117,3694,1957,3,2624.57
11118,3694,1956,7,1521.0
11119,3695,759,4,3893.93
11120,3695,459,3,2646.11
11121,3695,659,4,1139.26
11122,3695,809,8,2387.52
11123,3696,1519,4,1090.57
11124,3696,1269,5,2003.82
11125,3697,697,6,2401.69
11126,3698,1282,1,2993.12
11127,3698,82,7,3274.74
11128,3698,782,9,3655.1
11129,3698,1332,1,2444.47
11130,3698,782,7,4713.53
11131,3699,1476,1,3332.04
11132,3699,476,2,4984.2
11133,3699,1076,10,4681.32
11134,3699,526,9,4172.9
11135,3700,824,7,3522.18
11136,3700,824,4,3414.04
11137,3700,424,1,812.22
11138,3701,186,4,794.32
11139,3701,1186,10,1759.36
11140,3701,1786,5,3317.82
11141,3702,1304,7,4392.24
11142,3702,1954,2,3119.17
11143,3702,904,1,4980.67
11144,3702,1854,3,1426.27
11145,3703,649,8,1396.15
11146,3703,1749,8,1413.42
11147,3703,899,10,3121.28
11148,3703,1449,9,1189.93
11149,3704,1767,9,729.88
11150,3704,417,2,4210.42
11151,3704,1517,9,4149.69
11152,3704,1967,5,2616.39
11153,3705,228,7,1280.46
11154,3705,1128,5,164.86
11155,3705,1178,1,3688.02
11156,3706,920,8,2684.78
11157,3706,1170,4,3874.63
11158,3706,1620,10,4831.73
11159,3706,1320,2,2259.09
11160,3706,320,10,916.91
11161,3707,1672,4,3649.85
11162,3707,1850,10,2724.73
11163,3708,1049,6,3954.64
11164,3709,332,8,2394.99
11165,3709,982,6,1893.24
11166,3709,1017,1,4579.94
11167,3710,187,9,423.33
11168,3710,1862,10,1940.84
11169,3711,969,6,3552.09
11170,3711,876,1,1725.29
11171,3711,836,4,1374.18
11172,3712,1873,6,2869.61
11173,3712,523,5,1732.53
11174,3712,673,6,1294.34
11175,3712,123,7,723.35
11176,3712,1273,3,4164.15
11177,3713,1368,9,3253.21
11178,3713,1368,5,989.76
11179,3713,1968,6,3619.2
11180,3713,218,2,2061.39
11181,3714,1210,1,4212.75
11182,3714,910,3,2883.29
11183,3714,360,6,4471.07
11184,3714,1810,5,2200.78
11185,3715,506,5,544.26
11186,3715,506,8,1848.61
11187,3715,1006,8,844.06
11188,3715,1856,1,2800.82
11189,3716,1959,7,1773.97
11190,3716,809,6,508.8
11191,3716,1159,4,2388.13
11192,3716,559,4,1456.81
11193,3717,302,9,3078.37
11194,3717,415,6,2073.12
11195,3718,1625,9,3951.16
11196,3718,1425,9,2388.3
11197,3718,1725,3,3219.74
11198,3718,975,6,4573.64
11199,3718,825,5,1032.59
11200,3719,1164,2,4768.84
11201,3719,1305,9,365.33
11202,3720,1797,10,4379.28
11203,3720,1028,8,2158.7
11204,3720,1576,7,3156.11
11205,3720,521,8,1165.2
11206,3720,1207,8,697.33
11207,3721,613,10,4938.35
11208,3721,1713,4,1161.81
11209,3721,263,6,3340.24
11210,3721,213,4,2060.68
11211,3721,1963,2,1368.52
11212,3722,1962,10,1885.96
11213,3722,1232,8,4286.06
11214,3723,344,5,3153.94
11215,3723,144,2,4937.71
11216,3723,1494,3,2931.89
11217,3723,194,5,4904.07
11218,3723,1694,1,1252.35
11219,3724,1240,2,2956.57
11220,3724,1246,3,2030.82
11221,3724,1460,5,3102.29
11222,3724,394,10,4734.89
11223,3724,1614,3,2788.19
11224,3725,1033,5,3915.11
11225,3725,330,10,1361.0
11226,3725,1802,10,3235.5
11227,3725,183,7,2440.07
11228,3725,932,10,669.1
11229,3726,1108,2,2626.62
11230,3727,1891,1,345.8
11231,3727,1698,1,730.43
11232,3728,285,10,4805.55
11233,3728,1935,10,3926.03
11234,3729,682,5,2047.72
11235,3729,1932,2,3562.71
11236,3729,732,3,1299.41
11237,3730,805,4,4026.36
11238,3731,895,5,4987.32
11239,3731,645,2,4925.57
11240,3731,95,8,3901.63
11241,3731,995,7,4597.28
11242,3731,895,10,1924.63
11243,3732,58,10,3474.01
11244,3732,1108,9,1021.43
11245,3733,1782,3,2316.01
11246,3733,1496,7,2428.4
11247,3733,392,2,992.37
11248,3733,1163,5,3853.67
11249,3733,691,1,4919.91
11250,3734,268,8,3973.87
11251,3734,1718,4,2940.92
11252,3734,518,1,4620.71
11253,3734,1018,2,4652.99
11254,3735,1521,2,3159.2
11255,3735,1371,1,4816.06
11256,3736,1572,5,3047.05
11257,3737,1446,2,65.1
11258,3737,533,10,3547.6
11259,3737,573,3,4090.76
11260,3737,960,6,3057.68
11261,3738,330,6,2300.67
11262,3738,1430,1,876.06
11263,3738,1330,9,3034.33
11264,3739,608,10,977.56
11265,3739,758,5,911.33
11266,3739,308,1,1029.28
11267,3739,1208,2,3245.93
11268,3739,1008,1,4993.09
11269,3740,1878,6,2868.07
11270,3740,878,4,2592.72
11271,3740,1128,8,3220.06
11272,3740,378,9,2697.15
11273,3740,1928,9,4515.18
11274,3741,1392,8,4482.02
11275,3741,292,3,4438.32
11276,3741,242,2,2604.7
11277,3741,1142,6,4062.27
11278,3741,792,9,3538.46
11279,3742,1523,1,1851.62
11280,3742,1073,8,2977.02
11281,3742,1073,7,1069.69
11282,3743,1314,10,2647.5
11283,3743,1301,2,2660.39
11284,3743,1880,3,1375.6
11285,3743,1120,4,2681.82
11286,3743,338,2,510.02
11287,3744,1444,1,1969.66
11288,3744,1444,7,2052.25
11289,3744,1344,6,3283.01
11290,3744,694,8,1731.15
11291,3744,444,9,4657.86
11292,3745,1300,10,163.68
11293,3745,200,7,2052.04
11294,3746,1449,1,3816.84
11295,3746,299,3,4726.27
11296,3746,1099,4,4316.27
11297,3746,1749,8,2931.08
11298,3747,1854,3,3541.21
11299,3747,1604,3,1302.8
11300,3747,1804,10,2777.29
11301,3747,1654,7,4826.25
11302,3747,1154,10,3268.46
11303,3748,1374,10,4507.47
11304,3748,674,8,2374.97
11305,3749,1684,1,3235.26
11306,3749,246,4,3390.09
11307,3749,476,4,802.26
11308,3750,1111,3,2211.88
11309,3750,161,9,205.36
11310,3750,1811,2,1477.82
11311,3750,111,7,3761.16
11312,3750,361,4,4783.67
11313,3751,1752,7,4900.68
11314,3751,1302,6,1451.9
11315,3751,852,8,2963.17
11316,3752,1699,1,1707.08
11317,3752,946,2,646.48
11318,3753,1768,3,4376.17
11319,3753,909,6,4569.66
11320,3754,921,7,2664.42
11321,3754,421,5,1777.0
11322,3754,1471,7,1662.95
11323,3754,1521,3,308.62
11324,3755,11,8,3861.9
11325,3756,217,10,4151.87
11326,3756,1898,1,909.58
11327,3757,229,3,2428.9
11328,3758,1208,1,2667.44
11329,3758,108,9,738.05
11330,3758,858,2,3391.01
11331,3758,1308,10,882.67
11332,3759,723,8,1712.81
11333,3759,1353,6,906.09
11334,3760,962,4,4995.21
11335,3760,962,1,861.24
11336,3761,1101,6,3783.92
11337,3761,1851,2,448.37
11338,3762,1516,9,1915.02
11339,3763,237,5,3067.77
11340,3763,889,3,145.48
11341,3764,134,3,1656.98
11342,3764,1384,5,1557.01
11343,3765,1988,3,2162.81
11344,3765,210,3,4774.38
11345,3765,1024,2,1784.41
11346,3766,192,2,949.02
11347,3766,1942,9,4233.84
11348,3766,1892,5,613.97
11349,3767,722,5,1545.06
11350,3768,773,9,2981.29
11351,3768,136,8,3525.1
11352,3769,460,4,3440.5
11353,3769,1110,8,3610.13
11354,3770,174,4,974.01
11355,3770,1674,1,1698.57
11356,3770,1324,6,1108.38
11357,3770,1874,8,1347.18
11358,3771,504,4,3299.16
11359,3771,354,7,2913.37
11360,3771,1254,10,69.64
11361,3771,754,10,610.22
11362,3771,554,8,935.81
11363,3772,1203,3,1854.96
11364,3773,335,7,2324.17
11365,3773,85,4,1094.47
11366,3774,67,6,2088.45
11367,3774,860,8,140.09
11368,3774,788,6,4760.85
11369,3774,680,5,1010.45
11370,3774,257,4,1844.48
11371,3775,849,5,3638.93
11372,3775,199,6,2429.4
11373,3775,499,5,84.34
11374,3776,961,4,2435.25
11375,3776,111,1,2674.84
11376,3776,1311,10,3429.94
11377,3777,1305,6,4232.45
11378,3777,1005,5,4892.41
11379,3777,705,9,2757.95
11380,3777,905,1,4953.74
11381,3777,1055,3,1658.6
11382,3778,653,3,4413.97
11383,3778,1903,2,4411.95
11384,3779,401,5,52.05
11385,3779,1692,3,4792.79
11386,3779,852,6,3567.41
11387,3779,59,2,4984.9
11388,3779,1628,8,4515.87
11389,3780,1167,3,2535.07
11390,3780,563,4,3755.26
11391,3780,1946,2,1679.51
11392,3780,1662,4,2536.09
11393,3780,652,7,105.02
11394,3781,286,8,3342.85
11395,3782,1387,9,3362.49
11396,3782,687,6,2106.66
11397,3783,1756,4,2044.26
11398,3783,1357,4,828.07
11399,3783,632,3,4041.02
11400,3784,1745,7,2289.92
11401,3785,255,4,3548.4
11402,3785,1024,3,4073.94
11403,3785,1289,6,2409.02
11404,3785,1345,2,1513.94
11405,3785,1514,9,2446.36
11406,3786,1410,8,2601.05
11407,3786,1014,3,1931.79
11408,3786,933,10,2334.75
11409,3787,634,1,391.48
11410,3787,465,2,3380.93
11411,3787,777,2,419.37
11412,3787,1587,5,972.22
11413,3787,361,1,3730.17
11414,3788,1415,7,348.46
11415,3788,1565,4,3618.53
11416,3788,915,7,3977.7
11417,3788,1665,2,2292.59
11418,3788,1765,10,63.89
11419,3789,482,7,4019.52
11420,3789,1182,7,2917.22
11421,3790,897,8,3669.09
11422,3790,897,6,1052.05
11423,3790,97,9,1254.21
11424,3790,247,3,4588.55
11425,3791,20,4,188.49
11426,3791,1020,6,4756.3
11427,3791,270,10,342.61
11428,3791,170,9,404.16
11429,3791,1870,2,4834.24
11430,3792,1291,6,348.64
11431,3792,103,3,1636.01
11432,3793,1361,5,1464.22
11433,3793,11,10,2215.85
11434,3794,691,6,1647.89
11435,3794,491,3,3901.95
11436,3794,791,9,3434.33
11437,3794,1341,1,2757.12
11438,3794,691,6,4447.48
11439,3795,1017,2,2587.4
11440,3795,467,3,2987.15
11441,3795,1067,1,1996.76
11442,3796,1440,2,4426.35
11443,3797,1197,9,1590.52
11444,3798,995,9,3553.55
11445,3798,195,9,98.27
11446,3798,1495,5,4347.95
11447,3799,547,5,438.11
11448,3799,438,9,4306.92
11449,3800,447,6,3621.38
11450,3800,1908,5,2584.24
11451,3801,1165,2,2767.79
11452,3801,765,10,888.38
11453,3801,1015,5,3106.0
11454,3802,1815,6,3911.1
11455,3802,965,8,2247.94
11456,3803,736,7,387.17
11457,3804,1106,5,846.92
11458,3804,117,6,2763.36
11459,3804,793,10,2370.93
11460,3804,481,3,1914.53
11461,3804,1295,6,3229.21
11462,3805,1109,9,3049.99
11463,3805,1809,2,2773.3
11464,3805,1009,5,1649.5
11465,3805,1859,6,1174.5
11466,3806,350,10,3015.28
11467,3806,1900,7,3180.22
11468,3806,1250,10,1757.01
11469,3806,1950,9,79.2
11470,3807,1693,2,2627.36
11471,3808,1071,3,781.28
11472,3809,714,7,1690.69
11473,3809,264,5,997.86
11474,3809,664,10,3669.72
11475,3809,1164,7,2339.04
11476,3810,993,9,3056.94
11477,3811,1506,2,2823.52
11478,3811,1706,1,4069.44
11479,3811,306,4,4247.0
11480,3811,1006,9,3225.59
11481,3811,206,1,1842.13
11482,3812,663,5,1275.11
11483,3812,263,5,205.64
11484,3813,1762,5,2438.31
11485,3813,912,3,2396.12
11486,3813,1562,5,1276.74
11487,3813,362,2,601.51
11488,3813,912,3,873.23
11489,3814,1689,6,642.31
11490,3814,914,9,3508.78
11491,3815,1638,9,3821.06
11492,3815,1849,1,3872.96
11493,3816,689,9,4987.35
11494,3816,389,3,4592.62
11495,3816,1139,7,569.77
11496,3817,1896,7,2666.41
11497,3817,992,8,3528.57
11498,3817,1519,6,1361.58
11499,3817,151,2,474.47
11500,3818,1022,10,2241.05
11501,3818,812,5,2886.46
11502,3818,343,5,3143.0
11503,3819,247,8,2177.27
11504,3819,1597,4,4524.37
11505,3819,1547,1,2970.94
11506,3819,47,1,601.08
11507,3819,1397,6,2463.68
11508,3820,360,2,2965.68
11509,3821,1464,8,1485.3
11510,3821,614,8,4158.28
11511,3822,270,5,1753.39
11512,3822,1770,1,2225.23
11513,3822,1070,8,1022.87
11514,3822,770,9,4909.89
11515,3823,111,1,4866.43
11516,3823,311,2,2011.61
11517,3823,11,5,4073.22
11518,3824,195,6,2587.41
11519,3824,495,3,1514.17
11520,3824,395,7,2625.89
11521,3825,1185,9,3669.43
11522,3825,1335,4,1704.12
11523,3825,427,3,4056.32
11524,3825,1418,5,2034.11
11525,3825,1721,5,2225.4
11526,3826,994,8,336.69
11527,3827,415,4,3414.03
11528,3827,1117,10,2513.86
11529,3827,1613,8,2982.89
11530,3828,1312,3,4262.11
11531,3829,1126,9,3981.66
11532,3830,745,8,3534.48
11533,3830,129,10,568.26
11534,3831,1587,5,2112.55
11535,3831,337,6,2729.14
11536,3831,387,2,517.68
11537,3832,1415,3,1324.27
11538,3832,215,10,3850.11
11539,3832,965,3,4396.78
11540,3832,865,4,3579.92
11541,3832,465,9,1753.97
11542,3833,363,10,4697.22
11543,3833,213,10,3484.72
11544,3833,1613,1,3846.78
11545,3833,1563,8,2416.72
11546,3834,1230,1,2186.87
11547,3834,747,6,532.39
11548,3834,1722,1,3131.61
11549,3834,1344,5,3747.78
11550,3834,566,5,4963.37
11551,3835,388,4,2722.85
11552,3835,108,1,3687.01
11553,3835,1516,6,3526.1
11554,3836,258,9,1395.96
11555,3837,482,1,2266.08
11556,3837,1832,3,1561.21
11557,3837,82,4,2037.92
11558,3837,1132,2,4567.8
11559,3838,1745,4,358.65
11560,3839,1816,7,3962.97
11561,3839,1716,3,3379.64
11562,3840,1799,9,3170.77
11563,3841,1976,2,2471.98
11564,3841,869,10,4196.06
11565,3841,136,4,2650.29
11566,3842,1037,5,1452.62
11567,3842,1937,4,486.77
11568,3842,1187,3,1601.41
11569,3842,1287,8,3389.09
11570,3843,2,3,1454.55
11571,3843,1202,5,4567.2
11572,3843,1352,2,3109.07
11573,3843,752,2,3670.74
11574,3844,1582,4,2224.43
11575,3844,1582,4,1663.65
11576,3845,885,3,4176.94
11577,3845,977,9,3917.73
11578,3846,817,5,2860.33
11579,3846,767,4,2780.17
11580,3846,967,5,4886.04
11581,3846,917,9,4248.26
11582,3847,1942,4,2556.73
11583,3847,1392,3,2856.01
11584,3847,992,7,1870.33
11585,3847,1542,8,4297.94
11586,3848,509,2,4788.54
11587,3849,302,9,482.79
11588,3849,1202,7,1547.08
11589,3849,752,1,449.6
11590,3850,1804,4,167.99
11591,3850,1354,3,4683.05
11592,3850,204,8,3464.46
11593,3851,1887,7,4121.36
11594,3851,403,8,3534.95
11595,3851,330,2,1572.11
11596,3851,1324,8,3151.45
11597,3851,126,1,4807.86
11598,3852,1527,2,3449.48
11599,3853,1482,6,948.45
11600,3853,1732,9,1547.42
11601,3854,875,3,4303.03
11602,3854,400,3,4545.34
11603,3855,119,6,4804.16
11604,3856,922,9,88.96
11605,3857,1318,2,835.84
11606,3857,1802,7,1372.03
11607,3857,1212,9,4334.03
11608,3857,556,8,2857.04
11609,3858,266,9,3865.79
11610,3859,139,2,2741.38
11611,3859,839,5,2366.8
11612,3859,1889,7,4220.67
11613,3859,789,3,881.69
11614,3860,1850,2,559.92
11615,3860,930,10,1821.92
11616,3860,1379,7,3952.18
11617,3861,752,4,3116.02
11618,3861,852,6,4520.06
11619,3861,902,5,2406.33
11620,3862,1028,5,828.83
11621,3862,278,8,4347.51
11622,3862,678,2,4407.82
11623,3863,1334,8,4999.85
11624,3863,642,1,129.13
11625,3863,160,9,1402.52
11626,3863,883,5,1820.31
11627,3863,1092,5,4697.55
11628,3864,715,1,1618.53
11629,3864,865,8,1098.07
11630,3864,815,3,853.27
11631,3864,115,3,1828.69
11632,3864,815,4,4964.49
11633,3865,236,8,3854.92
11634,3865,1372,2,1295.41
11635,3865,1086,4,305.38
11636,3865,254,1,3655.45
11637,3866,1045,2,2789.78
11638,3867,509,4,3827.98
11639,3867,1209,4,2829.16
11640,3867,909,8,3472.1
11641,3867,159,5,3151.25
11642,3868,612,4,816.21
11643,3869,75,5,2898.66
11644,3870,85,9,4766.86
11645,3871,1931,5,4815.59
11646,3871,1981,2,4500.8
11647,3871,1381,5,954.23
11648,3871,1281,3,3337.53
11649,3871,281,7,4776.63
11650,3872,685,3,363.78
11651,3872,1735,2,3982.96
11652,3872,235,4,1381.25
11653,3873,505,3,2176.79
11654,3874,632,6,1855.31
11655,3874,382,4,4777.11
11656,3874,1882,6,4457.36
11657,3874,1032,8,2720.3
11658,3875,1197,7,2161.68
11659,3875,897,5,900.97
11660,3875,347,8,3329.73
11661,3875,497,5,3168.42
11662,3876,1706,6,1075.1
11663,3876,1406,10,3496.13
11664,3877,956,3,4292.44
11665,3877,742,1,751.36
11666,3877,450,8,1178.17
11667,3877,846,6,2777.4
11668,3878,1195,3,1502.19
11669,3879,1591,8,229.77
11670,3879,1841,2,1350.35
11671,3879,941,5,3790.88
11672,3880,1855,5,3721.07
11673,3880,165,3,1065.94
11674,3880,1330,5,3301.68
11675,3881,1058,2,2268.56
11676,3881,1908,7,2501.65
11677,3881,1308,9,1025.76
11678,3881,858,7,2451.36
11679,3881,558,7,4411.91
11680,3882,1784,3,3911.43
11681,3882,1484,7,1247.48
11682,3882,934,1,2694.64
11683,3882,1234,6,3910.69
11684,3883,3,2,1920.47
11685,3883,503,8,3470.89
11686,3884,1717,3,872.79
11687,3885,1593,7,3583.11
11688,3885,1793,1,3903.55
11689,3886,525,7,2065.04
11690,3886,325,9,104.24
11691,3886,1075,4,1018.62
11692,3886,1675,4,4270.5
11693,3887,945,6,2722.43
11694,3887,95,2,1063.1
11695,3887,945,2,764.84
11696,3887,895,8,2576.44
11697,3888,1978,4,2965.46
11698,3888,1078,9,3989.14
11699,3888,1228,7,4948.43
11700,3889,1207,6,1647.13
11701,3890,521,2,2040.43
11702,3890,1321,3,1655.68
11703,3891,115,9,4318.29
11704,3891,1614,2,4935.4
11705,3891,1667,8,4225.41
11706,3892,982,4,2188.33
11707,3892,1382,6,571.66
11708,3892,1532,2,59.07
11709,3892,1082,4,1801.07
11710,3892,1882,4,1815.44
11711,3893,1257,6,710.31
11712,3893,1260,9,352.56
11713,3894,1768,10,2193.13
11714,3895,1550,10,2681.15
11715,3896,197,4,4876.06
11716,3896,847,4,4006.01
11717,3896,1597,6,299.58
11718,3896,697,1,4497.69
11719,3897,176,2,3031.96
11720,3897,1176,5,3314.23
11721,3897,1026,2,4821.91
11722,3897,1376,9,3107.79
11723,3897,376,4,1432.1
11724,3898,919,6,3517.88
11725,3898,669,6,512.61
11726,3899,1780,5,2813.31
11727,3899,739,10,4905.7
11728,3900,197,1,674.28
11729,3900,1247,4,2635.54
11730,3900,1897,9,2011.69
11731,3900,847,2,3189.55
11732,3900,1897,2,4847.75
11733,3901,1420,2,764.19
11734,3901,970,1,1439.26
11735,3901,620,5,133.47
11736,3901,1470,3,2514.3
11737,3901,1920,7,571.06
11738,3902,570,10,208.91
11739,3902,420,3,3113.06
11740,3902,920,2,4312.92
11741,3902,20,4,3063.27
11742,3902,120,5,544.7
11743,3903,1871,4,1123.36
11744,3903,109,5,2358.6
11745,3903,800,7,2509.89
11746,3904,240,5,4688.69
11747,3905,1473,2,1601.32
11748,3906,1003,8,1292.4
11749,3906,803,4,434.12
11750,3906,1953,10,1493.32
11751,3907,1412,7,684.93
11752,3907,409,2,3057.64
11753,3908,153,7,4672.7
11754,3908,1468,5,1160.69
11755,3909,292,7,950.03
11756,3909,492,8,3148.62
11757,3909,1292,7,4943.43
11758,3910,787,4,4475.62
11759,3910,337,4,1696.71
11760,3910,1887,3,3528.88
11761,3911,530,1,2449.11
11762,3911,1080,7,2093.62
11763,3912,1576,10,3774.38
11764,3913,727,10,871.6
11765,3913,1454,6,1369.71
11766,3913,1499,10,1721.29
11767,3914,578,5,3769.63
11768,3915,1116,9,4038.39
11769,3915,1066,7,417.43
11770,3916,1221,9,4174.88
11771,3917,1565,1,4398.6
11772,3917,857,8,3281.6
11773,3917,1223,4,494.05
11774,3917,1965,10,2334.44
11775,3918,304,7,1496.97
11776,3918,1604,1,4669.38
11777,3918,1004,3,2659.81
11778,3918,54,9,3417.92
11779,3918,1504,4,2074.78
11780,3919,77,9,89.79
11781,3919,177,4,3123.78
11782,3919,1627,10,3898.45
11783,3920,1393,7,4636.74
11784,3920,1793,7,2375.21
11785,3920,171,1,1524.7
11786,3920,1337,7,4953.08
11787,3920,1047,4,3561.24
11788,3921,1854,9,4759.04
11789,3921,1304,8,3702.36
11790,3921,54,10,2686.13
11791,3921,1504,10,3902.0
11792,3922,1522,10,1695.97
11793,3922,1047,8,2317.07
11794,3922,1568,8,3577.89
11795,3922,1372,7,3139.13
11796,3922,1931,1,1477.29
11797,3923,76,9,4417.49
11798,3923,1457,4,2459.74
11799,3923,743,5,3022.7
11800,3924,1854,7,3260.96
11801,3924,1704,10,300.51
11802,3924,554,6,1785.51
11803,3924,704,8,2380.12
11804,3924,1054,9,1348.74
11805,3925,1324,2,2686.93
11806,3925,1324,5,3083.74
11807,3925,1974,9,4470.08
11808,3925,1524,4,1681.16
11809,3925,1224,1,4202.23
11810,3926,323,8,2882.63
11811,3926,1073,1,4388.84
11812,3927,1451,2,289.16
11813,3927,1801,9,578.03
11814,3927,851,1,1888.64
11815,3927,851,6,4821.69
11816,3927,1901,5,547.64
11817,3928,1877,10,4971.03
11818,3929,1647,3,1024.18
11819,3929,447,2,2040.23
11820,3930,1259,4,779.58
11821,3931,1930,10,806.08
11822,3931,327,5,4868.81
11823,3931,1306,7,1500.51
11824,3932,1970,5,2273.8
11825,3932,320,10,3818.8
11826,3933,430,9,4233.96
11827,3933,1880,3,4552.58
11828,3933,230,6,1067.67
11829,3934,1907,3,536.78
11830,3934,657,6,1384.15
11831,3935,1109,9,2251.05
11832,3935,1346,7,2465.51
11833,3935,1244,5,343.49
11834,3935,996,10,96.46
11835,3935,87,7,588.28
11836,3936,800,1,2709.99
11837,3936,1300,4,953.42
11838,3936,1700,2,591.7
11839,3937,1512,9,2127.06
11840,3937,1762,2,3196.04
11841,3937,562,5,438.29
11842,3938,1600,8,2543.68
11843,3938,1750,5,4692.05
11844,3939,1750,4,1752.64
11845,3939,2000,9,4565.07
11846,3939,600,9,3240.4
11847,3940,1531,4,1551.52
11848,3940,781,5,2522.75
11849,3940,1631,10,2791.0
11850,3941,1550,6,4849.09
11851,3941,1150,6,1283.82
11852,3942,410,1,4191.37
11853,3942,956,5,4538.99
11854,3942,1702,8,4374.28
11855,3943,1864,3,4223.28
11856,3943,814,2,2858.86
11857,3944,350,8,3188.65
11858,3944,1400,4,236.52
11859,3945,679,8,1559.37
11860,3945,1429,2,1350.32
11861,3945,1579,2,2501.16
11862,3946,1694,6,3020.05
11863,3946,1344,10,4272.82
11864,3946,1394,2,4313.73
11865,3947,1399,2,2037.36
11866,3947,1199,5,3956.54
11867,3947,899,8,2680.43
11868,3948,547,2,3729.64
11869,3948,397,1,2595.91
11870,3948,947,8,4464.85
11871,3948,1697,9,4787.24
11872,3948,347,6,4969.47
11873,3949,343,5,4897.66
11874,3949,91,9,3433.2
11875,3949,1025,4,4666.37
11876,3950,1340,10,112.75
11877,3950,1545,8,2252.2
11878,3950,1504,9,2191.6
11879,3950,684,8,1171.83
11880,3950,223,9,1825.19
11881,3951,462,2,1244.45
11882,3951,1262,5,3370.13
11883,3951,512,2,2340.99
11884,3951,1862,10,3349.73
11885,3952,1441,5,634.83
11886,3952,541,10,4689.71
11887,3952,291,1,2636.43
11888,3952,1991,2,3413.93
11889,3953,1381,9,3927.91
11890,3953,931,6,554.8
11891,3953,1781,10,1080.67
11892,3953,981,9,3242.1
11893,3954,944,8,102.98
11894,3954,594,5,3813.61
11895,3955,941,8,4751.21
11896,3955,1741,2,1833.33
11897,3955,1741,8,3816.64
11898,3956,494,10,3575.55
11899,3956,794,2,3088.22
11900,3956,1644,1,3006.57
11901,3956,1094,4,2552.27
11902,3957,624,9,2448.07
11903,3957,1424,9,4541.16
11904,3957,474,8,123.56
11905,3957,1574,3,710.99
11906,3957,1674,3,4452.21
11907,3958,1644,5,559.43
11908,3958,845,7,3876.96
11909,3958,1738,7,1938.76
11910,3959,1020,5,489.72
11911,3959,1520,10,2957.29
11912,3959,70,2,3467.31
11913,3960,299,5,1093.73
11914,3960,1999,5,2446.06
11915,3960,1199,3,2979.17
11916,3961,1349,2,4072.0
11917,3962,1803,9,2976.16
11918,3962,353,2,2203.34
11919,3963,1482,3,3592.86
11920,3963,1904,5,408.96
11921,3964,381,1,1666.42
11922,3964,1031,2,90.64
11923,3964,1331,7,866.34
11924,3964,881,8,3441.94
11925,3965,1228,9,1135.05
11926,3965,278,4,373.95
11927,3965,428,5,4279.21
11928,3966,1715,4,4078.35
11929,3966,1022,10,4329.36
11930,3966,1941,9,4947.08
11931,3966,1019,1,3948.35
11932,3967,442,7,2991.71
11933,3967,1842,9,4486.94
11934,3967,1142,4,4254.59
11935,3967,242,3,3356.76
11936,3967,1392,3,1461.19
11937,3968,344,6,1108.06
11938,3968,1144,2,1593.01
11939,3968,394,4,4215.58
11940,3969,1921,10,1685.94
11941,3970,1584,5,354.62
11942,3970,1784,5,4276.04
11943,3971,721,7,4131.42
11944,3971,116,4,2594.86
11945,3971,587,9,930.0
11946,3971,1761,3,2093.91
11947,3972,775,8,2237.59
11948,3972,1375,8,1475.85
11949,3972,725,7,885.89
11950,3972,1275,1,4385.85
11951,3972,175,6,2081.85
11952,3973,517,6,292.2
11953,3973,767,5,4686.06
11954,3973,967,8,3131.25
11955,3973,1167,3,2073.21
11956,3974,990,9,774.29
11957,3974,240,7,2826.04
11958,3974,790,9,3988.53
11959,3975,289,8,4316.73
11960,3975,1115,8,3180.44
11961,3975,137,9,811.62
11962,3975,7,2,4812.98
11963,3975,1037,7,4124.29
11964,3976,1125,4,1433.32
11965,3976,325,2,4615.54
11966,3976,1825,5,3308.89
11967,3977,476,8,2251.45
11968,3978,794,2,4612.12
11969,3978,11,4,1829.74
11970,3979,1149,8,129.58
11971,3979,566,9,2433.45
11972,3979,1965,2,1335.51
11973,3979,255,1,4325.0
11974,3980,551,8,4744.69
11975,3980,1651,6,1623.85
11976,3980,601,3,1927.78
11977,3981,1367,1,3943.65
11978,3981,667,10,3124.59
11979,3981,1867,10,305.48
11980,3981,717,8,4134.19
11981,3982,711,4,4618.33
11982,3982,1303,9,3539.11
11983,3982,159,9,3482.4
11984,3982,947,5,3551.21
11985,3982,545,1,2983.2
11986,3983,1378,10,1523.9
11987,3983,1635,5,3570.13
11988,3983,1762,4,793.92
11989,3983,1285,3,4065.95
11990,3984,1072,6,476.31
11991,3984,530,7,2087.18
11992,3984,1744,2,3784.64
11993,3984,183,8,4191.84
11994,3985,1863,5,1043.78
11995,3985,163,10,4479.69
11996,3985,413,3,4844.26
11997,3986,778,4,774.49
11998,3986,539,3,2234.67
11999,3986,108,6,3931.81
12000,3986,399,5,3615.45
12001,3986,1239,3,520.72
12002,3987,1029,7,3424.87
12003,3987,879,6,778.92
12004,3987,1079,9,1999.58
12005,3988,1128,5,715.08
12006,3989,1301,2,3963.58
12007,3990,1861,6,2279.01
12008,3990,562,9,2013.36
12009,3990,946,2,2555.16
12010,3990,1441,1,2669.46
12011,3990,1576,7,1231.0
12012,3991,1101,7,297.66
12013,3991,801,5,4129.03
12014,3991,1751,1,3621.19
12015,3991,801,10,3343.33
12016,3992,1727,8,4404.82
12017,3992,1018,1,2195.74
12018,3992,717,9,1906.12
12019,3992,1715,7,2576.4
12020,3992,1565,7,918.83
12021,3993,941,6,2674.9
12022,3993,1041,5,371.0
12023,3993,191,1,2717.47
12024,3994,1525,7,3004.62
12025,3994,275,8,2772.79
12026,3994,1975,3,1031.55
12027,3994,875,5,1534.54
12028,3994,1325,9,3450.23
12029,3995,514,8,4893.06
12030,3995,614,8,3099.1
12031,3995,1714,9,4121.7
12032,3996,1714,2,1876.18
12033,3996,1764,1,4126.36
12034,3996,814,3,1852.32
12035,3996,564,9,296.6
12036,3997,1209,3,1689.03
12037,3997,1136,7,4745.19
12038,3998,926,3,3719.46
12039,3998,1326,8,3116.93
12040,3999,1596,1,4186.84
12041,3999,1727,1,407.17
12042,3999,564,9,1204.63
12043,3999,145,5,1394.17
12044,4000,127,2,4747.54
12045,4000,1354,9,1125.84
12046,4000,997,8,4281.85
12047,4000,1288,9,3084.9
12048,4000,479,1,1726.19
12049,4001,1940,6,4818.25
12050,4001,1440,10,4355.78
12051,4002,619,5,3506.29
12052,4002,569,10,2468.63
12053,4002,119,8,2208.09
12054,4003,1738,9,1528.7
12055,4003,1138,2,2912.39
12056,4003,138,1,143.97
12057,4003,288,2,3864.17
12058,4003,438,10,3676.99
12059,4004,1364,3,4609.21
12060,4004,514,10,2810.14
12061,4004,1164,10,2994.06
12062,4004,1114,7,3815.14
12063,4005,461,8,4242.48
12064,4005,811,2,4975.85
12065,4005,811,8,3491.28
12066,4005,511,9,2964.11
12067,4005,361,4,2508.28
12068,4006,984,7,712.51
12069,4007,1884,10,4702.62
12070,4008,552,5,2819.82
12071,4009,1424,5,2365.71
12072,4009,1986,7,3020.3
12073,4009,1523,4,4227.97
12074,4009,1241,6,3708.4
12075,4010,1769,1,3141.69
12076,4010,1569,6,3386.55
12077,4011,1165,10,2827.68
12078,4011,1565,1,819.32
12079,4012,295,5,4649.4
12080,4012,511,5,2240.62
12081,4013,1170,8,2440.97
12082,4014,862,1,4730.56
12083,4014,712,3,2617.31
12084,4014,612,4,4482.29
12085,4014,1712,5,4477.45
12086,4015,320,6,836.7
12087,4015,820,1,1177.61
12088,4016,1823,2,3273.28
12089,4016,473,9,1902.92
12090,4016,1473,4,3958.83
12091,4017,1710,6,3949.15
12092,4017,1308,10,1536.77
12093,4017,871,6,2684.91
12094,4017,1310,4,2714.95
12095,4017,351,6,4349.94
12096,4018,923,10,1702.89
12097,4019,1852,2,580.58
12098,4019,1502,5,1010.23
12099,4019,1552,1,1622.0
12100,4019,552,5,2653.61
12101,4020,1830,8,862.46
12102,4021,1036,8,2815.15
12103,4022,1623,3,2805.92
12104,4022,73,7,4709.01
12105,4022,823,1,4957.64
12106,4023,1622,6,1462.77
12107,4023,1122,3,3464.33
12108,4023,772,4,4257.47
12109,4023,1522,3,1581.49
12110,4024,1307,1,3462.67
12111,4024,1295,2,2364.13
12112,4025,1368,6,2555.37
12113,4025,716,4,2975.19
12114,4025,1565,5,904.02
12115,4025,278,10,1961.13
12116,4026,601,2,3388.15
12117,4026,211,3,4754.06
12118,4027,208,8,1344.4
12119,4027,908,10,2504.96
12120,4028,1329,1,916.89
12121,4028,351,6,1380.36
12122,4029,1235,8,1691.72
12123,4029,485,5,4137.25
12124,4029,1285,8,1433.25
12125,4030,1592,1,1929.53
12126,4030,1992,3,3729.61
12127,4031,310,6,548.79
12128,4032,1897,6,3394.3
12129,4032,1797,2,3492.48
12130,4032,297,3,1533.6
12131,4032,1747,10,2206.89
12132,4032,147,8,525.72
12133,4033,1852,2,880.18
12134,4033,1249,10,4713.04
12135,4033,821,7,3959.69
12136,4033,558,9,3444.73
12137,4033,1638,2,2999.66
12138,4034,300,2,2975.55
12139,4035,878,2,4407.02
12140,4035,1263,2,2287.66
12141,4035,554,3,1078.82
12142,4036,26,2,1211.67
12143,4036,1026,2,2499.17
12144,4036,1126,9,4878.07
12145,4037,815,4,4038.01
12146,4038,920,3,576.19
12147,4038,1243,10,262.94
12148,4039,1391,2,2431.62
12149,4039,1010,2,2584.59
12150,4040,946,10,3628.88
12151,4040,546,2,1855.7
12152,4040,1746,4,959.17
12153,4040,1746,2,195.95
12154,4041,1700,2,4493.85
12155,4041,750,1,2210.3
12156,4041,750,2,846.48
12157,4041,400,9,2998.25
12158,4042,588,5,2875.28
12159,4043,677,9,4124.98
12160,4043,1427,10,82.36
12161,4043,1077,2,4877.32
12162,4043,1677,9,2137.48
12163,4044,242,1,4218.89
12164,4044,792,6,2051.99
12165,4044,792,3,1297.69
12166,4044,692,6,1716.36
12167,4044,1492,9,4450.18
12168,4045,90,3,2864.11
12169,4046,1071,10,2448.69
12170,4046,171,3,2473.65
12171,4046,471,5,4022.74
12172,4046,921,9,4167.3
12173,4046,1921,5,1187.79
12174,4047,1747,10,2865.26
12175,4047,697,3,2451.76
12176,4048,848,9,1619.44
12177,4048,1348,6,1681.44
12178,4048,848,8,4222.12
12179,4048,1398,1,1683.55
12180,4049,240,10,1983.36
12181,4049,790,1,4597.8
12182,4049,1740,3,518.55
12183,4049,40,5,4942.13
12184,4050,1535,6,3005.34
12185,4050,1335,10,2167.59
12186,4050,835,2,4768.13
12187,4051,1258,3,994.16
12188,4051,1808,6,608.97
12189,4051,1158,7,4827.76
12190,4051,1058,1,3958.82
12191,4051,1958,6,2554.71
12192,4052,44,6,2546.77
12193,4053,1288,2,1706.05
12194,4053,238,6,1126.29
12195,4053,388,1,4513.54
12196,4054,738,9,3470.89
12197,4055,300,1,1321.39
12198,4055,1200,2,4827.75
12199,4055,200,1,3015.34
12200,4056,1993,5,4479.1
12201,4056,1193,1,3591.01
12202,4056,1393,1,3761.45
12203,4056,1893,10,1053.06
12204,4056,643,4,4272.63
12205,4057,1695,7,216.16
12206,4057,358,1,2565.4
12207,4058,1512,6,2048.55
12208,4058,1062,6,1517.94
12209,4058,712,9,2149.67
12210,4058,1512,3,344.84
12211,4058,1362,7,1125.91
12212,4059,689,1,3227.3
12213,4059,1062,5,2775.09
12214,4059,81,10,4149.58
12215,4059,25,7,2811.6
12216,4060,645,2,457.81
12217,4060,1895,4,3124.42
12218,4060,695,10,1047.55
12219,4061,498,4,3136.62
12220,4061,1748,8,2238.17
12221,4061,1448,1,1534.55
12222,4061,1048,3,1781.94
12223,4061,1048,2,2862.29
12224,4062,454,6,2134.33
12225,4062,804,5,3503.92
12226,4062,1204,10,2492.28
12227,4063,1057,4,2006.4
12228,4064,1769,9,1768.67
12229,4065,598,3,116.13
12230,4065,690,2,1265.76
12231,4065,1196,9,802.82
12232,4066,364,3,2592.27
12233,4066,1764,3,2784.26
12234,4067,471,8,4184.73
12235,4067,1221,8,2743.6
12236,4067,221,6,2629.55
12237,4067,871,6,2774.52
12238,4068,1139,8,4837.06
12239,4068,672,4,1093.87
12240,4069,1079,7,4756.59
12241,4070,897,1,4162.75
12242,4071,1813,9,3718.04
12243,4071,1163,10,76.73
12244,4071,1163,6,290.16
12245,4071,1113,4,3652.67
12246,4072,1887,10,3135.61
12247,4073,13,9,380.44
12248,4073,545,10,1287.22
12249,4073,832,4,3844.75
12250,4073,262,7,2547.29
12251,4073,1833,4,275.28
12252,4074,1499,7,3723.84
12253,4075,1725,6,3646.99
12254,4075,1025,8,3386.61
12255,4075,175,4,4038.57
12256,4075,1425,2,2861.41
12257,4076,349,2,2542.27
12258,4076,1474,2,3497.84
12259,4076,1961,1,2564.56
12260,4076,1903,8,1536.77
12261,4077,1984,7,1110.52
12262,4077,934,6,4706.94
12263,4078,946,7,2288.79
12264,4078,1453,6,4260.61
12265,4078,285,4,1636.92
12266,4079,1148,1,3235.22
12267,4079,1272,4,1015.33
12268,4079,1977,6,1701.57
12269,4080,1331,9,2453.16
12270,4080,1531,7,3024.45
12271,4080,1731,1,1564.42
12272,4081,329,5,3931.06
12273,4081,622,9,3081.03
12274,4082,1464,8,3878.67
12275,4082,1932,3,4754.14
12276,4083,1967,8,2887.7
12277,4083,1967,8,2549.98
12278,4083,1717,10,4649.16
12279,4084,1074,7,2812.34
12280,4084,1431,7,2492.52
12281,4085,187,7,2948.89
12282,4086,1742,10,2804.67
12283,4086,32,6,547.31
12284,4086,182,2,3194.28
12285,4086,746,9,4967.37
12286,4086,1342,5,4952.58
12287,4087,812,2,2452.46
12288,4087,12,6,2614.63
12289,4088,1257,6,784.51
12290,4088,707,2,1443.79
12291,4089,1204,2,4486.39
12292,4089,1654,8,4194.92
12293,4089,1904,7,4183.99
12294,4089,1504,7,1588.84
12295,4090,59,3,3536.82
12296,4091,1650,6,4020.23
12297,4091,1750,8,4482.97
12298,4092,322,6,3285.15
12299,4092,1054,8,558.87
12300,4093,734,1,3209.38
12301,4094,554,10,3964.06
12302,4094,1204,3,3497.19
12303,4094,904,7,3477.14
12304,4094,1504,3,403.55
12305,4094,654,8,4666.41
12306,4095,902,8,1678.2
12307,4095,1005,4,211.91
12308,4095,171,1,1941.6
12309,4095,1883,8,2512.97
12310,4096,627,2,3332.17
12311,4096,523,8,3878.84
12312,4096,756,1,1137.0
12313,4096,1795,4,1983.11
12314,4096,1739,9,2454.72
12315,4097,156,6,2797.2
12316,4097,219,5,1056.57
12317,4098,455,9,2412.83
12318,4099,1909,10,4131.49
12319,4099,509,6,767.95
12320,4099,1159,2,1486.71
12321,4100,18,5,1380.01
12322,4100,18,9,322.86
12323,4100,1868,10,937.69
12324,4100,1118,8,2142.52
12325,4100,18,8,4853.61
12326,4101,1536,10,4410.87
12327,4101,1986,5,728.24
12328,4101,1536,2,1563.34
12329,4101,86,3,4813.46
12330,4101,1236,10,4428.69
12331,4102,1941,5,3287.91
12332,4102,191,7,979.52
12333,4102,391,9,3607.31
12334,4102,1991,7,4587.16
12335,4102,1591,10,3455.8
12336,4103,904,9,1999.59
12337,4103,657,7,593.63
12338,4103,1179,1,4172.16
12339,4103,701,4,3869.95
12340,4103,179,5,3265.93
12341,4104,1963,7,4335.81
12342,4105,364,9,3829.34
12343,4106,963,7,4868.05
12344,4106,1716,8,389.5
12345,4106,608,2,86.33
12346,4106,1099,10,4521.9
12347,4106,1630,9,4175.45
12348,4107,1166,4,3161.06
12349,4107,866,2,968.58
12350,4107,1116,8,308.06
12351,4108,1681,2,567.22
12352,4108,31,3,1672.33
12353,4109,675,9,2265.82
12354,4109,1325,4,4742.28
12355,4110,1528,3,3724.8
12356,4111,1417,7,1853.09
12357,4112,1626,3,3522.18
12358,4112,1876,1,585.65
12359,4112,276,3,2013.21
12360,4112,876,4,2255.58
12361,4112,426,4,4477.42
12362,4113,454,6,1889.12
12363,4113,854,5,3143.63
12364,4113,704,3,255.7
12365,4113,454,7,2345.36
12366,4114,489,5,1116.15
12367,4114,1289,7,1882.82
12368,4114,1789,10,4844.13
12369,4115,832,10,1637.68
12370,4115,1982,9,1787.7
12371,4115,432,2,1398.72
12372,4116,989,1,1414.89
12373,4116,1598,9,1727.64
12374,4117,1948,9,4810.77
12375,4118,1948,7,1934.08
12376,4118,1452,2,1012.25
12377,4119,1552,5,1822.83
12378,4119,1799,8,3312.05
12379,4119,1292,6,173.28
12380,4119,1115,3,3166.91
12381,4119,1130,8,4139.12
12382,4120,1699,2,2879.36
12383,4120,49,1,1841.91
12384,4120,1899,9,1710.96
12385,4120,199,9,4656.98
12386,4120,149,4,3623.21
12387,4121,7,10,397.04
12388,4122,1981,8,2959.02
12389,4123,1148,4,1410.56
12390,4123,1024,4,2252.83
12391,4123,609,9,1235.85
12392,4123,690,1,2887.16
12393,4123,835,1,2124.29
12394,4124,241,3,775.46
12395,4124,141,5,3347.76
12396,4125,393,8,2235.78
12397,4126,1557,6,3490.84
12398,4127,1139,4,886.38
12399,4128,406,1,2563.24
12400,4128,1356,4,3127.85
12401,4128,406,4,1112.69
12402,4129,812,1,3797.66
12403,4129,512,2,4113.23
12404,4129,512,5,4059.02
12405,4130,1369,4,3844.16
12406,4130,1919,4,2029.2
12407,4130,469,1,2256.35
12408,4131,1495,1,3426.15
12409,4131,1060,10,3423.73
12410,4132,39,5,4825.14
12411,4132,700,5,98.44
12412,4132,281,5,2515.07
12413,4133,1429,3,2251.07
12414,4133,223,8,2811.71
12415,4133,37,9,4625.45
12416,4133,76,9,2433.78
12417,4134,858,9,1005.93
12418,4134,1208,9,4606.45
12419,4134,258,7,4365.9
12420,4134,1808,6,1001.94
12421,4135,968,7,1115.76
12422,4135,1865,8,863.6
12423,4135,1992,9,2290.02
12424,4135,1994,8,3796.55
12425,4136,1301,9,4334.96
12426,4136,444,10,580.26
12427,4136,219,4,417.43
12428,4137,1525,3,4089.79
12429,4137,875,8,1452.46
12430,4138,1795,3,719.93
12431,4138,1982,5,1541.4
12432,4138,283,4,3113.09
12433,4138,326,4,3793.66
12434,4139,825,4,66.55
12435,4139,225,5,4944.53
12436,4139,975,6,3819.65
12437,4139,1725,10,2825.58
12438,4139,775,5,2966.66
12439,4140,1067,7,2511.14
12440,4140,1617,7,2882.81
12441,4140,617,5,3831.14
12442,4140,217,6,3209.12
12443,4141,486,9,2542.66
12444,4141,1986,1,2773.87
12445,4141,36,6,1630.06
12446,4142,121,6,3269.99
12447,4142,1671,3,2166.71
12448,4142,413,5,3409.16
12449,4142,441,1,2686.49
12450,4143,171,3,2828.9
12451,4143,1521,7,4924.04
12452,4143,1221,6,3122.82
12453,4143,921,7,276.55
12454,4143,1971,3,1951.9
12455,4144,1212,8,2318.01
12456,4145,925,4,652.5
12457,4146,1567,1,1655.31
12458,4146,1867,1,3471.68
12459,4146,1667,1,2011.69
12460,4146,717,6,362.48
12461,4146,1617,8,4489.58
12462,4147,1392,10,3868.73
12463,4148,860,9,1661.56
12464,4148,1160,7,3025.4
12465,4148,760,6,3241.03
12466,4149,1377,1,589.71
12467,4149,727,2,2420.31
12468,4149,1027,8,2682.52
12469,4149,227,3,3382.63
12470,4150,861,5,1240.06
12471,4151,753,8,3956.52
12472,4151,703,2,914.01
12473,4151,503,8,3305.42
12474,4151,1353,3,1803.19
12475,4151,703,9,2406.72
12476,4152,1962,6,1288.39
12477,4152,1012,3,3276.5
12478,4153,774,5,3337.11
12479,4153,624,1,1670.13
12480,4153,1674,5,1393.27
12481,4153,1924,4,2851.43
12482,4153,1274,8,4422.82
12483,4154,1426,8,2753.59
12484,4155,554,5,4867.39
12485,4155,1504,3,426.07
12486,4155,904,10,2134.43
12487,4155,1854,9,772.8
12488,4155,1204,3,3762.79
12489,4156,481,4,4453.1
12490,4156,1681,1,4931.89
12491,4157,1571,8,1692.52
12492,4157,1871,5,4918.62
12493,4158,141,6,2264.05
12494,4158,1341,10,821.35
12495,4158,991,1,3578.46
12496,4158,1191,6,1872.66
12497,4158,441,2,1933.57
12498,4159,1965,7,2207.18
12499,4159,1665,2,3184.11
12500,4159,1065,8,4041.05
12501,4160,116,5,2577.19
12502,4161,1173,9,3989.45
12503,4161,1731,2,1098.86
12504,4162,996,6,2426.57
12505,4162,1846,3,947.77
12506,4163,1069,3,3591.53
12507,4163,219,10,1113.56
12508,4164,789,6,527.88
12509,4165,1454,2,743.07
12510,4165,1054,5,3723.57
12511,4165,504,7,2193.37
12512,4166,657,7,1220.83
12513,4167,30,10,833.18
12514,4167,230,1,3607.93
12515,4167,430,5,2047.46
12516,4168,159,2,2496.57
12517,4168,1709,10,3550.71
12518,4168,1809,3,321.74
12519,4169,982,6,997.68
12520,4169,1482,4,4013.36
12521,4169,282,6,2128.57
12522,4169,1232,8,1016.06
12523,4170,75,9,4150.18
12524,4170,1975,9,3453.93
12525,4171,1199,4,1170.62
12526,4171,1449,10,1348.5
12527,4171,1749,3,4788.09
12528,4172,981,3,3902.93
12529,4172,102,8,3134.56
12530,4172,971,9,2452.13
12531,4172,1691,4,3296.03
12532,4172,1457,4,2695.93
12533,4173,1244,8,3406.86
12534,4174,1365,9,2119.77
12535,4175,1148,2,3163.38
12536,4175,1244,6,1532.33
12537,4175,1273,7,3237.68
12538,4176,937,4,3606.5
12539,4176,687,10,4041.13
12540,4177,128,7,3387.78
12541,4177,78,10,2654.54
12542,4177,328,10,2961.42
12543,4177,1878,8,3472.69
12544,4178,1529,4,4883.7
12545,4178,579,8,2339.73
12546,4178,1029,5,4690.91
12547,4178,1129,6,1875.06
12548,4178,1229,1,4960.88
12549,4179,549,10,3114.84
12550,4179,1099,6,1447.58
12551,4179,49,5,2438.68
12552,4179,799,3,2681.04
12553,4179,299,10,2433.51
12554,4180,848,2,3583.06
12555,4180,1148,6,2822.66
12556,4180,1098,9,1699.6
12557,4180,248,4,3029.91
12558,4180,1348,3,4224.99
12559,4181,1885,1,4114.04
12560,4181,785,10,1757.74
12561,4181,1435,3,1630.2
12562,4182,124,1,4543.6
12563,4182,1746,1,1228.62
12564,4182,1084,9,4903.64
12565,4182,12,1,3864.21
12566,4183,308,2,313.22
12567,4183,1308,2,737.02
12568,4183,58,1,2258.54
12569,4183,1608,3,2991.95
12570,4184,1620,3,4899.34
12571,4184,1470,7,4991.95
12572,4184,1520,10,1964.29
12573,4184,520,1,2517.14
12574,4184,1920,4,4598.69
12575,4185,1006,6,3856.95
12576,4185,1706,8,110.05
12577,4185,506,1,3178.1
12578,4185,1406,9,316.87
12579,4186,1858,10,3849.89
12580,4186,1158,8,2854.55
12581,4186,1008,2,449.36
12582,4187,1922,1,3316.07
12583,4187,1022,4,3720.81
12584,4187,472,2,1883.97
12585,4187,572,4,4892.44
12586,4188,371,1,2792.44
12587,4188,371,2,966.66
12588,4189,1673,10,1243.97
12589,4189,1507,2,3977.12
12590,4189,639,1,4743.03
12591,4189,1242,2,4726.58
12592,4190,149,8,744.4
12593,4190,199,4,1338.34
12594,4191,982,10,3261.89
12595,4191,1882,3,3833.81
12596,4191,1282,9,4164.38
12597,4192,1877,3,4965.41
12598,4192,89,7,4147.53
12599,4192,1090,9,472.58
12600,4192,1849,6,1351.86
12601,4192,1711,4,2736.46
12602,4193,1227,2,2999.15
12603,4193,1027,2,2444.48
12604,4193,77,1,3266.35
12605,4193,577,2,4786.53
12606,4193,1727,6,3045.21
12607,4194,918,5,1159.17
12608,4194,18,5,4894.75
12609,4194,1597,9,4581.81
12610,4194,923,3,478.04
12611,4194,611,8,3391.55
12612,4195,237,1,1797.61
12613,4195,737,5,3224.67
12614,4196,518,3,2638.71
12615,4196,618,6,2924.14
12616,4197,322,5,4875.79
12617,4197,1872,1,3937.64
12618,4197,1172,10,106.52
12619,4198,1073,5,1203.18
12620,4198,1423,10,2873.86
12621,4199,2000,9,235.99
12622,4199,980,8,716.49
12623,4200,1518,8,2619.08
12624,4200,1768,5,1637.95
12625,4200,368,10,1134.59
12626,4201,1340,6,794.92
12627,4201,1140,6,2467.26
12628,4201,740,3,1399.73
12629,4202,1124,1,3786.93
12630,4202,1024,7,2886.6
12631,4202,824,5,2209.76
12632,4202,1974,1,612.86
12633,4202,1524,7,1507.4
12634,4203,1738,8,97.86
12635,4203,1477,5,394.37
12636,4204,1503,8,2463.51
12637,4204,1553,6,2375.79
12638,4204,203,9,4195.29
12639,4205,1616,9,4772.32
12640,4206,761,10,4501.66
12641,4206,111,4,3843.18
12642,4206,1161,4,1970.41
12643,4206,161,3,1899.36
12644,4207,64,2,3388.01
12645,4207,914,7,3755.01
12646,4207,214,9,4779.87
12647,4207,1264,8,2659.74
12648,4208,1546,7,1563.67
12649,4208,496,6,2693.3
12650,4209,1176,8,231.49
12651,4209,160,9,3965.32
12652,4209,1679,4,4415.9
12653,4210,1407,7,252.91
12654,4211,1023,3,1372.42
12655,4212,1288,2,3827.18
12656,4213,15,1,1879.54
12657,4213,1765,2,3940.03
12658,4213,1565,7,3803.66
12659,4213,1615,2,3909.09
12660,4213,165,7,3798.03
12661,4214,1846,5,1223.61
12662,4215,214,4,4495.51
12663,4215,364,3,3187.16
12664,4216,1769,6,570.57
12665,4216,384,6,1239.63
12666,4216,1176,5,522.72
12667,4217,989,7,178.91
12668,4217,389,7,2083.97
12669,4218,1848,1,3132.09
12670,4218,248,4,2234.23
12671,4218,198,5,359.24
12672,4219,317,3,2564.3
12673,4220,1570,1,3202.95
12674,4220,470,7,4440.94
12675,4221,71,8,2734.98
12676,4221,521,8,2472.63
12677,4222,949,4,3682.07
12678,4222,1440,5,2148.1
12679,4222,1955,6,773.24
12680,4223,1342,6,3632.78
12681,4223,1242,2,3128.43
12682,4223,1142,2,2277.27
12683,4223,492,4,2360.3
12684,4224,328,5,1627.13
12685,4224,1178,5,1358.83
12686,4224,1578,2,4178.19
12687,4224,978,6,1089.76
12688,4225,1849,7,268.61
12689,4225,68,5,2577.17
12690,4225,1080,10,1307.16
12691,4225,1600,2,2818.96
12692,4226,1962,5,3911.58
12693,4227,942,9,4159.77
12694,4227,399,10,1518.15
12695,4227,1954,7,479.94
12696,4227,806,10,3359.0
12697,4228,481,5,3114.8
12698,4229,1482,8,1875.11
12699,4229,783,1,3224.76
12700,4230,1254,4,2670.47
12701,4231,740,7,3785.75
12702,4231,390,8,2673.73
12703,4231,1240,9,4927.77
12704,4231,940,1,4666.22
12705,4231,1490,10,4684.03
12706,4232,507,2,542.07
12707,4232,1957,3,4549.34
12708,4233,1810,5,4415.67
12709,4233,22,5,3179.1
12710,4234,1815,3,3799.36
12711,4235,1506,2,4802.32
12712,4236,1826,6,2083.52
12713,4236,1626,2,1097.45
12714,4236,1726,4,3587.9
12715,4237,438,4,1109.92
12716,4237,838,6,2977.28
12717,4238,1233,7,553.78
12718,4238,983,8,4167.06
12719,4238,1383,7,1833.53
12720,4239,611,1,348.72
12721,4239,1611,10,2078.14
12722,4239,1861,1,146.64
12723,4240,1555,3,224.12
12724,4240,455,7,4149.77
12725,4240,805,2,84.77
12726,4241,166,8,1401.07
12727,4241,189,2,3384.74
12728,4242,1199,1,2059.65
12729,4242,549,1,1194.29
12730,4242,949,9,1700.79
12731,4242,149,8,1157.96
12732,4242,249,1,1975.17
12733,4243,671,6,625.23
12734,4243,753,6,4572.92
12735,4244,1886,3,852.77
12736,4244,1520,3,2136.18
12737,4245,85,1,4083.02
12738,4245,985,6,2116.56
12739,4245,1685,5,3014.03
12740,4246,1629,9,1409.14
12741,4247,714,3,116.34
12742,4248,706,2,1613.37
12743,4248,1458,3,3726.22
12744,4248,1681,5,1146.05
12745,4249,1433,8,4112.73
12746,4249,1433,5,1360.05
12747,4249,1533,4,195.34
12748,4249,783,8,2586.98
12749,4250,1797,6,4333.28
12750,4251,122,1,1898.49
12751,4252,1563,6,3218.52
12752,4253,1099,3,409.98
12753,4253,1799,7,224.11
12754,4253,699,8,2403.54
12755,4253,149,2,4401.24
12756,4254,1389,8,3684.73
12757,4254,1239,5,2239.74
12758,4254,739,6,61.57
12759,4255,532,2,1267.89
12760,4255,532,9,3921.21
12761,4255,682,8,2625.67
12762,4256,994,9,1395.76
12763,4256,1494,3,3185.88
12764,4257,603,8,1842.56
12765,4257,153,4,824.2
12766,4257,1403,9,1005.35
12767,4257,103,2,1027.35
12768,4258,1352,1,698.46
12769,4259,1366,8,3155.16
12770,4259,1416,7,817.31
12771,4259,1866,6,798.32
12772,4259,816,5,676.18
12773,4260,530,3,4254.15
12774,4260,680,1,2621.5
12775,4261,952,2,2257.36
12776,4261,1152,4,422.81
12777,4261,1652,2,2213.03
12778,4261,1002,2,3569.56
12779,4262,47,1,1022.22
12780,4262,397,1,2722.71
12781,4263,1573,10,2829.81
12782,4263,873,6,3602.45
12783,4263,723,3,2634.41
12784,4263,1023,2,4012.01
12785,4264,1240,4,513.0
12786,4264,490,4,4341.08
12787,4264,1190,6,2608.9
12788,4264,490,7,921.26
12789,4264,740,9,4124.21
12790,4265,685,1,4450.71
12791,4266,1752,1,574.98
12792,4266,1137,2,2058.74
12793,4266,781,4,781.71
12794,4267,1370,3,565.98
12795,4268,1991,8,1008.54
12796,4268,1141,2,955.74
12797,4268,1841,7,3493.5
12798,4268,791,7,406.13
12799,4268,1491,5,4429.35
12800,4269,508,1,814.36
12801,4270,1634,2,4582.0
12802,4270,1134,2,3303.75
12803,4270,1684,6,675.83
12804,4270,1334,4,659.63
12805,4270,1384,9,3274.12
12806,4271,1274,8,4957.42
12807,4271,1624,6,3632.29
12808,4271,374,6,4057.68
12809,4272,737,3,4108.58
12810,4272,509,5,863.44
12811,4273,729,5,4122.87
12812,4273,629,3,2992.01
12813,4273,779,9,3134.04
12814,4274,680,9,2828.04
12815,4275,79,3,1379.89
12816,4275,1829,9,1819.72
12817,4276,1687,4,448.9
12818,4276,1372,8,697.8
12819,4277,1036,1,2627.66
12820,4277,1036,3,4416.45
12821,4277,1386,7,4009.36
12822,4277,1936,6,3064.36
12823,4277,186,10,1443.82
12824,4278,1280,6,4463.79
12825,4278,1716,6,1706.34
12826,4278,527,3,2917.64
12827,4278,279,6,1888.59
12828,4279,1136,2,2917.42
12829,4279,522,7,870.91
12830,4280,1398,4,2797.27
12831,4280,1598,9,1476.17
12832,4280,248,7,2884.77
12833,4280,748,8,1777.75
12834,4280,1848,4,2635.26
12835,4281,790,3,2494.67
12836,4281,1996,7,2183.01
12837,4281,699,2,656.93
12838,4281,1167,4,553.96
12839,4282,1658,7,1861.18
12840,4282,1458,1,4452.71
12841,4282,1258,9,4603.68
12842,4282,1008,1,4545.1
12843,4283,1811,8,3662.09
12844,4283,1261,7,1404.14
12845,4283,61,6,3314.1
12846,4283,211,1,1822.32
12847,4283,1961,1,4668.5
12848,4284,1915,2,2641.12
12849,4284,1467,4,807.09
12850,4285,1528,1,3218.86
12851,4285,815,10,325.16
12852,4285,670,4,2588.19
12853,4285,1811,6,3377.9
12854,4285,1142,5,2127.77
12855,4286,1857,4,801.04
12856,4287,1908,4,177.79
12857,4288,89,9,2527.83
12858,4289,1298,5,3817.22
12859,4289,498,10,2655.4
12860,4289,1748,8,4687.32
12861,4290,485,7,297.7
12862,4290,1028,10,3825.13
12863,4290,1205,8,3158.79
12864,4290,673,4,3588.03
12865,4291,882,1,2819.42
12866,4291,832,4,3143.53
12867,4291,132,10,314.5
12868,4291,1332,2,2141.83
12869,4292,732,1,4749.21
12870,4292,532,3,1609.86
12871,4293,1899,9,3231.23
12872,4294,547,10,2908.08
12873,4295,747,5,65.96
12874,4296,740,3,1604.06
12875,4296,390,4,3621.69
12876,4296,640,6,3942.74
12877,4296,540,2,992.14
12878,4297,1712,1,177.2
12879,4297,812,10,3611.67
12880,4297,1312,9,3303.22
12881,4298,1990,1,1993.53
12882,4298,1090,7,2151.73
12883,4298,1590,5,1023.23
12884,4298,1890,7,2275.74
12885,4299,253,7,859.48
12886,4299,1653,2,2771.44
12887,4299,1053,9,400.87
12888,4299,1253,8,4515.97
12889,4299,353,5,1697.47
12890,4300,1486,4,3266.7
12891,4300,1586,8,1492.81
12892,4300,236,3,4040.18
12893,4300,836,10,3030.44
12894,4300,236,5,1023.64
12895,4301,3,8,278.02
12896,4301,1381,8,583.83
12897,4301,1169,1,811.18
12898,4302,1319,4,1458.46
12899,4303,1940,9,4839.18
12900,4303,840,1,1192.41
12901,4304,356,9,3091.52
12902,4304,1124,10,3041.34
12903,4304,1191,4,839.04
12904,4304,1148,5,4273.36
12905,4304,244,1,4100.4
12906,4305,849,4,4834.93
12907,4305,1754,4,893.55
12908,4305,1362,5,3932.42
12909,4305,1306,10,3979.08
12910,4305,1243,1,3208.11
12911,4306,1173,4,1095.63
12912,4306,173,5,1714.13
12913,4307,8,10,4343.51
12914,4307,708,2,3076.03
12915,4307,1358,4,655.62
12916,4308,744,1,1051.89
12917,4308,1594,5,3665.54
12918,4309,1520,6,1827.44
12919,4309,1420,5,4801.96
12920,4309,420,1,1696.2
12921,4309,1420,6,3360.99
12922,4309,970,6,2805.85
12923,4310,810,3,3799.87
12924,4310,760,4,500.91
12925,4310,10,4,4383.67
12926,4311,892,9,2598.11
12927,4312,1724,2,4978.77
12928,4312,974,9,3849.77
12929,4312,674,1,2650.77
12930,4313,1617,7,690.98
12931,4314,1690,10,3716.75
12932,4314,1990,1,94.35
12933,4315,751,5,2255.99
12934,4316,1462,9,3743.17
12935,4316,1084,2,3717.51
12936,4316,74,8,1358.18
12937,4316,48,2,3676.26
12938,4316,1511,8,255.77
12939,4317,1766,10,1510.31
12940,4317,1966,7,2212.6
12941,4317,1416,10,2591.21
12942,4317,1066,10,4173.9
12943,4318,663,2,4838.63
12944,4318,1263,7,3819.74
12945,4318,513,1,1264.94
12946,4318,563,1,871.71
12947,4319,652,2,815.03
12948,4320,105,10,3872.04
12949,4321,1610,7,1620.49
12950,4321,1854,3,1554.74
12951,4321,538,9,2819.9
12952,4321,1609,7,1803.56
12953,4321,542,4,1435.81
12954,4322,1725,3,1771.21
12955,4323,1175,4,1875.38
12956,4323,175,5,3626.8
12957,4324,919,10,1701.97
12958,4325,635,4,2597.27
12959,4325,1385,3,534.94
12960,4325,35,2,2081.75
12961,4325,335,4,1374.17
12962,4325,35,1,4405.66
12963,4326,1667,9,1230.08
12964,4326,747,9,1398.85
12965,4326,515,10,3430.97
12966,4326,247,4,3154.02
12967,4327,972,7,3259.06
12968,4327,1358,2,2861.73
12969,4328,1270,1,4086.84
12970,4328,170,5,3375.6
12971,4329,40,6,2546.62
12972,4329,690,7,1334.53
12973,4329,940,10,343.39
12974,4329,1840,10,1982.4
12975,4329,1840,9,1578.52
12976,4330,192,2,2117.16
12977,4331,143,4,1119.52
12978,4331,893,2,1187.34
12979,4332,381,10,2754.12
12980,4332,181,5,3216.73
12981,4333,1633,6,1045.6
12982,4333,733,3,1376.84
12983,4333,1833,2,2512.82
12984,4333,633,6,3118.92
12985,4333,533,2,4009.43
12986,4334,1949,8,3212.16
12987,4334,1149,5,2190.34
12988,4334,1799,5,3658.41
12989,4334,1399,1,619.91
12990,4335,1208,4,2464.8
12991,4335,161,10,3197.67
12992,4335,409,8,4631.41
12993,4336,286,7,4138.1
12994,4336,226,2,1723.78
12995,4337,179,4,1782.27
12996,4337,722,2,4836.07
12997,4337,947,7,1324.99
12998,4337,591,10,1236.47
12999,4338,1984,7,4015.2
13000,4339,1814,7,2227.54
13001,4339,288,3,1578.59
13002,4339,1160,4,1483.87
13003,4340,65,3,2276.97
13004,4340,167,2,4786.88
13005,4340,634,3,3727.41
13006,4340,1254,10,4235.0
13007,4341,1803,9,3108.73
13008,4341,1370,1,1982.23
13009,4341,1739,10,211.77
13010,4341,303,7,1237.77
13011,4342,504,10,2177.31
13012,4342,1454,10,2516.17
13013,4342,1854,8,3248.49
13014,4342,1504,2,4416.67
13015,4343,803,2,911.95
13016,4343,1553,9,152.74
13017,4343,3,3,1533.22
13018,4344,1140,2,4703.79
13019,4345,1461,6,3501.88
13020,4346,765,10,3686.88
13021,4346,1815,8,110.54
13022,4347,377,8,3505.31
13023,4347,477,10,4247.44
13024,4347,677,2,1428.93
13025,4347,1127,7,2587.72
13026,4347,677,6,2273.71
13027,4348,691,3,1630.76
13028,4348,336,1,4457.56
13029,4348,1062,4,4321.35
13030,4348,1115,7,2353.51
13031,4348,1987,1,3322.27
13032,4349,1780,9,2298.49
13033,4349,730,8,2261.7
13034,4350,1040,8,1548.74
13035,4350,340,9,3321.09
13036,4350,840,4,2920.37
13037,4350,1740,9,1422.72
13038,4350,1740,1,1848.07
13039,4351,733,4,3351.8
13040,4351,433,4,1560.2
13041,4352,76,4,3236.57
13042,4353,754,5,3003.56
13043,4353,454,1,3788.5
13044,4353,1054,3,4759.43
13045,4353,1554,9,3162.98
13046,4354,485,5,2489.53
13047,4354,1885,5,3706.33
13048,4354,1435,2,4967.85
13049,4354,585,2,812.64
13050,4355,1235,6,2487.5
13051,4355,1535,8,4558.61
13052,4355,385,5,1881.33
13053,4355,1735,9,848.0
13054,4356,352,8,951.75
13055,4356,458,5,4654.87
13056,4356,1016,10,1127.82
13057,4356,1621,6,1082.94
13058,4357,224,9,2389.72
13059,4357,574,8,3457.62
13060,4358,452,9,4984.48
13061,4358,1752,5,1097.52
13062,4359,1934,1,3041.75
13063,4359,1434,7,2297.04
13064,4359,1234,3,4732.35
13065,4359,484,7,892.33
13066,4360,1914,9,1324.85
13067,4360,697,5,2314.7
13068,4360,916,9,1799.41
13069,4360,1101,9,4525.44
13070,4361,55,3,2544.3
13071,4361,1305,5,2005.78
13072,4361,305,2,1659.62
13073,4361,1305,7,1637.77
13074,4361,655,4,2894.48
13075,4362,851,7,4336.65
13076,4363,1841,3,878.88
13077,4363,891,6,1813.54
13078,4363,1041,10,2993.01
13079,4363,1691,10,4529.56
13080,4363,1591,4,1090.67
13081,4364,1255,10,4260.4
13082,4365,1511,6,932.63
13083,4366,1822,7,3957.22
13084,4367,1864,5,1916.74
13085,4367,1614,8,1495.91
13086,4367,114,10,3094.47
13087,4368,1369,4,3525.75
13088,4368,619,2,1505.84
13089,4368,1669,4,1691.42
13090,4368,769,1,1238.68
13091,4368,369,2,395.73
13092,4369,1723,6,3769.83
13093,4369,1123,2,786.3
13094,4369,1723,9,182.1
13095,4370,390,1,2986.22
13096,4370,690,7,2296.83
13097,4370,1540,9,128.45
13098,4370,440,5,576.52
13099,4370,1940,5,1626.41
13100,4371,455,2,1818.67
13101,4371,1214,8,1385.37
13102,4371,676,7,132.09
13103,4372,53,2,966.08
13104,4372,1744,7,4644.2
13105,4372,1110,6,1029.42
13106,4372,391,1,2459.14
13107,4373,358,10,4411.28
13108,4373,1202,6,4983.83
13109,4374,1811,4,539.52
13110,4375,1279,2,984.84
13111,4375,729,10,3602.33
13112,4375,1729,9,2757.47
13113,4375,1129,8,1711.21
13114,4375,1029,10,3541.8
13115,4376,1486,3,300.65
13116,4376,1836,3,2685.33
13117,4376,1536,4,1747.01
13118,4376,1436,9,2279.91
13119,4376,1236,8,3891.84
13120,4377,967,6,3173.3
13121,4377,444,9,3646.27
13122,4377,1328,2,2357.11
13123,4377,208,5,3999.04
13124,4378,1966,10,88.66
13125,4378,1142,7,3571.64
13126,4378,657,2,1903.31
13127,4378,166,3,176.73
13128,4378,1225,4,1676.66
13129,4379,1076,10,3768.71
13130,4379,76,5,474.05
13131,4379,926,4,1865.62
13132,4379,1776,9,3168.03
13133,4379,526,10,879.71
13134,4380,1252,3,3055.18
13135,4380,1152,3,4778.99
13136,4380,1552,5,1620.31
13137,4380,152,8,1939.45
13138,4381,518,9,573.98
13139,4381,1518,6,2954.5
13140,4381,1168,6,536.12
13141,4382,566,3,138.46
13142,4382,266,4,4480.44
13143,4382,1216,9,4799.52
13144,4382,1616,3,1153.31
13145,4383,1867,7,2425.7
13146,4383,717,5,519.22
13147,4383,1867,8,4295.85
13148,4383,317,5,1552.36
13149,4383,417,6,3737.98
13150,4384,137,4,4986.65
13151,4385,1026,7,4074.57
13152,4385,726,3,4622.97
13153,4385,776,9,1407.39
13154,4386,1824,9,4459.67
13155,4386,1129,4,3654.48
13156,4387,567,9,384.75
13157,4388,1671,7,2301.76
13158,4388,221,10,2336.75
13159,4388,1671,7,183.65
13160,4388,421,9,2118.92
13161,4388,1271,1,3294.7
13162,4389,1187,7,1021.23
13163,4389,87,3,3990.73
13164,4389,437,6,4761.68
13165,4389,1487,2,3906.46
13166,4389,1387,8,2217.2
13167,4390,843,9,2800.15
13168,4390,943,1,2626.05
13169,4390,243,5,808.67
13170,4390,1793,1,643.67
13171,4390,1193,3,3885.8
13172,4391,706,3,1819.14
13173,4391,256,9,2361.39
13174,4392,1580,6,792.06
13175,4392,380,10,2661.8
13176,4392,1880,5,2604.67
13177,4392,530,9,4436.73
13178,4393,1304,10,4941.28
13179,4393,1354,6,508.03
13180,4393,54,7,2535.72
13181,4394,1750,4,1695.69
13182,4395,1780,1,2665.41
13183,4395,430,9,679.89
13184,4395,1580,6,2263.32
13185,4396,1313,5,2647.04
13186,4396,1679,7,1030.81
13187,4396,569,5,4203.25
13188,4396,1309,7,2587.95
13189,4397,952,8,4823.59
13190,4397,352,3,3818.35
13191,4398,1733,2,1490.03
13192,4398,1083,10,113.57
13193,4398,33,10,4541.78
13194,4398,483,1,2327.88
13195,4399,1698,2,2017.91
13196,4399,1398,5,2847.58
13197,4399,598,7,1288.17
13198,4399,598,10,4349.25
13199,4399,198,9,2914.62
13200,4400,85,5,2900.29
13201,4400,1228,6,1334.91
13202,4400,853,10,315.93
13203,4400,1472,1,3271.1
13204,4401,716,5,741.6
13205,4401,1766,9,376.07
13206,4401,666,5,2829.61
13207,4401,1766,8,2649.85
13208,4401,566,10,177.05
13209,4402,230,1,675.64
13210,4403,1047,2,1157.23
13211,4404,977,1,3062.19
13212,4404,1068,2,4459.97
13213,4405,1048,9,982.99
13214,4406,418,7,4582.25
13215,4406,1660,8,400.1
13216,4406,1794,5,3044.19
13217,4406,715,6,4676.74
13218,4407,1456,5,4433.47
13219,4407,6,1,1032.81
13220,4407,1206,8,4947.66
13221,4407,1056,4,3403.19
13222,4408,360,10,1814.33
13223,4408,610,4,3862.65
13224,4408,610,4,2232.8
13225,4408,860,10,694.7
13226,4408,1660,10,1697.89
13227,4409,871,1,4003.83
13228,4409,371,9,2734.15
13229,4409,921,6,3498.9
13230,4410,1756,3,4449.08
13231,4410,1947,5,4042.81
13232,4410,1047,2,1482.98
13233,4410,42,3,682.89
13234,4410,83,6,4753.56
13235,4411,1043,5,4193.15
13236,4412,235,6,2935.21
13237,4412,7,8,4823.04
13238,4412,742,3,3519.98
13239,4413,1555,9,2596.27
13240,4413,1855,4,912.31
13241,4413,705,2,1967.0
13242,4413,905,4,2947.85
13243,4414,1582,5,1325.84
13244,4414,1532,4,2567.01
13245,4414,1782,8,2253.22
13246,4414,1932,5,1341.72
13247,4415,1622,1,4892.54
13248,4416,1596,7,1444.09
13249,4416,1896,2,1761.08
13250,4416,1796,1,3502.73
13251,4416,1346,8,3107.4
13252,4417,1066,3,2207.84
13253,4417,664,7,4966.63
13254,4417,402,6,3910.6
13255,4418,856,5,3010.54
13256,4418,1356,8,2892.32
13257,4418,506,7,4977.95
13258,4418,506,6,2448.29
13259,4418,1256,5,1949.32
13260,4419,407,9,1336.94
13261,4420,388,1,4817.24
13262,4421,1590,1,1061.45
13263,4421,90,8,714.31
13264,4422,661,2,1342.16
13265,4422,61,8,4960.96
13266,4422,711,3,4682.63
13267,4422,1861,2,284.18
13268,4422,1261,7,1431.32
13269,4423,1679,1,2194.91
13270,4423,79,10,1499.73
13271,4423,1929,1,3477.27
13272,4423,779,3,3707.53
13273,4424,1573,3,3146.04
13274,4424,1073,9,1411.88
13275,4425,1154,9,3260.96
13276,4425,1817,8,3190.37
13277,4425,919,1,616.24
13278,4425,1179,1,2444.42
13279,4426,1928,2,4801.6
13280,4426,470,1,1205.47
13281,4426,40,7,3408.06
13282,4426,1420,5,3016.1
13283,4426,1536,5,3657.75
13284,4427,226,8,4613.82
13285,4427,1776,8,1082.1
13286,4427,1326,4,3215.22
13287,4427,926,5,3599.35
13288,4427,1576,2,561.25
13289,4428,280,4,1696.81
13290,4429,316,9,4236.57
13291,4429,1366,2,2389.02
13292,4429,1516,8,1600.54
13293,4430,1018,10,2965.16
13294,4431,1326,6,4567.59
13295,4431,1376,9,2940.77
13296,4432,1076,8,3679.31
13297,4432,432,8,4310.57
13298,4433,307,4,4326.72
13299,4433,1916,6,1919.92
13300,4434,1871,6,3913.27
13301,4434,221,5,518.69
13302,4434,271,1,2136.87
13303,4435,1884,7,784.72
13304,4435,1084,6,3480.93
13305,4435,484,1,1497.56
13306,4436,147,9,4525.23
13307,4436,141,1,952.81
13308,4436,230,9,628.05
13309,4436,1568,6,2945.67
13310,4436,823,5,894.54
13311,4437,616,3,2151.08
13312,4438,182,5,4299.49
13313,4438,1682,10,4631.1
13314,4439,638,1,1915.43
13315,4439,938,7,2052.62
13316,4439,738,5,1728.05
13317,4439,588,3,3774.65
13318,4439,1688,4,2125.13
13319,4440,335,9,354.12
13320,4440,335,9,3863.34
13321,4440,1735,5,2169.46
13322,4440,735,9,4835.7
13323,4440,385,1,3980.38
13324,4441,1235,7,2138.49
13325,4441,1685,2,3043.29
13326,4441,1185,7,1422.27
13327,4442,1940,7,2198.28
13328,4442,875,10,3870.87
13329,4442,1601,6,845.17
13330,4442,572,4,2636.02
13331,4442,1360,8,3586.41
13332,4443,1960,1,632.32
13333,4443,1310,2,2874.35
13334,4444,912,8,3301.42
13335,4444,488,4,3004.82
13336,4445,94,10,907.09
13337,4445,1694,8,3313.55
13338,4446,879,8,4202.69
13339,4447,651,4,3621.5
13340,4448,72,10,2667.13
13341,4449,1937,4,3302.97
13342,4450,1821,2,818.97
13343,4450,1011,5,4162.94
13344,4450,688,10,1301.63
13345,4450,450,4,458.62
13346,4451,528,5,4210.29
13347,4451,528,1,3208.67
13348,4452,955,1,295.38
13349,4452,955,8,1810.1
13350,4452,1455,6,2506.71
13351,4453,1219,7,4390.14
13352,4453,1569,9,435.75
13353,4453,1119,7,3289.84
13354,4453,1219,1,136.06
13355,4453,769,8,4031.28
13356,4454,1511,4,3629.45
13357,4454,1361,6,4274.45
13358,4455,1808,9,4734.14
13359,4455,208,9,2071.42
13360,4456,1265,4,913.22
13361,4456,1836,5,2351.75
13362,4456,559,10,1178.53
13363,4457,220,9,4963.16
13364,4457,1220,8,3343.96
13365,4457,1470,7,3296.33
13366,4458,1175,8,4473.28
13367,4458,811,10,2968.12
13368,4458,1657,4,1865.27
13369,4458,43,3,2289.83
13370,4458,1148,7,4481.9
13371,4459,1830,4,3319.27
13372,4459,1280,10,3615.54
13373,4459,80,7,2180.41
13374,4459,880,5,581.61
13375,4459,280,3,232.61
13376,4460,238,8,1018.31
13377,4461,386,10,2012.57
13378,4461,64,7,143.58
13379,4461,729,6,181.62
13380,4462,1506,4,4888.54
13381,4463,1543,3,863.41
13382,4463,43,3,2752.37
13383,4463,243,4,768.49
13384,4463,1543,9,3185.25
13385,4464,721,5,877.5
13386,4465,1794,10,2292.53
13387,4465,1085,4,2842.22
13388,4465,141,2,3816.13
13389,4466,300,7,2218.28
13390,4466,1450,4,2014.01
13391,4466,900,7,266.31
13392,4467,588,5,3089.59
13393,4467,638,1,3214.84
13394,4468,1747,3,1058.86
13395,4468,139,2,1815.31
13396,4468,450,6,4779.55
13397,4469,1215,6,3040.26
13398,4469,565,3,2757.24
13399,4469,1915,2,3608.87
13400,4469,1315,2,3911.98
13401,4470,766,4,1020.6
13402,4470,716,7,1730.48
13403,4470,166,1,1235.46
13404,4471,1010,4,2897.55
13405,4471,710,2,4703.23
13406,4471,610,4,4382.36
13407,4472,691,1,4986.32
13408,4472,1541,2,342.12
13409,4473,970,5,4315.48
13410,4473,1920,8,1338.29
13411,4473,870,3,3380.43
13412,4474,1337,2,2811.11
13413,4474,837,9,3093.27
13414,4475,1897,7,1027.26
13415,4476,151,1,1423.87
13416,4476,292,4,532.16
13417,4476,1653,3,1322.25
13418,4476,540,1,695.66
13419,4476,898,2,1463.01
13420,4477,596,8,561.43
13421,4477,1196,2,3029.89
13422,4477,1596,6,1456.87
13423,4477,196,3,4452.65
13424,4477,196,5,3956.4
13425,4478,12,9,2781.94
13426,4479,343,4,2952.71
13427,4479,1393,1,197.49
13428,4479,1443,4,4815.86
13429,4479,893,10,1697.36
13430,4480,201,2,4148.77
13431,4480,451,6,4475.84
13432,4480,1701,7,1585.01
13433,4480,801,6,1932.14
13434,4480,1851,7,516.9
13435,4481,148,7,3823.47
13436,4481,163,5,2298.76
13437,4481,110,5,209.44
13438,4481,984,4,2174.96
13439,4481,1973,9,1338.82
13440,4482,1597,5,2201.66
13441,4482,1447,1,4123.37
13442,4482,1097,9,547.07
13443,4482,1497,2,2549.39
13444,4483,15,1,3764.68
13445,4483,419,8,2463.02
13446,4483,1900,3,2060.14
13447,4483,266,2,1674.93
13448,4484,1365,5,3818.71
13449,4484,215,4,4737.42
13450,4484,565,9,2739.43
13451,4484,865,5,2754.35
13452,4484,1015,7,3295.19
13453,4485,1005,5,1697.15
13454,4485,1105,1,3486.87
13455,4486,1152,2,802.13
13456,4486,550,10,1887.67
13457,4486,454,4,647.59
13458,4487,765,3,3880.41
13459,4488,1691,7,4967.22
13460,4488,1191,3,2587.75
13461,4488,41,3,4925.87
13462,4489,1601,5,952.1
13463,4489,1725,4,1235.79
13464,4490,364,8,1089.75
13465,4491,879,8,4344.13
13466,4491,1829,8,303.15
13467,4492,1286,8,3851.43
13468,4492,736,9,4801.46
13469,4492,1686,9,4805.28
13470,4492,286,6,1597.78
13471,4492,686,3,3526.34
13472,4493,234,1,2554.55
13473,4493,1784,2,3205.71
13474,4494,234,8,930.11
13475,4494,1134,8,4012.16
13476,4495,1087,3,3242.36
13477,4495,937,10,4066.18
13478,4495,1937,3,2527.56
13479,4495,687,3,1306.64
13480,4495,187,7,1036.91
13481,4496,707,3,404.68
13482,4496,1439,10,2803.97
13483,4496,1587,6,1967.35
13484,4496,1242,8,1972.74
13485,4496,448,1,622.02
13486,4497,1289,10,2627.25
13487,4497,339,2,1803.4
13488,4497,1039,2,2957.9
13489,4497,1939,6,4049.03
13490,4497,1089,9,430.06
13491,4498,1780,2,1685.45
13492,4498,1730,6,1555.52
13493,4498,380,9,543.87
13494,4498,530,8,265.5
13495,4498,80,7,4551.44
13496,4499,1192,1,4902.49
13497,4499,1519,6,2771.8
13498,4499,1344,1,3079.4
13499,4499,367,6,2280.31
13500,4499,116,5,4511.25
13501,4500,1777,8,3710.96
13502,4500,1327,5,399.11
13503,4500,1577,6,3792.78
13504,4500,1377,1,4122.87
13505,4500,77,5,2118.49
13506,4501,1107,9,1336.37
13507,4501,1607,6,3129.88
13508,4501,257,10,3856.15
13509,4501,1407,1,1009.37
13510,4502,805,8,3243.79
13511,4502,1155,5,3768.13
13512,4502,1005,1,1172.19
13513,4502,5,1,1901.28
13514,4503,498,1,1352.37
13515,4503,1898,3,1918.54
13516,4503,1448,8,748.25
13517,4503,1048,10,2106.24
13518,4503,748,9,720.51
13519,4504,1669,8,1382.23
13520,4504,565,10,960.66
13521,4504,1660,10,2216.54
13522,4505,1277,7,744.88
13523,4505,1077,3,331.22
13524,4505,527,1,2389.87
13525,4505,427,5,1370.01
13526,4505,677,8,603.49
13527,4506,192,6,1180.72
13528,4507,67,9,264.8
13529,4508,805,2,1717.15
13530,4508,453,7,4873.4
13531,4509,627,3,3138.87
13532,4509,1802,2,4393.71
13533,4509,742,4,4098.68
13534,4509,169,2,2812.85
13535,4509,490,4,1460.55
13536,4510,1475,2,809.38
13537,4510,975,7,2510.65
13538,4511,539,5,2697.97
13539,4511,589,4,482.95
13540,4511,289,5,3423.39
13541,4511,1039,9,959.3
13542,4512,152,9,109.63
13543,4513,1039,10,1903.09
13544,4513,1389,5,3843.77
13545,4513,39,10,4235.37
13546,4513,839,8,1959.49
13547,4514,1214,4,685.58
13548,4514,114,1,2456.25
13549,4514,414,1,3708.38
13550,4515,579,3,4419.97
13551,4515,944,2,3976.53
13552,4516,616,4,4121.6
13553,4516,824,10,3837.77
13554,4517,586,3,2690.8
13555,4517,1036,6,69.55
13556,4517,1886,5,2207.25
13557,4517,1736,10,2309.88
13558,4517,636,4,1789.22
13559,4518,1547,9,2151.4
13560,4518,1970,7,2183.54
13561,4518,1428,10,2105.8
13562,4518,1634,8,3158.07
13563,4519,1749,6,3726.16
13564,4519,958,2,4764.43
13565,4520,1561,5,3961.49
13566,4521,1449,8,3777.97
13567,4521,1499,2,179.5
13568,4522,727,10,4619.43
13569,4522,1527,5,2033.44
13570,4522,1327,4,4627.99
13571,4522,1427,6,969.35
13572,4523,829,6,4107.02
13573,4523,1629,1,2364.1
13574,4524,1768,7,1437.08
13575,4524,1824,8,3583.32
13576,4524,1743,1,4583.49
13577,4524,1679,5,2013.61
13578,4524,126,10,1864.86
13579,4525,702,8,791.46
13580,4525,102,10,3718.69
13581,4525,1602,9,2245.39
13582,4525,1152,8,3636.56
13583,4526,888,9,1740.34
13584,4527,1445,1,206.98
13585,4528,1693,7,2409.34
13586,4528,1676,7,192.49
13587,4529,1715,5,1419.69
13588,4530,1529,10,3035.08
13589,4530,365,10,2720.7
13590,4530,499,2,670.94
13591,4530,870,7,388.43
13592,4530,528,3,3747.53
13593,4531,1421,4,383.85
13594,4531,1971,4,4172.45
13595,4531,371,5,4045.48
13596,4532,713,4,1253.03
13597,4532,1463,2,2533.9
13598,4532,413,5,3269.84
13599,4533,128,8,1595.41
13600,4533,678,4,2967.77
13601,4533,28,1,3703.71
13602,4533,1028,3,3703.26
13603,4533,628,1,2551.03
13604,4534,1454,5,4980.09
13605,4534,804,9,890.51
13606,4534,804,8,1649.38
13607,4534,554,5,3458.15
13608,4534,604,4,4626.6
13609,4535,228,8,1558.77
13610,4535,617,2,3807.19
13611,4535,1290,8,1410.35
13612,4535,169,10,3895.97
13613,4536,942,7,4619.15
13614,4536,338,2,3622.11
13615,4536,1860,8,2038.67
13616,4536,446,5,2494.01
13617,4537,1249,5,3227.87
13618,4537,1395,1,1310.9
13619,4538,125,9,4737.69
13620,4538,225,10,649.94
13621,4538,325,7,1784.78
13622,4538,1575,5,4592.7
13623,4538,1375,2,4222.2
13624,4539,1903,3,294.28
13625,4539,153,10,2538.57
13626,4540,1620,8,919.47
13627,4540,1720,8,4944.17
13628,4540,220,4,399.42
13629,4541,423,1,1303.61
13630,4541,582,3,511.26
13631,4542,1991,7,3986.61
13632,4542,1891,2,1586.3
13633,4542,1641,7,790.38
13634,4542,291,10,1956.32
13635,4543,1329,7,1304.8
13636,4543,1779,10,4323.01
13637,4544,1611,5,1286.58
13638,4545,1291,9,1981.59
13639,4545,91,9,51.28
13640,4545,1591,1,195.27
13641,4545,1941,2,3925.32
13642,4546,563,3,1819.73
13643,4546,1213,6,4798.13
13644,4547,1327,2,2946.06
13645,4548,1246,1,4703.24
13646,4548,1884,6,1566.83
13647,4549,326,10,3336.71
13648,4550,987,5,4572.23
13649,4550,437,7,3022.88
13650,4550,1837,1,2908.73
13651,4550,1937,2,1718.3
13652,4550,687,7,4960.66
13653,4551,87,6,2509.36
13654,4552,1312,3,2950.39
13655,4552,512,5,4462.59
13656,4552,1512,9,2430.01
13657,4552,462,8,2117.25
13658,4552,1162,2,4930.26
13659,4553,72,3,4208.6
13660,4554,1505,8,3297.13
13661,4555,752,7,2429.2
13662,4555,702,7,2321.41
13663,4556,908,5,3409.37
13664,4556,108,5,3573.62
13665,4557,1976,9,2023.16
13666,4558,389,7,451.2
13667,4558,189,2,1361.4
13668,4558,1989,9,2597.1
13669,4559,1109,6,4005.31
13670,4559,207,7,1429.46
13671,4559,1712,7,1512.54
13672,4560,1228,10,587.7
13673,4560,1878,2,3361.22
13674,4561,1657,2,4596.12
13675,4561,1407,10,1682.26
13676,4561,1507,2,1359.2
13677,4561,857,3,1271.99
13678,4562,237,4,2490.32
13679,4563,1752,10,4023.4
13680,4564,814,6,4542.06
13681,4564,872,7,2541.54
13682,4565,599,1,522.02
13683,4565,1499,5,3562.34
13684,4566,1617,5,3170.21
13685,4566,1467,7,2125.32
13686,4566,867,5,3155.23
13687,4566,17,1,673.53
13688,4567,1048,3,1241.59
13689,4567,498,6,866.78
13690,4567,248,5,2648.51
13691,4567,548,1,2415.04
13692,4567,1748,2,3078.92
13693,4568,270,7,816.68
13694,4568,120,3,1544.81
13695,4568,670,10,311.38
13696,4568,770,9,623.94
13697,4569,392,4,3443.38
13698,4569,542,10,464.83
13699,4569,1142,10,4336.54
13700,4569,1392,5,4656.1
13701,4569,1292,10,4556.84
13702,4570,973,7,132.43
13703,4570,273,2,2613.35
13704,4570,1223,1,4048.38
13705,4570,1523,8,4296.09
13706,4570,323,3,3894.42
13707,4571,399,1,2837.0
13708,4571,299,8,612.18
13709,4571,1999,8,3754.51
13710,4572,1218,9,990.54
13711,4572,618,5,1234.3
13712,4573,1332,4,1596.58
13713,4573,382,1,2910.91
13714,4573,1432,9,1265.68
13715,4573,982,7,427.94
13716,4573,1182,8,1925.64
13717,4574,1531,7,2770.89
13718,4574,1231,8,1976.02
13719,4574,631,9,3599.47
13720,4575,1873,10,4609.61
13721,4575,273,10,3283.62
13722,4576,1270,4,3420.3
13723,4576,1570,6,2936.59
13724,4576,420,5,2501.24
13725,4576,320,5,3330.41
13726,4577,1304,1,592.73
13727,4577,628,10,2899.81
13728,4577,1357,7,3587.63
13729,4578,1989,8,3571.11
13730,4578,1339,8,142.92
13731,4578,1939,8,3762.27
13732,4579,560,6,3450.56
13733,4579,1028,1,154.67
13734,4579,908,3,4394.6
13735,4580,839,7,4144.46
13736,4580,1789,9,1665.89
13737,4580,1139,7,1025.36
13738,4580,589,8,2510.21
13739,4580,1439,1,2639.12
13740,4581,215,9,1251.58
13741,4581,1327,2,2191.07
13742,4581,1833,6,3370.37
13743,4581,1039,10,3371.84
13744,4582,297,10,2906.57
13745,4582,797,9,3584.95
13746,4582,247,3,1421.35
13747,4582,1747,8,3268.59
13748,4582,1847,9,3711.24
13749,4583,104,1,2417.25
13750,4584,1731,3,856.47
13751,4584,1931,7,2992.29
13752,4584,1631,1,3667.61
13753,4585,518,8,2741.27
13754,4585,468,9,1750.85
13755,4585,1818,8,1313.44
13756,4585,1968,10,687.21
13757,4586,296,8,1070.03
13758,4586,995,3,1048.59
13759,4586,1923,7,273.04
13760,4586,939,2,2145.41
13761,4587,1779,6,4880.9
13762,4588,1237,2,3379.72
13763,4588,287,8,474.03
13764,4588,87,9,2774.4
13765,4588,1837,8,1295.41
13766,4589,396,2,380.32
13767,4589,246,1,3275.48
13768,4589,1046,8,4866.68
13769,4590,205,10,3659.35
13770,4591,1477,1,1374.95
13771,4591,427,6,3736.22
13772,4591,827,7,2969.73
13773,4591,1627,9,4853.24
13774,4592,1019,3,704.14
13775,4592,1669,1,1001.96
13776,4592,669,9,1686.7
13777,4592,919,10,1157.17
13778,4593,1873,5,2245.37
13779,4593,973,3,4022.55
13780,4593,1023,4,1258.76
13781,4593,323,3,856.92
13782,4593,23,9,333.32
13783,4594,1036,8,4579.41
13784,4595,618,1,4467.32
13785,4596,399,4,4166.57
13786,4596,1558,6,985.28
13787,4596,1027,6,4714.26
13788,4596,1935,6,2979.74
13789,4597,1448,4,2739.23
13790,4597,816,10,122.07
13791,4597,1364,1,1631.33
13792,4597,1028,7,3788.59
13793,4597,1390,7,2080.37
13794,4598,527,10,1091.68
13795,4598,777,4,2366.02
13796,4598,27,1,3696.26
13797,4598,1927,1,3170.44
13798,4599,1215,5,323.93
13799,4599,515,2,1185.61
13800,4599,515,4,2628.06
13801,4599,1665,8,3323.79
13802,4600,1936,2,2222.98
13803,4600,536,8,4399.25
13804,4600,1586,7,1676.72
13805,4600,1636,6,2712.27
13806,4601,245,5,4109.83
13807,4601,195,7,1214.86
13808,4601,695,9,3651.76
13809,4602,921,8,275.67
13810,4602,1221,5,2905.39
13811,4602,671,3,3845.64
13812,4603,675,7,2211.32
13813,4603,475,3,2157.17
13814,4603,1475,6,398.84
13815,4603,1925,10,3418.67
13816,4604,1957,7,2105.03
13817,4604,1707,4,4646.81
13818,4604,1407,1,1631.18
13819,4604,257,8,61.75
13820,4605,1534,8,2072.52
13821,4605,1536,4,1531.24
13822,4605,1590,9,4048.69
13823,4605,974,4,741.44
13824,4605,1032,9,1235.72
13825,4606,1448,9,3416.54
13826,4606,948,1,4851.43
13827,4606,198,7,63.62
13828,4606,198,6,1529.06
13829,4607,1300,9,920.86
13830,4608,104,5,2741.52
13831,4608,154,3,2136.57
13832,4609,1885,4,4358.57
13833,4609,1285,9,3737.76
13834,4609,885,10,4541.85
13835,4610,796,6,4142.99
13836,4610,1246,6,4008.49
13837,4610,96,3,3148.99
13838,4610,46,8,4610.11
13839,4611,152,3,2932.11
13840,4611,902,8,3260.19
13841,4611,952,10,3816.99
13842,4611,402,2,4794.22
13843,4611,1402,4,514.57
13844,4612,725,8,2570.76
13845,4612,1125,4,2810.64
13846,4612,1825,2,2136.82
13847,4612,1825,5,1811.33
13848,4612,1525,8,2026.18
13849,4613,1736,1,489.46
13850,4614,712,2,539.07
13851,4614,1062,8,519.82
13852,4615,729,10,1622.02
13853,4615,179,10,2285.71
13854,4616,596,3,1377.87
13855,4616,46,5,1373.2
13856,4616,796,5,2568.27
13857,4616,1846,6,4305.35
13858,4617,1500,7,4448.1
13859,4617,1100,10,2469.42
13860,4618,383,5,826.15
13861,4618,1133,9,4871.41
13862,4618,1133,2,721.37
13863,4619,1161,9,4110.42
13864,4619,1411,3,2556.23
13865,4620,1485,6,4405.05
13866,4620,1635,4,1770.93
13867,4620,435,8,1326.92
13868,4620,1935,4,4675.45
13869,4621,55,4,4374.45
13870,4621,1682,8,2669.22
13871,4621,1331,9,4797.53
13872,4622,1767,2,2991.86
13873,4622,917,9,2549.99
13874,4623,1707,4,1250.3
13875,4623,1057,1,1270.04
13876,4623,757,10,1390.58
13877,4623,557,8,3863.88
13878,4624,1642,8,1920.53
13879,4625,81,9,288.19
13880,4626,396,4,1617.68
13881,4626,1496,6,1920.82
13882,4626,896,2,1961.09
13883,4626,1796,3,303.82
13884,4626,96,1,2197.38
13885,4627,1107,9,145.37
13886,4628,5,4,4935.58
13887,4628,1655,9,2814.93
13888,4629,1211,4,630.31
13889,4629,1461,2,3213.3
13890,4629,761,3,2037.97
13891,4629,811,8,1799.09
13892,4629,1211,6,1147.85
13893,4630,442,9,2492.88
13894,4630,1792,4,1530.51
13895,4630,992,7,2690.03
13896,4630,1542,10,4395.14
13897,4630,1442,4,3091.13
13898,4631,700,5,4369.02
13899,4631,1829,10,3943.02
13900,4631,1594,10,2910.52
13901,4631,283,9,2129.39
13902,4631,233,4,2794.16
13903,4632,1829,9,1876.23
13904,4633,1010,5,3924.46
13905,4633,1660,2,664.91
13906,4633,1210,5,3688.61
13907,4634,1108,9,3736.79
13908,4634,1758,9,2966.28
13909,4634,1008,1,820.37
13910,4634,1608,1,528.66
13911,4634,558,2,2688.32
13912,4635,1942,9,4428.16
13913,4635,292,4,377.24
13914,4635,542,2,70.87
13915,4636,1374,4,4126.09
13916,4636,1974,10,3799.87
13917,4636,974,9,4147.75
13918,4636,974,2,1435.14
13919,4637,126,9,1471.56
13920,4638,352,5,1450.47
13921,4638,1802,9,4100.56
13922,4639,1411,7,3713.57
13923,4639,1411,2,4184.26
13924,4640,1800,2,3924.37
13925,4640,850,4,162.11
13926,4640,800,8,3014.15
13927,4641,466,9,1322.33
13928,4642,1489,4,3325.71
13929,4642,810,9,3728.74
13930,4643,611,4,2259.23
13931,4643,761,10,1679.78
13932,4643,1761,5,308.51
13933,4643,261,5,2455.18
13934,4644,986,3,4420.47
13935,4644,1202,1,2550.27
13936,4644,508,3,2738.05
13937,4644,1810,5,566.2
13938,4645,568,9,4448.97
13939,4645,1799,5,2492.28
13940,4645,847,4,4593.96
13941,4645,1187,7,3287.45
13942,4645,664,7,1324.08
13943,4646,258,2,2441.85
13944,4646,108,2,4474.61
13945,4647,1548,9,3709.74
13946,4647,698,2,3971.08
13947,4647,398,4,4070.81
13948,4648,1241,8,1952.18
13949,4648,791,10,2101.35
13950,4649,26,2,3989.75
13951,4650,991,10,3668.08
13952,4650,91,8,3156.91
13953,4650,741,5,1104.79
13954,4651,1807,3,330.79
13955,4651,107,7,1567.37
13956,4651,1207,5,2055.01
13957,4651,157,8,1353.59
13958,4652,1946,8,4392.33
13959,4652,1242,7,4744.71
13960,4653,615,8,1605.55
13961,4653,865,1,2295.71
13962,4653,615,3,3804.36
13963,4653,115,9,3265.52
13964,4653,715,7,1039.34
13965,4654,413,9,512.37
13966,4655,857,3,1954.75
13967,4655,957,1,2162.25
13968,4656,1077,1,3661.47
13969,4657,711,8,959.44
13970,4657,911,7,3857.36
13971,4657,461,5,796.17
13972,4657,111,8,972.97
13973,4657,211,2,2024.85
13974,4658,536,7,4644.72
13975,4658,945,4,1777.08
13976,4658,1001,4,4008.63
13977,4658,1941,7,2997.95
13978,4658,173,10,3383.93
13979,4659,132,8,2320.43
13980,4659,1032,1,3042.77
13981,4659,1882,7,1003.06
13982,4659,982,10,4714.53
13983,4659,1882,3,1083.97
13984,4660,664,3,3704.3
13985,4660,1764,6,3961.2
13986,4661,366,4,728.69
13987,4661,16,4,541.61
13988,4661,1366,9,3767.87
13989,4662,1998,7,4551.7
13990,4662,948,6,4627.3
13991,4662,48,3,384.22
13992,4662,1648,4,2138.34
13993,4663,75,5,3201.02
13994,4663,1775,3,4019.22
13995,4663,1625,5,1460.72
13996,4663,175,10,2993.18
13997,4663,1425,9,638.75
13998,4664,1316,6,3608.14
13999,4664,1016,5,430.53
14000,4664,1416,9,4852.55
14001,4664,316,6,2032.85
14002,4664,816,8,2168.15
14003,4665,1011,9,1215.05
14004,4666,39,7,3750.55
14005,4666,1789,4,4097.94
14006,4666,689,6,806.95
14007,4666,539,3,2133.43
14008,4667,398,1,4672.09
14009,4667,1048,7,712.84
14010,4667,198,1,2170.9
14011,4668,791,7,1182.67
14012,4668,141,4,2421.71
14013,4668,841,3,1091.76
14014,4668,241,5,949.95
14015,4668,1491,10,323.75
14016,4669,545,7,3768.45
14017,4670,1221,8,4210.14
14018,4670,321,4,253.57
14019,4670,871,10,281.93
14020,4670,71,6,864.72
14021,4670,1521,4,1940.84
14022,4671,1268,2,1844.08
14023,4672,766,6,555.47
14024,4672,1743,10,3280.69
14025,4673,882,9,343.97
14026,4673,882,5,857.2
14027,4673,1432,2,3911.82
14028,4673,1532,1,3151.75
14029,4674,1765,3,662.18
14030,4675,750,9,2890.1
14031,4675,900,2,3236.27
14032,4675,800,9,4053.8
14033,4675,1500,10,349.14
14034,4675,1100,5,2853.98
14035,4676,842,7,4250.46
14036,4676,776,6,2363.35
14037,4676,1965,3,4450.39
14038,4677,1349,5,4482.68
14039,4677,1738,9,3424.01
14040,4677,1235,5,265.97
14041,4677,245,5,556.03
14042,4678,1919,7,3521.56
14043,4678,69,6,1125.07
14044,4678,1519,9,1512.97
14045,4678,719,8,4392.28
14046,4679,276,7,3283.47
14047,4679,1026,8,656.85
14048,4679,326,6,4142.5
14049,4679,1376,10,3307.99
14050,4680,1248,2,3985.91
14051,4680,498,10,1525.05
14052,4680,798,6,2992.32
14053,4680,1598,4,1395.27
14054,4681,942,4,2309.7
14055,4681,1606,6,957.79
14056,4681,1151,8,1025.32
14057,4681,968,1,3276.04
14058,4682,877,3,4360.14
14059,4683,292,2,364.27
14060,4683,1977,4,1661.06
14061,4683,1300,7,2984.28
14062,4683,944,5,4164.52
14063,4684,305,4,4412.88
14064,4684,955,2,3400.6
14065,4684,805,1,2404.04
14066,4684,105,10,4741.72
14067,4685,483,3,2209.25
14068,4686,1358,2,3629.52
14069,4687,38,2,833.58
14070,4687,1088,9,2747.52
14071,4688,1525,6,1044.69
14072,4688,675,7,2663.64
14073,4688,1325,6,3529.02
14074,4688,475,1,3243.68
14075,4688,1375,3,3341.53
14076,4689,885,6,2484.85
14077,4690,351,7,2484.21
14078,4690,1401,1,3114.54
14079,4691,1958,6,4785.29
14080,4691,1863,6,1621.71
14081,4691,1154,5,3480.67
14082,4691,1431,10,4097.99
14083,4691,927,1,1499.4
14084,4692,885,6,3465.18
14085,4692,449,6,743.02
14086,4692,1210,6,4476.86
14087,4692,90,3,1995.86
14088,4693,418,8,1777.79
14089,4693,518,8,4399.45
14090,4693,1968,7,411.14
14091,4694,1327,2,2980.23
14092,4695,163,5,2493.97
14093,4695,1063,10,1027.82
14094,4695,563,7,2835.07
14095,4695,1563,3,4791.85
14096,4696,1772,6,3494.58
14097,4696,722,3,2983.44
14098,4696,1322,4,4307.39
14099,4696,1022,1,4455.38
14100,4696,322,3,4336.47
14101,4697,829,1,1083.98
14102,4698,1991,6,4285.13
14103,4698,1841,10,1602.11
14104,4698,1391,1,4134.36
14105,4699,525,8,1117.38
14106,4700,526,8,3291.34
14107,4700,985,9,3816.08
14108,4700,64,7,3167.53
14109,4700,1280,6,1097.92
14110,4700,1830,2,912.85
14111,4701,1824,7,2002.91
14112,4701,874,6,1546.43
14113,4701,1874,1,622.63
14114,4701,1724,1,1175.85
14115,4701,1524,2,4975.26
14116,4702,1030,1,1457.59
14117,4702,1863,9,3392.92
14118,4702,1004,8,2749.1
14119,4703,1616,2,2642.93
14120,4703,38,7,1751.1
14121,4703,933,10,2306.4
14122,4703,1025,4,3160.26
14123,4704,616,10,2281.93
14124,4705,197,6,4014.95
14125,4705,697,5,487.26
14126,4706,1261,1,4566.63
14127,4706,1061,3,856.18
14128,4706,1411,7,1855.75
14129,4706,411,9,694.49
14130,4707,1862,9,610.65
14131,4707,1738,5,1461.34
14132,4708,1236,6,986.01
14133,4708,686,4,2387.34
14134,4708,936,9,3810.35
14135,4708,236,2,4830.37
14136,4708,1336,3,806.28
14137,4709,440,6,2193.42
14138,4709,690,2,4898.45
14139,4709,890,2,3984.68
14140,4709,840,1,4037.85
14141,4709,40,9,4708.07
14142,4710,676,5,3609.83
14143,4710,126,8,948.6
14144,4710,526,10,2012.01
14145,4710,1776,1,2745.56
14146,4711,1388,10,2193.59
14147,4711,168,4,3167.99
14148,4712,1610,8,960.63
14149,4712,1260,4,107.34
14150,4712,410,2,1497.75
14151,4712,1760,9,1851.89
14152,4713,1572,2,3299.49
14153,4713,922,7,434.54
14154,4713,1922,3,2448.19
14155,4713,672,8,2915.69
14156,4714,1631,10,2193.78
14157,4714,698,10,1041.79
14158,4714,496,9,471.22
14159,4714,451,1,2428.33
14160,4714,1281,3,3905.16
14161,4715,839,3,3666.98
14162,4715,1439,8,2890.46
14163,4716,1790,9,1511.6
14164,4716,340,10,2378.16
14165,4716,540,10,302.14
14166,4716,1090,8,3589.21
14167,4716,190,1,1258.99
14168,4717,1961,5,906.32
14169,4717,1511,2,4623.15
14170,4717,381,6,1541.02
14171,4717,505,9,214.62
14172,4718,1643,8,3878.46
14173,4718,1143,9,2963.33
14174,4718,443,5,2192.29
14175,4718,693,6,2193.63
14176,4719,312,2,2436.63
14177,4719,1662,6,3656.52
14178,4719,512,1,517.79
14179,4720,888,2,4592.99
14180,4720,204,10,174.44
14181,4720,1956,4,2094.36
14182,4720,304,7,399.67
14183,4720,901,8,3924.82
14184,4721,422,9,3298.3
14185,4721,1982,10,328.44
14186,4722,1202,7,3011.28
14187,4722,721,3,2860.01
14188,4722,1175,5,89.32
14189,4722,597,9,3328.76
14190,4723,908,4,4401.2
14191,4724,1006,5,300.99
14192,4724,1706,8,3472.98
14193,4724,1456,10,2955.21
14194,4725,244,6,4159.83
14195,4726,708,8,998.75
14196,4726,1208,5,4485.17
14197,4727,58,1,3690.01
14198,4727,1324,10,832.14
14199,4727,962,10,1904.02
14200,4728,1671,7,439.84
14201,4728,1063,10,578.83
14202,4728,863,7,1838.0
14203,4729,390,6,82.42
14204,4729,1390,5,875.66
14205,4729,1090,9,1634.68
14206,4730,112,4,4823.04
14207,4731,872,4,1073.35
14208,4731,687,6,2146.66
14209,4731,1540,4,2182.98
14210,4731,1885,5,3233.68
14211,4732,758,5,765.15
14212,4733,566,3,3901.41
14213,4733,1366,5,456.57
14214,4733,1716,7,2544.18
14215,4734,1352,8,760.88
14216,4735,952,6,134.77
14217,4735,1052,2,4433.94
14218,4735,1202,1,4609.66
14219,4736,1501,2,2875.95
14220,4736,701,4,469.34
14221,4736,1351,5,1617.21
14222,4737,741,3,1599.95
14223,4737,1441,6,2357.76
14224,4737,291,8,4226.05
14225,4738,91,2,3064.65
14226,4738,941,6,2133.76
14227,4739,271,6,4663.88
14228,4739,1045,7,778.42
14229,4739,1722,6,3226.67
14230,4740,1466,7,2072.43
14231,4741,1918,9,214.31
14232,4742,944,6,769.51
14233,4742,594,3,4249.0
14234,4742,744,3,567.54
14235,4742,1594,6,1879.64
14236,4742,1244,4,578.04
14237,4743,93,5,4546.63
14238,4743,643,8,4415.81
14239,4743,893,8,1659.99
14240,4744,240,3,2309.66
14241,4744,340,1,1954.2
14242,4744,340,10,4797.09
14243,4744,1990,7,4022.89
14244,4745,689,4,4075.81
14245,4745,1285,2,328.46
14246,4745,1062,2,870.89
14247,4746,1234,3,1113.42
14248,4746,508,5,3208.54
14249,4746,1682,2,3380.54
14250,4747,678,9,3190.09
14251,4748,1553,9,3651.53
14252,4748,883,1,2394.89
14253,4748,1889,5,4185.46
14254,4748,11,7,2083.05
14255,4749,13,4,4070.26
14256,4750,391,5,2379.75
14257,4750,391,3,3386.53
14258,4750,691,10,1901.79
14259,4750,1941,8,2050.89
14260,4751,1461,2,1222.19
14261,4752,922,6,577.25
14262,4752,172,6,3071.05
14263,4753,709,4,2692.38
14264,4753,409,4,2900.32
14265,4754,1078,2,689.08
14266,4754,1378,8,1114.25
14267,4754,1028,5,235.42
14268,4754,928,6,1001.38
14269,4755,1870,3,2133.72
14270,4755,1321,10,795.69
14271,4755,17,7,1692.81
14272,4755,1587,10,4712.06
14273,4755,1357,8,1043.75
14274,4756,377,9,4950.51
14275,4757,1943,4,4334.91
14276,4757,43,3,2601.77
14277,4757,1843,4,474.38
14278,4757,43,2,4755.7
14279,4758,580,10,4546.25
14280,4758,330,7,3521.28
14281,4759,1342,5,2472.76
14282,4759,1176,2,1271.34
14283,4759,1962,1,4037.34
14284,4760,863,1,947.57
14285,4760,218,4,1414.47
14286,4761,1276,9,1107.05
14287,4761,1326,3,1045.9
14288,4761,776,7,2564.6
14289,4761,576,3,4734.55
14290,4762,1080,2,3385.21
14291,4762,1743,3,1750.05
14292,4762,232,8,253.42
14293,4762,1319,7,4138.32
14294,4762,1292,2,741.62
14295,4763,1391,5,3673.99
14296,4763,858,5,1597.0
14297,4763,1419,7,1398.13
14298,4763,195,5,1715.77
14299,4764,405,4,1186.45
14300,4764,1355,1,2230.04
14301,4764,1555,4,2358.52
14302,4764,305,6,1105.09
14303,4764,1855,8,1393.5
14304,4765,609,4,4728.16
14305,4765,24,6,4138.21
14306,4765,309,6,3254.25
14307,4766,611,3,2625.47
14308,4767,1191,2,344.43
14309,4767,541,7,113.73
14310,4768,102,4,1194.46
14311,4769,246,2,4021.36
14312,4769,446,1,3194.71
14313,4769,1396,4,532.1
14314,4769,896,8,3569.36
14315,4770,1558,1,2005.21
14316,4770,1522,1,2481.33
14317,4770,1250,1,4830.83
14318,4771,1144,6,3504.9
14319,4771,194,6,1617.85
14320,4771,444,8,4118.21
14321,4771,1944,8,1786.52
14322,4771,844,5,4706.09
14323,4772,1521,7,4832.13
14324,4773,332,7,937.0
14325,4773,182,10,4564.92
14326,4773,832,5,3296.85
14327,4773,382,4,338.42
14328,4774,1648,9,4987.01
14329,4775,910,10,1941.14
14330,4775,10,5,554.12
14331,4775,1210,8,2407.13
14332,4775,1310,5,1486.49
14333,4776,766,6,2841.22
14334,4776,816,2,545.94
14335,4776,66,1,4127.13
14336,4777,1460,9,1111.41
14337,4778,1473,9,4080.21
14338,4778,1923,6,2051.54
14339,4778,73,1,1526.11
14340,4778,1823,9,2930.59
14341,4779,522,6,2654.9
14342,4779,422,8,3922.8
14343,4779,122,3,280.92
14344,4780,1310,3,2440.69
14345,4781,139,7,1956.5
14346,4781,1889,2,737.24
14347,4782,153,6,2000.23
14348,4782,1741,8,549.97
14349,4782,147,8,3499.4
14350,4782,1904,7,692.48
14351,4783,267,2,1391.46
14352,4783,1857,7,2359.18
14353,4783,1832,5,3598.0
14354,4783,1678,6,225.82
14355,4784,743,4,1561.72
14356,4784,843,8,388.64
14357,4784,1143,7,3157.98
14358,4784,793,4,4295.63
14359,4785,1585,10,3876.78
14360,4785,835,10,2419.29
14361,4785,1585,8,2801.06
14362,4785,1685,3,2056.94
14363,4785,1785,10,647.5
14364,4786,790,10,456.97
14365,4787,1842,1,3368.65
14366,4787,1442,6,2548.1
14367,4787,1042,3,2073.95
14368,4787,492,9,193.21
14369,4788,480,8,1229.17
14370,4788,280,8,3947.07
14371,4788,30,3,4949.97
14372,4788,1530,5,1581.92
14373,4789,1801,7,4949.87
14374,4789,1833,9,61.16
14375,4790,754,7,1581.22
14376,4790,854,9,2780.28
14377,4790,404,4,1078.22
14378,4790,1654,7,846.1
14379,4790,904,5,3557.54
14380,4791,935,4,544.16
14381,4791,1585,4,4478.33
14382,4791,335,5,4549.66
14383,4792,1872,3,3689.28
14384,4793,852,4,1679.23
14385,4793,1974,1,1523.58
14386,4793,1261,6,1020.43
14387,4794,749,3,79.62
14388,4794,899,7,4959.61
14389,4794,449,2,1162.81
14390,4795,1087,9,1410.96
14391,4795,1537,3,1508.04
14392,4796,1101,6,1386.67
14393,4797,810,3,2569.41
14394,4798,736,10,534.0
14395,4798,1736,10,4665.63
14396,4798,86,7,1710.87
14397,4798,1486,10,1518.78
14398,4798,1986,1,3940.98
14399,4799,988,2,3867.91
14400,4800,1342,1,2701.6
14401,4801,1530,4,2593.29
14402,4801,290,6,1518.56
14403,4801,314,8,2085.71
14404,4801,1739,9,1339.63
14405,4802,1353,8,90.15
14406,4802,1753,5,4932.29
14407,4802,1803,5,933.27
14408,4802,553,5,308.0
14409,4803,570,1,4950.16
14410,4803,70,5,3768.86
14411,4803,770,3,751.84
14412,4803,1120,1,4436.93
14413,4804,1012,7,2284.84
14414,4804,1403,9,3660.27
14415,4805,1005,2,755.03
14416,4805,1705,4,2914.0
14417,4806,748,7,4727.01
14418,4806,1498,6,1210.9
14419,4806,198,1,869.22
14420,4806,1848,3,1994.01
14421,4806,1498,7,2506.05
14422,4807,1079,1,1569.13
14423,4807,1279,8,4382.7
14424,4808,1455,3,1160.11
14425,4808,855,8,4580.08
14426,4808,705,9,93.11
14427,4809,1543,9,2495.72
14428,4810,1048,4,3313.08
14429,4810,522,2,1814.25
14430,4810,725,9,2298.55
14431,4811,1993,4,4970.7
14432,4811,543,10,2614.62
14433,4811,1443,3,2924.58
14434,4811,1393,2,3162.18
14435,4812,520,9,1676.34
14436,4812,1820,10,2711.47
14437,4812,670,9,384.52
14438,4812,1920,10,1916.95
14439,4812,420,10,2104.59
14440,4813,464,10,2375.44
14441,4813,914,5,3987.6
14442,4813,1464,4,1185.43
14443,4814,118,6,4158.13
14444,4814,1518,2,4663.45
14445,4814,1018,5,4669.2
14446,4815,513,3,4949.26
14447,4815,57,5,3235.41
14448,4815,1624,4,342.94
14449,4815,293,3,4705.2
14450,4816,1020,8,1575.47
14451,4816,320,4,3279.38
14452,4817,1123,2,1231.27
14453,4817,773,2,4557.38
14454,4817,1873,5,444.98
14455,4818,1485,9,300.05
14456,4818,979,9,2698.1
14457,4818,240,6,2904.83
14458,4818,1302,6,4740.11
14459,4818,912,2,4893.03
14460,4819,563,2,4474.23
14461,4819,313,4,2547.92
14462,4820,1271,10,4844.5
14463,4820,821,3,2035.35
14464,4820,121,1,3242.08
14465,4820,421,7,4626.95
14466,4821,1619,4,1353.86
14467,4822,750,1,2721.52
14468,4822,1550,5,4144.44
14469,4822,950,2,3446.45
14470,4823,968,5,1094.99
14471,4823,1118,1,4994.99
14472,4824,1280,4,936.17
14473,4824,380,5,4841.38
14474,4824,380,10,794.46
14475,4825,939,2,710.89
14476,4825,789,7,88.5
14477,4825,1989,4,1311.42
14478,4826,342,7,693.56
14479,4826,756,5,4647.28
14480,4827,1014,7,1995.44
14481,4827,971,7,1175.45
14482,4827,661,4,4790.25
14483,4827,160,8,3319.49
14484,4828,872,3,3453.66
14485,4829,1477,8,2195.73
14486,4829,1127,1,4840.17
14487,4829,127,1,3165.98
14488,4830,1484,4,3864.63
14489,4831,794,9,4612.75
14490,4831,844,6,3483.27
14491,4831,794,9,4747.09
14492,4831,294,4,3155.67
14493,4831,1794,8,4375.72
14494,4832,691,5,1821.28
14495,4833,987,5,2507.99
14496,4833,487,6,4806.29
14497,4833,237,3,2865.71
14498,4833,637,3,3492.52
14499,4834,1440,9,2698.04
14500,4834,710,8,4850.08
14501,4835,422,3,4187.1
14502,4836,39,5,4860.69
14503,4837,1147,9,4407.03
14504,4837,147,7,1662.05
14505,4837,1647,8,3833.87
14506,4837,1747,4,1021.16
14507,4838,1858,9,3419.04
14508,4838,760,1,3739.19
14509,4838,1202,8,582.88
14510,4839,561,9,3060.75
14511,4839,1411,1,797.28
14512,4839,861,1,4083.96
14513,4839,461,6,965.81
14514,4840,318,6,2753.49
14515,4840,1318,2,979.94
14516,4840,318,8,1934.01
14517,4841,201,1,506.35
14518,4841,351,4,1553.3
14519,4841,1551,9,3413.61
14520,4842,1036,3,832.14
14521,4842,836,4,1203.46
14522,4842,1686,1,2009.95
14523,4843,625,3,1159.98
14524,4843,1296,1,4027.37
14525,4843,325,3,4611.16
14526,4844,436,8,3095.16
14527,4844,986,1,219.97
14528,4844,36,1,828.77
14529,4845,1130,4,3643.73
14530,4845,430,3,4415.2
14531,4845,780,2,4772.89
14532,4846,182,5,4693.44
14533,4847,1487,2,4890.68
14534,4847,634,3,1212.19
14535,4847,1855,9,2764.13
14536,4847,1507,9,74.74
14537,4847,1939,4,413.31
14538,4848,423,1,444.2
14539,4848,1084,7,3052.98
14540,4848,966,2,1461.65
14541,4849,1217,2,3051.96
14542,4849,1417,10,990.57
14543,4850,888,1,3545.27
14544,4850,738,7,779.22
14545,4850,1188,10,1522.57
14546,4850,688,1,1374.18
14547,4851,15,1,1618.39
14548,4851,1915,5,1361.21
14549,4851,1565,10,2622.51
14550,4851,315,3,2351.18
14551,4852,874,10,2427.69
14552,4852,74,7,1351.06
14553,4852,274,2,2030.53
14554,4852,1524,9,2629.9
14555,4853,244,1,4404.29
14556,4854,99,6,4714.64
14557,4854,176,9,4483.6
14558,4854,449,1,4980.7
14559,4854,1303,3,3728.19
14560,4854,164,8,893.36
14561,4855,305,5,4674.12
14562,4855,1505,4,871.55
14563,4855,1005,4,224.82
14564,4855,1755,8,4573.56
14565,4855,305,1,3513.26
14566,4856,1649,4,1043.69
14567,4856,1549,3,4145.7
14568,4857,446,3,1019.29
14569,4857,1646,10,2650.19
14570,4857,1446,3,2442.23
14571,4857,296,1,1959.85
14572,4858,1513,3,4404.37
14573,4858,963,3,955.17
14574,4859,1469,3,880.26
14575,4859,319,8,1743.95
14576,4859,1219,9,2567.42
14577,4859,919,9,2283.99
14578,4859,1619,5,1205.92
14579,4860,1194,3,2632.25
14580,4860,544,5,3675.67
14581,4860,1244,5,3828.13
14582,4860,144,7,4378.44
14583,4861,645,8,2946.19
14584,4861,1295,1,2745.55
14585,4861,1945,5,4922.54
14586,4861,795,7,578.4
14587,4862,1858,8,4937.2
14588,4862,45,8,4048.05
14589,4863,335,7,3424.01
14590,4864,441,1,4730.58
14591,4864,841,7,1812.13
14592,4864,1641,3,833.04
14593,4864,441,10,2254.63
14594,4865,1930,10,1392.5
14595,4865,480,3,4919.89
14596,4866,1649,7,2796.28
14597,4867,1065,7,2195.59
14598,4867,165,2,2590.59
14599,4868,219,9,4890.86
14600,4868,569,8,2392.55
14601,4868,1619,4,1492.4
14602,4868,969,4,2393.21
14603,4868,1669,8,4543.71
14604,4869,1344,5,3762.67
14605,4869,1485,6,1845.63
14606,4869,1185,4,181.57
14607,4869,1779,6,759.61
14608,4869,1530,8,2112.79
14609,4870,1404,5,2289.9
14610,4870,804,4,2702.07
14611,4871,283,8,2717.67
14612,4871,1133,5,1790.77
14613,4872,1870,9,3820.31
14614,4872,1870,10,3957.27
14615,4872,1520,1,3928.44
14616,4873,1845,8,4089.8
14617,4873,780,10,4953.47
14618,4873,82,3,4432.75
14619,4873,1590,5,3041.66
14620,4873,820,4,4711.65
14621,4874,286,10,306.49
14622,4874,686,7,2748.73
14623,4875,1605,10,1505.67
14624,4875,1942,1,3114.45
14625,4875,1037,4,4990.22
14626,4876,1818,8,2852.47
14627,4876,1718,9,795.15
14628,4876,968,9,4338.93
14629,4877,384,1,2908.97
14630,4877,1384,8,595.28
14631,4878,1953,5,4744.05
14632,4878,1503,10,3662.68
14633,4878,1203,4,1637.89
14634,4878,1153,4,2071.47
14635,4879,932,4,3679.44
14636,4879,132,8,3293.88
14637,4880,1412,2,3592.63
14638,4880,1262,9,1572.03
14639,4880,712,9,3747.57
14640,4880,1112,7,841.52
14641,4880,62,10,431.85
14642,4881,629,5,1912.71
14643,4881,529,8,403.72
14644,4881,1729,1,388.27
14645,4881,229,7,1526.88
14646,4881,1929,3,4872.24
14647,4882,1260,4,1074.85
14648,4882,1960,4,3637.78
14649,4882,1210,10,1524.73
14650,4882,10,7,1479.63
14651,4883,124,7,4376.24
14652,4883,624,6,736.68
14653,4883,224,1,76.3
14654,4883,924,5,2909.0
14655,4883,1374,5,4977.35
14656,4884,645,3,3058.32
14657,4885,120,2,140.02
14658,4885,1270,9,1906.54
14659,4886,1302,7,1838.42
14660,4886,2,9,3330.0
14661,4886,1352,9,2235.71
14662,4886,1302,5,3233.88
14663,4887,1821,9,4354.63
14664,4887,1121,7,990.9
14665,4887,1621,8,1132.27
14666,4887,271,2,4369.33
14667,4888,1261,9,1211.5
14668,4888,1511,1,3836.84
14669,4889,1239,10,2237.38
14670,4889,939,9,2185.98
14671,4889,839,3,2904.51
14672,4890,676,4,661.15
14673,4890,1138,10,2485.13
14674,4890,545,5,1276.61
14675,4890,1192,3,2515.85
14676,4891,1874,2,3166.21
14677,4892,1960,8,3869.84
14678,4892,460,3,4404.29
14679,4892,610,9,1708.06
14680,4892,1960,8,3156.03
14681,4893,249,10,4589.71
14682,4893,1599,7,920.52
14683,4894,20,3,423.81
14684,4894,1341,5,3557.19
14685,4894,1532,7,4823.62
14686,4895,566,9,2110.67
14687,4895,1316,5,2684.87
14688,4895,1916,3,3134.13
14689,4895,1216,3,959.5
14690,4896,1361,2,1627.88
14691,4896,911,3,1077.13
14692,4896,211,6,3645.87
14693,4897,236,5,3852.16
14694,4897,1086,6,2600.12
14695,4897,386,8,3384.99
14696,4897,86,10,379.8
14697,4897,1386,1,1342.2
14698,4898,1408,7,3485.23
14699,4899,1016,5,203.31
14700,4900,1662,5,1982.28
14701,4900,1812,1,2046.76
14702,4900,812,10,932.76
14703,4901,465,10,2083.38
14704,4901,1415,1,2892.29
14705,4901,1065,7,4226.46
14706,4901,15,6,1640.31
14707,4901,865,4,2241.22
14708,4902,1470,4,3084.17
14709,4902,970,1,2421.12
14710,4902,1170,7,852.6
14711,4902,220,9,2041.66
14712,4903,1722,7,4659.36
14713,4904,1024,7,415.69
14714,4904,974,10,2781.75
14715,4904,774,7,4443.65
14716,4904,374,1,1893.43
14717,4904,224,4,2471.88
14718,4905,1418,2,99.56
14719,4905,522,2,4525.53
14720,4905,170,6,758.83
14721,4905,656,1,2049.87
14722,4906,1239,5,4095.68
14723,4907,1932,3,366.44
14724,4908,1098,8,3506.85
14725,4908,198,6,2039.66
14726,4908,698,6,2132.07
14727,4909,880,2,3821.28
14728,4910,1262,2,942.04
14729,4910,1762,4,853.44
14730,4910,1962,1,2033.88
14731,4910,1662,2,4528.69
14732,4910,1612,5,3426.5
14733,4911,965,2,4543.49
14734,4912,395,3,255.73
14735,4912,245,3,366.96
14736,4912,1695,1,3663.39
14737,4913,1917,8,4148.56
14738,4913,817,8,3740.22
14739,4913,1367,5,982.09
14740,4913,1367,8,4346.16
14741,4913,717,3,4638.93
14742,4914,132,3,4712.32
14743,4914,1465,6,3612.86
14744,4914,1354,2,3737.92
14745,4915,1859,7,2935.01
14746,4916,389,7,1883.06
14747,4916,1762,1,3732.04
14748,4916,1794,9,215.19
14749,4916,811,5,1026.12
14750,4917,376,5,469.87
14751,4917,835,7,4831.68
14752,4917,1749,1,1617.92
14753,4917,1071,10,247.19
14754,4918,1124,5,4650.35
14755,4919,1544,10,4296.25
14756,4920,1848,7,2011.72
14757,4920,848,4,1031.37
14758,4920,704,9,96.6
14759,4920,1972,6,1313.79
14760,4921,876,5,3650.7
14761,4921,1226,5,4825.53
14762,4921,926,1,3507.48
14763,4921,1976,7,967.49
14764,4922,146,9,4684.4
14765,4922,65,3,3809.86
14766,4922,551,1,417.13
14767,4923,713,7,2045.83
14768,4923,624,7,1502.71
14769,4923,887,9,2879.05
14770,4923,1234,8,1037.57
14771,4924,1514,10,3399.76
14772,4925,776,7,3846.79
14773,4925,776,7,1437.82
14774,4925,976,7,3259.28
14775,4925,676,2,3895.31
14776,4925,726,8,2179.13
14777,4926,93,2,3220.19
14778,4926,1093,2,4648.9
14779,4926,1443,4,3112.99
14780,4926,1693,10,2522.0
14781,4926,743,3,3779.51
14782,4927,1813,5,385.49
14783,4928,1376,6,2093.88
14784,4928,1726,10,3777.27
14785,4928,976,1,2183.09
14786,4928,376,9,987.55
14787,4928,826,7,118.37
14788,4929,231,1,4850.8
14789,4929,223,4,517.99
14790,4929,877,2,4899.09
14791,4929,1034,4,3247.91
14792,4930,1192,7,1350.9
14793,4930,892,1,1356.58
14794,4930,1992,8,2932.41
14795,4930,1492,3,3306.81
14796,4931,1913,2,1675.87
14797,4932,1231,7,1395.22
14798,4933,179,4,4835.3
14799,4933,129,9,2333.78
14800,4934,1698,8,176.39
14801,4935,247,4,3835.69
14802,4935,1297,5,2534.05
14803,4936,613,4,2859.13
14804,4936,1663,6,3295.66
14805,4936,63,2,1092.66
14806,4936,1063,5,3143.56
14807,4937,1510,8,2199.27
14808,4937,1760,6,75.77
14809,4937,710,1,4285.06
14810,4938,189,8,4701.25
14811,4938,339,10,4797.41
14812,4938,389,1,1740.63
14813,4938,1289,5,645.0
14814,4939,1314,5,256.63
14815,4939,1814,9,2417.32
14816,4939,1264,2,2598.61
14817,4939,564,7,615.84
14818,4940,1801,2,1469.52
14819,4940,651,9,2329.61
14820,4940,1901,1,4779.89
14821,4940,1101,10,1733.64
14822,4940,1751,7,971.76
14823,4941,1523,10,3535.54
14824,4942,1272,2,2217.96
14825,4942,1624,8,3497.99
14826,4942,805,9,478.65
14827,4942,487,1,3739.1
14828,4943,812,4,4410.7
14829,4944,250,7,2156.76
14830,4944,1200,1,278.94
14831,4945,643,4,535.99
14832,4945,1493,1,4783.17
14833,4945,1293,10,75.94
14834,4945,1293,7,1999.0
14835,4945,1743,5,79.48
14836,4946,1890,8,4351.81
14837,4946,1340,4,659.84
14838,4946,1140,9,2436.21
14839,4946,1040,9,2222.31
14840,4947,364,8,4174.5
14841,4948,394,7,454.51
14842,4948,94,3,1953.64
14843,4948,844,5,150.39
14844,4949,1396,7,3376.37
14845,4949,777,3,1507.17
14846,4949,1686,10,4310.29
14847,4949,61,9,3986.25
14848,4949,304,8,4109.37
14849,4950,1621,10,3824.33
14850,4950,121,4,105.2
14851,4951,114,6,1547.27
14852,4952,1013,4,2322.53
14853,4952,63,8,3796.47
14854,4953,1838,8,1645.09
14855,4953,1538,5,3583.6
14856,4954,521,5,3871.15
14857,4955,1554,1,4473.59
14858,4955,1854,8,2314.21
14859,4956,825,7,4590.9
14860,4956,1975,3,508.66
14861,4957,180,5,2833.45
14862,4957,630,4,1767.19
14863,4957,480,1,253.31
14864,4957,1780,1,3943.33
14865,4958,1478,2,2284.22
14866,4959,1629,5,2781.75
14867,4959,829,4,513.72
14868,4959,1929,7,4071.29
14869,4960,729,6,1010.76
14870,4961,1301,2,588.42
14871,4961,151,7,1695.22
14872,4961,1651,4,2667.54
14873,4962,1330,9,2859.5
14874,4962,1080,6,2532.82
14875,4963,196,3,3612.45
14876,4963,1492,5,3062.83
14877,4963,275,9,3456.15
14878,4964,1195,5,4248.01
14879,4964,595,5,3499.98
14880,4964,1995,7,2994.8
14881,4964,595,10,1033.42
14882,4965,1825,1,4086.08
14883,4965,325,3,2286.14
14884,4965,725,8,4494.36
14885,4965,1475,2,3634.63
14886,4966,1819,2,1931.58
14887,4966,1046,4,4658.79
14888,4967,1141,1,4009.88
14889,4967,1641,8,2581.89
14890,4967,441,6,2146.02
14891,4967,1791,6,2305.1
14892,4968,196,3,3795.31
14893,4969,470,2,4093.08
14894,4969,505,6,1461.5
14895,4969,1407,7,72.94
14896,4969,358,2,3631.69
14897,4969,581,4,4824.1
14898,4970,1581,2,2856.46
14899,4970,1384,1,2937.54
14900,4970,389,8,4064.75
14901,4970,801,7,2391.95
14902,4970,1076,10,2094.5
14903,4971,1470,5,3812.12
14904,4972,297,1,3481.7
14905,4972,750,4,4597.8
14906,4972,1744,1,4008.08
14907,4972,1649,10,576.41
14908,4973,371,8,2416.96
14909,4974,1112,7,3319.8
14910,4974,1962,3,3558.81
14911,4974,762,9,4420.15
14912,4975,977,8,969.62
14913,4975,1877,10,2717.25
14914,4976,33,2,1525.62
14915,4976,952,10,3685.96
14916,4976,1353,9,3052.8
14917,4977,706,3,4620.54
14918,4978,460,2,1592.18
14919,4978,1560,2,3671.09
14920,4979,1075,2,4484.67
14921,4980,12,2,4602.37
14922,4980,1762,6,3429.54
14923,4980,862,7,1733.3
14924,4980,1962,5,4947.53
14925,4981,1624,8,711.38
14926,4981,74,7,3213.66
14927,4981,1674,8,1563.5
14928,4981,124,4,57.24
14929,4982,1631,5,3499.13
14930,4982,981,7,832.76
14931,4983,1842,3,895.18
14932,4983,1442,9,2776.28
14933,4983,1042,6,2695.95
14934,4984,654,8,2327.2
14935,4984,1380,2,4321.99
14936,4984,1778,2,1769.46
14937,4984,1830,8,2198.61
14938,4984,370,9,4745.81
14939,4985,723,4,927.63
14940,4985,423,6,2971.26
14941,4986,1243,4,2544.02
14942,4986,593,10,3859.1
14943,4987,1994,6,360.81
14944,4987,1805,5,3325.86
14945,4987,949,4,3371.19
14946,4987,1046,9,1597.79
14947,4988,1625,7,1240.62
14948,4988,525,8,2902.24
14949,4988,925,4,982.84
14950,4988,1275,6,3284.97
14951,4988,1025,6,3654.26
14952,4989,115,9,4681.02
14953,4989,565,8,936.55
14954,4989,1715,6,2602.53
14955,4990,1461,3,2418.93
14956,4990,1005,2,3069.79
14957,4991,1627,7,3020.75
14958,4991,1127,2,2358.73
14959,4992,530,4,3676.33
14960,4992,1431,7,711.39
14961,4992,73,1,3922.39
14962,4992,170,4,1036.3
14963,4993,76,8,1736.27
14964,4994,1490,6,1360.92
14965,4994,1951,3,1787.84
14966,4994,1900,4,3215.13
14967,4995,86,9,3304.76
14968,4995,636,2,2204.79
14969,4995,1986,6,2409.85
14970,4995,86,9,2268.3
14971,4996,619,10,2534.56
14972,4996,1319,1,3454.8
14973,4997,294,9,2217.76
14974,4997,94,8,3321.45
14975,4997,394,2,1766.63
14976,4998,234,6,3174.56
14977,4998,1184,5,2020.44
14978,4998,1684,5,473.03
14979,4998,1584,6,4933.43
14980,4998,684,5,4703.23
14981,4999,1026,7,3601.11
14982,4999,786,9,4529.15
14983,4999,785,10,3350.76
14984,4999,397,10,4235.32
14985,4999,171,6,1193.57
14986,5000,1729,1,1268.47
14987,5001,179,10,192.72
14988,5001,529,3,4311.06
14989,5001,679,1,249.85
14990,5001,779,6,1078.52
14991,5002,581,1,3473.94
14992,5003,1830,9,2839.17
14993,5003,1451,5,2841.51
14994,5003,791,7,1852.66
14995,5003,760,2,2843.24
14996,5004,1187,4,4306.35
14997,5005,1029,1,4855.15
14998,5005,929,9,1332.91
14999,5006,1165,8,2277.36
15000,5007,1610,3,2346.91
15001,5008,1388,2,320.56
15002,5008,1538,5,1560.93
15003,5008,488,1,1012.97
15004,5008,1638,3,4998.9
15005,5009,67,5,975.0
15006,5009,1767,4,4627.3
15007,5009,1017,10,4956.71
15008,5009,217,1,1754.66
15009,5009,1117,4,3485.81
15010,5010,1645,6,1467.93
15011,5010,1845,9,869.23
15012,5010,645,10,1481.96
15013,5010,1045,8,610.24
15014,5010,995,7,3890.39
15015,5011,1877,2,3329.45
15016,5011,277,1,2574.13
15017,5011,427,9,3552.7
15018,5012,1906,2,1650.27
15019,5012,1656,5,1515.82
15020,5012,1856,1,394.25
15021,5012,1156,5,112.87
15022,5013,1597,4,260.94
15023,5013,1947,1,3644.29
15024,5013,1397,5,4336.5
15025,5014,1682,6,2724.24
15026,5014,1582,10,3075.99
15027,5014,1332,5,4816.14
15028,5015,1807,3,4310.23
15029,5015,795,7,2666.5
15030,5015,967,2,3467.72
15031,5016,667,2,2285.22
15032,5017,527,2,464.31
15033,5017,1327,1,523.15
15034,5017,427,1,2624.45
15035,5018,1868,10,4505.24
15036,5018,726,2,1122.7
15037,5018,439,9,2920.88
15038,5019,164,10,3492.93
15039,5019,1393,4,2087.53
15040,5019,957,6,1144.08
15041,5020,365,9,104.5
15042,5020,1165,3,1746.43
15043,5021,1459,3,2167.99
15044,5022,1692,9,558.45
15045,5022,342,2,814.37
15046,5022,842,3,1315.43
15047,5023,1292,5,2910.53
15048,5024,1878,4,697.65
15049,5024,578,3,3644.05
15050,5024,578,1,4436.64
15051,5024,1428,8,402.63
15052,5025,303,10,4688.19
15053,5025,722,9,1447.14
15054,5025,779,9,4312.24
15055,5025,733,2,4229.64
15056,5025,1147,6,3050.02
15057,5026,1186,3,3785.96
15058,5026,267,2,4862.52
15059,5026,1196,3,2016.37
15060,5026,1480,9,1416.36
15061,5027,527,2,4165.16
15062,5027,927,9,3144.21
15063,5027,477,8,2717.79
15064,5027,1877,5,2052.46
15065,5028,720,5,1253.05
15066,5029,609,7,2575.7
15067,5029,1965,2,2467.24
15068,5029,468,1,2780.82
15069,5030,938,6,1015.88
15070,5030,38,2,3712.11
15071,5030,1588,6,2339.78
15072,5030,1388,2,1469.65
15073,5030,1088,7,3095.41
15074,5031,832,2,3205.95
15075,5031,1482,5,3880.67
15076,5031,282,8,2205.03
15077,5032,712,5,1519.07
15078,5033,456,10,2290.08
15079,5033,1456,2,2444.55
15080,5033,306,10,4317.39
15081,5034,1535,5,4884.5
15082,5034,1035,8,4320.86
15083,5035,917,2,1928.29
15084,5035,1731,4,3044.13
15085,5035,75,5,1138.25
15086,5036,221,8,1067.56
15087,5036,1821,10,2662.74
15088,5036,1321,5,166.27
15089,5036,921,3,561.84
15090,5037,1516,2,2730.31
15091,5037,1766,6,1715.14
15092,5038,720,5,4330.08
15093,5038,1420,3,249.27
15094,5038,1520,10,2535.06
15095,5038,720,3,4393.26
15096,5038,770,8,4123.58
15097,5039,260,1,2309.06
15098,5040,12,4,1446.99
15099,5040,1362,10,4287.04
15100,5040,1912,1,2471.51
15101,5041,674,2,876.9
15102,5041,203,1,3890.32
15103,5041,1206,4,655.13
15104,5041,1946,6,1081.56
15105,5041,610,4,596.38
15106,5042,2000,1,2617.99
15107,5043,1656,3,1076.19
15108,5044,520,2,912.65
15109,5044,1820,10,3611.06
15110,5044,1220,3,1173.28
15111,5044,1270,8,4998.21
15112,5045,404,5,2598.58
15113,5046,1238,1,2421.2
15114,5046,488,1,421.55
15115,5046,1238,1,162.39
15116,5046,1588,5,3802.06
15117,5047,396,2,1363.94
15118,5047,846,4,4516.53
15119,5048,1516,4,242.18
15120,5048,1166,4,692.2
15121,5048,866,2,656.37
15122,5048,1116,10,1067.23
15123,5049,1806,6,3454.99
15124,5049,356,4,1857.37
15125,5049,1106,8,801.51
15126,5049,706,4,3437.49
15127,5050,390,7,4435.04
15128,5050,1843,10,4292.32
15129,5051,1972,2,3200.62
15130,5051,1172,10,1310.58
15131,5051,1522,8,1436.81
15132,5051,1072,7,4382.37
15133,5051,572,3,4730.36
15134,5052,814,1,502.45
15135,5052,1940,10,4265.3
15136,5052,1580,4,1352.16
15137,5052,1925,4,3871.31
15138,5053,46,3,2996.02
15139,5053,1096,4,583.38
15140,5053,46,3,4587.41
15141,5053,1396,9,3835.57
15142,5054,1556,3,1878.66
15143,5054,1606,4,1544.55
15144,5054,1256,4,3911.42
15145,5054,1706,3,642.54
15146,5054,1906,7,4585.97
15147,5055,904,1,4430.94
15148,5055,354,9,3331.57
15149,5055,1304,3,2764.29
15150,5055,754,1,133.07
15151,5055,1104,8,1997.95
15152,5056,850,3,1959.16
15153,5056,1850,2,4309.88
15154,5056,600,5,861.84
15155,5057,1042,8,1724.54
15156,5058,1390,4,4301.76
15157,5058,1106,4,1285.34
15158,5058,438,2,2998.37
15159,5058,814,4,1046.51
15160,5059,1943,8,4530.77
15161,5059,793,3,4309.36
15162,5059,93,9,4815.78
15163,5059,1243,1,3319.0
15164,5059,1443,2,1623.1
15165,5060,978,2,3605.56
15166,5060,1328,9,2113.29
15167,5060,328,4,3296.46
15168,5061,848,5,1448.1
15169,5062,1453,7,1739.63
15170,5062,1773,3,2390.18
15171,5062,806,1,1552.65
15172,5062,1216,9,3342.4
15173,5062,69,2,4791.43
15174,5063,1818,6,1704.12
15175,5064,747,1,4210.55
15176,5064,1347,1,4810.8
15177,5064,297,9,269.78
15178,5064,47,6,2702.61
15179,5065,683,10,3058.41
15180,5065,433,4,3383.86
15181,5065,683,3,1536.56
15182,5066,888,7,2016.62
15183,5066,1088,7,3852.19
15184,5067,960,10,1587.49
15185,5068,1261,6,1331.86
15186,5068,1326,10,2952.82
15187,5068,1117,6,4518.97
15188,5069,831,6,4448.62
15189,5069,1633,8,964.66
15190,5069,1792,8,4239.4
15191,5069,132,10,1369.95
15192,5069,1166,1,3883.39
15193,5070,1593,9,2553.68
15194,5070,993,4,4276.41
15195,5070,843,1,1646.34
15196,5070,593,4,1349.35
15197,5071,1692,8,2071.47
15198,5071,1142,9,662.65
15199,5072,1091,1,874.47
15200,5072,1991,10,3120.54
15201,5072,141,10,311.47
15202,5073,1823,3,2523.98
15203,5073,273,6,2742.88
15204,5073,1073,8,1527.04
15205,5073,1273,9,4668.4
15206,5074,1079,2,1695.03
15207,5074,891,4,68.67
15208,5074,1162,2,3151.33
15209,5075,1061,8,4838.97
15210,5075,961,7,4157.52
15211,5075,61,8,3194.67
15212,5075,11,4,1743.67
15213,5076,1566,2,1335.07
15214,5076,1187,8,812.73
15215,5076,584,10,2554.11
15216,5076,1842,10,1421.73
15217,5076,513,2,4762.63
15218,5077,1133,6,3702.48
15219,5077,1533,1,4735.69
15220,5078,1891,10,4069.75
15221,5078,564,1,2093.14
15222,5079,1050,8,4080.99
15223,5080,1563,7,3588.43
15224,5081,1920,8,4857.87
15225,5081,1839,3,774.66
15226,5081,1984,8,1169.49
15227,5081,1923,3,4579.69
15228,5082,904,6,165.35
15229,5083,976,7,4221.1
15230,5083,116,1,2386.46
15231,5083,275,10,233.48
15232,5084,903,3,4797.68
15233,5084,1753,2,2026.38
15234,5085,1195,9,3259.97
15235,5085,80,10,4419.41
15236,5085,255,7,4231.51
15237,5086,1140,2,1842.98
15238,5087,1763,8,547.06
15239,5087,633,2,1078.56
15240,5087,422,2,1008.91
15241,5087,572,6,4339.87
15242,5087,1906,10,778.66
15243,5088,1614,2,2141.94
15244,5088,533,1,816.17
15245,5088,785,9,2542.57
15246,5088,1123,4,2248.77
15247,5089,1606,5,155.81
15248,5090,599,4,1726.12
15249,5090,999,6,2483.59
15250,5090,249,3,1587.07
15251,5090,499,5,3798.56
15252,5090,199,4,4998.85
15253,5091,1863,6,2184.5
15254,5091,1413,5,4882.76
15255,5091,163,10,471.33
15256,5091,1063,7,1764.81
15257,5092,929,9,4715.03
15258,5092,729,5,2325.91
15259,5092,279,1,4099.46
15260,5092,229,7,186.74
15261,5092,679,7,2759.9
15262,5093,368,7,4694.78
15263,5093,1168,1,1842.12
15264,5093,1818,7,1185.75
15265,5094,667,6,993.25
15266,5094,502,9,2180.25
15267,5094,93,8,2349.16
15268,5095,1198,10,372.45
15269,5095,1698,5,2203.09
15270,5095,1448,10,2156.12
15271,5096,1526,9,4249.25
15272,5096,476,7,2963.6
15273,5096,26,5,3347.83
15274,5097,998,6,3455.96
15275,5097,516,3,4106.13
15276,5097,86,9,4241.82
15277,5097,1462,1,3332.71
15278,5097,321,1,4081.37
15279,5098,737,3,1368.08
15280,5098,446,5,1634.53
15281,5099,1698,1,2520.69
15282,5099,498,4,2631.61
15283,5099,648,7,4504.7
15284,5099,798,8,997.63
15285,5100,1427,10,4576.36
15286,5100,1077,8,4761.18
15287,5100,1827,4,966.78
15288,5100,927,10,3281.68
15289,5101,1609,7,2468.29
15290,5101,380,8,4591.05
15291,5102,844,4,840.41
15292,5102,994,3,4248.84
15293,5103,1494,9,629.01
15294,5104,1166,8,1446.53
15295,5104,726,5,2239.51
15296,5104,661,10,2095.24
15297,5104,1787,10,238.15
15298,5104,966,7,3060.6
15299,5105,1092,1,3004.88
15300,5106,73,10,2040.79
15301,5106,23,8,4305.07
15302,5107,865,2,1998.74
15303,5108,1729,3,2049.03
15304,5108,129,7,2213.55
15305,5109,420,7,3308.08
15306,5109,1220,7,167.48
15307,5109,120,2,4366.03
15308,5110,28,9,4378.12
15309,5110,378,7,1660.59
15310,5110,1828,4,284.05
15311,5111,1865,7,1903.16
15312,5111,815,8,3605.3
15313,5111,615,7,1859.77
15314,5111,1715,8,4366.34
15315,5111,165,9,4808.97
15316,5112,1805,3,880.35
15317,5112,155,2,4088.21
15318,5112,555,10,623.11
15319,5113,1609,1,3162.34
15320,5114,552,5,3665.75
15321,5114,102,5,571.99
15322,5115,830,8,4645.88
15323,5115,1130,1,291.49
15324,5115,680,7,1602.41
15325,5115,1130,7,3465.11
15326,5115,430,10,944.11
15327,5116,1745,10,752.3
15328,5116,996,7,1041.97
15329,5117,1176,10,4645.5
15330,5118,754,9,4127.85
15331,5118,454,5,817.97
15332,5119,478,4,4447.28
15333,5119,228,9,4988.23
15334,5120,29,4,4446.77
15335,5120,279,5,4139.51
15336,5120,779,7,2045.98
15337,5120,379,10,518.29
15338,5120,1929,3,1602.16
15339,5121,1321,10,811.67
15340,5121,621,9,4730.71
15341,5121,1371,6,4883.6
15342,5122,1144,6,3192.93
15343,5122,994,8,1898.06
15344,5123,486,9,3478.72
15345,5123,186,9,1088.73
15346,5124,654,4,2232.94
15347,5124,704,9,841.93
15348,5125,1121,9,3908.65
15349,5125,21,6,1482.53
15350,5125,921,5,781.71
15351,5125,221,1,1890.68
15352,5125,271,9,2925.5
15353,5126,1968,10,4249.15
15354,5126,1497,3,1455.59
15355,5126,1675,7,4053.3
15356,5126,542,3,1910.68
15357,5126,316,7,491.38
15358,5127,397,9,116.72
15359,5128,1844,4,1153.55
15360,5129,1023,6,3503.21
15361,5130,1143,4,4916.12
15362,5130,793,2,388.01
15363,5131,1733,6,4049.16
15364,5132,1946,6,1239.53
15365,5132,846,2,4081.46
15366,5132,1046,10,3465.26
15367,5132,696,4,4039.9
15368,5132,796,6,3274.27
15369,5133,347,8,4852.76
15370,5133,1270,8,2693.08
15371,5133,276,4,4815.16
15372,5134,1616,3,4000.29
15373,5134,516,10,3798.35
15374,5134,616,4,4944.32
15375,5134,16,10,2298.71
15376,5135,1793,1,1910.28
15377,5135,1643,1,3177.34
15378,5135,543,4,781.94
15379,5135,93,3,3066.72
15380,5136,440,5,1654.05
15381,5136,1740,7,822.6
15382,5136,1590,3,4171.25
15383,5136,1390,3,3184.53
15384,5137,625,6,1160.78
15385,5137,775,1,476.16
15386,5137,1725,4,2717.41
15387,5138,1802,8,3562.39
15388,5138,602,6,491.96
15389,5138,1402,3,3587.8
15390,5139,1036,1,927.79
15391,5139,1736,2,2068.49
15392,5139,736,4,4955.83
15393,5139,436,1,1556.32
15394,5140,948,9,1083.94
15395,5140,1098,9,1442.78
15396,5140,498,5,335.44
15397,5140,148,10,324.57
15398,5141,1219,3,938.32
15399,5142,1454,8,4286.95
15400,5142,104,3,1110.66
15401,5142,1054,6,3286.8
15402,5143,977,9,1258.9
15403,5144,757,2,592.0
15404,5144,1507,9,957.45
15405,5144,257,5,2892.73
15406,5144,1607,4,3632.4
15407,5144,1007,9,3738.21
15408,5145,1971,5,1507.28
15409,5145,1321,6,3163.39
15410,5146,485,8,2788.22
15411,5146,535,8,4265.59
15412,5146,135,10,2144.55
15413,5146,385,7,631.45
15414,5146,1485,4,59.77
15415,5147,219,7,2679.01
15416,5147,69,1,2160.07
15417,5147,1869,8,4236.06
15418,5148,517,7,1614.88
15419,5148,1817,4,2297.98
15420,5148,1717,10,1168.69
15421,5148,1167,1,362.64
15422,5149,1596,2,2182.62
15423,5150,621,9,3929.39
15424,5150,462,6,4437.62
15425,5150,1156,7,2826.65
15426,5150,1816,8,1531.19
15427,5150,178,9,3288.09
15428,5151,1806,3,4171.78
15429,5151,679,2,2643.75
15430,5151,1064,6,1452.31
15431,5151,801,1,3219.05
15432,5152,346,6,810.43
15433,5152,346,8,3901.86
15434,5152,696,4,116.3
15435,5153,1539,2,4204.65
15436,5153,963,1,618.75
15437,5153,875,6,664.56
15438,5154,307,2,1827.38
15439,5154,1957,4,1276.81
15440,5155,1694,5,4782.5
15441,5155,544,7,2393.1
15442,5155,1494,4,3719.11
15443,5155,944,10,2100.0
15444,5156,1563,1,1908.57
15445,5157,1691,8,4578.68
15446,5157,1441,3,3946.33
15447,5158,596,1,3770.27
15448,5158,596,8,898.19
15449,5158,1796,10,4182.34
15450,5158,796,10,1798.01
15451,5158,1746,4,3823.14
15452,5159,1076,9,941.09
15453,5159,1576,3,2262.18
15454,5159,576,9,4997.4
15455,5160,534,4,1012.34
15456,5160,484,3,4720.1
15457,5161,105,2,4753.87
15458,5161,1628,1,2904.26
15459,5161,10,4,2809.57
15460,5161,41,7,3391.92
15461,5161,1687,2,3158.65
15462,5162,364,7,3725.99
15463,5162,1714,4,3202.91
15464,5162,264,10,3069.93
15465,5163,451,5,3608.68
15466,5163,1651,6,4983.97
15467,5164,1867,8,3332.94
15468,5164,417,4,4910.5
15469,5164,1367,1,197.35
15470,5165,1213,1,3374.31
15471,5165,8,8,1250.16
15472,5166,74,7,3832.15
15473,5166,574,3,4485.08
15474,5166,624,1,3814.92
15475,5166,1724,4,2029.25
15476,5167,686,9,267.72
15477,5167,971,3,3061.35
15478,5167,1468,10,565.62
15479,5167,711,3,3188.52
15480,5167,503,3,2633.08
15481,5168,315,7,1407.12
15482,5169,757,7,740.86
15483,5170,906,1,4806.08
15484,5170,1173,9,511.98
15485,5170,1325,6,4706.88
15486,5170,1403,6,205.36
15487,5170,496,9,4693.88
15488,5171,496,6,151.4
15489,5171,96,1,620.86
15490,5171,696,8,2158.31
15491,5171,1446,10,892.55
15492,5172,1238,1,2341.46
15493,5173,1118,10,3679.2
15494,5173,1888,9,4038.7
15495,5173,4,3,1741.64
15496,5173,1849,10,1479.24
15497,5174,1784,5,2207.87
15498,5174,1984,7,962.03
15499,5175,1567,4,1359.43
15500,5175,568,10,3049.08
15501,5175,227,3,4749.11
15502,5176,1973,10,3992.61
15503,5176,723,2,2177.38
15504,5176,373,8,717.65
15505,5177,1562,10,3309.68
15506,5177,1062,6,2318.16
15507,5178,1634,6,3043.82
15508,5178,1310,6,1140.77
15509,5178,1709,5,3773.73
15510,5178,935,7,1952.81
15511,5179,1012,4,2063.06
15512,5179,781,8,1171.74
15513,5179,1424,10,3568.11
15514,5179,1556,6,1311.83
15515,5179,149,4,1642.3
15516,5180,1420,1,1493.54
15517,5180,1220,2,452.62
15518,5180,170,4,212.81
15519,5180,1170,2,4947.26
15520,5180,1520,2,3969.75
15521,5181,53,3,733.98
15522,5181,903,7,2099.52
15523,5181,1553,5,428.54
15524,5182,1615,5,3577.11
15525,5182,544,9,3951.09
15526,5182,312,9,4203.16
15527,5182,1236,7,1439.27
15528,5183,699,1,4423.71
15529,5184,1221,5,1220.08
15530,5184,1782,5,3211.08
15531,5184,1152,6,3032.05
15532,5184,1553,8,2999.66
15533,5185,1382,5,2377.14
15534,5185,1720,2,508.28
15535,5185,493,5,2211.27
15536,5185,308,8,2398.86
15537,5185,1689,1,2752.45
15538,5186,1638,9,3998.59
15539,5187,396,1,2005.32
15540,5187,1119,7,477.15
15541,5187,161,9,3964.67
15542,5188,365,7,1062.12
15543,5188,1365,6,2740.44
15544,5188,65,8,4826.11
15545,5188,1365,10,805.22
15546,5189,1222,7,119.21
15547,5190,1164,9,4078.95
15548,5190,1220,9,2994.9
15549,5191,211,3,1891.36
15550,5192,608,3,4437.97
15551,5192,230,10,454.48
15552,5192,1254,4,3984.71
15553,5192,375,7,470.33
15554,5193,1685,9,2312.34
15555,5194,379,3,1971.81
15556,5194,1379,1,98.46
15557,5194,379,8,4262.9
15558,5195,1520,6,3828.22
15559,5195,1470,2,330.42
15560,5196,56,10,3791.1
15561,5197,424,8,290.69
15562,5198,1375,9,2602.59
15563,5198,1325,3,698.58
15564,5198,1525,10,4916.93
15565,5198,275,9,1286.26
15566,5198,1225,8,1513.83
15567,5199,902,8,1063.74
15568,5200,631,7,2500.72
15569,5200,931,7,2029.22
15570,5200,381,8,2004.46
15571,5200,431,8,1039.18
15572,5200,1231,4,4371.55
15573,5201,1861,5,201.36
15574,5201,953,9,3015.56
15575,5201,290,6,3136.2
15576,5202,1386,7,4602.91
15577,5202,836,6,4184.65
15578,5202,1486,6,1878.48
15579,5202,1286,4,1614.25
15580,5202,1586,2,3753.27
15581,5203,1147,1,2327.57
15582,5203,1747,7,2461.27
15583,5204,1790,6,3754.49
15584,5204,1790,9,3950.12
15585,5204,1040,7,3891.8
15586,5204,290,3,1025.73
15587,5204,1790,5,3013.21
15588,5205,943,8,1968.1
15589,5205,1116,2,3874.03
15590,5206,81,5,3957.14
15591,5206,1781,5,758.43
15592,5206,131,7,2128.3
15593,5206,181,4,516.22
15594,5207,635,9,803.2
15595,5208,60,10,2717.54
15596,5208,10,9,1933.76
15597,5208,1210,10,2233.35
15598,5208,10,9,4009.69
15599,5209,755,2,3898.82
15600,5209,925,1,541.96
15601,5209,1917,1,1225.56
15602,5209,1082,6,1278.37
15603,5209,1403,1,1347.15
15604,5210,988,10,2436.09
15605,5210,1888,7,1494.47
15606,5210,1438,10,3979.1
15607,5211,582,10,644.15
15608,5211,1432,10,1163.24
15609,5211,282,1,974.25
15610,5211,1782,4,2914.14
15611,5211,82,10,389.91
15612,5212,1816,7,822.1
15613,5212,1916,6,2934.59
15614,5212,66,5,3794.97
15615,5212,16,1,1637.34
15616,5212,1616,7,3975.1
15617,5213,640,9,3297.33
15618,5213,490,6,580.06
15619,5213,1540,1,1321.01
15620,5213,1690,9,3170.92
15621,5213,1640,10,3784.72
15622,5214,678,9,933.07
15623,5214,1878,3,605.57
15624,5215,240,4,2055.24
15625,5215,790,6,2472.19
15626,5216,1842,9,894.62
15627,5216,1969,10,873.56
15628,5216,594,9,1319.71
15629,5217,201,7,552.33
15630,5217,1851,10,277.63
15631,5217,451,8,943.84
15632,5217,1301,7,4493.29
15633,5217,451,8,397.62
15634,5218,771,7,3750.47
15635,5218,771,8,4611.4
15636,5219,1580,6,4008.91
15637,5220,1283,2,208.55
15638,5220,1683,10,3858.9
15639,5220,83,3,992.79
15640,5220,1683,8,285.45
15641,5220,283,7,4771.37
15642,5221,1989,2,3464.68
15643,5221,1639,7,1754.76
15644,5221,739,3,3691.51
15645,5221,339,4,2861.88
15646,5221,689,5,1064.12
15647,5222,1092,1,2041.73
15648,5222,542,6,3545.44
15649,5222,42,7,428.55
15650,5223,665,10,4241.47
15651,5223,1615,9,3990.63
15652,5223,1365,3,1506.75
15653,5223,615,7,3993.23
15654,5223,1865,8,1809.42
15655,5224,825,3,4541.04
15656,5224,325,8,1555.98
15657,5224,975,3,3921.31
15658,5224,1375,2,325.24
15659,5224,225,7,3086.77
15660,5225,244,8,568.85
15661,5226,219,6,400.02
15662,5226,1419,4,3926.22
15663,5226,1919,9,3244.22
15664,5227,74,3,4887.99
15665,5228,435,7,2894.09
15666,5228,235,3,1279.08
15667,5229,1236,4,2838.34
15668,5229,1501,3,322.44
15669,5229,1455,1,4947.84
15670,5230,128,1,2288.19
15671,5230,1512,2,707.51
15672,5231,1126,6,1494.48
15673,5231,1534,3,2418.1
15674,5231,1984,3,157.74
15675,5231,1457,5,1657.17
15676,5231,1675,8,1302.1
15677,5232,1140,4,609.91
15678,5232,40,7,2807.1
15679,5232,1940,1,2312.86
15680,5232,1540,9,1874.14
15681,5233,1459,2,4555.35
15682,5233,759,10,862.83
15683,5233,159,8,584.97
15684,5233,359,4,2853.21
15685,5234,66,5,1832.26
15686,5234,333,2,497.42
15687,5234,242,10,2394.65
15688,5235,891,4,966.7
15689,5235,1391,7,398.48
15690,5235,841,6,1718.0
15691,5235,591,10,900.0
15692,5235,1241,5,4466.98
15693,5236,615,6,423.23
15694,5237,1990,7,1084.99
15695,5237,1690,3,2242.41
15696,5237,1290,3,736.08
15697,5237,90,9,1609.5
15698,5237,690,10,2111.24
15699,5238,1188,6,1682.1
15700,5238,1838,1,3171.48
15701,5238,1388,8,4559.32
15702,5239,1921,9,4394.82
15703,5239,1071,4,833.85
15704,5239,1121,5,2419.48
15705,5240,605,1,2065.85
15706,5240,505,10,2425.42
15707,5240,1005,5,1510.9
15708,5240,455,5,2148.53
15709,5241,230,6,833.39
15710,5241,580,9,81.0
15711,5241,30,2,2467.12
15712,5241,1330,10,2139.48
15713,5241,680,6,1064.41
15714,5242,1151,2,2495.84
15715,5243,835,7,1587.16
15716,5243,1685,7,3706.49
15717,5243,585,9,3329.27
15718,5243,1685,10,3921.2
15719,5244,1305,8,340.67
15720,5244,955,5,192.69
15721,5244,1055,10,3349.59
15722,5245,441,1,687.16
15723,5245,791,6,4009.49
15724,5246,1772,10,4199.46
15725,5246,372,6,4434.03
15726,5246,122,1,488.69
15727,5246,822,10,3535.48
15728,5246,272,6,4600.9
15729,5247,1516,4,2425.09
15730,5247,1241,3,1471.35
15731,5247,1152,2,271.21
15732,5247,491,3,2557.73
15733,5247,523,4,1854.62
15734,5248,415,4,4799.98
15735,5248,122,8,4738.26
15736,5248,99,2,2520.0
15737,5248,1871,8,4415.81
15738,5249,999,9,192.95
15739,5250,1745,3,3176.62
15740,5250,95,8,308.18
15741,5250,745,8,4790.26
15742,5250,245,10,3538.08
15743,5251,45,5,819.13
15744,5251,295,4,4608.65
15745,5252,816,9,1429.59
15746,5252,147,7,3756.82
15747,5253,493,2,3470.62
15748,5254,1665,4,2722.46
15749,5254,1565,2,911.64
15750,5255,1477,2,3840.5
15751,5255,1127,2,2613.04
15752,5256,1693,5,2963.79
15753,5257,81,3,632.13
15754,5257,331,1,186.66
15755,5257,1931,6,2767.48
15756,5257,81,10,3057.03
15757,5258,1931,7,2065.56
15758,5258,350,6,2107.48
15759,5258,797,9,224.2
15760,5258,1522,5,4501.57
15761,5258,335,9,1822.03
15762,5259,747,7,2385.18
15763,5259,1597,2,2307.23
15764,5260,918,2,3791.37
15765,5260,1018,5,3198.51
15766,5260,718,9,3222.81
15767,5261,230,4,3557.61
15768,5261,1080,2,216.37
15769,5261,30,2,3914.41
15770,5262,82,1,3369.52
15771,5262,632,9,1665.03
15772,5263,1475,5,4297.76
15773,5263,175,8,3052.13
15774,5263,525,8,4526.93
15775,5263,775,7,573.85
15776,5264,469,3,1822.67
15777,5264,1769,3,3829.29
15778,5264,819,9,1435.71
15779,5265,1542,9,382.94
15780,5265,1042,3,1364.24
15781,5265,1642,9,3451.5
15782,5266,507,10,3466.16
15783,5266,7,8,2674.61
15784,5267,1529,10,3040.89
15785,5267,1385,7,1625.68
15786,5267,183,4,4275.33
15787,5267,1417,5,2644.6
15788,5267,1875,3,2300.05
15789,5268,73,7,3522.69
15790,5268,373,1,662.03
15791,5269,1055,5,2865.08
15792,5269,1805,3,243.86
15793,5269,505,4,3946.54
15794,5269,1705,6,1994.94
15795,5270,1344,5,2903.07
15796,5270,294,6,4832.53
15797,5271,1889,5,3340.31
15798,5271,1639,9,3763.81
15799,5272,1432,1,3549.44
15800,5272,1388,2,3543.6
15801,5272,1804,4,4008.83
15802,5272,1365,3,475.35
15803,5273,214,10,1313.01
15804,5273,420,8,2051.46
15805,5273,1521,10,2572.95
15806,5273,1203,6,2331.13
15807,5274,91,1,2193.22
15808,5274,641,2,4286.86
15809,5275,227,5,1163.68
15810,5275,1127,8,4277.22
15811,5275,877,2,3974.86
15812,5275,477,1,3601.02
15813,5276,1380,3,3339.15
15814,5276,580,1,3995.29
15815,5277,1112,2,3260.06
15816,5277,1701,10,4789.91
15817,5278,1987,9,2478.81
15818,5278,1087,4,873.22
15819,5279,1338,1,2647.2
15820,5279,207,2,4297.61
15821,5280,92,4,4444.56
15822,5280,1704,7,4563.87
15823,5280,1219,10,4749.03
15824,5281,1531,9,1471.11
15825,5281,1331,4,1496.65
15826,5281,531,3,2283.29
15827,5282,2000,4,1193.58
15828,5282,750,8,677.98
15829,5282,1850,4,4555.98
15830,5282,1550,3,3720.39
15831,5283,800,7,4470.86
15832,5283,200,10,4473.77
15833,5283,600,7,597.67
15834,5284,804,7,3241.3
15835,5284,1658,1,4512.97
15836,5285,337,4,3615.49
15837,5285,37,1,128.42
15838,5286,1610,10,2052.48
15839,5286,1598,2,4572.01
15840,5286,1099,8,1587.59
15841,5286,1260,4,3717.69
15842,5286,422,3,2780.84
15843,5287,1322,2,2573.77
15844,5288,1417,9,3523.87
15845,5288,1399,3,119.84
15846,5288,369,1,4385.14
15847,5288,1199,3,933.98
15848,5289,1548,8,2771.24
15849,5289,1998,10,2679.83
15850,5289,598,4,1168.97
15851,5289,1098,8,1174.93
15852,5289,1348,3,204.01
15853,5290,472,7,1612.21
15854,5290,1872,5,81.13
15855,5291,844,7,255.94
15856,5291,1686,5,415.96
15857,5291,1731,9,4365.17
15858,5291,675,2,3181.77
15859,5292,1992,10,2613.37
15860,5292,839,2,3120.91
15861,5293,691,10,1183.02
15862,5293,754,2,4868.15
15863,5293,1866,8,1745.5
15864,5293,402,1,3170.47
15865,5293,1083,1,4232.43
15866,5294,191,10,1099.67
15867,5294,541,5,1054.37
15868,5294,1641,10,1232.54
15869,5294,41,8,4608.19
15870,5294,1341,4,3771.03
15871,5295,658,7,2519.58
15872,5295,1558,4,1800.25
15873,5295,408,5,4691.77
15874,5296,373,2,4324.13
15875,5296,873,4,4587.6
15876,5296,323,9,3364.83
15877,5297,828,5,623.55
15878,5297,15,6,3229.02
15879,5297,295,4,3799.89
15880,5297,23,2,3368.52
15881,5298,577,7,1163.6
15882,5299,1060,4,4476.11
15883,5299,1310,2,4840.26
15884,5300,102,10,783.42
15885,5300,1325,6,4836.67
15886,5300,810,3,4629.99
15887,5300,1635,5,3424.09
15888,5300,1847,10,114.29
15889,5301,144,1,357.12
15890,5301,1794,1,2935.45
15891,5302,764,4,414.88
15892,5302,1985,2,788.81
15893,5303,1420,3,4427.41
15894,5303,524,8,3645.99
15895,5303,949,1,1230.08
15896,5303,1833,2,3941.82
15897,5303,1412,9,1820.33
15898,5304,745,1,4127.75
15899,5304,1369,4,4266.0
15900,5305,1022,1,3818.44
15901,5305,722,3,4130.17
15902,5306,69,2,552.89
15903,5306,631,1,1263.23
15904,5307,1578,1,1514.29
15905,5307,78,6,659.7
15906,5307,1528,7,4540.51
15907,5308,1981,4,2438.74
15908,5308,1431,7,4243.77
15909,5308,631,1,2925.26
15910,5308,1381,3,1849.29
15911,5309,324,5,2637.36
15912,5309,1624,2,3325.12
15913,5309,1674,4,1524.67
15914,5309,1374,2,1899.28
15915,5309,1624,10,550.11
15916,5310,812,2,1967.62
15917,5310,512,8,563.38
15918,5311,1140,2,4476.03
15919,5312,1867,2,2709.37
15920,5312,1315,5,4269.27
15921,5313,893,2,2257.02
15922,5313,1194,10,1025.55
15923,5313,322,4,605.89
15924,5313,1294,8,1873.05
15925,5313,1003,4,4899.79
15926,5314,760,3,4984.07
15927,5314,1372,1,970.22
15928,5315,789,8,1018.13
15929,5315,1839,5,3887.97
15930,5315,1339,7,756.46
15931,5316,1813,2,2011.01
15932,5316,1380,3,1476.57
15933,5317,472,3,2812.06
15934,5318,1915,4,1849.64
15935,5318,1465,1,1089.64
15936,5318,265,4,2139.48
15937,5319,1735,10,867.85
15938,5319,235,1,2515.77
15939,5319,1935,7,2680.67
15940,5319,435,2,263.8
15941,5320,330,3,1323.4
15942,5321,1438,7,1045.42
15943,5321,1788,10,4155.45
15944,5322,1739,3,3218.71
15945,5322,1589,2,661.78
15946,5322,439,7,3906.21
15947,5322,1889,4,1240.92
15948,5323,1641,5,1183.0
15949,5324,1187,2,4201.61
15950,5325,1398,9,249.32
15951,5325,1498,10,2379.32
15952,5325,648,2,4450.72
15953,5325,1698,5,3717.57
15954,5326,652,4,4905.03
15955,5326,652,10,1470.26
15956,5327,842,3,562.55
15957,5327,116,2,3642.91
15958,5328,942,2,2137.37
15959,5328,1042,9,128.92
15960,5328,1142,8,1063.32
15961,5328,1842,6,4744.5
15962,5328,92,3,1161.19
15963,5329,1911,1,601.7
15964,5329,1511,7,3847.84
15965,5329,1561,9,4748.37
15966,5329,1061,10,4246.83
15967,5329,1911,3,3446.08
15968,5330,773,9,2239.72
15969,5330,423,5,4538.85
15970,5330,773,9,2360.56
15971,5330,823,3,484.17
15972,5331,155,10,3595.02
15973,5331,1905,2,711.12
15974,5331,155,7,3336.48
15975,5331,1655,3,1626.03
15976,5331,1855,3,3991.41
15977,5332,1173,3,3726.54
15978,5332,1173,6,324.39
15979,5332,223,5,3859.75
15980,5332,973,3,4671.61
15981,5332,73,8,3047.13
15982,5333,1416,4,1892.73
15983,5334,1948,5,455.23
15984,5334,1398,2,3587.85
15985,5334,1998,7,2668.15
15986,5334,1148,7,4688.45
15987,5334,348,10,4874.58
15988,5335,54,6,3980.93
15989,5335,1158,2,2188.82
15990,5335,633,1,4091.71
15991,5335,1766,5,160.74
15992,5335,1228,1,4858.46
15993,5336,1961,5,1795.24
15994,5336,1911,4,4691.89
15995,5336,311,1,4112.99
15996,5336,761,8,276.57
15997,5336,861,2,3585.52
15998,5337,757,4,1176.04
15999,5337,1407,6,2769.56
16000,5337,507,5,971.68
16001,5338,1554,1,1409.57
16002,5338,1104,8,4063.02
16003,5338,554,8,392.37
16004,5338,1404,3,1672.01
16005,5339,1117,5,2374.95
16006,5339,173,5,4064.92
16007,5339,202,6,4329.63
16008,5339,23,4,3853.55
16009,5339,1449,9,4477.76
16010,5340,1695,9,541.2
16011,5340,145,6,3155.38
16012,5340,945,4,723.04
16013,5341,151,2,1768.6
16014,5341,1685,8,3082.19
16015,5341,272,7,2474.03
16016,5341,862,6,3188.93
16017,5341,596,8,2166.27
16018,5342,367,1,567.49
16019,5343,319,3,4598.13
16020,5343,1969,10,2071.04
16021,5343,1119,10,3284.4
16022,5344,1874,9,543.67
16023,5344,874,7,682.48
16024,5345,928,10,273.06
16025,5345,328,6,4695.79
16026,5346,1808,4,625.72
16027,5347,1529,9,1245.25
16028,5347,880,7,3182.15
16029,5347,315,7,2910.6
16030,5347,498,1,1746.59
16031,5347,1663,8,1135.86
16032,5348,257,4,2994.65
16033,5348,557,3,4907.99
16034,5348,557,7,4036.67
16035,5349,160,1,2612.51
16036,5349,1910,1,2257.77
16037,5349,10,7,3221.95
16038,5349,1810,6,541.47
16039,5350,1830,8,3217.24
16040,5350,530,1,641.91
16041,5351,382,2,3753.04
16042,5351,1991,9,249.49
16043,5351,1923,10,2230.86
16044,5352,138,5,4243.52
16045,5353,1547,2,4595.87
16046,5353,947,3,2172.28
16047,5353,47,4,3978.01
16048,5353,1847,1,178.65
16049,5354,347,9,4455.4
16050,5355,1110,6,169.9
16051,5355,1360,6,4831.1
16052,5355,1660,10,501.95
16053,5355,60,8,4091.58
16054,5355,1860,6,3816.73
16055,5356,127,9,948.33
16056,5356,327,1,4792.76
16057,5356,227,9,455.45
16058,5357,1416,8,395.5
16059,5357,16,4,1469.66
16060,5358,472,3,3754.97
16061,5358,572,5,574.96
16062,5358,422,3,2034.77
16063,5358,872,9,140.27
16064,5359,1301,8,3794.02
16065,5359,1835,10,1801.52
16066,5360,954,3,3596.64
16067,5361,1423,6,566.32
16068,5361,1160,9,3539.92
16069,5362,505,3,4112.94
16070,5362,1705,9,4931.15
16071,5362,155,2,3030.82
16072,5362,305,3,3900.03
16073,5362,1355,5,3545.61
16074,5363,278,7,994.06
16075,5363,578,9,3560.47
16076,5363,1578,8,2378.53
16077,5364,222,1,4404.03
16078,5365,1500,4,1597.68
16079,5366,298,4,3547.15
16080,5366,698,4,4246.12
16081,5366,598,3,2515.05
16082,5366,1198,6,2053.25
16083,5367,443,8,4556.45
16084,5368,282,6,4848.32
16085,5368,932,3,3838.1
16086,5368,32,9,3848.21
16087,5368,532,9,400.52
16088,5368,1782,10,3048.57
16089,5369,1781,7,3317.85
16090,5369,1631,8,4049.88
16091,5370,221,3,1016.06
16092,5371,1213,7,4896.89
16093,5372,1339,4,3403.48
16094,5372,466,5,2450.65
16095,5372,876,8,1211.57
16096,5372,720,7,851.93
16097,5373,741,3,2712.6
16098,5373,1341,7,2150.65
16099,5374,1479,4,820.27
16100,5375,944,3,1475.81
16101,5375,420,8,2971.62
16102,5375,1139,4,3995.97
16103,5376,1183,6,4863.48
16104,5376,1183,6,249.02
16105,5376,1833,6,3831.47
16106,5377,753,4,2460.95
16107,5377,1803,7,3256.67
16108,5378,58,8,3103.76
16109,5378,258,9,2424.35
16110,5378,1558,3,3961.77
16111,5378,1858,7,785.38
16112,5379,1552,6,3102.61
16113,5379,1052,9,2263.1
16114,5379,52,5,3893.35
16115,5379,1402,3,659.26
16116,5379,452,3,1202.08
16117,5380,776,6,1274.59
16118,5380,576,3,2749.81
16119,5380,726,4,1859.02
16120,5380,1176,9,4047.03
16121,5381,1500,1,3263.57
16122,5381,750,5,3897.38
16123,5381,1550,4,1560.89
16124,5381,250,4,242.86
16125,5381,1250,6,3252.32
16126,5382,1427,6,4926.73
16127,5382,1959,7,2131.74
16128,5383,1587,7,3980.66
16129,5383,1770,3,4287.62
16130,5383,302,6,3821.3
16131,5384,1073,7,4051.89
16132,5384,1123,6,1993.89
16133,5385,1101,8,4097.47
16134,5386,102,10,2535.79
16135,5386,20,9,2940.77
16136,5386,626,5,446.94
16137,5386,721,10,2005.0
16138,5386,1863,2,2262.75
16139,5387,468,3,1287.85
16140,5387,1218,5,3690.47
16141,5387,918,10,4508.27
16142,5387,618,8,4512.39
16143,5388,1586,1,2022.99
16144,5388,536,8,3365.02
16145,5388,1086,2,1324.75
16146,5389,547,5,3231.85
16147,5389,1717,10,2994.51
16148,5389,1390,5,2759.83
16149,5389,1196,6,2997.37
16150,5390,892,2,4799.32
16151,5391,452,7,1960.23
16152,5391,476,2,3370.8
16153,5392,1086,1,3442.75
16154,5392,1649,8,4303.58
16155,5392,1776,2,145.26
16156,5392,162,9,4822.93
16157,5392,1985,9,4389.07
16158,5393,587,3,1789.47
16159,5393,1387,7,869.41
16160,5393,737,6,904.3
16161,5394,1416,4,4525.56
16162,5394,748,6,474.13
16163,5395,1001,6,3400.38
16164,5395,1651,5,4689.12
16165,5396,65,9,4753.83
16166,5396,1015,10,845.71
16167,5396,1565,1,2405.56
16168,5396,1865,4,980.84
16169,5397,696,3,4357.82
16170,5397,1229,6,3802.49
16171,5397,1402,10,1950.73
16172,5397,947,10,1084.16
16173,5397,651,5,3031.66
16174,5398,731,7,4407.98
16175,5398,931,1,947.66
16176,5398,581,3,212.06
16177,5398,1231,2,2984.66
16178,5399,799,4,1928.52
16179,5400,1014,4,2148.29
16180,5401,1681,8,296.83
16181,5401,1531,2,244.6
16182,5401,881,6,640.71
16183,5402,352,8,3609.7
16184,5403,416,8,759.67
16185,5403,1044,4,3200.68
16186,5403,832,4,3415.51
16187,5403,1587,6,2788.35
16188,5404,1435,9,4590.04
16189,5404,1585,6,3594.53
16190,5404,285,1,4472.15
16191,5404,1035,7,1281.84
16192,5405,1410,8,2638.83
16193,5405,844,4,2824.46
16194,5406,891,5,776.77
16195,5407,775,2,3709.21
16196,5407,1572,8,4108.1
16197,5407,591,2,4241.25
16198,5408,426,3,3750.02
16199,5408,126,6,2908.88
16200,5408,1526,10,2632.24
16201,5408,1926,9,632.27
16202,5408,726,3,2627.54
16203,5409,1388,4,1066.95
16204,5409,1089,3,2863.15
16205,5409,338,2,2900.32
16206,5409,1862,5,4879.4
16207,5410,1727,8,2791.76
16208,5411,1549,8,1837.52
16209,5411,249,5,477.18
16210,5411,1449,10,119.53
16211,5412,214,7,3028.41
16212,5413,1181,7,2077.46
16213,5413,1866,8,3369.41
16214,5414,1516,1,2769.3
16215,5414,1466,9,4896.08
16216,5414,1666,9,4916.95
16217,5414,1016,3,3267.47
16218,5414,1866,10,4264.14
16219,5415,299,3,1212.84
16220,5416,119,4,2325.79
16221,5416,1969,8,4668.88
16222,5416,319,3,2194.02
16223,5416,719,2,2576.87
16224,5416,1519,1,3752.15
16225,5417,98,8,3359.93
16226,5417,1665,4,2328.55
16227,5417,1943,2,1940.93
16228,5417,1104,8,1317.71
16229,5418,342,1,4889.48
16230,5418,42,8,2567.57
16231,5419,1351,10,2444.25
16232,5419,1551,2,2123.81
16233,5420,682,10,506.46
16234,5420,1082,7,4448.41
16235,5420,32,3,2069.98
16236,5420,1832,1,2719.14
16237,5420,1782,7,325.38
16238,5421,359,1,2746.96
16239,5421,1009,10,3656.27
16240,5421,1659,6,758.63
16241,5421,1159,1,3149.5
16242,5422,1049,5,3116.06
16243,5422,1665,1,4371.92
16244,5422,218,1,4556.08
16245,5422,1535,2,3629.25
16246,5422,237,9,2272.64
16247,5423,239,7,3669.44
16248,5424,235,2,124.99
16249,5424,1985,4,536.77
16250,5424,1035,4,3004.79
16251,5424,1385,9,3144.17
16252,5425,1944,6,4949.48
16253,5426,114,8,2261.49
16254,5426,1964,8,1170.03
16255,5426,1964,1,421.65
16256,5427,1282,4,4412.47
16257,5427,282,7,1010.54
16258,5427,132,1,3179.51
16259,5427,1982,9,1453.93
16260,5427,1482,1,2532.02
16261,5428,1395,7,3860.01
16262,5428,1295,6,2833.21
16263,5429,388,7,3360.46
16264,5429,538,9,3022.25
16265,5429,88,2,4745.76
16266,5429,1038,3,2945.93
16267,5429,688,2,2921.03
16268,5430,442,1,4686.76
16269,5430,392,2,817.02
16270,5430,1192,7,532.12
16271,5430,1142,7,2001.02
16272,5430,542,4,1140.13
16273,5431,1988,7,505.84
16274,5431,38,6,2121.67
16275,5431,1388,6,1036.16
16276,5431,638,2,729.57
16277,5431,1088,5,429.13
16278,5432,1672,5,660.96
16279,5432,1722,7,2843.47
16280,5432,1622,10,1144.73
16281,5432,522,8,3823.65
16282,5433,212,8,1836.7
16283,5434,1555,3,4452.62
16284,5435,1036,4,4748.25
16285,5435,1023,8,965.68
16286,5435,1314,3,2316.16
16287,5436,721,1,4367.6
16288,5437,832,9,563.75
16289,5437,182,7,2220.87
16290,5437,82,3,4853.64
16291,5438,9,10,1969.35
16292,5439,1831,4,3812.74
16293,5439,781,1,2840.69
16294,5439,331,4,3080.34
16295,5439,1231,5,3041.76
16296,5439,1131,4,76.17
16297,5440,819,2,3210.73
16298,5440,919,9,3813.12
16299,5440,419,9,4520.38
16300,5440,769,7,4772.02
16301,5441,474,4,3704.17
16302,5442,307,10,653.43
16303,5442,1071,9,1020.95
16304,5443,1491,3,1931.09
16305,5443,1272,10,710.9
16306,5443,1462,6,3356.58
16307,5443,689,6,3712.22
16308,5444,755,7,3808.92
16309,5444,755,9,2460.94
16310,5444,1655,4,2868.31
16311,5445,618,2,3960.1
16312,5446,455,8,3250.45
16313,5446,1455,4,1085.05
16314,5446,1905,5,4311.89
16315,5447,1129,6,1471.28
16316,5447,1729,10,1848.45
16317,5447,1179,3,2479.3
16318,5447,279,10,2453.31
16319,5448,444,4,602.79
16320,5448,144,4,1093.52
16321,5449,476,7,490.85
16322,5449,1578,2,3998.16
16323,5450,858,8,4010.87
16324,5450,1208,4,2949.91
16325,5450,1908,9,2687.69
16326,5451,204,6,812.79
16327,5451,1104,8,4011.64
16328,5452,283,8,3424.64
16329,5452,433,7,54.38
16330,5452,1983,4,881.47
16331,5452,83,7,3637.67
16332,5453,1956,1,4021.42
16333,5453,506,1,1380.12
16334,5453,1906,8,4011.48
16335,5454,813,2,4796.61
16336,5454,13,1,1712.75
16337,5454,1863,6,509.86
16338,5454,1913,4,1342.24
16339,5454,1413,1,4612.91
16340,5455,711,5,1963.92
16341,5455,1361,10,4226.03
16342,5456,1322,10,4001.77
16343,5456,1822,7,4501.02
16344,5456,472,4,1182.19
16345,5456,372,8,4735.63
16346,5457,990,1,794.99
16347,5457,240,3,3998.06
16348,5457,1840,4,1048.17
16349,5458,892,4,57.78
16350,5458,142,1,2698.95
16351,5458,842,4,2590.22
16352,5459,1190,5,702.18
16353,5459,340,9,3425.67
16354,5459,1240,9,555.33
16355,5460,799,10,4726.03
16356,5460,1693,2,4346.76
16357,5460,108,9,4392.87
16358,5461,752,7,1857.57
16359,5461,252,10,564.31
16360,5461,1452,4,52.54
16361,5462,222,7,3446.48
16362,5462,1422,9,3589.05
16363,5462,1922,1,1423.42
16364,5462,372,3,802.96
16365,5463,800,9,1295.85
16366,5464,352,2,2339.06
16367,5465,1491,1,994.93
16368,5466,1638,2,4555.47
16369,5466,1925,5,4462.38
16370,5466,1886,6,1318.78
16371,5467,449,10,405.9
16372,5467,462,7,185.19
16373,5467,1257,8,3257.93
16374,5468,224,3,4736.28
16375,5468,29,2,469.67
16376,5469,1828,8,4580.31
16377,5469,652,2,961.25
16378,5469,403,10,4034.64
16379,5469,965,1,3570.55
16380,5470,622,8,4100.68
16381,5470,1222,5,3964.99
16382,5470,22,9,3253.25
16383,5470,172,1,2913.31
16384,5470,172,9,3298.73
16385,5471,160,4,2232.35
16386,5471,1860,9,3345.62
16387,5471,1810,1,1230.05
16388,5471,10,9,3323.57
16389,5472,363,4,877.73
16390,5472,1113,3,1730.52
16391,5472,1813,4,3172.66
16392,5472,1363,1,1520.98
16393,5473,1785,2,1480.19
16394,5474,345,9,1963.12
16395,5474,445,1,1958.93
16396,5474,45,3,2255.25
16397,5475,968,2,944.05
16398,5475,168,8,168.04
16399,5476,1282,10,3414.32
16400,5476,290,8,4832.28
16401,5477,772,6,3081.47
16402,5477,683,3,4967.79
16403,5478,1728,7,2552.8
16404,5478,1822,9,356.33
16405,5478,236,5,4268.57
16406,5478,1825,9,3065.9
16407,5479,1809,6,1768.44
16408,5479,1045,9,2602.77
16409,5479,814,2,1460.14
16410,5479,547,4,3473.58
16411,5480,1100,2,3151.99
16412,5480,1250,2,352.37
16413,5481,1971,5,4387.15
16414,5481,1321,2,4753.0
16415,5482,956,7,1386.03
16416,5482,506,2,3603.21
16417,5483,270,3,4268.95
16418,5483,520,1,3692.5
16419,5483,1020,8,1136.92
16420,5483,1070,4,4773.87
16421,5483,1020,4,921.41
16422,5484,1603,9,3972.76
16423,5484,1203,8,1936.92
16424,5485,571,8,4124.49
16425,5485,1371,3,726.1
16426,5485,621,1,1099.23
16427,5485,221,2,4944.07
16428,5486,810,8,4244.77
16429,5486,257,8,1333.05
16430,5486,578,10,4163.21
16431,5487,375,8,3231.2
16432,5488,1819,1,2235.72
16433,5488,569,3,1833.47
16434,5488,1119,1,1361.76
16435,5489,1318,5,1823.01
16436,5489,881,9,2008.83
16437,5489,1091,1,3814.59
16438,5490,1140,4,3204.78
16439,5490,840,8,183.82
16440,5491,502,1,2056.93
16441,5491,1252,8,1182.43
16442,5491,52,7,1019.53
16443,5491,1552,5,3574.06
16444,5491,702,3,120.06
16445,5492,508,7,3245.3
16446,5492,258,6,2422.25
16447,5492,108,3,3998.85
16448,5492,1858,6,4619.45
16449,5493,914,2,3314.55
16450,5493,1444,5,640.09
16451,5493,407,5,954.56
16452,5493,1137,2,2078.05
16453,5494,981,10,1012.07
16454,5494,1696,3,4035.71
16455,5494,148,5,1501.0
16456,5495,735,8,1418.4
16457,5495,1685,3,2501.24
16458,5495,1235,9,3851.47
16459,5495,785,1,403.88
16460,5495,485,10,2741.71
16461,5496,11,3,1738.61
16462,5496,302,1,2238.06
16463,5497,223,7,4108.2
16464,5497,1573,4,3929.41
16465,5497,1623,3,1836.07
16466,5497,1973,5,1016.6
16467,5497,173,5,406.05
16468,5498,1890,6,943.73
16469,5499,50,3,1448.95
16470,5499,1900,4,3331.44
16471,5499,550,3,140.7
16472,5499,800,4,385.9
16473,5499,350,8,1122.22
16474,5500,293,10,844.44
16475,5500,293,1,4706.72
16476,5500,993,4,4831.07
16477,5500,793,2,3063.8
16478,5500,293,1,4010.61
16479,5501,1792,2,1555.74
16480,5501,592,8,4162.33
16481,5502,542,10,1219.0
16482,5502,292,5,907.93
16483,5502,1242,5,326.42
16484,5502,1942,9,2630.55
16485,5503,190,3,4092.35
16486,5503,640,7,3611.46
16487,5503,1840,4,4534.06
16488,5503,940,4,3554.61
16489,5504,396,2,143.56
16490,5505,449,1,4712.24
16491,5505,1427,10,4157.32
16492,5506,1811,8,3518.86
16493,5506,11,2,3336.03
16494,5506,461,4,2037.47
16495,5506,611,6,825.37
16496,5507,567,5,3890.72
16497,5507,377,4,2870.79
16498,5507,1636,8,376.72
16499,5507,892,4,691.04
16500,5508,496,7,4181.89
16501,5508,1496,1,1901.62
16502,5508,496,1,2699.75
16503,5508,996,5,4798.41
16504,5509,634,9,2111.21
16505,5509,434,9,1257.33
16506,5509,184,9,4789.49
16507,5510,206,1,2102.1
16508,5510,323,1,267.21
16509,5510,1314,6,4132.33
16510,5510,1238,10,1700.61
16511,5510,1255,10,869.93
16512,5511,1378,10,4664.19
16513,5511,128,4,3291.22
16514,5511,678,10,3855.88
16515,5511,1978,6,2025.1
16516,5511,328,7,1116.76
16517,5512,85,9,221.24
16518,5512,635,4,2262.09
16519,5513,1652,5,2805.62
16520,5513,1002,9,3749.1
16521,5513,1352,5,3748.12
16522,5513,1802,9,1121.96
16523,5514,661,5,3477.61
16524,5514,1361,5,3643.1
16525,5515,1440,4,2466.9
16526,5516,1904,1,677.03
16527,5516,1970,9,707.36
16528,5516,1629,2,4332.77
16529,5517,1786,5,1224.59
16530,5518,1396,4,3275.36
16531,5518,196,10,4727.63
16532,5518,1896,2,4151.23
16533,5518,396,8,1845.69
16534,5518,196,8,2820.21
16535,5519,1084,8,2552.31
16536,5519,1107,2,3507.53
16537,5519,579,6,4640.27
16538,5519,1985,10,4409.28
16539,5520,317,1,2583.57
16540,5520,167,2,1093.8
16541,5520,1367,6,3065.03
16542,5520,1267,3,4350.87
16543,5520,817,10,4028.18
16544,5521,215,9,1475.14
16545,5521,15,7,3521.13
16546,5522,1857,3,1120.35
16547,5522,1407,3,2502.75
16548,5522,1057,9,2810.82
16549,5523,1146,5,464.41
16550,5523,1846,10,3277.73
16551,5524,1255,8,1663.94
16552,5524,1905,2,1559.35
16553,5524,1805,1,1455.51
16554,5524,5,9,1605.88
16555,5525,209,5,1065.97
16556,5525,309,6,1370.22
16557,5525,1659,1,2211.1
16558,5526,995,9,2647.17
16559,5527,790,8,4459.4
16560,5528,1691,6,2119.44
16561,5529,1066,6,3691.64
16562,5530,841,9,3832.55
16563,5530,1791,8,3463.98
16564,5531,1994,8,3580.26
16565,5531,94,4,2542.85
16566,5531,1794,3,3918.17
16567,5531,294,7,4032.44
16568,5531,1344,6,3519.18
16569,5532,1072,10,1105.8
16570,5532,1672,2,2225.07
16571,5533,67,1,420.82
16572,5533,1215,10,4904.45
16573,5534,1620,9,3404.46
16574,5535,815,2,1852.06
16575,5536,1597,3,2205.54
16576,5536,878,7,3152.43
16577,5536,116,2,1724.52
16578,5537,488,8,1414.63
16579,5537,188,6,3118.69
16580,5537,88,4,510.35
16581,5537,488,4,2566.15
16582,5537,1738,2,931.69
16583,5538,835,3,1554.23
16584,5538,135,10,2606.12
16585,5538,585,5,1802.58
16586,5538,1185,5,3855.13
16587,5538,35,10,2813.35
16588,5539,498,3,1815.81
16589,5539,1598,5,1391.76
16590,5539,148,9,2115.59
16591,5540,989,6,4001.86
16592,5540,1639,6,1923.71
16593,5540,1739,8,3809.4
16594,5540,1789,10,1302.47
16595,5540,1789,1,4451.86
16596,5541,1198,10,1488.35
16597,5541,21,5,1294.75
16598,5541,1683,1,1830.41
16599,5541,1268,6,1855.95
16600,5541,759,6,3843.09
16601,5542,1658,2,1007.58
16602,5542,158,1,245.67
16603,5542,1758,9,4338.89
16604,5542,258,6,3512.5
16605,5542,1908,8,2250.64
16606,5543,994,7,3234.36
16607,5543,1597,9,3274.57
16608,5543,97,5,330.78
16609,5543,346,3,2450.1
16610,5543,257,3,1172.33
16611,5544,1490,3,573.47
16612,5544,1440,2,4681.21
16613,5544,790,9,2981.79
16614,5545,1336,9,2145.54
16615,5545,975,6,3381.73
16616,5545,1009,9,3943.31
16617,5546,633,9,3342.16
16618,5546,642,10,1604.48
16619,5547,1616,7,2398.08
16620,5547,1504,7,142.55
16621,5547,1524,10,151.53
16622,5548,299,3,3476.46
16623,5548,649,2,3789.9
16624,5548,1849,2,4550.29
16625,5549,1145,1,2284.96
16626,5549,345,6,4952.85
16627,5549,1545,1,4009.45
16628,5550,1077,10,4699.69
16629,5550,277,8,1820.74
16630,5550,127,4,4260.3
16631,5550,27,6,2854.49
16632,5550,1327,10,3648.27
16633,5551,311,1,4527.48
16634,5551,1661,8,4124.95
16635,5551,1561,4,1915.44
16636,5552,614,5,346.42
16637,5552,953,1,2066.91
16638,5552,88,10,4105.87
16639,5553,385,2,4044.68
16640,5553,1735,3,3114.87
16641,5553,885,10,3171.5
16642,5553,1685,5,4105.23
16643,5553,835,6,319.4
16644,5554,1199,10,454.32
16645,5554,1749,7,449.67
16646,5554,299,3,4969.78
16647,5554,1799,5,1099.68
16648,5554,849,1,3937.01
16649,5555,435,7,3190.97
16650,5555,1501,7,3490.69
16651,5555,93,4,2562.2
16652,5555,787,2,706.16
16653,5555,1287,8,1751.83
16654,5556,1041,2,1410.64
16655,5556,341,2,1184.95
16656,5556,1591,10,2890.82
16657,5557,543,8,3732.0
16658,5557,1443,9,3518.88
16659,5557,893,2,2054.02
16660,5557,1643,5,2494.98
16661,5558,1075,5,3964.16
16662,5558,1425,2,812.01
16663,5558,1975,5,4347.48
16664,5559,1001,2,988.44
16665,5559,851,6,4672.28
16666,5559,301,3,3986.25
16667,5559,751,7,4159.08
16668,5560,1256,6,4575.88
16669,5560,212,5,1042.37
16670,5561,1485,1,3479.67
16671,5561,85,7,3084.09
16672,5561,1435,9,1401.18
16673,5561,1485,4,1508.78
16674,5561,885,6,4037.16
16675,5562,1543,10,2083.61
16676,5563,1109,9,4772.51
16677,5563,1059,5,1008.2
16678,5563,1909,8,4541.85
16679,5563,1759,7,3793.44
16680,5564,783,10,1102.34
16681,5564,1933,3,851.42
16682,5564,1433,5,3110.94
16683,5564,1283,3,4393.85
16684,5565,1614,2,588.73
16685,5565,447,9,3431.62
16686,5565,296,9,3439.05
16687,5565,324,4,753.69
16688,5565,525,6,4833.11
16689,5566,1061,5,2463.42
16690,5566,61,10,1510.64
16691,5566,1111,6,3002.04
16692,5566,861,6,2876.59
16693,5567,1578,6,2823.67
16694,5567,1228,9,3634.79
16695,5568,1754,2,591.35
16696,5568,1815,2,2671.16
16697,5568,437,5,4577.49
16698,5568,1069,3,1026.36
16699,5569,1821,4,1294.55
16700,5569,71,2,1086.44
16701,5569,221,2,2000.21
16702,5569,1871,3,1686.96
16703,5570,462,2,3560.96
16704,5570,1298,4,2204.6
16705,5570,1171,2,3751.72
16706,5570,403,6,3654.09
16707,5571,984,1,1110.51
16708,5571,1384,7,2862.99
16709,5572,1368,5,2270.2
16710,5572,1118,3,2723.56
16711,5573,201,4,1884.88
16712,5573,1001,6,4834.05
16713,5573,651,6,1851.75
16714,5573,1751,7,922.6
16715,5574,438,2,1332.6
16716,5574,738,1,1621.57
16717,5575,993,5,1227.81
16718,5575,743,9,3666.8
16719,5575,343,10,670.44
16720,5575,93,7,1619.02
16721,5575,943,7,902.46
16722,5576,1163,1,378.93
16723,5576,313,1,3197.4
16724,5577,195,9,1454.63
16725,5577,45,10,2826.94
16726,5577,1745,3,3489.72
16727,5578,748,3,2985.73
16728,5579,1624,3,4582.5
16729,5579,1460,7,2111.48
16730,5579,1497,10,3441.18
16731,5580,833,7,1321.84
16732,5581,289,1,4940.46
16733,5581,339,10,1224.26
16734,5581,689,5,2608.67
16735,5582,1008,3,2255.29
16736,5582,808,10,3911.34
16737,5582,958,8,1580.63
16738,5582,1758,5,326.37
16739,5582,1708,2,919.37
16740,5583,1701,1,3408.8
16741,5584,1388,1,3734.9
16742,5584,1038,7,2886.42
16743,5584,1438,5,820.44
16744,5585,406,1,1653.91
16745,5585,106,10,2475.8
16746,5586,411,5,1835.67
16747,5586,1811,8,4253.03
16748,5586,1561,7,387.06
16749,5586,361,7,3263.39
16750,5586,1561,1,4260.67
16751,5587,134,10,1010.85
16752,5587,1584,5,3550.03
16753,5587,1134,5,3465.55
16754,5587,1434,3,3019.65
16755,5587,1184,10,3114.43
16756,5588,700,5,1215.44
16757,5588,800,7,481.64
16758,5589,334,3,1659.9
16759,5590,446,2,3461.04
16760,5590,1096,5,233.02
16761,5590,446,2,674.0
16762,5591,235,6,4772.16
16763,5591,1,8,3671.65
16764,5591,724,6,2479.58
16765,5592,721,6,2202.91
16766,5592,227,7,370.57
16767,5593,1094,4,996.54
16768,5593,44,8,980.16
16769,5594,255,3,1547.26
16770,5594,1455,3,2400.48
16771,5595,7,8,2963.87
16772,5595,1707,8,168.5
16773,5595,1557,8,3090.87
16774,5595,1757,4,3567.93
16775,5595,157,9,2243.02
16776,5596,1484,10,2456.62
16777,5597,841,8,1644.29
16778,5597,741,4,3210.65
16779,5597,91,6,4452.44
16780,5597,691,8,1482.14
16781,5598,1414,4,4482.49
16782,5599,617,7,4271.12
16783,5599,217,8,3265.46
16784,5599,1917,1,4409.22
16785,5600,523,4,4827.79
16786,5600,1673,5,2873.44
16787,5601,878,9,846.85
16788,5601,1878,2,946.16
16789,5602,537,7,3803.58
16790,5602,1787,8,2063.0
16791,5603,1351,1,4853.81
16792,5603,351,7,4829.6
16793,5604,955,8,4502.44
16794,5604,1055,4,3424.08
16795,5605,1524,2,2534.03
16796,5606,873,10,1930.39
16797,5606,1109,2,4897.59
16798,5606,863,4,670.63
16799,5606,984,6,4524.38
16800,5606,1954,7,874.83
16801,5607,1184,7,59.04
16802,5607,284,10,3235.04
16803,5607,1334,5,3001.61
16804,5607,134,6,2791.6
16805,5607,1784,10,654.98
16806,5608,59,10,3037.15
16807,5609,180,5,4935.42
16808,5610,1852,7,2142.98
16809,5610,1348,7,483.78
16810,5610,629,3,1393.46
16811,5610,1530,1,1716.56
16812,5610,1406,9,2361.19
16813,5611,631,4,3345.79
16814,5612,528,7,1134.89
16815,5612,1723,10,1910.46
16816,5612,1783,10,4531.22
16817,5612,1403,10,1742.01
16818,5613,374,3,3735.34
16819,5613,154,8,2565.09
16820,5613,639,6,654.88
16821,5614,51,2,274.62
16822,5614,951,8,843.97
16823,5615,765,6,1106.48
16824,5615,1715,3,1546.51
16825,5615,1665,9,254.72
16826,5616,951,7,3558.62
16827,5616,1251,7,594.35
16828,5616,201,7,3551.93
16829,5617,1215,2,4112.25
16830,5618,1663,7,2514.16
16831,5618,598,7,4166.73
16832,5619,1180,5,4506.41
16833,5619,580,8,3539.22
16834,5619,1180,3,3627.47
16835,5619,630,4,4280.3
16836,5619,680,2,1587.69
16837,5620,1622,5,2267.73
16838,5621,1168,9,398.45
16839,5621,1068,5,375.49
16840,5621,1918,2,503.73
16841,5621,268,2,2597.43
16842,5621,418,5,312.5
16843,5622,95,9,4520.08
16844,5622,1045,7,3678.65
16845,5623,1028,6,4300.07
16846,5623,1228,1,4693.52
16847,5623,428,6,4686.35
16848,5623,678,4,1020.85
16849,5624,813,8,2724.21
16850,5624,813,4,2194.15
16851,5625,1262,4,2045.68
16852,5625,1660,9,3278.61
16853,5625,627,4,1531.52
16854,5625,53,10,558.23
16855,5625,1891,3,2260.62
16856,5626,194,3,3250.06
16857,5627,132,7,4266.83
16858,5627,532,2,3078.14
16859,5627,282,5,441.34
16860,5627,1982,3,1265.64
16861,5627,282,4,1299.41
16862,5628,666,3,2446.82
16863,5628,1612,7,817.37
16864,5629,1482,4,2035.59
16865,5629,503,6,1218.7
16866,5629,1405,4,4817.35
16867,5630,1797,2,1544.33
16868,5630,1847,3,4900.74
16869,5630,1197,4,3023.35
16870,5630,847,7,4096.8
16871,5630,747,2,4033.41
16872,5631,624,4,3212.11
16873,5631,774,5,2582.93
16874,5631,1124,7,1324.42
16875,5631,24,3,1407.93
16876,5631,1574,1,4053.15
16877,5632,1724,6,2476.13
16878,5632,440,8,2866.21
16879,5632,1435,3,2335.84
16880,5633,1855,10,2570.93
16881,5633,305,4,4861.45
16882,5633,905,1,2299.36
16883,5633,1355,8,1014.05
16884,5634,1277,1,4045.13
16885,5634,977,2,2620.53
16886,5634,1377,7,3367.25
16887,5634,1577,8,2802.2
16888,5634,927,7,1692.31
16889,5635,742,6,340.84
16890,5635,1042,4,3090.91
16891,5635,1542,2,578.25
16892,5636,830,6,4159.46
16893,5636,880,3,2494.93
16894,5636,1680,3,3559.62
16895,5637,1570,4,2718.56
16896,5638,1293,3,1809.29
16897,5638,1893,8,3208.35
16898,5638,1693,3,2925.59
16899,5639,1235,3,3042.33
16900,5639,1185,5,2431.77
16901,5639,1285,10,2003.17
16902,5639,635,1,3629.59
16903,5639,685,2,2288.5
16904,5640,220,1,144.41
16905,5640,683,10,3783.5
16906,5640,135,3,2166.09
16907,5640,919,6,1763.73
16908,5640,84,9,3781.28
16909,5641,201,3,4175.24
16910,5641,1451,3,505.58
16911,5641,851,7,2195.62
16912,5642,833,9,467.02
16913,5642,533,6,3094.49
16914,5642,833,7,2018.56
16915,5643,911,6,4951.32
16916,5643,1761,8,232.66
16917,5643,1611,6,2844.6
16918,5643,711,9,1207.4
16919,5643,311,3,4189.32
16920,5644,801,6,2611.56
16921,5644,1301,2,4677.02
16922,5644,301,5,1070.91
16923,5644,1601,9,3733.76
16924,5645,170,10,2477.1
16925,5645,520,3,1808.55
16926,5645,1520,2,3104.64
16927,5645,270,7,3542.87
16928,5646,1162,9,4892.88
16929,5646,1662,2,1481.13
16930,5646,1862,5,1626.57
16931,5646,1762,8,1270.85
16932,5647,729,1,519.8
16933,5647,429,1,4252.68
16934,5647,1579,2,322.33
16935,5648,855,4,407.8
16936,5648,449,4,1773.75
16937,5648,163,7,2315.54
16938,5648,1981,8,359.79
16939,5649,293,3,2825.01
16940,5649,143,1,1188.12
16941,5650,1704,4,802.9
16942,5650,770,7,753.15
16943,5650,1986,6,765.97
16944,5650,508,7,808.35
16945,5651,815,4,4302.31
16946,5651,683,10,2455.47
16947,5651,165,9,346.15
16948,5651,693,2,1792.99
16949,5651,1843,2,1954.89
16950,5652,1844,1,845.94
16951,5652,294,5,236.46
16952,5652,744,3,3770.08
16953,5652,744,9,3060.43
16954,5653,1817,2,1566.48
16955,5653,67,8,1363.55
16956,5653,1967,4,3807.86
16957,5653,317,10,2301.62
16958,5653,1417,4,1674.29
16959,5654,1772,6,2183.0
16960,5654,272,9,2585.61
16961,5654,372,8,3439.55
16962,5654,1772,1,2456.29
16963,5655,426,4,2194.08
16964,5656,1343,8,767.42
16965,5656,743,5,4442.26
16966,5656,693,3,2872.24
16967,5656,1843,6,4959.0
16968,5657,1399,8,4491.85
16969,5657,49,1,4385.63
16970,5657,149,6,2586.14
16971,5657,1149,5,1869.23
16972,5657,849,6,3828.36
16973,5658,155,5,3068.48
16974,5658,1955,4,4852.29
16975,5658,1605,3,1003.27
16976,5658,1205,9,2291.7
16977,5659,1498,6,1321.3
16978,5660,635,8,292.26
16979,5661,1079,1,2914.35
16980,5661,1649,10,110.99
16981,5661,1125,5,1043.42
16982,5661,215,8,348.83
16983,5661,190,7,4594.04
16984,5662,1899,9,3473.64
16985,5662,919,2,2309.13
16986,5662,1111,8,2431.62
16987,5662,913,4,4878.99
16988,5662,378,4,2002.45
16989,5663,994,8,2180.62
16990,5663,1394,8,3465.44
16991,5663,244,6,4934.68
16992,5663,1444,8,576.53
16993,5664,1586,4,2453.06
16994,5664,86,9,2474.91
16995,5664,886,5,1606.42
16996,5664,1686,7,471.26
16997,5664,1036,10,286.76
16998,5665,489,8,4804.1
16999,5665,1439,5,2627.33
17000,5666,1035,3,434.43
17001,5666,185,8,3108.8
17002,5666,1885,10,1053.87
17003,5666,435,2,528.9
17004,5666,1785,8,3940.58
17005,5667,711,4,1933.69
17006,5667,1630,4,4982.38
17007,5667,864,8,3546.69
17008,5668,518,3,1954.98
17009,5668,1418,4,4696.68
17010,5668,418,8,2006.62
17011,5668,818,1,4373.65
17012,5668,918,6,952.66
17013,5669,951,10,2367.22
17014,5669,301,2,4654.12
17015,5670,484,9,2858.84
17016,5670,1955,9,162.07
17017,5671,5,3,819.54
17018,5671,1055,1,3378.05
17019,5671,205,9,471.95
17020,5671,1355,10,1726.11
17021,5672,1135,7,3960.94
17022,5672,752,7,2049.06
17023,5672,222,8,4894.6
17024,5672,1059,10,3197.12
17025,5672,1927,2,1113.72
17026,5673,1090,8,2254.97
17027,5673,290,9,4091.83
17028,5673,1640,3,3456.95
17029,5673,1290,9,2778.3
17030,5673,290,7,900.82
17031,5674,1705,2,152.93
17032,5674,576,6,97.6
17033,5674,789,9,4437.57
17034,5674,241,6,3560.53
17035,5674,1521,3,3402.86
17036,5675,581,10,2091.57
17037,5675,831,1,1281.24
17038,5675,1331,4,1768.48
17039,5675,1981,4,4698.11
17040,5675,1681,5,2777.6
17041,5676,1994,3,1191.42
17042,5676,1279,7,2980.06
17043,5676,1497,10,2290.48
17044,5676,765,2,2262.23
17045,5677,1965,2,2486.6
17046,5677,1715,8,782.06
17047,5677,965,7,4523.26
17048,5678,1619,2,1804.58
17049,5678,369,10,2534.96
17050,5678,1769,1,3225.04
17051,5678,119,4,2488.06
17052,5678,1269,3,4627.84
17053,5679,1291,10,1079.35
17054,5680,760,5,1033.43
17055,5681,743,9,3939.84
17056,5682,1760,3,3852.78
17057,5682,295,10,380.82
17058,5682,369,2,4840.06
17059,5683,1804,4,3738.0
17060,5683,1604,7,1393.99
17061,5683,1604,9,3261.52
17062,5683,254,9,2059.5
17063,5683,954,9,4653.16
17064,5684,733,4,2252.62
17065,5684,815,10,4884.72
17066,5685,1870,1,4251.46
17067,5685,483,6,881.47
17068,5685,1104,6,4379.41
17069,5685,1133,10,3631.16
17070,5686,785,5,2235.15
17071,5686,235,3,4960.97
17072,5686,1235,3,4535.25
17073,5686,1985,9,2685.06
17074,5687,866,10,4390.32
17075,5687,1975,9,331.23
17076,5687,1177,9,712.79
17077,5687,480,4,780.39
17078,5688,154,8,75.1
17079,5688,1776,2,1842.95
17080,5688,1708,4,378.08
17081,5689,1236,8,2721.38
17082,5689,1309,9,1820.05
17083,5689,397,8,3026.11
17084,5689,1484,1,4072.76
17085,5690,1438,2,1664.66
17086,5691,1923,10,2134.51
17087,5691,193,10,1012.28
17088,5692,1376,1,857.99
17089,5692,22,2,2633.12
17090,5692,1978,9,849.97
17091,5692,345,4,2408.52
17092,5692,249,2,2783.97
17093,5693,928,8,4679.88
17094,5693,528,2,3180.07
17095,5693,1528,10,4899.23
17096,5694,1746,8,1690.17
17097,5694,91,4,880.5
17098,5695,439,4,4272.2
17099,5695,939,8,1447.44
17100,5695,539,7,1680.63
17101,5695,239,7,4528.48
17102,5695,1689,6,839.43
17103,5696,1823,4,2873.55
17104,5697,693,10,839.56
17105,5697,43,9,2732.45
17106,5697,943,10,1093.51
17107,5698,890,2,701.4
17108,5698,640,3,4425.98
17109,5698,740,7,4121.96
17110,5699,1560,4,472.78
17111,5699,60,1,2502.37
17112,5699,310,1,478.75
17113,5699,560,6,2017.82
17114,5699,60,7,3616.49
17115,5700,408,1,1041.32
17116,5700,1308,9,778.28
17117,5700,508,5,4882.93
17118,5701,185,7,2722.27
17119,5701,1035,5,3339.56
17120,5702,1075,9,1518.72
17121,5702,1775,7,1756.16
17122,5702,225,5,3162.24
17123,5703,1470,5,4610.19
17124,5703,1720,5,477.15
17125,5704,1572,2,2763.57
17126,5704,722,4,755.18
17127,5704,622,5,3639.51
17128,5704,372,10,4417.92
17129,5704,272,4,4594.09
17130,5705,1042,8,2372.04
17131,5705,242,2,1427.17
17132,5705,1542,8,750.46
17133,5706,1904,4,2523.31
17134,5706,1492,2,2793.13
17135,5706,964,8,4254.56
17136,5706,1237,8,3277.31
17137,5707,44,10,1157.59
17138,5707,594,7,1476.37
17139,5707,1794,7,3074.36
17140,5708,631,1,2850.74
17141,5709,460,8,2997.62
17142,5709,1860,6,632.5
17143,5709,260,5,1004.47
17144,5709,1460,10,3702.84
17145,5710,917,9,4516.37
17146,5710,1847,7,4470.27
17147,5710,1285,1,82.85
17148,5710,1127,4,3059.39
17149,5711,1535,5,2986.58
17150,5711,1935,5,1390.67
17151,5711,235,7,2852.45
17152,5711,835,4,3304.83
17153,5712,275,10,4998.2
17154,5713,197,1,4693.02
17155,5714,1820,4,2650.64
17156,5715,1360,4,742.35
17157,5715,1960,5,3152.3
17158,5716,1015,5,4323.58
17159,5716,447,4,4766.98
17160,5716,1523,8,1569.19
17161,5716,1399,6,1016.36
17162,5716,6,4,1641.42
17163,5717,117,4,4868.12
17164,5717,1817,10,1289.99
17165,5717,717,4,3887.27
17166,5717,417,9,3856.27
17167,5718,638,4,3780.44
17168,5718,1988,9,332.63
17169,5718,1888,5,4031.92
17170,5719,1140,6,3868.88
17171,5720,906,2,1512.52
17172,5720,1156,7,776.3
17173,5720,1056,3,930.02
17174,5720,1906,7,2053.83
17175,5721,886,7,339.12
17176,5721,196,10,3501.52
17177,5721,844,1,3497.82
17178,5722,63,2,3958.1
17179,5722,1013,3,1134.44
17180,5723,1188,8,1801.32
17181,5723,188,8,2985.96
17182,5723,1138,7,82.92
17183,5723,1288,4,3638.04
17184,5723,1638,1,2857.27
17185,5724,1658,3,443.29
17186,5725,771,10,4133.59
17187,5725,542,3,1217.11
17188,5725,778,6,1793.57
17189,5725,1945,4,942.32
17190,5725,76,3,940.2
17191,5726,1346,10,4856.77
17192,5726,246,5,4786.94
17193,5726,1846,7,2894.14
17194,5726,1146,1,2557.49
17195,5727,1842,7,3540.54
17196,5728,389,4,4076.09
17197,5728,1126,8,4828.44
17198,5728,70,4,1835.39
17199,5728,1222,9,1059.18
17200,5729,1786,4,3797.74
17201,5730,1504,7,714.04
17202,5730,1454,9,3130.17
17203,5730,1204,5,1362.96
17204,5730,1604,5,3500.43
17205,5730,1454,6,1050.85
17206,5731,1223,4,4265.83
17207,5731,1673,5,1307.41
17208,5731,1073,5,2834.15
17209,5731,1023,6,3893.45
17210,5731,1023,10,173.59
17211,5732,1831,5,4562.96
17212,5733,152,7,101.86
17213,5733,839,9,1575.66
17214,5733,1187,2,554.05
17215,5734,148,3,4383.23
17216,5734,998,6,2233.53
17217,5734,98,3,1822.77
17218,5735,491,1,3834.53
17219,5736,1961,4,3306.31
17220,5737,1145,3,2277.95
17221,5737,595,4,773.09
17222,5737,1795,7,3872.31
17223,5737,695,4,3710.76
17224,5738,133,6,637.28
17225,5738,376,10,3698.51
17226,5738,950,10,3417.8
17227,5738,1479,4,2185.49
17228,5739,1969,10,2092.38
17229,5739,819,10,1900.16
17230,5739,419,7,418.91
17231,5740,101,3,741.88
17232,5741,886,9,1108.37
17233,5741,1936,8,4879.13
17234,5741,486,9,4034.54
17235,5741,1836,1,1239.72
17236,5741,586,5,2414.04
17237,5742,821,9,2136.36
17238,5743,1726,9,956.42
17239,5744,808,10,4323.83
17240,5744,1958,6,3247.68
17241,5745,615,2,2019.98
17242,5745,615,10,2487.04
17243,5745,1065,4,4495.32
17244,5745,1865,8,4446.89
17245,5746,614,2,2224.77
17246,5746,1064,10,2271.11
17247,5746,1114,1,1960.65
17248,5746,914,3,4298.37
17249,5746,1164,8,3021.51
17250,5747,1617,4,3577.5
17251,5747,1517,3,4623.42
17252,5747,317,1,543.09
17253,5747,1417,7,482.31
17254,5748,1865,7,4468.86
17255,5748,176,5,4715.08
17256,5748,1800,3,2499.72
17257,5748,256,4,117.77
17258,5748,968,7,1888.54
17259,5749,1576,1,578.27
17260,5750,1884,9,4419.27
17261,5750,1634,3,2958.74
17262,5750,1284,2,1411.88
17263,5750,1234,7,473.71
17264,5751,417,2,1391.39
17265,5751,1292,3,1329.52
17266,5752,483,1,4685.81
17267,5753,479,6,1506.5
17268,5753,229,7,3622.06
17269,5753,779,2,687.44
17270,5753,29,3,1670.88
17271,5753,929,6,4780.03
17272,5754,937,7,1112.21
17273,5755,895,6,4137.17
17274,5755,295,10,4342.3
17275,5755,795,10,4117.58
17276,5755,745,4,2552.56
17277,5756,146,4,4098.93
17278,5756,896,7,2408.68
17279,5757,664,9,4645.21
17280,5757,372,2,3674.74
17281,5758,1559,5,1888.54
17282,5758,1422,4,3952.34
17283,5758,65,8,3530.27
17284,5758,1748,5,3883.23
17285,5759,967,4,1009.82
17286,5760,1423,10,1078.49
17287,5760,1923,4,382.01
17288,5760,1323,7,3034.35
17289,5761,1115,3,2509.17
17290,5761,315,1,93.64
17291,5761,15,1,2731.49
17292,5762,470,9,3828.33
17293,5762,820,9,968.21
17294,5762,1970,10,4505.71
17295,5762,1470,6,646.23
17296,5763,5,6,4832.63
17297,5763,1055,4,282.68
17298,5763,1305,8,2572.03
17299,5763,1405,4,3498.84
17300,5763,205,2,2058.67
17301,5764,1471,8,1796.02
17302,5764,971,6,2678.82
17303,5764,621,5,3321.49
17304,5764,1421,6,2834.7
17305,5764,21,3,3657.76
17306,5765,30,3,1893.06
17307,5766,669,9,2468.27
17308,5767,1067,4,1661.82
17309,5767,905,10,658.72
17310,5767,269,1,3115.01
17311,5767,1388,7,4271.74
17312,5767,317,6,438.33
17313,5768,602,1,991.43
17314,5768,402,4,4395.21
17315,5768,152,10,3485.13
17316,5768,1402,1,1377.6
17317,5768,1852,5,1714.14
17318,5769,1540,1,4286.69
17319,5769,740,8,4824.1
17320,5769,790,3,2217.98
17321,5769,40,7,1125.53
17322,5770,1257,4,940.19
17323,5770,1194,1,2108.46
17324,5770,1101,9,2908.83
17325,5770,628,8,2995.46
17326,5771,1851,5,3353.87
17327,5771,1051,6,3922.7
17328,5771,951,2,916.39
17329,5771,1951,3,490.97
17330,5771,401,10,4617.35
17331,5772,1426,6,3149.33
17332,5772,1526,8,1356.19
17333,5772,1526,10,874.08
17334,5773,1092,2,1940.34
17335,5773,542,7,1386.92
17336,5774,1343,8,849.5
17337,5774,781,10,372.8
17338,5774,1814,6,1844.14
17339,5774,864,9,2411.42
17340,5775,1612,7,2306.84
17341,5775,1312,9,1400.3
17342,5775,962,8,4796.92
17343,5775,1462,6,167.52
17344,5775,712,9,715.56
17345,5776,212,1,3177.89
17346,5776,662,4,530.03
17347,5776,912,9,4866.77
17348,5777,361,8,1704.71
17349,5777,1811,2,1169.71
17350,5778,1876,10,4783.24
17351,5778,1426,5,4552.41
17352,5778,1326,8,4937.68
17353,5778,876,8,4212.76
17354,5778,1576,10,2166.48
17355,5779,829,9,713.16
17356,5779,29,10,4856.53
17357,5780,926,5,253.84
17358,5780,126,6,267.65
17359,5781,194,9,2240.12
17360,5781,1644,3,4080.49
17361,5782,781,9,2072.33
17362,5782,1429,6,4750.61
17363,5782,1171,3,4828.99
17364,5782,1631,1,2095.97
17365,5782,876,5,884.25
17366,5783,1141,9,596.23
17367,5783,106,2,4987.62
17368,5784,1977,5,4137.4
17369,5784,60,9,2053.49
17370,5784,1257,4,3765.03
17371,5784,889,4,799.13
17372,5785,950,8,4408.3
17373,5785,350,10,113.39
17374,5786,82,5,3976.46
17375,5786,1082,10,2723.4
17376,5787,1716,10,1286.72
17377,5788,447,7,2526.13
17378,5788,647,3,660.71
17379,5789,412,1,3993.68
17380,5790,1835,7,3037.15
17381,5790,1035,10,1023.47
17382,5791,1915,5,282.88
17383,5791,365,3,851.99
17384,5791,765,9,825.75
17385,5792,1256,3,2127.14
17386,5792,180,4,4051.23
17387,5792,91,2,4864.29
17388,5792,98,7,2492.3
17389,5793,816,9,4568.92
17390,5793,616,9,1855.69
17391,5793,1366,2,4842.31
17392,5794,1169,4,1619.43
17393,5794,169,6,1330.92
17394,5794,1719,1,3840.4
17395,5794,1769,2,2391.46
17396,5794,869,4,2750.64
17397,5795,818,10,626.48
17398,5795,218,4,4737.86
17399,5795,1168,3,4311.67
17400,5795,1168,4,633.38
17401,5795,1018,4,226.69
17402,5796,1268,4,3887.83
17403,5797,243,3,304.16
17404,5797,1693,5,4513.62
17405,5798,720,7,751.72
17406,5798,595,10,2274.06
17407,5798,579,5,4392.67
17408,5798,1694,2,3475.02
17409,5799,558,4,1826.59
17410,5800,1723,5,145.16
17411,5800,723,4,1742.84
17412,5801,558,2,2048.79
17413,5801,1258,10,2715.01
17414,5802,868,1,2053.17
17415,5802,568,3,1898.48
17416,5802,1818,2,1490.86
17417,5802,1168,10,1124.31
17418,5803,1883,5,4688.27
17419,5804,267,9,1214.78
17420,5804,117,2,3655.3
17421,5804,17,6,1973.81
17422,5804,1967,4,1164.87
17423,5804,267,7,1368.48
17424,5805,1771,4,551.61
17425,5805,1571,9,448.25
17426,5805,271,7,1331.59
17427,5806,712,1,1347.28
17428,5807,631,5,56.14
17429,5807,631,3,863.76
17430,5808,233,2,2942.63
17431,5809,3,10,4560.26
17432,5810,849,5,1416.55
17433,5810,1049,8,2593.21
17434,5810,549,10,4720.64
17435,5810,799,2,945.96
17436,5810,1099,8,4323.49
17437,5811,131,9,1741.12
17438,5811,81,8,2098.73
17439,5811,881,4,3795.02
17440,5811,1031,2,1975.55
17441,5812,1726,8,2343.54
17442,5812,376,6,4959.02
17443,5812,926,3,3693.69
17444,5812,826,10,2909.79
17445,5812,426,8,929.05
17446,5813,648,9,1417.46
17447,5813,1028,8,2691.24
17448,5813,1958,10,557.31
17449,5813,928,5,204.95
17450,5814,57,3,464.19
17451,5814,1857,4,4522.74
17452,5815,1946,9,4487.82
17453,5816,1381,9,4200.94
17454,5816,1838,1,807.03
17455,5817,1101,8,816.01
17456,5817,1351,5,2478.17
17457,5817,1,7,3601.04
17458,5818,1175,9,3746.14
17459,5818,38,9,935.53
17460,5818,1143,1,2192.68
17461,5819,1230,7,1448.62
17462,5820,1111,7,2560.38
17463,5820,1787,4,3510.11
17464,5820,1416,8,3795.76
17465,5820,310,10,1422.93
17466,5821,910,5,4128.37
17467,5822,1364,2,1447.89
17468,5822,714,4,4057.66
17469,5822,1164,5,384.2
17470,5823,1060,8,2634.86
17471,5823,360,5,4311.42
17472,5823,810,8,1914.46
17473,5824,1536,5,3914.75
17474,5824,1249,3,4232.18
17475,5825,1570,9,822.2
17476,5825,1220,10,2170.9
17477,5825,1420,2,4761.56
17478,5826,419,6,4758.41
17479,5827,740,7,3557.75
17480,5827,1240,10,4328.98
17481,5828,1077,4,4552.95
17482,5828,427,2,2116.16
17483,5828,1177,2,1284.41
17484,5828,1477,9,2776.67
17485,5829,1090,2,283.05
17486,5829,1040,9,1873.19
17487,5829,940,6,4204.05
17488,5829,90,1,4427.93
17489,5830,1950,4,3108.36
17490,5830,1100,7,1283.77
17491,5830,950,5,4202.16
17492,5830,150,7,792.72
17493,5831,312,2,4651.85
17494,5831,962,2,3210.74
17495,5831,1862,7,4157.52
17496,5831,1162,7,479.48
17497,5832,485,5,4390.33
17498,5832,1385,4,3898.32
17499,5832,185,3,2070.81
17500,5832,1285,9,2061.92
17501,5832,235,3,2114.09
17502,5833,31,2,4770.7
17503,5833,31,7,3881.46
17504,5833,1431,4,4041.28
17505,5833,81,7,217.12
17506,5834,649,10,4393.86
17507,5835,1204,7,891.02
17508,5835,404,6,554.46
17509,5835,304,2,4591.36
17510,5835,1754,4,880.45
17511,5835,1704,6,1651.11
17512,5836,1231,8,316.98
17513,5836,81,8,521.97
17514,5837,1891,3,929.24
17515,5837,1920,4,2377.18
17516,5837,1087,4,4595.31
17517,5838,124,2,4282.46
17518,5838,1724,1,634.04
17519,5838,24,6,3059.26
17520,5838,1574,6,3090.27
17521,5838,974,10,2772.9
17522,5839,1404,5,89.89
17523,5839,404,3,4059.16
17524,5839,304,6,3314.47
17525,5840,28,5,4596.94
17526,5840,799,10,4627.72
17527,5840,1554,4,4410.15
17528,5841,686,6,329.22
17529,5841,329,3,2228.85
17530,5841,130,8,603.19
17531,5841,740,7,4625.78
17532,5842,533,2,1148.32
17533,5842,633,7,1117.22
17534,5842,433,7,3862.46
17535,5842,533,9,2541.72
17536,5843,1274,10,3454.52
17537,5843,403,4,3843.06
17538,5844,125,4,2513.28
17539,5844,725,1,877.59
17540,5844,1275,8,249.01
17541,5845,1707,8,2155.6
17542,5845,307,9,1422.26
17543,5845,1557,5,1919.66
17544,5846,651,4,4120.11
17545,5846,1551,7,4727.04
17546,5847,308,1,662.71
17547,5847,58,3,2667.6
17548,5847,158,1,4003.75
17549,5847,1908,8,3439.1
17550,5847,808,8,846.89
17551,5848,909,6,437.45
17552,5848,509,5,778.63
17553,5849,1165,2,1118.19
17554,5849,41,2,925.54
17555,5849,1399,5,2005.59
17556,5849,519,8,1471.74
17557,5850,1798,8,503.17
17558,5850,1484,7,124.77
17559,5850,1411,6,2164.39
17560,5850,879,7,2056.51
17561,5851,309,2,1568.8
17562,5851,1059,2,4767.73
17563,5851,1359,3,3052.32
17564,5852,774,2,3122.03
17565,5852,874,10,3936.41
17566,5853,1368,4,3177.35
17567,5853,1215,1,2032.85
17568,5853,97,9,3494.55
17569,5853,168,5,3443.28
17570,5853,418,3,1005.48
17571,5854,1413,8,403.85
17572,5854,813,5,683.89
17573,5854,1113,10,4269.15
17574,5855,605,7,3009.98
17575,5855,505,7,3034.22
17576,5856,443,1,1608.84
17577,5856,1493,4,2751.14
17578,5856,1993,1,557.55
17579,5857,1808,4,1587.32
17580,5857,229,6,1752.67
17581,5857,786,2,685.28
17582,5858,1612,5,859.1
17583,5858,1562,10,880.71
17584,5858,1362,7,1697.77
17585,5859,22,8,4698.16
17586,5859,1622,4,2640.05
17587,5859,172,10,1724.71
17588,5859,722,5,870.16
17589,5860,283,5,4804.24
17590,5860,1483,3,3841.35
17591,5860,1733,1,2514.5
17592,5860,1483,2,109.67
17593,5861,315,2,4605.31
17594,5862,1250,6,3112.28
17595,5862,500,1,3213.15
17596,5862,200,9,1449.9
17597,5862,2000,6,2475.81
17598,5863,1449,6,1598.92
17599,5864,500,8,1750.56
17600,5864,1533,1,1464.24
17601,5864,721,6,4552.95
17602,5864,153,2,1928.27
17603,5864,885,7,1426.55
17604,5865,1468,4,4787.29
17605,5865,268,9,4345.5
17606,5865,1568,10,868.06
17607,5865,1218,6,117.8
17608,5866,601,4,2078.17
17609,5867,668,7,1178.74
17610,5867,1318,1,2161.77
17611,5867,968,8,531.16
17612,5867,1268,1,1404.98
17613,5868,759,3,4538.12
17614,5869,1830,4,4012.41
17615,5869,668,9,1156.97
17616,5870,23,1,2371.69
17617,5871,1418,4,551.9
17618,5871,1495,1,1310.17
17619,5871,1868,7,869.02
17620,5871,785,9,1779.48
17621,5872,1921,7,724.19
17622,5872,771,2,3584.22
17623,5872,1371,2,2629.12
17624,5872,821,1,771.13
17625,5873,194,3,3419.25
17626,5874,946,2,2995.23
17627,5874,1551,10,1018.59
17628,5875,1802,1,4492.82
17629,5875,1652,3,3749.49
17630,5875,1502,9,3562.21
17631,5875,502,8,2923.57
17632,5875,802,1,772.35
17633,5876,1789,2,3532.68
17634,5877,795,4,463.05
17635,5877,745,3,2724.48
17636,5877,1445,3,3130.12
17637,5877,95,4,581.47
17638,5878,692,9,3429.46
17639,5878,1587,6,723.04
17640,5879,1357,2,392.51
17641,5880,22,6,3042.36
17642,5880,1522,10,2447.12
17643,5880,1072,4,1867.04
17644,5880,22,9,2628.51
17645,5881,1312,2,2202.14
17646,5881,604,3,2970.92
17647,5882,1465,8,948.71
17648,5882,1765,6,2272.31
17649,5882,515,5,4565.99
17650,5882,1815,4,1986.98
17651,5882,465,6,4021.12
17652,5883,41,1,3261.33
17653,5883,727,5,3702.57
17654,5883,656,2,4069.35
17655,5883,1808,8,4881.66
17656,5883,345,8,1618.01
17657,5884,1901,9,1861.96
17658,5884,101,9,389.82
17659,5884,1,5,1955.0
17660,5884,1801,6,3026.99
17661,5885,292,2,3953.8
17662,5886,565,8,4035.32
17663,5886,1281,10,4962.34
17664,5886,484,3,1884.0
17665,5886,1684,10,3266.48
17666,5887,1280,4,3391.5
17667,5887,873,8,2091.7
17668,5888,1456,9,466.88
17669,5888,1006,6,3684.46
17670,5888,456,3,2112.05
17671,5888,656,7,1595.72
17672,5889,1565,5,1912.75
17673,5889,1215,10,4452.46
17674,5889,65,6,3488.78
17675,5889,1215,7,4888.34
17676,5889,1665,2,1557.75
17677,5890,957,2,3313.18
17678,5890,1107,7,3871.52
17679,5890,1773,10,3284.26
17680,5890,1885,3,1282.45
17681,5891,707,3,436.88
17682,5892,747,3,740.07
17683,5892,1299,8,3214.66
17684,5892,1117,8,4011.95
17685,5892,425,5,3814.32
17686,5892,1910,3,405.07
17687,5893,98,6,2815.36
17688,5893,348,2,2295.33
17689,5894,1834,1,2006.97
17690,5894,1034,10,710.82
17691,5894,1734,5,3775.48
17692,5894,1234,2,3059.38
17693,5894,1084,7,2680.51
17694,5895,460,3,891.97
17695,5895,1510,6,2060.76
17696,5896,1323,6,3007.84
17697,5897,1626,2,2257.0
17698,5897,1026,4,4264.47
17699,5897,76,10,513.11
17700,5897,826,10,2599.7
17701,5898,612,9,3581.26
17702,5898,1262,3,1152.18
17703,5899,114,9,1263.31
17704,5899,1014,3,111.0
17705,5899,364,5,4381.94
17706,5899,1464,1,2602.41
17707,5899,1164,4,4269.49
17708,5900,1067,9,1165.78
17709,5900,1067,10,4614.31
17710,5900,1317,3,2886.48
17711,5901,232,5,4356.65
17712,5901,382,9,556.66
17713,5902,1069,5,1407.27
17714,5902,1453,4,1356.35
17715,5902,1588,3,4984.62
17716,5903,813,1,1016.68
17717,5903,963,10,153.3
17718,5904,72,6,466.4
17719,5904,922,7,2532.65
17720,5905,1348,5,4407.83
17721,5905,512,9,4403.65
17722,5905,155,6,2520.58
17723,5906,477,1,172.58
17724,5907,273,5,2483.97
17725,5907,123,1,2799.74
17726,5907,1223,6,2567.39
17727,5907,1623,10,3870.11
17728,5908,1953,3,1556.99
17729,5908,303,3,721.13
17730,5908,303,3,3320.48
17731,5908,1403,4,1875.99
17732,5908,153,10,889.63
17733,5909,75,6,4162.04
17734,5909,675,7,1208.56
17735,5909,425,1,945.46
17736,5909,125,9,3849.46
17737,5909,25,6,3314.66
17738,5910,1687,7,3449.98
17739,5910,137,8,2700.11
17740,5910,1437,1,2193.99
17741,5910,687,6,4376.16
17742,5910,1837,10,493.62
17743,5911,514,8,3853.8
17744,5911,1614,4,775.14
17745,5911,1614,6,489.54
17746,5911,414,1,3581.32
17747,5912,1946,5,2653.75
17748,5912,746,4,4544.53
17749,5912,746,2,1849.33
17750,5912,946,7,996.16
17751,5913,499,10,378.62
17752,5913,1376,7,4478.29
17753,5914,89,7,3898.1
17754,5914,1789,2,4844.58
17755,5915,643,5,3694.01
17756,5915,1493,5,3333.7
17757,5915,1693,3,4568.59
17758,5915,1343,4,2231.19
17759,5916,1874,2,2821.86
17760,5916,802,8,636.69
17761,5916,1137,6,4028.33
17762,5916,465,7,4144.94
17763,5917,872,5,4050.97
17764,5917,714,5,1350.21
17765,5917,469,1,2934.71
17766,5918,1558,8,4722.63
17767,5918,1758,9,3658.27
17768,5919,97,3,1513.73
17769,5919,197,8,4595.61
17770,5920,30,5,1632.66
17771,5921,1491,3,2042.3
17772,5921,541,10,4252.86
17773,5921,541,4,87.26
17774,5921,791,9,4649.56
17775,5922,395,4,1289.98
17776,5923,581,9,3811.26
17777,5924,1133,8,1366.58
17778,5924,533,10,905.22
17779,5924,883,8,599.38
17780,5925,1054,9,3644.18
17781,5925,1654,2,4205.25
17782,5926,1997,5,491.59
17783,5926,1597,1,3932.59
17784,5926,647,6,2768.67
17785,5927,364,8,749.15
17786,5927,1766,9,137.07
17787,5927,1044,7,4458.19
17788,5927,1721,6,4058.01
17789,5927,1129,7,2463.99
17790,5928,1369,3,2192.34
17791,5928,1119,1,3756.11
17792,5928,1069,9,1096.23
17793,5928,119,5,342.79
17794,5929,123,1,716.13
17795,5929,723,10,200.53
17796,5930,467,2,1352.06
17797,5930,17,2,698.53
17798,5930,117,8,2554.62
17799,5931,331,1,3892.68
17800,5931,1052,3,60.23
17801,5931,206,3,2409.56
17802,5931,71,1,4911.8
17803,5931,1245,4,1298.89
17804,5932,299,10,1510.43
17805,5932,1199,2,531.6
17806,5932,1999,2,831.09
17807,5933,528,6,2697.77
17808,5933,1628,4,1109.05
17809,5933,278,2,4398.09
17810,5933,78,6,1469.87
17811,5933,678,2,2857.5
17812,5934,1536,1,558.62
17813,5934,1086,1,4108.85
17814,5934,186,4,313.25
17815,5935,1109,4,2075.15
17816,5935,1227,8,187.84
17817,5935,1368,4,3784.56
17818,5935,1157,7,3919.92
17819,5935,114,2,2177.58
17820,5936,1172,7,821.5
17821,5936,872,4,2873.23
17822,5937,1281,1,3200.78
17823,5937,1126,9,150.16
17824,5937,1012,1,2566.87
17825,5937,546,6,4869.08
17826,5937,1794,3,1890.67
17827,5938,1716,8,2989.87
17828,5938,1082,10,4361.02
17829,5938,601,8,852.73
17830,5939,365,3,1299.58
17831,5939,1595,10,2648.7
17832,5939,1396,8,1870.86
17833,5939,1610,3,3895.19
17834,5939,931,6,2208.26
17835,5940,506,8,2505.85
17836,5940,1706,9,3323.42
17837,5941,1559,2,3330.6
17838,5942,16,6,2764.23
17839,5942,1866,5,3984.67
17840,5942,1016,1,1607.96
17841,5943,166,3,1899.65
17842,5943,1059,4,2007.61
17843,5943,802,6,4678.44
17844,5943,395,8,1874.16
17845,5943,1034,1,2412.03
17846,5944,340,1,2991.75
17847,5944,790,3,922.36
17848,5944,1140,2,1182.56
17849,5944,640,1,1718.85
17850,5945,344,4,1347.26
17851,5945,94,4,3905.02
17852,5945,494,3,759.52
17853,5945,1294,1,1333.07
17854,5945,1244,7,1142.3
17855,5946,280,2,4853.34
17856,5946,1130,7,2396.11
17857,5946,780,7,2495.43
17858,5947,1123,5,3030.29
17859,5947,1723,7,67.79
17860,5948,1542,2,3520.71
17861,5948,1442,2,1514.76
17862,5948,742,8,1350.25
17863,5948,342,2,2723.1
17864,5949,1072,9,3026.51
17865,5950,161,9,4835.59
17866,5951,202,6,2515.98
17867,5951,982,9,490.03
17868,5951,1163,2,2773.23
17869,5952,1339,7,2075.54
17870,5952,39,10,3077.62
17871,5953,1583,4,778.38
17872,5953,942,8,551.25
17873,5953,1498,6,2728.2
17874,5953,1761,4,2863.62
17875,5954,1643,8,1199.51
17876,5955,1771,1,4707.65
17877,5955,821,7,1362.88
17878,5955,21,10,173.2
17879,5956,1005,8,176.4
17880,5956,605,6,4570.2
17881,5956,1205,5,2815.43
17882,5956,955,3,656.73
17883,5957,580,10,4928.95
17884,5957,1405,8,3912.85
17885,5957,1942,6,2842.0
17886,5958,763,7,3802.66
17887,5958,406,3,3860.56
17888,5958,1025,6,1672.76
17889,5958,631,10,4260.04
17890,5958,1154,3,414.26
17891,5959,1842,9,2373.95
17892,5959,1442,9,3490.78
17893,5959,1642,2,4639.15
17894,5960,1741,10,561.51
17895,5960,1741,6,334.03
17896,5960,1291,4,825.32
17897,5960,1341,4,3924.64
17898,5961,188,7,3315.06
17899,5961,838,2,320.93
17900,5962,549,3,101.42
17901,5962,1249,7,653.66
17902,5962,1249,2,4939.67
17903,5963,1357,7,1644.65
17904,5963,1422,9,936.15
17905,5963,1129,6,2309.41
17906,5964,21,6,1740.75
17907,5964,221,1,2734.29
17908,5964,171,4,860.18
17909,5964,21,5,1396.86
17910,5965,961,1,2442.95
17911,5965,711,1,2953.97
17912,5965,1811,7,426.44
17913,5965,661,1,4644.66
17914,5965,911,9,4060.99
17915,5966,1999,1,3061.2
17916,5966,1911,6,2007.47
17917,5966,892,6,2803.52
17918,5967,1830,2,1048.49
17919,5967,1119,10,4268.41
17920,5967,447,10,253.5
17921,5967,1401,6,1514.84
17922,5967,48,2,412.36
17923,5968,316,3,3806.76
17924,5968,582,7,1502.86
17925,5968,235,7,1159.78
17926,5968,42,10,2644.53
17927,5968,1904,10,305.81
17928,5969,1245,3,1843.01
17929,5969,84,2,2859.95
17930,5969,1477,3,1514.02
17931,5970,1739,4,4946.9
17932,5970,1988,2,2135.03
17933,5970,164,3,4342.35
17934,5971,931,9,3976.49
17935,5971,1981,3,1488.85
17936,5971,381,9,1128.01
17937,5971,31,7,4052.98
17938,5971,1331,2,4724.07
17939,5972,1265,8,4703.13
17940,5973,1884,4,2555.2
17941,5974,313,4,2279.01
17942,5974,1013,4,336.46
17943,5974,1413,1,3697.19
17944,5974,813,7,4960.63
17945,5975,287,7,92.68
17946,5976,1816,3,2645.52
17947,5976,966,9,816.77
17948,5976,1416,1,2987.62
17949,5977,1930,10,4597.32
17950,5978,1103,8,343.89
17951,5979,1830,10,3831.63
17952,5979,1220,6,3760.81
17953,5979,1882,9,1126.28
17954,5979,142,5,1821.13
17955,5980,568,8,1712.98
17956,5980,835,3,508.64
17957,5980,953,9,948.55
17958,5981,419,9,3223.51
17959,5982,1235,2,4104.6
17960,5982,835,2,3872.35
17961,5983,835,3,1970.35
17962,5983,102,10,2216.76
17963,5983,1845,6,1241.48
17964,5983,1209,6,1126.26
17965,5983,238,3,4785.14
17966,5984,888,6,2556.85
17967,5985,1414,10,1853.22
17968,5985,1964,2,2975.41
17969,5985,814,10,4892.67
17970,5985,864,10,4106.99
17971,5986,1269,6,3033.75
17972,5986,1919,8,2514.53
17973,5986,219,9,451.07
17974,5986,1219,5,2009.75
17975,5986,1269,9,3103.89
17976,5987,903,8,3536.22
17977,5987,1653,3,2623.36
17978,5988,682,4,3663.24
17979,5988,1232,5,2093.7
17980,5988,1196,9,2550.19
17981,5988,267,4,2901.38
17982,5988,1300,2,946.48
17983,5989,1643,3,4703.77
17984,5989,1443,7,4166.32
17985,5989,1943,9,3741.82
17986,5990,919,9,1483.24
17987,5991,224,3,3916.35
17988,5991,1339,5,2430.93
17989,5992,1644,9,2590.74
17990,5992,894,9,562.57
17991,5993,184,1,2328.0
17992,5993,1064,1,4306.75
17993,5993,1669,8,2240.89
17994,5993,1370,5,2616.66
17995,5994,65,2,2292.22
17996,5995,1728,4,1502.73
17997,5995,778,3,4305.94
17998,5995,1328,7,4685.83
17999,5996,187,1,503.12
18000,5997,183,1,4307.86
18001,5997,659,9,2545.73
18002,5997,347,10,4682.26
18003,5998,1808,5,4493.03
18004,5998,1758,5,2598.73
18005,5998,158,8,4667.01
18006,5998,8,7,2996.02
18007,5999,1330,6,2969.76
18008,6000,832,8,721.55
18009,6001,1484,6,1742.02
18010,6002,1818,5,2030.57
18011,6002,418,10,3598.72
18012,6003,970,7,1296.56
18013,6004,1300,9,4059.54
18014,6004,600,4,3687.31
18015,6004,50,7,2945.44
18016,6005,294,7,3997.62
18017,6005,94,5,3371.52
18018,6006,351,9,4623.02
18019,6006,751,10,1722.67
18020,6006,1251,8,2262.73
18021,6006,451,2,3240.53
18022,6007,1585,1,1868.05
18023,6007,67,4,1670.03
18024,6007,538,9,1345.78
18025,6007,1080,6,1361.01
18026,6008,176,6,2322.7
18027,6009,281,9,2704.09
18028,6009,31,4,1834.47
18029,6009,1131,9,3278.9
18030,6009,1181,2,149.65
18031,6009,431,4,3850.08
18032,6010,1836,10,2701.61
18033,6011,350,6,4447.49
18034,6012,1499,5,1316.21
18035,6012,1299,10,4018.32
18036,6013,1594,7,3298.28
18037,6013,830,5,952.2
18038,6013,1354,9,1692.65
18039,6014,495,8,1780.37
18040,6014,621,3,1314.46
18041,6014,942,8,3968.93
18042,6014,109,10,1579.23
18043,6014,1181,5,1694.66
18044,6015,116,9,4629.99
18045,6015,166,1,3667.8
18046,6015,1216,3,3932.66
18047,6015,316,8,548.98
18048,6015,1966,3,2500.74
18049,6016,775,9,2943.18
18050,6016,1725,5,1809.07
18051,6016,1625,9,1020.44
18052,6016,25,10,4757.41
18053,6017,904,7,2734.62
18054,6017,1154,10,797.06
18055,6017,1754,3,2662.74
18056,6017,1804,9,2364.75
18057,6018,1724,10,2428.0
18058,6018,786,4,3935.95
18059,6019,1033,6,3115.84
18060,6019,433,8,2116.75
18061,6019,733,10,3811.8
18062,6019,1633,6,1618.64
18063,6020,738,1,1514.08
18064,6020,1188,8,4595.31
18065,6020,1038,4,3614.68
18066,6020,1288,1,1704.75
18067,6020,1638,10,3956.41
18068,6021,1869,9,4041.34
18069,6022,1252,3,3233.08
18070,6022,1652,1,4371.2
18071,6023,1526,4,3545.22
18072,6023,426,2,1189.9
18073,6023,1876,8,434.12
18074,6023,326,7,2994.68
18075,6023,1276,3,398.25
18076,6024,773,7,2842.26
18077,6024,1073,1,2852.11
18078,6024,473,1,394.05
18079,6024,1323,9,3115.18
18080,6025,608,2,2952.75
18081,6025,1032,5,4077.48
18082,6025,569,8,1698.49
18083,6025,171,7,4515.9
18084,6026,1179,3,1165.97
18085,6026,1629,7,3096.16
18086,6027,107,8,568.32
18087,6028,527,2,4992.37
18088,6028,777,3,455.91
18089,6028,377,7,4942.62
18090,6028,327,5,1067.98
18091,6029,1986,8,306.48
18092,6029,1576,7,1386.39
18093,6029,1570,9,2470.84
18094,6029,780,3,2322.09
18095,6029,287,9,2255.67
18096,6030,1111,6,3507.36
18097,6030,1394,3,1087.98
18098,6030,861,7,4703.92
18099,6031,852,3,2289.66
18100,6032,1714,9,1019.2
18101,6032,1042,9,537.85
18102,6032,1228,10,2699.69
18103,6032,372,6,1968.72
18104,6033,756,10,1870.4
18105,6033,1756,3,691.35
18106,6034,1576,10,407.02
18107,6034,1326,7,3677.55
18108,6034,1126,5,4940.61
18109,6034,126,7,3028.17
18110,6035,157,3,2319.63
18111,6035,607,5,988.34
18112,6035,1607,8,2200.1
18113,6035,457,10,1145.91
18114,6035,1057,7,802.32
18115,6036,1989,2,1961.32
18116,6036,1839,3,4109.22
18117,6036,289,7,2109.03
18118,6036,539,2,2606.03
18119,6036,189,4,3068.0
18120,6037,576,3,3053.33
18121,6037,1176,1,4345.77
18122,6037,1276,7,2244.56
18123,6038,753,4,1832.69
18124,6038,1021,10,3282.72
18125,6039,1115,7,3878.2
18126,6039,1115,6,1718.6
18127,6039,1815,1,4751.94
18128,6040,1116,5,4124.99
18129,6041,649,3,1475.37
18130,6041,499,10,4569.74
18131,6041,49,8,3480.01
18132,6042,1142,6,1100.17
18133,6042,1342,7,3545.23
18134,6042,292,7,4343.56
18135,6042,992,3,205.75
18136,6043,1454,7,4685.99
18137,6043,854,8,708.06
18138,6043,554,3,1562.58
18139,6044,876,4,243.33
18140,6044,26,2,1021.87
18141,6044,626,2,1379.97
18142,6045,1322,8,3977.78
18143,6045,472,6,117.17
18144,6046,2,4,781.62
18145,6047,466,6,2381.09
18146,6047,1566,9,1103.31
18147,6047,366,8,2979.48
18148,6048,376,6,4703.32
18149,6048,1476,5,3254.02
18150,6048,1176,7,4170.43
18151,6048,1076,3,486.92
18152,6049,12,2,4851.44
18153,6050,1538,10,3466.63
18154,6050,38,9,1552.84
18155,6050,1688,7,2724.98
18156,6051,699,2,1579.84
18157,6051,1699,4,3594.53
18158,6051,849,8,3287.16
18159,6051,1749,5,3814.05
18160,6052,1408,3,4492.08
18161,6052,58,5,1146.56
18162,6052,1258,7,1204.94
18163,6053,1253,3,2184.17
18164,6054,1866,7,1217.96
18165,6054,1066,4,925.45
18166,6054,66,2,2646.46
18167,6054,916,5,1101.92
18168,6055,680,8,3268.95
18169,6055,30,9,4057.34
18170,6056,1211,7,76.05
18171,6057,1307,4,2739.17
18172,6057,957,4,3601.65
18173,6058,1333,4,522.99
18174,6058,857,6,1616.92
18175,6058,1830,10,4478.41
18176,6059,1555,1,4080.05
18177,6059,755,7,2337.95
18178,6060,1742,9,3784.49
18179,6060,692,8,394.58
18180,6060,1842,3,2987.35
18181,6060,1592,7,1219.87
18182,6060,1642,5,3223.48
18183,6061,1165,2,1125.98
18184,6061,265,3,4153.62
18185,6061,1465,5,1468.34
18186,6061,965,3,3143.25
18187,6061,1315,4,1290.83
18188,6062,327,7,4824.12
18189,6062,1527,8,1617.03
18190,6062,1377,1,501.52
18191,6063,570,3,4160.27
18192,6063,470,6,4937.16
18193,6064,1759,8,3444.23
18194,6064,609,10,1324.76
18195,6064,9,4,997.86
18196,6065,251,1,3915.43
18197,6066,1660,1,1458.95
18198,6066,310,3,1564.9
18199,6066,160,2,1429.55
18200,6066,310,2,2291.69
18201,6067,441,3,3614.97
18202,6067,1341,6,1045.15
18203,6067,1441,9,570.61
18204,6067,1241,2,4083.47
18205,6068,1623,7,1835.11
18206,6068,395,5,616.12
18207,6069,731,3,2633.7
18208,6070,1699,2,3229.2
18209,6071,958,3,4352.3
18210,6071,1308,4,1048.75
18211,6072,1035,2,3396.51
18212,6073,180,7,3147.13
18213,6073,630,2,1989.48
18214,6073,1230,1,1095.57
18215,6073,1680,1,332.19
18216,6074,570,1,1130.57
18217,6074,270,5,4903.27
18218,6074,870,4,3343.45
18219,6074,370,6,1374.67
18220,6075,566,1,287.1
18221,6075,166,8,396.79
18222,6075,1916,10,4503.2
18223,6075,1066,3,395.67
18224,6075,1466,8,556.53
18225,6076,1848,5,818.35
18226,6076,298,1,4475.51
18227,6076,448,10,313.87
18228,6076,1098,1,2107.49
18229,6076,1348,10,1650.9
18230,6077,1166,2,2198.0
18231,6077,1866,9,4719.41
18232,6077,116,9,2573.84
18233,6078,561,8,3318.27
18234,6078,462,3,1054.6
18235,6078,212,6,4910.29
18236,6078,641,2,1032.61
18237,6078,966,10,394.94
18238,6079,1259,8,1702.44
18239,6079,1217,4,3687.23
18240,6079,617,8,2381.05
18241,6079,1975,8,1768.37
18242,6080,788,2,4884.73
18243,6080,288,1,4400.07
18244,6081,216,8,4471.82
18245,6081,879,7,3628.86
18246,6081,1384,4,4871.46
18247,6081,1729,3,3886.09
18248,6082,282,7,2726.06
18249,6082,82,1,2528.43
18250,6082,1032,7,3551.61
18251,6083,705,6,1834.28
18252,6084,1645,6,4664.71
18253,6085,421,10,998.78
18254,6085,1771,9,1915.98
18255,6086,1008,10,2057.19
18256,6086,1368,4,4191.53
18257,6086,776,5,3536.03
18258,6087,139,1,119.1
18259,6087,1539,9,4114.91
18260,6087,889,9,2277.95
18261,6087,1239,7,1295.38
18262,6088,247,4,2209.5
18263,6088,1186,3,4694.04
18264,6088,943,2,3767.91
18265,6088,1453,2,1228.69
18266,6088,629,8,556.29
18267,6089,1656,10,2538.15
18268,6089,406,10,1460.38
18269,6089,356,7,2043.21
18270,6090,1405,7,4646.94
18271,6091,686,2,3108.73
18272,6092,867,5,4697.57
18273,6092,1331,7,2418.96
18274,6092,841,2,2893.54
18275,6092,1871,2,1508.52
18276,6093,1025,2,1713.06
18277,6094,1320,2,1692.61
18278,6094,808,9,3696.87
18279,6094,931,3,2158.29
18280,6095,340,7,1525.86
18281,6095,790,1,2994.95
18282,6096,1947,7,916.38
18283,6096,211,7,3570.27
18284,6096,981,4,819.26
18285,6097,1155,10,3275.89
18286,6098,789,10,3973.44
18287,6098,789,7,2511.11
18288,6098,1189,5,4922.85
18289,6099,388,5,1688.9
18290,6099,1242,5,3932.53
18291,6099,904,5,4923.85
18292,6099,891,3,3512.74
18293,6099,1051,2,3356.99
18294,6100,1331,6,1163.73
18295,6100,981,7,1261.15
18296,6101,1433,1,971.3
18297,6101,1283,7,3761.55
18298,6102,191,10,4273.58
18299,6102,1122,10,328.01
18300,6102,78,6,2817.94
18301,6103,1892,4,4051.22
18302,6103,664,6,4020.41
18303,6103,1278,4,2652.49
18304,6103,1390,3,521.51
18305,6103,856,8,2278.05
18306,6104,1750,9,715.21
18307,6105,1195,4,2079.74
18308,6105,25,7,1305.9
18309,6105,47,5,2182.72
18310,6105,7,3,429.7
18311,6106,1192,6,3869.67
18312,6106,942,4,243.39
18313,6107,1854,8,1409.8
18314,6107,1154,7,1623.05
18315,6107,1254,4,3912.91
18316,6107,504,3,224.26
18317,6108,873,4,1135.04
18318,6109,758,8,2204.5
18319,6109,1618,1,1406.89
18320,6110,1534,6,2720.66
18321,6111,1344,2,3780.95
18322,6112,406,9,2204.79
18323,6112,617,8,1396.92
18324,6112,160,3,1317.82
18325,6112,1053,10,4047.47
18326,6112,870,6,2012.15
18327,6113,1350,2,3260.84
18328,6113,150,4,4277.14
18329,6113,1750,5,2601.37
18330,6114,1691,6,1173.63
18331,6114,541,1,77.9
18332,6115,825,8,475.62
18333,6115,1325,9,2654.53
18334,6115,625,7,2614.98
18335,6115,1975,3,3173.56
18336,6115,1575,6,4670.88
18337,6116,187,6,711.31
18338,6116,1006,1,963.6
18339,6116,1519,7,2170.25
18340,6116,340,10,546.97
18341,6116,1620,3,764.46
18342,6117,893,9,2707.31
18343,6117,1852,7,1335.8
18344,6117,839,1,3211.97
18345,6117,1224,4,2451.66
18346,6117,1728,3,512.66
18347,6118,416,5,2350.81
18348,6119,372,10,836.64
18349,6119,422,9,4046.8
18350,6120,435,4,2747.75
18351,6120,1135,7,4854.11
18352,6121,1190,9,3001.45
18353,6121,1740,3,3858.43
18354,6122,1519,10,4222.53
18355,6122,1386,3,2532.59
18356,6122,420,7,1959.19
18357,6123,1471,4,1179.02
18358,6123,1071,7,4281.77
18359,6123,1421,8,419.34
18360,6123,421,8,1101.8
18361,6123,521,4,891.74
18362,6124,1880,2,3782.59
18363,6124,1430,9,3943.79
18364,6125,1092,4,523.13
18365,6125,1542,1,1103.5
18366,6125,1442,9,4312.79
18367,6125,1392,10,3022.38
18368,6126,938,10,663.88
18369,6126,1538,7,4589.48
18370,6126,1888,3,4025.11
18371,6127,587,1,232.27
18372,6127,819,10,3598.37
18373,6128,1366,9,1359.63
18374,6128,716,9,2269.3
18375,6128,1516,9,3089.47
18376,6128,1866,10,1882.89
18377,6129,1116,5,4868.11
18378,6129,1716,6,3281.3
18379,6129,866,5,4463.32
18380,6129,1216,7,4452.85
18381,6129,866,10,2187.17
18382,6130,1776,8,4860.85
18383,6130,518,6,4884.03
18384,6130,1682,6,2072.86
18385,6131,120,10,2491.91
18386,6132,913,1,3503.38
18387,6132,463,6,3943.42
18388,6132,1163,9,1909.98
18389,6132,713,5,2714.69
18390,6133,1000,9,2072.2
18391,6134,781,10,389.41
18392,6134,1800,1,1744.49
18393,6135,1069,5,4424.98
18394,6135,1719,4,1210.8
18395,6135,1469,7,2105.5
18396,6135,119,10,3579.77
18397,6136,279,4,3012.77
18398,6136,279,9,1264.26
18399,6136,379,2,4502.24
18400,6136,979,2,4149.22
18401,6136,329,6,4748.52
18402,6137,1006,7,2281.25
18403,6137,556,6,1234.76
18404,6138,604,2,4284.64
18405,6138,568,3,3378.79
18406,6138,116,6,277.1
18407,6139,831,7,166.7
18408,6139,1210,5,4042.17
18409,6139,186,10,953.0
18410,6139,551,9,3439.31
18411,6139,913,7,387.37
18412,6140,1579,4,2390.58
18413,6140,57,9,300.61
18414,6140,640,5,991.99
18415,6140,218,6,1686.87
18416,6140,487,1,2960.58
18417,6141,622,6,2915.98
18418,6141,1172,7,1482.4
18419,6141,272,10,3517.1
18420,6142,1139,3,3496.42
18421,6142,1389,3,3842.42
18422,6143,531,8,1615.11
18423,6143,781,1,1026.64
18424,6143,831,3,1864.83
18425,6143,1131,5,607.17
18426,6143,1931,5,259.22
18427,6144,1540,6,2991.77
18428,6144,1190,6,577.37
18429,6144,1440,2,901.9
18430,6145,1857,6,3849.43
18431,6145,1657,7,253.15
18432,6145,1407,9,1515.62
18433,6145,157,8,1872.68
18434,6145,407,8,1415.08
18435,6146,512,6,3078.45
18436,6147,183,3,757.58
18437,6148,137,6,348.05
18438,6148,687,3,4817.56
18439,6149,1532,7,3237.76
18440,6150,913,4,4689.06
18441,6151,1029,2,4587.88
18442,6151,1929,9,1326.91
18443,6151,329,6,3798.76
18444,6151,1129,6,1357.02
18445,6151,1279,3,1228.84
18446,6152,939,10,609.62
18447,6152,389,4,4630.05
18448,6152,1089,7,3993.45
18449,6152,789,2,3756.88
18450,6153,1413,8,1342.18
18451,6153,1713,2,1633.39
18452,6153,1813,9,3095.27
18453,6154,1720,1,972.4
18454,6154,1852,5,3710.65
18455,6154,723,8,4092.01
18456,6154,563,2,4180.54
18457,6154,1806,7,1355.25
18458,6155,474,8,4499.12
18459,6156,75,5,52.84
18460,6156,75,3,1786.1
18461,6157,923,7,4497.25
18462,6157,1173,9,2590.38
18463,6158,239,2,3771.54
18464,6158,1639,6,120.88
18465,6158,239,2,2034.85
18466,6158,189,2,1690.42
18467,6159,1146,7,4610.14
18468,6159,1796,5,4663.46
18469,6159,846,10,1494.04
18470,6159,1296,9,721.68
18471,6160,931,5,1371.33
18472,6161,1185,10,1239.04
18473,6162,260,7,1296.36
18474,6162,560,8,391.19
18475,6162,1710,10,3672.57
18476,6163,1409,8,4537.38
18477,6163,109,2,1958.06
18478,6163,1359,4,4242.87
18479,6163,1309,1,1151.67
18480,6163,1859,2,252.72
18481,6164,1937,10,2466.59
18482,6164,1337,4,4563.0
18483,6165,765,6,2450.96
18484,6166,526,4,3410.24
18485,6166,326,10,378.11
18486,6166,126,6,1976.07
18487,6167,1879,5,216.33
18488,6167,1979,7,2125.59
18489,6167,1879,10,2359.5
18490,6167,79,2,4614.43
18491,6167,1129,8,2679.55
18492,6168,1593,1,1119.73
18493,6168,1893,7,4973.81
18494,6168,1043,8,3236.54
18495,6168,1493,4,353.57
18496,6169,1772,1,526.08
18497,6169,772,5,4789.03
18498,6169,1322,9,3931.34
18499,6169,22,8,4717.14
18500,6170,852,9,3876.22
18501,6170,1202,9,1445.53
18502,6171,1195,5,2174.16
18503,6171,1545,6,945.4
18504,6171,1345,1,2319.81
18505,6171,1095,5,942.55
18506,6171,1495,1,4836.22
18507,6172,354,10,3859.37
18508,6173,685,4,1386.24
18509,6173,1285,4,2813.59
18510,6173,1985,4,4889.87
18511,6173,1735,2,1469.14
18512,6173,435,6,4966.61
18513,6174,185,5,288.02
18514,6174,1435,9,3058.48
18515,6174,685,9,155.67
18516,6175,1494,3,1085.97
18517,6175,294,2,645.28
18518,6175,1194,9,4970.44
18519,6176,1011,6,514.46
18520,6176,1618,5,4782.19
18521,6176,999,8,4589.97
18522,6176,1212,10,3404.18
18523,6177,447,9,932.27
18524,6177,444,1,1539.82
18525,6177,1348,2,2896.41
18526,6177,1771,3,1441.15
18527,6177,1212,6,110.65
18528,6178,462,1,886.99
18529,6178,1262,2,413.54
18530,6178,212,8,1704.8
18531,6178,1112,1,4315.42
18532,6179,1389,5,4944.95
18533,6179,1239,1,2337.02
18534,6180,428,6,1915.2
18535,6180,328,3,2716.07
18536,6180,528,4,2949.95
18537,6180,1828,4,1066.14
18538,6181,54,3,257.33
18539,6182,1352,4,2734.33
18540,6182,1302,4,1938.99
18541,6182,752,3,3032.43
18542,6183,228,8,3484.29
18543,6183,628,9,3468.68
18544,6183,778,10,3930.71
18545,6183,628,9,3477.05
18546,6183,1578,6,3888.43
18547,6184,1254,8,1263.19
18548,6184,54,7,1466.37
18549,6184,404,1,2937.24
18550,6184,104,8,1673.32
18551,6184,304,7,1106.04
18552,6185,352,1,4522.82
18553,6186,633,5,3208.28
18554,6186,1483,4,448.22
18555,6186,1183,8,2604.25
18556,6187,421,4,2267.46
18557,6187,1121,2,3351.87
18558,6187,871,8,1895.62
18559,6187,1021,8,1993.89
18560,6188,343,1,3777.16
18561,6188,193,8,1556.87
18562,6188,643,7,4408.12
18563,6188,1293,5,3044.49
18564,6188,193,9,2906.8
18565,6189,327,7,3662.85
18566,6189,927,2,3075.3
18567,6189,127,2,101.63
18568,6189,477,3,4035.27
18569,6189,277,10,3809.52
18570,6190,390,1,3277.15
18571,6190,690,6,1134.37
18572,6190,1890,10,4564.96
18573,6190,1440,9,4944.11
18574,6191,1808,3,4487.93
18575,6191,577,4,3926.23
18576,6191,500,6,4649.35
18577,6191,9,6,377.19
18578,6192,557,7,3962.99
18579,6192,1807,1,4659.99
18580,6192,1107,1,2852.26
18581,6192,1307,1,327.16
18582,6192,257,4,2355.57
18583,6193,1127,2,443.11
18584,6193,910,2,4498.41
18585,6194,1099,7,3658.25
18586,6194,1199,6,3004.65
18587,6194,999,3,1268.89
18588,6195,1085,3,862.57
18589,6195,1839,5,984.65
18590,6195,1677,4,1907.66
18591,6196,343,3,4245.55
18592,6196,493,8,4550.04
18593,6196,93,5,2257.11
18594,6196,1343,2,2529.68
18595,6196,43,1,4746.14
18596,6197,1700,4,2458.48
18597,6197,600,1,2319.89
18598,6198,1309,5,1380.77
18599,6198,1809,4,4889.93
18600,6198,59,2,328.35
18601,6198,559,4,3861.36
18602,6199,696,2,3315.99
18603,6199,1287,3,2720.79
18604,6199,1859,2,2382.27
18605,6199,932,4,3807.65
18606,6199,1700,4,4221.39
18607,6200,1084,2,4091.82
18608,6200,1739,7,3772.12
18609,6200,164,6,4070.96
18610,6201,962,4,2858.8
18611,6201,1062,10,4305.98
18612,6201,62,2,702.14
18613,6201,612,4,2080.59
18614,6202,118,7,2875.2
18615,6202,68,5,1653.05
18616,6203,1705,8,4787.46
18617,6203,705,8,139.13
18618,6203,1055,1,4156.25
18619,6204,907,9,3151.61
18620,6204,1457,3,4075.71
18621,6204,357,4,3405.9
18622,6204,1907,10,1730.61
18623,6204,457,3,3574.32
18624,6205,1574,2,2813.45
18625,6205,418,6,2519.21
18626,6206,1748,3,1325.48
18627,6206,598,9,1393.09
18628,6206,448,6,2652.03
18629,6207,1565,2,3269.4
18630,6208,1553,3,2612.36
18631,6208,203,10,1536.8
18632,6208,1303,10,4629.89
18633,6209,541,1,1781.12
18634,6209,291,8,2284.71
18635,6210,787,4,351.6
18636,6210,413,4,1696.32
18637,6210,950,4,988.7
18638,6211,971,3,3002.55
18639,6211,1971,5,463.32
18640,6212,298,2,641.82
18641,6213,1165,2,2212.59
18642,6213,265,2,1318.9
18643,6214,115,5,1782.04
18644,6215,409,7,3528.11
18645,6215,1359,1,3046.25
18646,6215,409,8,1233.76
18647,6215,1809,2,3951.02
18648,6216,1080,1,2967.13
18649,6217,524,10,4293.09
18650,6217,1124,8,3251.0
18651,6217,1574,7,3167.24
18652,6218,1392,1,1190.96
18653,6218,892,2,3643.58
18654,6218,1792,2,3325.78
18655,6219,1237,3,3946.44
18656,6219,1510,8,3183.25
18657,6219,1612,6,3054.92
18658,6220,1245,6,1455.41
18659,6220,854,1,1162.42
18660,6220,1629,3,1516.25
18661,6220,413,9,3064.04
18662,6221,1562,2,4996.19
18663,6221,1962,5,4901.79
18664,6222,283,3,1417.63
18665,6223,1722,10,511.48
18666,6224,1896,4,4939.56
18667,6224,1096,9,2555.3
18668,6224,596,6,4930.45
18669,6224,196,2,1956.81
18670,6224,1246,10,4973.45
18671,6225,1395,5,1337.86
18672,6225,1617,4,1156.19
18673,6225,1281,3,2599.02
18674,6225,362,6,1445.61
18675,6226,376,7,616.31
18676,6226,126,2,2627.79
18677,6226,1076,1,972.5
18678,6226,326,8,4314.33
18679,6226,1376,1,3512.36
18680,6227,518,10,1465.16
18681,6227,718,7,1473.48
18682,6228,1121,5,779.29
18683,6228,1271,1,4787.13
18684,6228,571,5,4472.62
18685,6229,1255,10,2463.1
18686,6229,1505,3,4442.2
18687,6229,605,5,1776.59
18688,6230,1032,1,1628.79
18689,6230,1732,1,4900.3
18690,6230,1382,5,2224.99
18691,6230,182,10,1570.59
18692,6231,383,3,2537.4
18693,6231,1733,4,2650.11
18694,6232,21,8,2431.76
18695,6233,1188,9,3320.08
18696,6233,1688,1,2879.81
18697,6234,1742,7,686.38
18698,6235,997,2,3394.4
18699,6235,1047,10,504.63
18700,6235,397,10,1576.36
18701,6235,47,10,3896.61
18702,6236,1027,5,3043.26
18703,6236,670,3,2499.05
18704,6236,226,5,2990.93
18705,6236,492,10,3396.18
18706,6237,1639,4,3650.39
18707,6237,1350,10,1397.7
18708,6237,542,10,3606.56
18709,6238,971,5,2756.39
18710,6238,1869,2,4257.14
18711,6238,1076,10,4505.73
18712,6238,70,6,4178.75
18713,6238,1668,6,1523.25
18714,6239,1706,7,2079.34
18715,6239,1206,5,4502.69
18716,6240,447,8,595.64
18717,6240,1947,8,2425.05
18718,6240,1747,2,2413.85
18719,6241,1457,4,1370.14
18720,6242,675,9,2399.34
18721,6242,1175,2,2975.09
18722,6242,375,3,2296.39
18723,6243,1531,2,4818.17
18724,6243,1581,6,1906.98
18725,6243,1731,2,3089.03
18726,6243,1331,4,1134.3
18727,6243,1581,9,1567.63
18728,6244,116,1,1395.25
18729,6244,1887,5,3532.57
18730,6245,1550,2,4044.11
18731,6245,1711,9,4301.91
18732,6245,1485,1,2668.12
18733,6246,1962,7,4300.61
18734,6247,1463,2,568.44
18735,6247,346,3,552.75
18736,6248,1858,1,1963.09
18737,6248,1208,8,1318.68
18738,6249,1810,1,2402.6
18739,6249,105,6,2071.75
18740,6249,416,2,502.96
18741,6249,1630,9,3313.16
18742,6249,1243,10,254.77
18743,6250,121,7,4746.12
18744,6250,840,5,3829.28
18745,6250,299,2,2239.91
18746,6251,1027,6,4930.06
18747,6251,1577,7,3119.7
18748,6251,1177,3,1796.86
18749,6252,375,7,3626.76
18750,6252,75,9,3183.85
18751,6252,1475,1,1177.46
18752,6252,875,3,4625.26
18753,6253,754,6,2552.57
18754,6253,604,8,2888.32
18755,6253,54,2,3772.86
18756,6254,434,9,4936.18
18757,6254,284,8,2131.29
18758,6254,1284,7,511.48
18759,6254,1884,4,859.46
18760,6254,1384,10,2608.54
18761,6255,1778,10,341.15
18762,6255,828,8,4743.61
18763,6256,1512,8,2244.1
18764,6257,55,2,2700.02
18765,6257,1769,9,3846.1
18766,6257,328,5,920.55
18767,6258,1064,2,4631.87
18768,6258,814,2,4568.0
18769,6258,1614,8,3958.54
18770,6258,714,10,4640.33
18771,6258,164,2,4359.93
18772,6259,41,3,4413.12
18773,6260,613,7,4886.0
18774,6260,913,4,450.35
18775,6260,213,10,2398.39
18776,6260,1313,7,407.04
18777,6261,1143,5,856.02
18778,6261,143,1,4743.3
18779,6261,1643,7,692.92
18780,6261,793,9,508.46
18781,6261,243,6,509.3
18782,6262,659,1,2764.95
18783,6262,1309,8,2805.45
18784,6262,1809,2,1620.01
18785,6263,36,2,727.43
18786,6263,236,6,111.34
18787,6263,136,8,1694.37
18788,6263,86,6,325.19
18789,6263,1186,9,270.99
18790,6264,722,4,1312.97
18791,6264,622,10,4142.69
18792,6264,1272,5,2402.51
18793,6264,522,7,1424.36
18794,6264,72,7,1144.03
18795,6265,304,5,1629.26
18796,6265,280,2,3275.99
18797,6265,1011,8,2291.98
18798,6265,1823,4,4830.76
18799,6266,1905,5,566.55
18800,6266,655,4,4500.21
18801,6266,205,2,2381.25
18802,6267,764,3,3162.39
18803,6267,564,9,4952.07
18804,6268,659,6,1158.62
18805,6268,1608,1,3790.83
18806,6268,164,4,1009.28
18807,6269,1057,3,2699.94
18808,6269,1757,4,2546.16
18809,6269,1107,5,4975.85
18810,6269,1307,4,2826.67
18811,6270,1323,1,4644.98
18812,6270,173,9,4046.92
18813,6270,1273,8,4788.6
18814,6270,1973,8,2333.83
18815,6271,620,10,273.4
18816,6271,320,2,68.14
18817,6271,20,1,4096.27
18818,6271,20,10,2972.53
18819,6272,24,4,798.45
18820,6272,174,3,2423.11
18821,6272,224,1,1082.71
18822,6273,1098,3,3369.66
18823,6273,1498,5,4625.49
18824,6273,98,6,2425.04
18825,6273,1648,3,3177.75
18826,6273,548,8,2362.57
18827,6274,1847,5,2191.57
18828,6274,347,9,230.73
18829,6274,97,10,2294.6
18830,6274,1197,9,1346.57
18831,6274,147,6,1612.41
18832,6275,156,8,4607.25
18833,6275,1556,9,262.01
18834,6275,1606,1,1803.72
18835,6275,1956,3,4410.02
18836,6275,1656,6,2639.78
18837,6276,1157,8,1044.68
18838,6276,1257,5,725.93
18839,6276,657,7,1926.77
18840,6276,907,1,4835.59
18841,6277,1979,4,76.3
18842,6277,1100,4,2965.06
18843,6277,1620,2,3316.62
18844,6277,452,10,4619.39
18845,6277,1397,8,4416.17
18846,6278,1196,2,3649.67
18847,6278,1946,5,2277.28
18848,6278,1746,10,1007.68
18849,6278,996,5,828.89
18850,6279,1627,10,1589.69
18851,6279,1427,4,4247.68
18852,6280,1342,9,3109.44
18853,6280,1642,7,4256.55
18854,6281,1888,5,2197.78
18855,6282,1972,6,880.61
18856,6282,1972,2,2698.44
18857,6282,922,1,2892.99
18858,6282,1272,3,147.63
18859,6283,80,7,4329.87
18860,6283,330,5,3043.6
18861,6283,480,9,3255.9
18862,6283,1880,3,2850.68
18863,6284,1200,9,1247.71
18864,6284,1100,10,324.99
18865,6284,100,7,3458.28
18866,6284,1400,7,3893.08
18867,6285,1927,10,2819.18
18868,6285,1827,2,1977.49
18869,6286,103,6,3153.74
18870,6287,1506,5,4239.49
18871,6288,266,3,436.94
18872,6288,1413,2,1864.39
18873,6288,1100,9,1542.46
18874,6288,1160,2,3939.3
18875,6288,1386,4,584.24
18876,6289,1781,1,2592.39
18877,6289,1331,6,4334.07
18878,6289,1731,5,423.97
18879,6289,1131,6,4633.86
18880,6290,752,5,2328.5
18881,6290,1768,2,1561.91
18882,6290,1102,3,697.44
18883,6291,1312,1,4004.25
18884,6291,1112,6,3850.6
18885,6292,727,8,2434.31
18886,6293,341,1,4274.91
18887,6293,1229,8,4580.28
18888,6294,1784,6,3205.12
18889,6295,345,9,1728.5
18890,6295,467,2,4616.23
18891,6296,1183,1,1269.42
18892,6297,181,7,3930.05
18893,6297,1481,7,1934.48
18894,6298,430,5,736.96
18895,6299,889,2,4687.34
18896,6299,239,5,1820.13
18897,6300,1053,7,377.96
18898,6300,1803,7,4249.45
18899,6300,953,3,3625.43
18900,6301,363,10,1143.04
18901,6301,113,8,2254.92
18902,6302,1798,7,795.02
18903,6302,1098,1,1904.1
18904,6302,948,2,1399.84
18905,6302,1948,9,3097.34
18906,6303,1491,7,3576.09
18907,6303,191,3,2853.98
18908,6304,1993,4,3037.34
18909,6304,1743,2,3083.12
18910,6304,693,2,212.2
18911,6304,1043,4,2529.8
18912,6304,993,3,2717.57
18913,6305,583,2,3141.64
18914,6306,1710,5,4299.37
18915,6307,1186,2,2415.48
18916,6307,1954,10,1246.08
18917,6307,1188,7,2906.34
18918,6308,346,9,2266.33
18919,6308,1496,10,228.22
18920,6308,1146,10,3806.88
18921,6309,1489,3,4665.34
18922,6310,1184,7,2292.26
18923,6310,1283,6,1070.54
18924,6310,71,7,1159.29
18925,6311,189,10,2163.78
18926,6311,1170,8,941.81
18927,6312,952,7,2672.64
18928,6312,573,9,1855.76
18929,6312,1354,2,4418.88
18930,6312,1588,3,3279.12
18931,6313,1568,9,609.56
18932,6314,511,9,4997.96
18933,6314,1744,3,925.8
18934,6315,99,5,935.37
18935,6316,651,8,1303.69
18936,6317,673,1,3120.06
18937,6317,34,7,535.82
18938,6317,1400,10,4664.55
18939,6318,1898,8,2321.1
18940,6318,648,8,4556.14
18941,6318,1998,10,50.07
18942,6318,598,6,1652.75
18943,6318,48,10,2025.78
18944,6319,1638,10,3311.45
18945,6320,703,9,2805.68
18946,6320,1903,8,1348.86
18947,6321,713,6,2893.43
18948,6321,813,9,2716.18
18949,6322,1474,7,4102.59
18950,6322,524,5,4129.14
18951,6322,474,5,1180.69
18952,6322,1374,6,811.4
18953,6323,642,2,4503.27
18954,6323,142,3,2464.65
18955,6324,926,1,766.63
18956,6324,432,7,4242.81
18957,6324,1061,1,2360.08
18958,6324,355,7,4266.97
18959,6325,1568,10,4867.81
18960,6325,74,9,1678.17
18961,6325,474,9,3482.63
18962,6326,1801,5,485.33
18963,6326,1,4,779.28
18964,6326,1751,6,1112.21
18965,6326,401,6,1795.62
18966,6327,1757,4,2740.02
18967,6327,1457,4,1174.9
18968,6327,1407,10,116.44
18969,6327,1557,5,1925.68
18970,6328,1688,8,1605.33
18971,6328,481,9,3411.81
18972,6328,1491,5,4894.33
18973,6328,850,8,4304.14
18974,6328,1532,7,2920.85
18975,6329,643,9,2090.51
18976,6330,223,9,3880.32
18977,6330,1273,3,3891.28
18978,6330,1273,9,4763.86
18979,6330,173,2,1935.72
18980,6331,722,3,3496.41
18981,6331,1322,5,1260.64
18982,6331,1072,3,868.78
18983,6332,1286,9,4764.13
18984,6333,819,4,4100.25
18985,6333,1369,8,908.69
18986,6333,1169,6,3943.91
18987,6333,1169,9,1385.77
18988,6334,1905,1,3014.29
18989,6335,51,4,1254.27
18990,6335,751,9,2371.68
18991,6336,1903,10,3778.76
18992,6337,434,2,3105.48
18993,6338,554,2,2739.41
18994,6338,254,5,4671.35
18995,6338,4,2,2745.67
18996,6338,654,2,3121.68
18997,6338,1304,6,1506.87
18998,6339,967,4,2508.56
18999,6339,1617,6,191.5
19000,6339,1817,10,4203.69
19001,6340,1373,5,731.02
19002,6340,1322,9,1060.37
19003,6340,143,3,902.0
19004,6340,118,8,4000.96
19005,6341,1521,3,305.82
19006,6341,945,4,1153.58
19007,6341,1888,9,3699.54
19008,6341,1443,9,4451.1
19009,6342,1845,3,868.02
19010,6342,1095,5,3595.55
19011,6342,345,1,4195.03
19012,6342,895,2,3306.7
19013,6342,1995,10,1281.06
19014,6343,1367,1,2905.57
19015,6344,1610,2,3352.01
19016,6344,460,5,2500.37
19017,6344,810,9,1472.67
19018,6345,1135,4,1458.12
19019,6345,385,1,1608.13
19020,6345,1535,5,1146.74
19021,6345,1985,6,4585.43
19022,6345,585,3,4986.29
19023,6346,786,6,397.31
19024,6346,1886,4,3238.34
19025,6346,336,10,3651.11
19026,6346,136,4,2864.02
19027,6346,1536,4,1336.63
19028,6347,1984,5,4740.68
19029,6347,1634,6,1277.45
19030,6348,1086,5,3918.42
19031,6348,444,9,1047.51
19032,6348,1579,6,4931.38
19033,6349,177,4,343.01
19034,6349,627,8,4828.79
19035,6349,1877,3,560.1
19036,6349,477,3,2153.61
19037,6349,877,9,3052.41
19038,6350,975,6,3524.99
19039,6350,1775,6,4500.82
19040,6350,1625,7,2727.86
19041,6351,568,5,2778.8
19042,6351,1918,1,822.73
19043,6351,768,3,806.64
19044,6352,1320,2,1539.54
19045,6352,334,7,3800.09
19046,6352,690,9,1971.24
19047,6352,1972,3,1314.89
19048,6352,801,9,965.31
19049,6353,1164,5,4385.41
19050,6353,1114,7,1393.73
19051,6353,14,10,614.38
19052,6353,14,2,3172.04
19053,6354,528,1,345.13
19054,6354,1278,1,1867.58
19055,6355,584,5,4159.86
19056,6356,893,1,2672.48
19057,6356,143,3,816.83
19058,6356,1093,3,3079.96
19059,6356,1143,7,3277.05
19060,6357,1354,5,2026.15
19061,6357,204,4,2706.91
19062,6358,752,1,1412.52
19063,6358,1702,7,2844.07
19064,6358,1202,6,2445.69
19065,6358,452,4,3877.7
19066,6358,52,8,2885.78
19067,6359,1876,10,1350.35
19068,6359,1676,9,1656.76
19069,6359,26,10,2891.56
19070,6359,26,2,1131.65
19071,6360,276,4,579.01
19072,6360,1326,4,2042.98
19073,6360,1176,3,1100.01
19074,6360,1276,8,2564.93
19075,6361,1485,9,4700.14
19076,6361,175,8,743.53
19077,6361,1295,3,3208.98
19078,6362,1197,5,958.2
19079,6362,694,4,2638.83
19080,6362,1946,3,1049.51
19081,6362,1137,6,2054.86
19082,6362,1825,6,4307.68
19083,6363,602,5,1860.53
19084,6363,352,2,959.73
19085,6363,1052,10,3565.22
19086,6364,1019,10,2436.56
19087,6364,69,6,1104.64
19088,6364,1769,5,470.12
19089,6364,669,2,1004.21
19090,6365,1724,4,2275.11
19091,6365,164,3,2965.59
19092,6365,533,5,1992.23
19093,6365,1775,2,1687.23
19094,6365,94,6,2563.76
19095,6366,566,3,2651.69
19096,6366,1166,10,4630.22
19097,6366,466,3,2749.54
19098,6367,465,6,806.77
19099,6367,765,9,57.29
19100,6368,574,8,938.51
19101,6368,1274,4,2288.01
19102,6368,174,3,4170.79
19103,6369,187,2,1250.6
19104,6369,1749,5,2888.18
19105,6370,344,5,3567.41
19106,6370,594,10,1892.54
19107,6370,294,7,4070.22
19108,6370,1494,8,2257.55
19109,6370,1894,7,601.01
19110,6371,190,4,3984.12
19111,6371,1968,2,3313.19
19112,6371,758,6,3559.24
19113,6371,110,2,4349.6
19114,6372,749,7,3437.73
19115,6372,799,2,4978.57
19116,6372,1299,1,3878.16
19117,6372,1549,10,739.22
19118,6373,40,1,3230.62
19119,6374,757,5,2135.36
19120,6374,507,1,2782.91
19121,6374,1257,9,4957.81
19122,6374,1807,1,2636.81
19123,6374,607,2,191.56
19124,6375,793,1,3746.38
19125,6375,843,4,2871.99
19126,6375,1143,9,3846.46
19127,6375,1243,1,3853.76
19128,6376,570,2,3957.67
19129,6377,87,8,3260.58
19130,6377,609,4,3776.26
19131,6378,1215,4,2063.18
19132,6378,1465,8,2209.97
19133,6379,1952,7,4858.67
19134,6379,752,3,163.29
19135,6379,1602,8,503.7
19136,6379,1452,7,4760.87
19137,6379,1252,8,4043.09
19138,6380,1549,5,4660.0
19139,6381,1761,10,4083.78
19140,6381,961,3,4329.96
19141,6381,1311,9,679.21
19142,6382,1889,3,2183.84
19143,6382,339,4,2803.21
19144,6382,1239,6,4114.28
19145,6382,1639,3,4023.62
19146,6382,1689,9,4022.01
19147,6383,567,10,2375.14
19148,6383,1326,7,1057.55
19149,6384,1526,9,1321.44
19150,6385,1443,7,3132.47
19151,6385,1593,3,2315.48
19152,6385,1443,5,486.61
19153,6385,243,10,492.55
19154,6386,1054,9,621.79
19155,6387,244,8,3657.53
19156,6387,44,1,1880.1
19157,6388,1825,8,2585.23
19158,6389,635,9,3817.23
19159,6389,635,2,1317.17
19160,6389,1785,2,780.23
19161,6389,1435,5,3029.72
19162,6390,931,9,3921.72
19163,6390,249,4,4405.54
19164,6390,560,6,4799.5
19165,6391,550,5,1759.44
19166,6392,1882,10,2433.66
19167,6392,1782,1,1172.67
19168,6392,1232,3,2424.3
19169,6392,1332,8,510.76
19170,6393,1223,8,2786.16
19171,6393,1626,2,4920.46
19172,6393,708,3,4604.41
19173,6393,201,9,4557.13
19174,6394,1130,5,4722.34
19175,6395,1025,9,548.65
19176,6395,1525,6,2922.93
19177,6395,725,8,3853.62
19178,6395,1825,8,824.11
19179,6396,888,1,3426.86
19180,6397,1089,9,2532.79
19181,6397,939,5,3089.19
19182,6397,1589,5,246.51
19183,6397,1639,5,1015.34
19184,6398,795,5,3700.37
19185,6398,1054,5,3554.25
19186,6398,1240,10,470.32
19187,6399,1793,8,1554.73
19188,6399,493,4,784.88
19189,6399,1943,10,776.83
19190,6399,293,3,130.74
19191,6400,814,2,690.2
19192,6400,514,6,1544.13
19193,6400,1664,7,3493.05
19194,6401,515,9,3420.16
19195,6401,1337,2,716.47
19196,6401,574,8,2783.36
19197,6402,9,7,4878.22
19198,6402,1309,5,3032.98
19199,6403,7,5,4087.09
19200,6403,1507,3,4828.67
19201,6403,807,1,882.56
19202,6403,1707,8,2992.93
19203,6404,507,3,4445.55
19204,6404,1107,3,4309.98
19205,6404,907,2,3527.45
19206,6405,4,10,4570.5
19207,6405,1154,1,2303.12
19208,6405,504,7,3665.79
19209,6405,1704,8,163.96
19210,6406,1731,9,86.0
19211,6406,731,7,1441.19
19212,6407,242,9,2026.98
19213,6408,577,6,4354.08
19214,6408,727,5,725.65
19215,6408,777,7,1791.92
19216,6409,456,1,1549.33
19217,6410,1720,8,4637.28
19218,6411,1838,6,3229.6
19219,6411,688,6,2066.75
19220,6412,765,2,4802.76
19221,6413,263,8,1753.17
19222,6413,1049,9,4189.85
19223,6413,1599,7,4304.68
19224,6413,1124,1,2091.39
19225,6414,1642,10,4816.55
19226,6414,292,6,3737.92
19227,6414,1292,1,4011.57
19228,6414,1942,10,3154.05
19229,6414,1492,2,56.87
19230,6415,816,4,456.79
19231,6415,1766,10,2135.25
19232,6415,1166,4,803.02
19233,6415,916,1,4328.76
19234,6415,1666,3,410.99
19235,6416,171,2,3859.69
19236,6417,1470,1,4785.99
19237,6417,1820,1,4425.04
19238,6417,1620,7,1279.79
19239,6417,1020,4,4638.35
19240,6417,1870,10,4648.71
19241,6418,1911,7,3825.68
19242,6418,961,3,1094.03
19243,6419,923,5,1766.58
19244,6419,1523,2,468.32
19245,6420,764,7,97.23
19246,6420,114,8,3537.74
19247,6421,165,4,2391.65
19248,6422,258,7,3715.68
19249,6422,681,4,4075.08
19250,6423,1472,7,2165.5
19251,6423,1222,6,4449.03
19252,6424,171,6,445.18
19253,6424,1953,4,205.18
19254,6425,1007,7,2238.74
19255,6426,34,8,1011.63
19256,6427,547,10,1725.54
19257,6427,1397,2,709.24
19258,6427,97,8,4045.89
19259,6427,447,2,3333.12
19260,6428,467,7,2968.44
19261,6428,717,10,2934.59
19262,6428,567,5,1718.93
19263,6428,1667,9,4605.71
19264,6429,1291,10,2783.19
19265,6429,891,6,4973.19
19266,6430,562,5,949.0
19267,6430,512,1,753.0
19268,6430,62,6,2591.7
19269,6430,12,4,2089.46
19270,6431,1972,7,1827.47
19271,6431,1122,10,2219.93
19272,6431,1722,7,4812.4
19273,6432,1715,8,1329.38
19274,6432,215,4,2850.31
19275,6433,1378,2,3635.84
19276,6434,1196,4,1460.08
19277,6434,1346,4,2941.19
19278,6434,1646,9,1116.02
19279,6435,1513,8,2924.95
19280,6435,313,1,4995.4
19281,6435,363,10,3677.38
19282,6435,163,6,3205.77
19283,6435,863,7,3002.15
19284,6436,1318,2,1099.62
19285,6436,942,10,3966.91
19286,6437,1031,2,720.95
19287,6437,512,4,2058.31
19288,6437,1119,2,614.58
19289,6437,627,4,2176.4
19290,6438,1886,10,3912.65
19291,6438,86,2,3739.44
19292,6438,786,6,4492.48
19293,6438,136,6,2118.08
19294,6439,881,5,793.08
19295,6439,581,2,1036.65
19296,6439,1831,8,303.31
19297,6439,1031,9,2939.67
19298,6439,731,4,1962.59
19299,6440,882,1,1887.4
19300,6440,1482,1,980.48
19301,6440,482,6,4073.87
19302,6441,98,1,3643.42
19303,6442,712,10,2101.34
19304,6442,162,4,4643.88
19305,6443,999,4,503.51
19306,6443,849,8,3754.76
19307,6444,1026,9,3478.71
19308,6445,1659,5,1463.57
19309,6446,375,3,3458.67
19310,6446,1625,4,237.52
19311,6446,175,6,376.85
19312,6446,475,8,2841.61
19313,6446,1975,5,4609.98
19314,6447,1654,4,2633.96
19315,6448,1041,8,3812.13
19316,6448,141,2,1361.64
19317,6448,541,6,962.01
19318,6449,1365,2,2872.31
19319,6449,509,5,3571.85
19320,6450,234,1,3718.32
19321,6450,1634,2,2319.26
19322,6451,1258,5,1334.96
19323,6451,1958,6,4726.27
19324,6451,1208,2,1498.81
19325,6452,1882,4,959.45
19326,6452,732,8,1573.61
19327,6452,632,6,1033.85
19328,6452,1882,3,1457.42
19329,6452,332,3,4670.36
19330,6453,138,1,4966.84
19331,6453,1088,9,3894.51
19332,6454,40,9,4360.9
19333,6454,390,3,106.22
19334,6454,40,9,1510.62
19335,6455,1688,2,494.19
19336,6455,514,9,2270.31
19337,6455,264,7,3111.05
19338,6455,1553,10,884.88
19339,6455,1058,7,3446.74
19340,6456,1118,9,3654.18
19341,6456,568,4,2043.68
19342,6456,1768,6,1954.14
19343,6456,1518,4,2397.14
19344,6457,616,2,468.89
19345,6458,1608,6,3106.53
19346,6458,1153,1,3495.53
19347,6458,1854,6,923.07
19348,6458,669,4,1232.4
19349,6458,866,5,3229.18
19350,6459,1840,4,1289.76
19351,6459,790,9,599.81
19352,6460,1770,8,2170.51
19353,6460,832,6,4737.26
19354,6460,1547,8,2689.99
19355,6461,980,8,662.19
19356,6461,930,5,4069.92
19357,6461,1580,3,682.95
19358,6462,238,3,1928.71
19359,6462,1238,4,4970.59
19360,6463,766,6,2437.7
19361,6463,716,10,4772.12
19362,6463,1216,6,3386.53
19363,6463,816,5,4795.11
19364,6463,1416,10,3243.04
19365,6464,1504,5,4133.44
19366,6464,654,8,3846.54
19367,6465,1897,2,4362.95
19368,6466,1247,1,1977.57
19369,6466,1764,1,2445.96
19370,6467,509,3,3413.18
19371,6468,588,1,3572.94
19372,6468,1638,4,574.34
19373,6468,1338,6,2780.5
19374,6469,496,4,4399.97
19375,6469,1396,2,4696.41
19376,6470,546,8,3623.41
19377,6471,383,5,880.8
19378,6471,1933,3,4441.34
19379,6471,533,3,2656.45
19380,6471,783,4,1114.41
19381,6472,409,10,897.1
19382,6472,1736,5,3644.14
19383,6472,1593,3,1744.37
19384,6472,1683,7,1983.98
19385,6472,1388,10,2920.6
19386,6473,214,3,3656.15
19387,6473,1914,5,1781.68
19388,6473,1914,9,3628.49
19389,6473,1914,1,1385.65
19390,6474,932,9,2530.92
19391,6474,1582,4,4743.31
19392,6474,1732,2,4327.77
19393,6474,1382,1,3027.99
19394,6474,1282,10,4656.35
19395,6475,1234,3,4157.16
19396,6475,734,1,2946.73
19397,6475,1534,1,3705.04
19398,6475,1484,9,4947.43
19399,6475,1634,7,71.03
19400,6476,1818,8,1858.3
19401,6477,962,9,2192.26
19402,6477,1112,3,740.15
19403,6477,1312,3,201.08
19404,6477,212,5,772.93
19405,6478,994,9,2925.5
19406,6478,979,3,3739.11
19407,6479,980,1,3920.18
19408,6479,80,9,416.9
19409,6479,1930,5,195.04
19410,6479,580,7,1173.41
19411,6480,1329,6,714.81
19412,6480,1793,5,1598.57
19413,6480,1829,3,4677.27
19414,6481,205,2,2350.77
19415,6482,1209,2,3600.32
19416,6483,635,9,2095.52
19417,6483,1435,2,1519.76
19418,6483,385,6,629.21
19419,6483,35,7,3893.25
19420,6484,1424,7,1806.55
19421,6484,282,10,1906.97
19422,6485,354,3,1022.68
19423,6485,454,5,2692.73
19424,6485,404,2,1380.97
19425,6485,504,7,237.44
19426,6486,917,6,1128.84
19427,6487,1357,8,3119.44
19428,6488,1555,9,1142.76
19429,6488,455,9,1453.29
19430,6488,255,1,2923.35
19431,6489,1590,9,4148.59
19432,6489,154,5,2660.92
19433,6490,250,9,4441.02
19434,6490,1854,6,2124.06
19435,6491,320,8,3703.93
19436,6491,320,1,3730.36
19437,6491,720,4,3717.19
19438,6492,315,9,3506.16
19439,6492,1822,5,1504.3
19440,6492,1344,7,2749.48
19441,6493,1648,2,4556.62
19442,6493,1798,4,4688.76
19443,6494,249,8,2371.57
19444,6494,560,4,3381.16
19445,6494,1917,10,516.19
19446,6494,1395,6,4379.51
19447,6494,298,4,1555.33
19448,6495,1146,10,4804.55
19449,6496,944,7,2770.96
19450,6496,444,5,3437.17
19451,6497,57,9,1179.52
19452,6497,307,10,2057.34
19453,6497,1207,7,1742.75
19454,6498,416,3,4106.53
19455,6499,1168,5,4680.84
19456,6499,268,3,1471.12
19457,6500,534,8,3206.09
19458,6500,784,7,855.03
19459,6500,434,7,3268.59
19460,6500,1684,3,596.25
19461,6500,1834,4,2088.57
19462,6501,1856,7,1511.11
19463,6501,956,4,1541.81
19464,6502,310,8,4806.12
19465,6502,1944,10,4473.19
19466,6502,1136,6,3151.97
19467,6502,1294,3,2787.23
19468,6503,784,8,2923.71
19469,6503,402,4,4633.96
19470,6504,879,9,1856.65
19471,6505,711,4,2011.65
19472,6505,561,5,4121.5
19473,6506,1576,2,445.11
19474,6506,57,3,4788.97
19475,6506,1322,6,4201.18
19476,6506,1392,1,4915.68
19477,6507,257,9,3357.06
19478,6508,1256,1,914.68
19479,6508,1588,8,4029.74
19480,6508,1244,4,3329.94
19481,6509,1632,5,927.25
19482,6509,1782,7,2737.34
19483,6509,1282,1,736.41
19484,6509,1882,9,747.43
19485,6510,471,4,3119.76
19486,6510,421,4,4883.85
19487,6510,1471,2,4984.65
19488,6510,771,3,476.1
19489,6511,1042,9,2619.68
19490,6511,1092,5,4983.64
19491,6511,1392,8,3111.82
19492,6511,392,5,2493.41
19493,6511,1542,7,2231.97
19494,6512,1125,8,1138.79
19495,6512,775,6,3390.23
19496,6512,1525,3,50.26
19497,6513,167,8,1685.74
19498,6513,1267,5,338.09
19499,6513,767,6,1004.7
19500,6513,1917,10,1371.44
19501,6513,1117,10,1933.51
19502,6514,1236,10,4983.02
19503,6514,1648,4,2043.93
19504,6514,1347,3,1439.54
19505,6514,1800,4,1476.11
19506,6514,747,4,561.83
19507,6515,1596,4,163.39
19508,6516,878,5,1324.1
19509,6516,1778,9,3387.44
19510,6516,1278,7,276.53
19511,6516,1428,4,256.87
19512,6516,178,2,4522.89
19513,6517,1537,10,4523.0
19514,6517,1187,2,2664.5
19515,6517,237,9,1012.36
19516,6517,1037,3,2517.33
19517,6518,1008,4,265.71
19518,6518,1110,7,2035.35
19519,6519,1325,5,1118.71
19520,6519,275,9,4307.14
19521,6520,1186,7,126.95
19522,6520,1936,2,4426.82
19523,6520,136,6,4556.26
19524,6520,1136,4,110.92
19525,6520,236,10,2920.93
19526,6521,1407,1,1713.59
19527,6521,607,8,2490.85
19528,6521,1407,10,2776.89
19529,6522,1338,1,3456.93
19530,6523,1473,10,170.22
19531,6524,250,5,4261.91
19532,6524,350,10,813.91
19533,6524,850,6,4128.52
19534,6524,1800,9,903.89
19535,6525,788,8,428.9
19536,6525,857,8,4322.53
19537,6525,163,10,1349.29
19538,6525,1979,6,900.75
19539,6526,814,8,4223.41
19540,6526,1564,7,3253.29
19541,6526,1114,9,2348.72
19542,6526,264,7,4324.78
19543,6526,764,4,2035.96
19544,6527,220,4,1540.77
19545,6528,1613,6,1635.31
19546,6528,813,7,4532.27
19547,6528,913,3,4324.47
19548,6529,1924,8,4818.19
19549,6529,324,10,2251.41
19550,6530,31,2,3732.15
19551,6530,581,4,865.61
19552,6530,631,3,3649.71
19553,6531,1718,9,2267.25
19554,6531,658,8,1961.45
19555,6531,1312,2,4919.49
19556,6531,760,3,3153.01
19557,6532,110,9,1056.73
19558,6533,1659,7,2543.2
19559,6533,159,9,3124.96
19560,6533,859,9,4458.26
19561,6533,1759,4,3420.07
19562,6533,959,4,4252.76
19563,6534,1276,2,3408.28
19564,6534,226,1,3347.27
19565,6534,326,10,4906.9
19566,6535,1665,6,1162.6
19567,6535,1465,5,3881.62
19568,6535,1465,2,3184.37
19569,6535,715,10,1663.17
19570,6535,1915,1,1725.23
19571,6536,1759,5,1812.74
19572,6537,593,2,2215.92
19573,6537,1043,10,1931.79
19574,6537,193,8,410.76
19575,6537,793,9,4585.81
19576,6537,493,6,4565.93
19577,6538,1540,8,2412.89
19578,6538,1390,5,1228.82
19579,6538,590,6,1398.77
19580,6539,1966,10,174.67
19581,6539,550,3,3977.16
19582,6539,1541,8,2855.86
19583,6539,268,6,822.88
19584,6539,473,8,4786.59
19585,6540,1087,3,2891.96
19586,6540,1237,10,4016.09
19587,6541,1619,4,1777.28
19588,6541,69,8,3379.52
19589,6541,1819,9,754.31
19590,6541,1619,10,4727.93
19591,6542,731,3,235.36
19592,6542,931,3,4806.47
19593,6542,1031,10,768.94
19594,6542,1631,10,2745.78
19595,6542,781,5,2178.93
19596,6543,602,9,1894.7
19597,6543,1149,4,2843.48
19598,6543,1626,1,3406.38
19599,6543,1773,3,2329.91
19600,6543,1706,3,2780.22
19601,6544,382,6,1535.82
19602,6545,1089,7,499.38
19603,6545,1539,1,1813.2
19604,6546,966,10,4960.79
19605,6547,1956,10,3740.29
19606,6547,506,3,4832.19
19607,6547,206,1,3821.18
19608,6548,1098,9,1156.76
19609,6549,1165,1,911.76
19610,6549,1857,7,1036.12
19611,6549,946,4,4737.69
19612,6550,121,4,4515.02
19613,6551,1982,9,3915.0
19614,6551,932,6,287.51
19615,6551,1582,8,1144.95
19616,6551,1782,4,2125.42
19617,6552,611,5,4104.06
19618,6552,1861,1,3158.46
19619,6552,1811,3,4389.86
19620,6553,639,6,1193.98
19621,6554,636,8,1593.01
19622,6554,1736,2,1261.62
19623,6555,167,9,4473.7
19624,6555,1317,3,3403.61
19625,6555,1867,8,4116.96
19626,6555,517,8,4542.35
19627,6555,167,9,910.25
19628,6556,421,2,3082.77
19629,6556,321,9,493.75
19630,6556,1221,5,2426.57
19631,6556,1521,9,3145.85
19632,6556,21,6,4609.85
19633,6557,1170,3,2488.44
19634,6557,270,4,2358.71
19635,6557,620,7,2647.08
19636,6557,1670,5,153.43
19637,6558,1433,6,1062.49
19638,6558,529,4,495.84
19639,6558,731,4,3170.79
19640,6559,1708,10,1335.29
19641,6559,1062,3,3102.65
19642,6560,1746,4,1685.74
19643,6560,1864,8,1426.66
19644,6560,765,9,1577.33
19645,6560,1503,8,3576.9
19646,6561,1344,2,1838.77
19647,6561,944,2,3332.41
19648,6561,294,2,4845.15
19649,6561,394,3,4053.54
19650,6561,1344,8,367.02
19651,6562,924,9,588.57
19652,6562,1924,2,4405.91
19653,6562,574,2,2780.04
19654,6562,1724,10,3894.28
19655,6563,215,1,2702.42
19656,6563,1271,6,144.52
19657,6563,1521,1,869.13
19658,6563,267,7,3391.39
19659,6564,872,6,3905.5
19660,6564,1972,9,4868.03
19661,6565,997,5,3361.24
19662,6566,1851,8,3251.77
19663,6566,1701,6,4523.05
19664,6566,901,4,1498.67
19665,6567,792,6,1343.76
19666,6567,1042,2,3834.38
19667,6567,1992,4,212.04
19668,6567,892,8,4734.09
19669,6567,842,4,1924.98
19670,6568,377,8,3414.14
19671,6569,1472,6,2180.05
19672,6569,572,4,1760.88
19673,6569,1922,6,1813.75
19674,6569,272,3,1451.78
19675,6569,1372,1,1829.54
19676,6570,1831,7,3227.95
19677,6570,1279,4,1230.5
19678,6571,395,3,467.06
19679,6571,1071,2,1725.2
19680,6571,1071,7,4805.96
19681,6571,790,2,4021.72
19682,6572,1517,1,3477.32
19683,6572,567,4,4188.69
19684,6573,28,3,1648.8
19685,6573,664,4,1548.97
19686,6573,300,2,1228.7
19687,6573,328,1,3299.97
19688,6574,1148,4,4349.61
19689,6574,1998,3,4842.3
19690,6574,398,3,3905.99
19691,6575,1880,2,1949.51
19692,6575,80,2,445.24
19693,6575,130,1,3686.36
19694,6575,930,5,2797.06
19695,6576,1860,3,3224.02
19696,6576,1910,6,3052.92
19697,6576,610,2,1422.6
19698,6576,210,6,4141.36
19699,6577,327,3,3958.92
19700,6577,1177,9,4676.62
19701,6577,1877,3,3192.29
19702,6577,27,10,695.6
19703,6577,127,1,2955.8
19704,6578,1958,2,1254.35
19705,6578,508,5,1427.48
19706,6578,158,5,3026.47
19707,6578,1758,7,1025.75
19708,6578,1658,2,3596.78
19709,6579,836,6,927.89
19710,6579,836,1,3386.25
19711,6579,886,6,2239.65
19712,6579,586,5,514.62
19713,6580,1026,4,3068.2
19714,6580,126,2,1881.5
19715,6581,1409,8,1948.05
19716,6582,1295,7,1282.67
19717,6582,527,8,2386.2
19718,6583,280,5,3098.57
19719,6583,1228,9,4407.84
19720,6583,360,9,1106.07
19721,6583,844,9,1755.94
19722,6584,329,1,2917.25
19723,6585,358,4,2317.67
19724,6586,1157,5,2585.94
19725,6586,328,1,962.32
19726,6587,1029,1,1456.39
19727,6588,1224,9,2483.92
19728,6588,824,7,3059.73
19729,6588,774,10,640.19
19730,6588,374,10,1013.02
19731,6588,1424,4,504.52
19732,6589,300,4,2788.15
19733,6589,850,2,4327.55
19734,6589,1750,6,4952.49
19735,6589,550,3,1428.83
19736,6589,1550,1,3790.18
19737,6590,84,8,975.16
19738,6591,1365,8,4676.06
19739,6591,616,10,1587.97
19740,6591,1559,1,4356.11
19741,6592,1709,7,3296.16
19742,6592,1509,7,2132.95
19743,6592,159,10,3794.19
19744,6592,9,2,906.76
19745,6593,1189,10,2387.05
19746,6593,1889,2,4950.06
19747,6593,339,1,2646.41
19748,6593,1739,8,1967.88
19749,6594,1322,9,4544.21
19750,6594,1772,2,2600.35
19751,6594,1022,6,4893.44
19752,6594,822,9,3537.5
19753,6594,1222,3,1944.85
19754,6595,1214,1,2645.51
19755,6595,1364,8,2482.67
19756,6595,614,6,1649.52
19757,6595,564,8,2910.34
19758,6595,114,4,3350.87
19759,6596,1922,4,147.2
19760,6596,1041,10,987.87
19761,6596,460,6,1173.22
19762,6596,1623,10,3202.95
19763,6597,1950,10,453.58
19764,6598,1323,10,3446.87
19765,6598,423,10,3692.98
19766,6598,973,1,3265.54
19767,6598,1373,3,2490.62
19768,6599,129,3,2509.46
19769,6599,1774,9,3622.76
19770,6599,1912,2,3482.32
19771,6600,1205,9,4439.32
19772,6600,364,6,3180.61
19773,6600,128,1,970.69
19774,6600,1161,10,90.49
19775,6601,800,2,263.99
19776,6601,300,2,2066.27
19777,6602,1458,10,4769.82
19778,6603,930,9,4288.23
19779,6603,1180,7,3295.85
19780,6603,1280,2,1903.78
19781,6603,630,5,1839.15
19782,6604,1279,6,1600.24
19783,6605,880,8,2572.39
19784,6606,1525,4,4922.88
19785,6606,1175,7,2579.41
19786,6606,875,3,4957.79
19787,6607,1774,8,1381.23
19788,6607,1306,5,3869.17
19789,6607,1032,1,4278.92
19790,6607,1693,8,442.82
19791,6608,651,8,4938.69
19792,6608,1701,2,3872.05
19793,6608,801,7,4869.51
19794,6608,1701,6,397.69
19795,6608,1651,4,1852.19
19796,6609,1003,3,1817.82
19797,6609,768,3,4222.12
19798,6609,831,9,4440.92
19799,6610,383,9,4546.17
19800,6610,1383,9,2441.58
19801,6610,1713,8,985.79
19802,6610,1812,7,1352.77
19803,6611,182,10,501.49
19804,6611,1482,6,654.45
19805,6611,982,2,958.63
19806,6612,495,5,4697.04
19807,6612,545,5,2843.43
19808,6612,1845,4,456.26
19809,6612,995,9,355.54
19810,6613,183,10,429.2
19811,6614,635,9,411.05
19812,6615,1779,8,4285.09
19813,6615,279,6,2918.41
19814,6615,379,7,253.41
19815,6615,279,5,4747.82
19816,6616,1041,1,2240.02
19817,6616,1491,9,4599.77
19818,6616,741,3,2121.34
19819,6617,1963,9,3066.78
19820,6617,963,6,3655.77
19821,6617,613,10,878.4
19822,6618,489,8,4055.12
19823,6619,80,2,235.52
19824,6619,1630,1,2158.69
19825,6620,1786,4,4203.58
19826,6620,1386,4,846.31
19827,6620,36,3,1039.65
19828,6621,504,2,3163.21
19829,6621,10,8,2416.16
19830,6621,230,4,1380.06
19831,6621,598,9,3169.02
19832,6621,367,5,3723.38
19833,6622,1039,5,383.34
19834,6622,989,6,285.57
19835,6622,689,8,3222.11
19836,6623,230,6,4596.51
19837,6623,14,10,3302.91
19838,6623,935,3,121.91
19839,6624,778,3,2233.96
19840,6624,1837,7,721.45
19841,6624,102,1,2853.02
19842,6624,926,1,1262.42
19843,6624,764,7,2723.69
19844,6625,549,7,1430.11
19845,6626,1715,3,2342.71
19846,6626,1957,6,3844.06
19847,6626,1073,7,525.04
19848,6626,1012,9,1098.52
19849,6626,870,9,1302.19
19850,6627,481,7,1930.98
19851,6627,967,9,3771.4
19852,6627,1642,7,4530.09
19853,6628,212,6,848.8
19854,6628,1612,1,1442.56
19855,6628,1312,5,3655.2
19856,6628,1262,8,305.36
19857,6628,912,3,1470.54
19858,6629,594,10,4190.63
19859,6629,1044,7,1429.79
19860,6629,1894,7,4204.96
19861,6629,1744,4,2011.66
19862,6630,1593,5,4893.18
19863,6630,622,3,1334.2
19864,6630,170,8,1917.23
19865,6630,1677,6,4739.58
19866,6631,1014,3,1893.81
19867,6631,1964,5,4638.93
19868,6631,14,1,1438.41
19869,6632,1134,10,3890.92
19870,6632,1425,3,77.31
19871,6633,940,8,1380.61
19872,6633,1340,6,4439.64
19873,6633,840,6,3868.65
19874,6633,1890,4,1972.51
19875,6634,544,3,4341.85
19876,6635,748,4,3027.66
19877,6635,298,3,4922.71
19878,6635,1498,6,1897.33
19879,6635,198,10,220.98
19880,6635,448,1,4486.45
19881,6636,1378,9,4812.99
19882,6636,1327,8,1176.55
19883,6636,1417,5,4190.79
19884,6636,278,1,4625.03
19885,6636,669,10,1868.88
19886,6637,118,10,546.03
19887,6638,263,1,2643.33
19888,6639,1303,6,4277.57
19889,6639,49,7,4445.56
19890,6640,1178,6,2425.11
19891,6640,928,6,2858.85
19892,6640,878,5,2913.35
19893,6641,685,4,3646.87
19894,6642,425,4,3602.04
19895,6642,1225,3,2347.63
19896,6642,625,5,339.77
19897,6642,1625,8,4013.25
19898,6643,1052,7,888.45
19899,6644,1613,3,2261.2
19900,6644,1563,10,3616.84
19901,6644,463,6,2750.78
19902,6644,913,9,1281.75
19903,6645,345,10,1384.79
19904,6645,803,7,2955.67
19905,6645,187,8,4570.54
19906,6645,1780,2,4024.03
19907,6646,916,4,4238.95
19908,6646,66,6,173.16
19909,6646,1416,7,4028.05
19910,6647,1200,8,2342.25
19911,6647,150,9,3265.65
19912,6647,1200,2,2368.32
19913,6647,550,8,402.53
19914,6647,350,3,1132.97
19915,6648,33,7,3952.98
19916,6648,133,10,3154.65
19917,6649,1846,7,1593.46
19918,6649,146,8,3593.46
19919,6649,696,5,4096.69
19920,6649,1646,3,419.05
19921,6649,1496,6,3219.26
19922,6650,922,7,301.17
19923,6650,122,9,356.62
19924,6651,1893,4,1638.14
19925,6652,1342,7,3619.55
19926,6652,429,1,4768.25
19927,6652,1497,2,3812.16
19928,6652,1667,7,1293.39
19929,6652,1680,6,3086.81
19930,6653,1230,3,2488.44
19931,6653,626,6,1939.53
19932,6654,598,3,1441.23
19933,6654,90,4,1316.85
19934,6654,896,5,1597.7
19935,6654,1068,6,4152.79
19936,6655,283,9,2763.0
19937,6656,1087,4,1049.29
19938,6656,706,5,1526.76
19939,6656,1420,2,948.7
19940,6657,158,1,2709.94
19941,6657,1458,7,4354.14
19942,6657,1558,1,909.21
19943,6657,858,6,2871.42
19944,6658,886,9,1653.17
19945,6658,690,10,3305.27
19946,6658,1893,9,4524.85
19947,6658,10,6,3435.68
19948,6659,186,3,3537.85
19949,6659,1436,5,1011.59
19950,6659,286,4,3202.41
19951,6659,486,6,4020.95
19952,6659,136,3,516.67
19953,6660,1077,7,1204.84
19954,6660,1727,10,3435.45
19955,6660,827,3,2042.69
19956,6660,1877,8,4024.86
19957,6661,1263,2,503.29
19958,6661,313,2,2492.07
19959,6661,613,5,4158.71
19960,6662,290,8,1624.71
19961,6662,890,10,2548.88
19962,6662,890,7,1577.32
19963,6662,1090,3,1249.96
19964,6662,490,3,3769.13
19965,6663,1563,8,1043.88
19966,6663,863,7,4648.67
19967,6663,813,8,2961.79
19968,6663,1663,5,308.22
19969,6663,1213,3,4841.46
19970,6664,249,10,1712.56
19971,6664,1449,6,2118.61
19972,6664,1799,4,497.61
19973,6664,949,4,1769.52
19974,6665,459,8,3268.01
19975,6665,1659,3,1451.93
19976,6665,309,7,1342.55
19977,6665,59,8,2051.23
19978,6665,1659,5,3915.52
19979,6666,1608,6,472.71
19980,6666,908,9,605.58
19981,6666,1708,2,2998.58
19982,6666,1758,9,2573.03
19983,6667,1928,3,3637.23
19984,6667,1228,5,1212.84
19985,6667,1378,4,2571.55
19986,6667,1178,8,4359.98
19987,6667,1078,2,3929.86
19988,6668,1421,2,375.48
19989,6668,1371,2,4723.81
19990,6668,1571,4,3307.62
19991,6668,321,4,3082.61
19992,6669,1363,7,4700.69
19993,6669,1863,8,574.53
19994,6669,1713,5,757.22
19995,6670,132,8,1951.36
19996,6670,1882,9,2666.67
19997,6670,782,9,181.64
19998,6671,135,1,2260.66
19999,6672,1258,2,826.51
20000,6672,815,6,4911.79
20001,6672,553,10,2057.42
20002,6672,1201,9,3139.57
20003,6673,834,3,3143.2
20004,6673,1084,10,2886.54
20005,6673,1734,6,2985.72
20006,6673,734,9,378.84
20007,6673,1884,2,3320.86
20008,6674,1459,10,2617.03
20009,6674,359,2,4650.96
20010,6674,309,5,1498.59
20011,6675,1483,1,2147.92
20012,6675,933,1,1448.6
20013,6676,179,8,1483.04
20014,6676,1479,5,4867.68
20015,6677,866,3,1362.56
20016,6677,1065,5,1679.43
20017,6677,1312,7,2521.79
20018,6677,1201,9,4832.3
20019,6678,1645,3,1724.91
20020,6678,445,3,355.59
20021,6678,645,5,386.09
20022,6679,6,10,4990.14
20023,6679,1456,8,3019.4
20024,6679,606,9,893.04
20025,6679,6,9,2813.33
20026,6679,406,9,4957.11
20027,6680,1433,10,3669.52
20028,6680,1583,1,596.73
20029,6680,333,5,4324.46
20030,6681,410,3,2851.15
20031,6681,974,1,4424.87
20032,6681,309,8,744.96
20033,6681,1268,4,2220.72
20034,6681,418,8,205.48
20035,6682,1489,2,2027.51
20036,6682,1039,8,1165.54
20037,6683,699,2,2805.49
20038,6683,1299,1,3703.41
20039,6683,1499,5,3842.53
20040,6684,217,6,4250.18
20041,6684,1067,1,2554.15
20042,6684,1967,4,1720.02
20043,6685,262,7,4621.81
20044,6686,1834,7,163.94
20045,6686,1834,9,1955.71
20046,6686,534,3,1200.51
20047,6686,584,9,3619.56
20048,6686,1684,3,3897.03
20049,6687,1862,9,4383.7
20050,6687,648,7,2000.1
20051,6688,213,9,3021.2
20052,6688,113,7,4349.25
20053,6688,1013,7,2040.16
20054,6688,1163,7,1438.64
20055,6689,1532,9,4737.49
20056,6689,832,10,1134.22
20057,6690,1559,1,3257.97
20058,6690,1859,7,1674.06
20059,6691,998,2,2988.0
20060,6691,898,3,2975.67
20061,6691,1848,6,1350.98
20062,6692,1215,4,2350.14
20063,6692,1045,8,2627.63
20064,6692,1060,6,1373.02
20065,6692,1927,6,149.32
20066,6692,1771,3,858.11
20067,6693,791,1,1542.79
20068,6693,841,5,4349.05
20069,6694,1186,3,4375.8
20070,6694,1301,1,219.93
20071,6694,1809,5,1184.78
20072,6695,337,4,2971.48
20073,6695,687,3,831.12
20074,6695,1387,7,968.97
20075,6696,422,4,1612.18
20076,6696,1222,10,2205.11
20077,6696,572,5,3265.22
20078,6696,1022,5,1931.0
20079,6696,572,5,4969.21
20080,6697,1505,6,1962.14
20081,6698,658,5,1242.16
20082,6698,408,10,4847.74
20083,6698,1958,3,4803.49
20084,6698,508,10,1114.51
20085,6698,1358,6,1926.11
20086,6699,68,5,459.02
20087,6699,1468,8,2848.86
20088,6699,1518,1,2524.31
20089,6699,968,5,2545.73
20090,6700,1094,8,4300.19
20091,6700,1094,5,341.61
20092,6701,1711,9,938.26
20093,6702,1681,7,3070.12
20094,6703,1502,8,3340.37
20095,6703,1889,4,4135.69
20096,6703,518,8,169.07
20097,6703,1420,7,1203.44
20098,6704,845,5,4769.57
20099,6704,95,5,592.93
20100,6704,842,6,1116.73
20101,6704,1334,6,4631.87
20102,6705,1840,2,4000.81
20103,6705,940,10,2220.82
20104,6705,1340,5,3021.21
20105,6705,740,8,3483.67
20106,6705,340,8,2974.32
20107,6706,175,4,2508.3
20108,6706,1875,1,3863.65
20109,6707,1887,8,1654.54
20110,6708,680,10,4999.5
20111,6708,330,9,2434.55
20112,6709,1071,3,2239.26
20113,6709,1371,4,1373.84
20114,6710,893,2,2057.85
20115,6710,193,4,1206.42
20116,6710,1843,4,290.36
20117,6711,522,9,2381.09
20118,6711,1972,4,266.72
20119,6711,472,6,3440.51
20120,6712,1143,10,668.42
20121,6712,1499,3,4873.66
20122,6713,28,5,2979.12
20123,6714,1259,5,2748.84
20124,6715,654,1,4918.08
20125,6715,1454,8,1106.39
20126,6715,1304,4,914.22
20127,6715,1454,2,4020.07
20128,6715,154,5,188.79
20129,6716,703,7,575.27
20130,6716,908,7,4596.23
20131,6716,1822,4,4525.29
20132,6716,701,3,915.46
20133,6717,1841,6,4152.91
20134,6717,200,9,1573.94
20135,6717,1426,2,4477.97
20136,6717,1707,1,742.76
20137,6718,739,3,3440.57
20138,6718,1139,9,3430.35
20139,6719,658,2,4818.3
20140,6720,108,10,4388.46
20141,6720,1735,10,4351.79
20142,6721,877,3,2347.72
20143,6721,677,6,2373.94
20144,6721,877,4,4342.81
20145,6721,677,1,299.44
20146,6722,403,10,159.13
20147,6722,1603,3,2533.18
20148,6722,1353,10,3052.15
20149,6723,863,10,999.97
20150,6723,1313,6,4376.66
20151,6723,163,2,2143.21
20152,6723,163,7,1568.09
20153,6724,1844,8,954.48
20154,6724,394,8,3471.09
20155,6724,844,4,1810.91
20156,6724,944,2,4240.66
20157,6725,243,10,169.79
20158,6726,20,9,522.59
20159,6726,1770,9,1258.09
20160,6726,470,3,4624.74
20161,6726,920,1,1464.3
20162,6727,1942,4,2815.07
20163,6727,92,1,2799.75
20164,6727,192,1,3546.7
20165,6727,542,7,4094.37
20166,6728,1678,6,4203.35
20167,6729,217,4,3243.92
20168,6730,1223,9,161.58
20169,6730,1323,5,244.14
20170,6730,1273,10,1739.42
20171,6730,73,6,2598.73
20172,6731,927,7,3971.14
20173,6732,1482,10,1766.12
20174,6733,1000,8,828.0
20175,6733,1200,2,4013.05
20176,6734,574,4,1409.54
20177,6734,874,6,189.47
20178,6734,1924,2,4476.38
20179,6734,574,4,924.69
20180,6735,1609,4,1876.51
20181,6735,459,2,2847.27
20182,6736,1765,6,3807.38
20183,6736,1965,2,1645.04
20184,6736,1365,4,4599.25
20185,6736,65,6,1557.37
20186,6737,913,1,1442.17
20187,6737,899,10,4089.96
20188,6737,169,8,2866.9
20189,6738,1322,6,3763.7
20190,6738,283,6,1840.37
20191,6738,373,4,677.31
20192,6739,1387,7,1952.47
20193,6740,254,3,1677.55
20194,6741,21,6,4379.76
20195,6742,768,9,2710.44
20196,6742,1718,7,2295.09
20197,6742,1718,10,2345.42
20198,6743,1123,1,3091.28
20199,6743,373,9,756.11
20200,6743,1173,10,3576.25
20201,6743,1323,5,3492.13
20202,6744,1521,1,2910.15
20203,6744,321,5,510.2
20204,6744,1821,7,4825.0
20205,6745,864,5,2744.55
20206,6745,1764,4,136.57
20207,6745,1114,1,4597.31
20208,6745,664,1,4137.56
20209,6746,1598,5,3003.05
20210,6747,1260,9,3290.41
20211,6747,60,10,1679.93
20212,6748,216,3,884.91
20213,6748,1166,1,3859.79
20214,6748,1116,6,808.02
20215,6748,1566,7,1736.37
20216,6749,1309,5,3987.46
20217,6749,59,4,4979.26
20218,6749,1409,7,4600.12
20219,6749,1709,3,555.6
20220,6749,309,10,4606.41
20221,6750,1088,6,670.46
20222,6750,1788,1,3438.82
20223,6750,1788,8,2749.95
20224,6751,399,2,1437.89
20225,6751,1699,4,3379.66
20226,6751,499,6,4377.43
20227,6751,1899,2,3086.15
20228,6752,1294,8,3973.42
20229,6752,1794,7,4459.77
20230,6753,118,4,895.83
20231,6753,1914,1,2451.43
20232,6754,1503,10,4469.54
20233,6754,1053,10,2482.39
20234,6754,1653,10,1054.35
20235,6754,803,9,3840.76
20236,6755,1627,3,4207.6
20237,6755,89,3,1177.33
20238,6755,342,8,2014.92
20239,6755,674,3,4737.08
20240,6755,849,7,4173.09
20241,6756,582,5,4804.08
20242,6756,1682,5,624.98
20243,6756,1682,6,4902.16
20244,6757,520,7,3375.63
20245,6757,1420,5,3035.28
20246,6757,1470,2,1561.4
20247,6757,470,5,1000.88
20248,6758,1113,7,1149.4
20249,6759,941,4,3903.31
20250,6759,863,1,1687.73
20251,6759,631,5,3154.83
20252,6759,1996,5,1758.84
20253,6760,464,2,2976.53
20254,6760,1364,10,1081.16
20255,6761,1923,2,3370.23
20256,6762,202,10,1701.32
20257,6762,362,2,1915.22
20258,6762,1097,8,2630.39
20259,6762,1840,2,2192.96
20260,6763,59,3,4769.88
20261,6763,1059,2,1864.24
20262,6763,909,7,2611.77
20263,6763,259,8,1549.82
20264,6764,284,2,703.2
20265,6764,1114,4,3958.51
20266,6765,1921,3,3910.61
20267,6765,1621,9,4885.94
20268,6765,1121,3,3343.51
20269,6765,1621,5,3058.61
20270,6765,1621,2,4283.87
20271,6766,179,3,623.69
20272,6767,1334,2,4096.58
20273,6768,1250,9,387.77
20274,6768,150,5,2303.52
20275,6769,1833,9,915.34
20276,6769,433,8,1736.24
20277,6769,1933,4,1093.37
20278,6769,133,7,1746.23
20279,6770,1337,1,4436.35
20280,6770,787,2,666.26
20281,6770,837,3,2450.48
20282,6770,1387,8,4673.42
20283,6770,237,10,3089.87
20284,6771,812,1,3304.91
20285,6771,1463,3,1465.33
20286,6772,293,9,3143.17
20287,6772,293,1,4342.88
20288,6773,567,6,4795.7
20289,6773,67,7,3946.9
20290,6773,1117,9,2234.35
20291,6774,1823,2,3241.52
20292,6774,73,5,4340.84
20293,6774,523,6,910.78
20294,6775,299,9,1511.91
20295,6775,939,2,2853.66
20296,6775,1935,9,3737.4
20297,6776,579,4,3533.63
20298,6776,1696,10,2893.06
20299,6776,685,3,4056.94
20300,6777,1238,5,730.02
20301,6777,738,3,1872.07
20302,6778,723,1,3284.26
20303,6778,1523,8,1730.5
20304,6778,473,3,1560.58
20305,6778,1773,3,1510.54
20306,6778,723,10,4758.94
20307,6779,1305,7,856.73
20308,6779,1234,8,4202.95
20309,6780,1515,3,1301.48
20310,6780,508,2,1075.02
20311,6780,682,2,3682.17
20312,6780,1864,6,2949.69
20313,6781,771,10,382.31
20314,6781,854,7,4623.95
20315,6781,900,4,3312.54
20316,6781,516,4,710.79
20317,6781,893,9,2545.81
20318,6782,633,3,4838.2
20319,6782,1333,5,728.33
20320,6782,1583,10,3864.63
20321,6782,383,2,4598.87
20322,6783,69,3,4336.47
20323,6783,1819,3,3645.8
20324,6783,1769,10,1148.98
20325,6783,969,1,1590.69
20326,6784,1536,1,3839.47
20327,6784,1086,5,3298.06
20328,6784,186,10,2405.36
20329,6785,768,5,2637.55
20330,6785,1318,8,909.65
20331,6785,1068,10,2816.36
20332,6785,968,8,3184.49
20333,6785,268,10,1437.13
20334,6786,216,10,2900.83
20335,6787,79,1,2085.37
20336,6788,185,6,3940.56
20337,6788,935,9,4929.71
20338,6789,1233,5,4639.56
20339,6789,583,2,1966.61
20340,6789,183,5,2238.38
20341,6789,133,1,997.87
20342,6790,646,10,4313.34
20343,6791,749,10,2020.07
20344,6791,849,8,1679.51
20345,6792,1167,10,140.23
20346,6792,1067,2,1372.82
20347,6792,417,4,521.08
20348,6793,922,3,1444.48
20349,6793,322,5,988.26
20350,6793,822,8,127.72
20351,6793,1022,7,2223.12
20352,6794,1869,7,4876.38
20353,6794,891,9,4019.64
20354,6794,1251,7,320.1
20355,6794,702,8,2333.43
20356,6795,1882,6,4484.65
20357,6795,532,7,2250.28
20358,6795,1732,10,2772.18
20359,6796,1990,1,2709.7
20360,6796,884,4,178.52
20361,6797,797,3,3040.12
20362,6798,795,3,625.92
20363,6798,645,5,2053.97
20364,6798,1995,6,3956.04
20365,6798,1695,9,4839.79
20366,6799,1474,3,2152.03
20367,6799,285,6,3220.67
20368,6799,1495,8,2143.09
20369,6799,344,7,182.44
20370,6799,1567,10,4747.0
20371,6800,660,10,3904.27
20372,6800,210,5,3881.13
20373,6800,1260,9,1328.65
20374,6801,1931,4,404.77
20375,6801,381,6,4964.12
20376,6802,217,3,3883.49
20377,6802,1271,1,2127.32
20378,6803,894,8,635.41
20379,6803,1044,10,2423.32
20380,6803,1394,10,2727.48
20381,6804,503,1,1368.45
20382,6804,1653,2,2865.16
20383,6804,1803,6,2212.95
20384,6805,52,3,2101.07
20385,6805,818,5,4967.89
20386,6805,664,8,4460.57
20387,6806,1643,5,639.57
20388,6807,279,7,3488.37
20389,6807,79,2,3929.19
20390,6807,929,8,677.13
20391,6807,29,2,250.51
20392,6808,1045,7,1068.56
20393,6808,709,8,547.81
20394,6809,1612,2,3005.71
20395,6809,1012,5,432.8
20396,6809,112,7,3519.45
20397,6810,62,1,704.21
20398,6810,1262,8,1963.07
20399,6810,1162,6,4816.05
20400,6810,1712,7,4556.75
20401,6811,975,7,1764.98
20402,6812,501,5,2514.23
20403,6812,1001,1,390.76
20404,6812,1751,6,1329.82
20405,6812,351,10,160.62
20406,6813,1306,6,1712.04
20407,6813,1136,9,340.16
20408,6813,1955,1,986.81
20409,6813,1893,5,788.23
20410,6813,208,1,4820.32
20411,6814,1145,1,4752.42
20412,6814,795,5,359.09
20413,6814,545,3,971.22
20414,6815,396,7,3582.03
20415,6815,1046,6,920.54
20416,6816,422,5,4718.57
20417,6816,1635,10,339.16
20418,6816,1862,9,4987.48
20419,6816,1543,7,215.59
20420,6817,609,3,4923.75
20421,6817,1937,9,2244.78
20422,6818,1079,10,2918.42
20423,6819,852,5,280.13
20424,6819,1152,5,4518.64
20425,6819,1152,4,1978.66
20426,6819,152,6,1639.2
20427,6820,1515,9,4440.66
20428,6820,326,2,2547.57
20429,6820,1271,5,4289.45
20430,6820,1644,8,1109.4
20431,6821,1115,9,618.46
20432,6821,1615,1,4556.64
20433,6822,128,5,211.66
20434,6823,104,3,1328.22
20435,6823,154,10,281.18
20436,6823,1104,4,353.84
20437,6823,604,10,981.59
20438,6824,406,3,281.67
20439,6824,620,8,1301.86
20440,6824,183,2,1010.82
20441,6825,1868,9,3402.88
20442,6825,1368,7,1292.59
20443,6826,1200,6,669.26
20444,6827,59,8,1641.19
20445,6827,809,5,2799.27
20446,6827,1909,4,3688.93
20447,6827,259,1,1506.4
20448,6828,544,6,4203.63
20449,6828,1509,1,3384.87
20450,6828,749,6,3683.6
20451,6829,798,5,1915.04
20452,6829,1998,2,1538.32
20453,6829,98,6,1906.59
20454,6829,1998,10,2076.48
20455,6830,1533,10,3710.63
20456,6831,1170,9,2022.42
20457,6831,1470,8,3433.09
20458,6831,1870,6,4746.48
20459,6832,523,3,1796.63
20460,6833,1055,10,3115.46
20461,6833,1505,7,1320.21
20462,6834,1886,2,915.55
20463,6834,1636,2,1917.68
20464,6835,1819,10,3496.89
20465,6836,1108,5,1933.6
20466,6837,630,6,3038.96
20467,6837,1159,5,662.72
20468,6837,1700,8,1997.15
20469,6837,1143,9,2068.01
20470,6838,1077,7,3688.74
20471,6839,1765,7,3005.82
20472,6839,65,1,1914.56
20473,6839,765,3,2428.98
20474,6839,1165,6,1163.22
20475,6840,616,9,54.29
20476,6840,1166,7,3785.4
20477,6841,1291,2,3616.28
20478,6841,1230,1,170.4
20479,6841,411,2,2369.92
20480,6841,771,3,1709.77
20481,6841,1456,7,1919.02
20482,6842,1583,6,3583.79
20483,6843,1319,5,4535.98
20484,6843,419,10,2113.53
20485,6843,1269,5,3763.2
20486,6843,19,2,3364.61
20487,6844,552,3,1680.59
20488,6845,215,10,1264.92
20489,6845,1207,5,784.36
20490,6845,100,7,3416.96
20491,6845,1957,8,3768.09
20492,6846,333,4,473.5
20493,6846,833,8,3492.64
20494,6846,1333,1,3201.8
20495,6847,1097,1,114.65
20496,6848,72,4,1265.93
20497,6848,1272,4,967.39
20498,6848,1372,6,4454.33
20499,6848,1222,8,141.5
20500,6849,1689,5,4286.63
20501,6849,96,1,3123.06
20502,6849,1831,5,3261.09
20503,6849,1154,10,1738.73
20504,6850,1842,4,2805.77
20505,6850,792,4,297.74
20506,6850,592,4,1984.74
20507,6850,1042,10,910.44
20508,6851,201,8,1632.91
20509,6852,1915,9,924.19
20510,6852,215,9,3324.57
20511,6852,815,5,3915.82
20512,6852,1215,4,186.19
20513,6853,1600,4,3755.99
20514,6853,450,4,3070.25
20515,6853,300,4,1589.19
20516,6853,800,3,4070.12
20517,6853,650,9,2557.6
20518,6854,1751,4,2818.22
20519,6855,1339,8,3932.48
20520,6855,1911,4,3488.91
20521,6855,7,2,2284.41
20522,6855,1187,5,2452.67
20523,6856,784,5,2097.53
20524,6856,1234,8,3901.72
20525,6856,84,3,4140.28
20526,6856,934,7,3112.76
20527,6856,1184,9,2237.14
20528,6857,1393,3,1940.24
20529,6857,1743,1,3345.56
20530,6857,1193,5,1260.42
20531,6857,1593,3,3242.08
20532,6858,544,9,2743.72
20533,6858,1844,6,4479.05
20534,6858,44,9,4375.43
20535,6858,1594,1,541.19
20536,6859,1336,7,864.36
20537,6859,953,3,1274.39
20538,6859,1938,2,2908.05
20539,6860,23,2,3119.93
20540,6860,1023,6,2726.45
20541,6860,573,10,1533.33
20542,6860,1023,10,4870.1
20543,6861,692,8,2742.76
20544,6861,792,3,4150.01
20545,6861,342,4,4785.65
20546,6861,692,8,4765.43
20547,6861,42,6,4866.58
20548,6862,591,5,2448.52
20549,6862,441,3,1880.05
20550,6863,75,1,678.04
20551,6863,1561,9,115.79
20552,6863,1500,7,2652.46
20553,6863,501,3,2651.14
20554,6864,858,5,3062.61
20555,6864,608,3,3436.7
20556,6865,1569,5,2358.62
20557,6865,1719,8,3201.56
20558,6865,819,7,661.51
20559,6865,169,7,4686.77
20560,6865,1069,5,1308.95
20561,6866,51,7,295.0
20562,6866,1572,4,3653.56
20563,6866,1726,8,2694.25
20564,6867,1727,8,4082.28
20565,6867,218,2,2395.93
20566,6868,1213,1,4704.2
20567,6868,389,10,4459.31
20568,6869,720,3,1749.94
20569,6869,1979,7,4513.54
20570,6869,1978,8,4969.39
20571,6869,1166,5,4304.55
20572,6870,1749,1,1423.79
20573,6871,1369,7,4095.42
20574,6871,1319,8,2090.33
20575,6871,769,9,646.14
20576,6871,1919,8,2181.61
20577,6872,1243,8,3393.46
20578,6872,943,8,2186.78
20579,6872,843,9,567.6
20580,6873,807,8,1247.8
20581,6873,1945,7,1264.45
20582,6873,1525,4,1223.9
20583,6874,1135,5,4477.74
20584,6874,35,10,1963.17
20585,6874,135,10,2651.53
20586,6875,1533,6,1572.79
20587,6875,133,9,4958.52
20588,6875,33,4,218.3
20589,6875,883,6,1881.32
20590,6876,894,2,1676.15
20591,6876,1294,5,4314.87
20592,6876,744,10,1598.53
20593,6876,344,2,4776.13
20594,6876,794,6,3560.9
20595,6877,1,6,4633.0
20596,6877,165,1,2775.92
20597,6877,1619,8,4935.88
20598,6877,415,4,558.28
20599,6878,576,7,3058.92
20600,6879,1337,1,631.69
20601,6879,874,3,102.65
20602,6879,1884,9,4088.66
20603,6879,327,6,181.21
20604,6880,601,7,2937.68
20605,6880,1201,4,4235.74
20606,6880,1951,5,3776.21
20607,6881,1546,6,461.69
20608,6882,356,2,3164.16
20609,6882,806,5,3488.31
20610,6882,606,6,1794.86
20611,6882,806,9,1469.61
20612,6883,1012,6,4391.41
20613,6883,1662,6,1842.55
20614,6884,724,10,4508.57
20615,6884,1174,8,2510.12
20616,6884,1624,4,871.39
20617,6885,1335,8,4020.14
20618,6885,1035,1,4736.29
20619,6885,385,1,670.73
20620,6885,1885,6,1015.69
20621,6886,883,10,3986.02
20622,6886,1136,10,3907.66
20623,6886,1401,1,4970.28
20624,6887,1800,9,2227.1
20625,6887,1953,8,888.75
20626,6887,661,5,912.93
20627,6887,1862,9,2632.0
20628,6887,389,5,192.72
20629,6888,1981,1,666.59
20630,6889,1281,8,806.96
20631,6889,181,9,4317.31
20632,6889,1531,8,2420.7
20633,6890,1164,7,3851.37
20634,6891,130,4,4851.41
20635,6891,180,10,3334.85
20636,6891,1080,2,2775.09
20637,6892,1644,2,871.73
20638,6892,44,9,4298.62
20639,6892,1794,10,867.22
20640,6893,1725,10,288.04
20641,6893,1325,6,4303.98
20642,6893,1875,6,3863.19
20643,6893,525,1,1414.32
20644,6893,475,5,4399.54
20645,6894,1386,1,915.03
20646,6894,336,10,4145.9
20647,6894,1336,7,1158.64
20648,6894,1236,7,2340.37
20649,6895,1480,4,744.97
20650,6895,1030,3,2014.53
20651,6896,1957,6,3126.0
20652,6897,1907,2,1018.21
20653,6897,7,7,4174.79
20654,6897,341,5,3796.66
20655,6897,13,9,996.66
20656,6897,1481,6,2985.63
20657,6898,842,8,3586.83
20658,6898,92,8,375.28
20659,6898,1192,4,4042.21
20660,6899,653,1,1052.47
20661,6899,1653,1,163.3
20662,6899,3,6,1434.65
20663,6900,1433,1,4364.26
20664,6900,92,6,750.12
20665,6900,1478,4,822.63
20666,6900,496,4,1824.23
20667,6900,1603,5,4140.59
20668,6901,394,8,603.34
20669,6901,1646,2,3042.78
20670,6901,825,6,3444.85
20671,6902,1018,4,3930.88
20672,6902,168,2,704.81
20673,6902,318,6,3629.83
20674,6903,897,8,4558.27
20675,6903,1447,1,4323.39
20676,6903,1197,7,2180.26
20677,6903,1697,3,3130.92
20678,6904,886,9,1836.29
20679,6904,1436,6,2899.46
20680,6904,1186,10,3082.26
20681,6904,386,6,1667.47
20682,6905,1272,7,3808.05
20683,6905,1522,1,4159.27
20684,6905,572,1,1356.56
20685,6905,572,8,1564.29
20686,6906,1589,2,3347.19
20687,6906,1339,4,1467.7
20688,6906,439,9,2682.39
20689,6906,1039,9,4903.0
20690,6907,1641,9,2619.18
20691,6907,1291,6,72.43
20692,6907,1591,8,3830.33
20693,6907,1841,6,3680.09
20694,6908,1515,1,1852.77
20695,6908,1815,7,4835.55
20696,6908,515,7,837.59
20697,6908,715,3,747.24
20698,6908,415,8,1360.65
20699,6909,62,3,4995.06
20700,6909,1062,6,2510.89
20701,6909,1112,6,1566.04
20702,6909,1412,3,4927.57
20703,6910,730,4,1559.09
20704,6910,45,9,2414.92
20705,6910,164,4,833.87
20706,6911,272,9,2517.99
20707,6911,1622,8,2920.61
20708,6911,1772,6,298.31
20709,6911,472,1,4431.84
20710,6911,1522,6,3265.46
20711,6912,49,6,238.32
20712,6913,1157,3,4286.55
20713,6913,989,5,3593.56
20714,6913,901,3,3625.94
20715,6914,1104,9,3435.12
20716,6914,1979,3,4039.03
20717,6914,345,4,886.46
20718,6914,1264,5,4758.96
20719,6914,494,5,4826.28
20720,6915,1559,3,4083.33
20721,6915,1959,4,2127.49
20722,6915,1059,2,4733.09
20723,6915,1359,10,1943.3
20724,6915,959,3,2687.55
20725,6916,1028,4,469.45
20726,6917,1037,8,2695.95
20727,6918,1439,10,692.41
20728,6918,914,3,4026.46
20729,6918,1719,4,203.49
20730,6918,1410,2,4023.85
20731,6919,1281,3,562.34
20732,6919,1781,3,352.27
20733,6919,531,3,4449.85
20734,6919,1881,6,4261.81
20735,6920,49,3,2315.24
20736,6920,1599,1,2941.77
20737,6920,1099,1,3863.41
20738,6921,581,10,654.02
20739,6921,1367,2,979.04
20740,6921,1605,8,2834.85
20741,6922,909,6,1145.3
20742,6922,1859,4,3964.15
20743,6923,125,4,1342.41
20744,6923,441,10,2152.46
20745,6924,1454,7,1974.11
20746,6924,1113,3,1704.57
20747,6924,998,6,2188.49
20748,6924,757,2,2597.79
20749,6925,1586,10,352.86
20750,6925,1686,6,4410.3
20751,6926,317,4,4712.66
20752,6926,1496,9,1064.42
20753,6926,977,7,4235.37
20754,6926,1033,3,4312.14
20755,6926,1260,5,3837.07
20756,6927,168,8,2950.0
20757,6927,168,7,1806.93
20758,6927,818,5,4803.59
20759,6928,625,4,1481.57
20760,6928,525,7,2220.68
20761,6929,437,5,903.25
20762,6930,1474,3,2126.46
20763,6930,366,2,705.17
20764,6930,220,9,1387.89
20765,6930,380,8,4725.4
20766,6931,88,5,1074.84
20767,6931,438,6,910.89
20768,6931,988,4,3321.9
20769,6931,888,9,2020.67
20770,6931,488,10,3867.01
20771,6932,1813,3,2621.08
20772,6932,563,6,61.64
20773,6932,1563,4,2172.2
20774,6932,1163,7,4041.51
20775,6933,654,3,2207.55
20776,6933,404,8,2458.7
20777,6934,19,7,4456.59
20778,6934,967,9,4827.61
20779,6934,1985,4,4299.64
20780,6934,1163,4,1547.88
20781,6935,446,5,435.38
20782,6935,1046,10,1372.88
20783,6936,302,8,247.15
20784,6936,852,2,2438.31
20785,6936,802,2,3217.29
20786,6936,1302,7,377.2
20787,6936,652,1,4916.4
20788,6937,1016,5,2663.83
20789,6937,316,10,3956.7
20790,6937,916,1,1955.32
20791,6938,762,4,787.53
20792,6938,1611,1,2284.23
20793,6939,1871,7,1573.55
20794,6939,571,4,4000.1
20795,6940,301,7,3599.17
20796,6941,1076,7,3855.98
20797,6941,1015,8,3966.97
20798,6941,1734,8,67.73
20799,6941,67,10,1200.27
20800,6942,320,5,4471.16
20801,6942,1527,8,2106.62
20802,6942,1444,6,3969.94
20803,6942,935,5,3966.84
20804,6943,46,3,3883.22
20805,6944,1614,9,3999.85
20806,6944,1064,6,216.94
20807,6944,414,1,987.82
20808,6944,1114,4,2289.78
20809,6944,864,3,4411.58
20810,6945,69,1,84.17
20811,6945,19,2,1223.31
20812,6945,769,1,2822.22
20813,6945,419,8,4525.34
20814,6946,134,1,613.34
20815,6946,1284,3,1410.49
20816,6946,1684,4,508.9
20817,6946,34,4,1356.82
20818,6946,1284,9,2858.42
20819,6947,531,10,4355.04
20820,6948,1280,5,4294.63
20821,6949,184,8,4768.31
20822,6949,516,9,1341.15
20823,6950,552,8,877.87
20824,6950,352,1,4735.25
20825,6951,1640,5,4431.03
20826,6952,757,4,2154.99
20827,6952,1557,4,1657.71
20828,6953,1443,2,3883.97
20829,6953,1193,3,4257.28
20830,6953,393,1,3517.83
20831,6954,1880,4,3655.85
20832,6954,1580,1,3052.69
20833,6954,1030,8,2595.99
20834,6954,1880,6,422.83
20835,6954,580,10,2558.55
20836,6955,533,6,2578.25
20837,6955,283,5,3024.01
20838,6955,1783,2,2421.16
20839,6956,1191,9,2612.16
20840,6957,1727,3,3957.36
20841,6957,477,9,1767.39
20842,6957,1777,5,260.98
20843,6957,1327,3,445.77
20844,6958,493,6,95.27
20845,6958,987,3,1284.32
20846,6958,870,2,2504.93
20847,6958,436,9,864.72
20848,6959,414,2,1820.07
20849,6959,164,1,2716.36
20850,6959,714,5,2746.3
20851,6959,364,4,915.37
20852,6960,1914,10,2371.62
20853,6960,779,5,927.5
20854,6961,326,2,4264.66
20855,6962,1873,1,3449.37
20856,6962,873,2,2013.86
20857,6963,1177,6,4988.61
20858,6963,1127,3,1050.79
20859,6963,1477,4,3386.32
20860,6963,1577,1,2743.74
20861,6963,777,8,4461.84
20862,6964,292,3,4149.19
20863,6964,92,2,3879.39
20864,6965,1639,1,4672.12
20865,6965,1991,10,4249.79
20866,6965,507,8,374.86
20867,6965,727,8,481.05
20868,6966,1923,6,3989.43
20869,6966,638,6,158.67
20870,6966,1334,6,2029.88
20871,6967,32,6,3427.28
20872,6968,3,9,3271.72
20873,6968,1694,9,3554.69
20874,6968,1575,8,215.59
20875,6968,826,7,4391.94
20876,6969,402,1,525.36
20877,6969,1843,4,122.52
20878,6969,747,7,1537.54
20879,6969,792,7,2280.97
20880,6970,260,9,1988.59
20881,6970,310,10,3205.25
20882,6970,1560,9,462.52
20883,6970,710,2,2796.47
20884,6970,410,6,320.58
20885,6971,931,10,3299.4
20886,6972,363,6,4679.3
20887,6972,513,10,4459.63
20888,6972,1563,6,1046.19
20889,6973,335,3,3098.89
20890,6973,185,2,3213.55
20891,6974,1556,2,4041.13
20892,6974,1056,1,2260.01
20893,6974,256,7,1311.52
20894,6974,1906,2,2267.48
20895,6974,706,4,673.73
20896,6975,733,2,2094.13
20897,6975,1433,10,3372.99
20898,6976,1218,2,3393.79
20899,6977,968,9,4544.36
20900,6978,136,4,4013.12
20901,6978,1786,5,712.16
20902,6978,1136,2,154.96
20903,6978,1186,1,2971.23
20904,6978,1436,9,3050.47
20905,6979,1313,7,3566.43
20906,6980,319,2,4425.25
20907,6980,1319,7,1281.32
20908,6981,554,2,530.92
20909,6981,1254,3,1286.83
20910,6981,754,8,233.96
20911,6982,360,5,4950.28
20912,6982,519,7,2285.95
20913,6982,449,10,4288.86
20914,6983,521,9,3423.3
20915,6984,743,1,2408.64
20916,6985,138,9,2945.03
20917,6985,188,6,689.83
20918,6986,770,5,2275.56
20919,6986,487,4,3177.17
20920,6986,35,10,2712.95
20921,6986,1342,9,1213.44
20922,6987,772,2,4134.81
20923,6987,772,8,2620.13
20924,6987,1672,5,1221.31
20925,6988,564,5,2983.85
20926,6988,264,10,404.77
20927,6988,364,8,4785.26
20928,6988,764,3,3137.0
20929,6989,788,1,946.33
20930,6989,1438,9,2243.25
20931,6989,1038,4,4388.44
20932,6989,1438,8,1130.54
20933,6989,738,4,2084.34
20934,6990,1939,10,1449.98
20935,6990,725,7,3123.96
20936,6991,1563,5,3179.18
20937,6991,1613,1,1239.43
20938,6991,63,9,1423.07
20939,6991,1913,10,905.65
20940,6992,823,10,4164.68
20941,6992,1273,8,1684.91
20942,6992,1723,3,1627.58
20943,6993,832,9,1659.45
20944,6993,1582,4,1267.44
20945,6994,1564,7,3192.32
20946,6994,1914,3,3368.81
20947,6994,514,6,4806.88
20948,6994,364,4,4565.72
20949,6995,220,2,648.28
20950,6995,1370,8,3569.71
20951,6995,1720,3,1044.08
20952,6996,1421,2,2774.52
20953,6996,354,4,2382.71
20954,6997,582,3,2357.49
20955,6998,1543,9,145.43
20956,6998,1143,7,4022.77
20957,6999,92,4,2626.52
20958,6999,1018,4,3097.82
20959,6999,1936,7,1078.28
20960,6999,725,6,110.49
20961,6999,1173,4,2794.08
20962,7000,1328,7,147.89
20963,7000,281,4,3839.35
20964,7000,1923,9,4442.38
20965,7000,915,1,1169.59
20966,7001,646,8,1000.57
20967,7001,1630,7,1387.85
20968,7001,260,8,2383.95
20969,7001,82,2,1793.65
20970,7001,767,3,4010.04
20971,7002,310,10,4376.45
20972,7002,460,6,2823.43
20973,7003,1118,6,3789.79
20974,7004,1712,9,4540.14
20975,7004,1762,2,4609.25
20976,7004,462,5,2296.52
20977,7004,1112,5,3734.74
20978,7004,912,10,1251.41
20979,7005,433,7,4378.66
20980,7005,1833,1,3843.02
20981,7005,883,7,1346.62
20982,7005,1683,4,2948.51
20983,7006,318,10,4821.96
20984,7006,1567,3,4173.3
20985,7006,1681,8,88.04
20986,7006,448,10,4593.77
20987,7007,1446,6,3661.12
20988,7007,1696,2,1354.16
20989,7007,596,2,552.77
20990,7008,882,10,1794.46
20991,7008,1082,6,4259.1
20992,7008,432,4,4338.92
20993,7008,532,10,4509.22
20994,7008,532,10,742.56
20995,7009,1160,9,4838.08
20996,7009,660,10,1243.78
20997,7010,1661,4,2998.37
20998,7010,1461,1,207.31
20999,7010,661,9,4479.9
21000,7010,361,2,4601.85
21001,7010,711,10,3710.94
21002,7011,716,10,3555.47
21003,7011,94,5,4600.87
21004,7011,900,3,4531.48
21005,7011,232,10,1378.87
21006,7012,2000,1,661.4
21007,7012,650,9,4053.19
21008,7012,1200,5,3987.13
21009,7012,450,2,783.28
21010,7012,1250,5,3738.62
21011,7013,448,8,1260.64
21012,7013,1444,3,2093.02
21013,7013,1396,8,4374.8
21014,7014,66,5,4962.0
21015,7014,1616,8,2497.0
21016,7014,1766,6,3601.84
21017,7014,566,6,1447.14
21018,7015,1126,5,1788.34
21019,7015,726,10,3585.76
21020,7016,205,10,1848.14
21021,7016,1555,1,1999.56
21022,7016,1705,1,3728.7
21023,7016,1205,3,675.06
21024,7016,1755,9,1751.01
21025,7017,27,6,3454.5
21026,7017,377,5,3359.43
21027,7017,1077,3,3117.35
21028,7017,977,7,3350.31
21029,7018,309,9,4718.86
21030,7018,589,4,1515.29
21031,7018,1280,9,473.25
21032,7018,1634,7,1602.21
21033,7018,1591,9,317.66
21034,7019,1820,6,2067.87
21035,7019,1470,7,4812.4
21036,7019,170,1,2672.19
21037,7019,70,6,3133.16
21038,7020,548,9,3466.15
21039,7020,1198,5,3075.86
21040,7020,298,4,3369.1
21041,7020,1198,1,4564.18
21042,7020,848,1,1652.12
21043,7021,760,3,3955.49
21044,7021,210,8,2477.32
21045,7021,460,8,2320.86
21046,7021,1210,8,2053.66
21047,7022,101,3,3468.82
21048,7022,951,9,509.51
21049,7023,1637,4,4494.17
21050,7023,1870,6,2359.71
21051,7023,1650,10,3554.59
21052,7023,844,7,1434.14
21053,7023,211,1,2028.76
21054,7024,1079,4,3866.35
21055,7024,29,10,1546.99
21056,7025,242,1,782.0
21057,7025,373,5,2712.95
21058,7025,882,9,1862.74
21059,7025,1951,6,794.94
21060,7025,178,3,2292.41
21061,7026,1358,8,4882.67
21062,7026,1008,2,4757.72
21063,7026,1408,5,615.18
21064,7026,1158,5,2352.85
21065,7026,708,5,1613.23
21066,7027,1957,3,4856.98
21067,7027,357,2,1876.01
21068,7027,1957,2,4420.58
21069,7028,240,10,723.24
21070,7028,496,5,2053.0
21071,7028,757,9,562.73
21072,7029,1186,3,167.86
21073,7029,663,10,3438.91
21074,7030,1029,5,926.72
21075,7031,1341,7,4529.53
21076,7031,513,6,4979.65
21077,7031,1032,6,2830.97
21078,7031,1001,8,630.32
21079,7031,1186,4,1974.21
21080,7032,1594,2,4666.77
21081,7032,1394,6,2407.76
21082,7033,675,7,501.01
21083,7033,925,10,2539.39
21084,7033,425,1,2012.81
21085,7033,1325,4,2545.51
21086,7034,1192,10,4119.23
21087,7034,454,3,3768.24
21088,7034,369,1,2514.35
21089,7034,843,3,897.36
21090,7035,1708,9,3024.98
21091,7035,1908,5,1544.99
21092,7035,1558,6,1172.88
21093,7035,1408,6,4651.83
21094,7035,1958,7,302.38
21095,7036,1630,4,3015.2
21096,7036,705,4,2818.98
21097,7036,1733,5,3794.88
21098,7036,838,7,1298.84
21099,7036,994,2,3859.9
21100,7037,1932,10,3713.93
21101,7037,389,4,2206.47
21102,7038,1381,8,3153.58
21103,7039,548,1,3906.92
21104,7039,1998,1,2121.78
21105,7039,948,7,1445.21
21106,7040,1345,8,2497.15
21107,7040,95,4,4079.11
21108,7041,1618,8,4563.67
21109,7041,631,6,836.47
21110,7042,1733,4,4197.87
21111,7042,883,7,1106.74
21112,7042,1483,2,1873.34
21113,7043,1290,10,2883.86
21114,7043,242,4,3972.88
21115,7043,51,8,2909.71
21116,7043,1615,6,3361.7
21117,7043,216,5,4041.89
21118,7044,610,4,907.34
21119,7044,1210,9,112.17
21120,7044,460,3,1765.18
21121,7044,1860,8,786.02
21122,7044,1810,3,1033.05
21123,7045,1916,10,1590.65
21124,7045,266,4,4029.86
21125,7045,1516,8,2862.39
21126,7046,932,8,3894.88
21127,7046,232,3,4744.67
21128,7046,1332,3,3820.12
21129,7046,982,4,911.24
21130,7047,1105,8,2043.52
21131,7047,1004,10,3422.93
21132,7047,1542,1,874.5
21133,7047,1744,2,3317.16
21134,7048,650,6,4263.54
21135,7048,2000,2,3495.59
21136,7048,600,5,2182.99
21137,7048,1800,8,705.21
21138,7049,1357,10,4195.34
21139,7050,1304,9,3874.96
21140,7050,804,3,4191.58
21141,7051,1606,1,1657.38
21142,7052,486,8,3738.86
21143,7052,886,9,1348.15
21144,7052,486,1,2129.3
21145,7052,1536,9,686.29
21146,7053,1361,6,3891.73
21147,7053,261,3,2580.0
21148,7054,1686,4,4612.87
21149,7055,1677,5,4524.07
21150,7056,736,2,1388.37
21151,7056,436,5,227.92
21152,7057,1310,4,4794.62
21153,7057,1220,5,1449.5
21154,7057,67,7,4848.89
21155,7058,1762,10,2666.63
21156,7058,1062,10,55.94
21157,7059,211,9,1754.36
21158,7059,594,8,407.46
21159,7059,1816,9,3318.31
21160,7059,396,10,2691.97
21161,7060,258,10,4031.19
21162,7060,8,9,137.6
21163,7060,408,10,2943.37
21164,7061,1093,8,3282.75
21165,7061,693,4,3963.35
21166,7061,293,2,3202.76
21167,7061,1843,9,316.73
21168,7062,287,1,1112.43
21169,7062,1218,3,1165.81
21170,7062,1238,3,564.67
21171,7063,1506,4,4934.75
21172,7063,1456,10,4327.21
21173,7064,1542,6,4897.42
21174,7064,842,1,2617.62
21175,7064,1592,3,2486.7
21176,7065,599,8,4960.95
21177,7065,141,1,4058.7
21178,7065,785,2,873.45
21179,7065,1899,3,2928.14
21180,7065,1040,3,3538.11
21181,7066,721,6,4584.6
21182,7066,1640,3,595.72
21183,7066,651,6,4446.08
21184,7067,1116,7,2244.81
21185,7067,616,7,3105.16
21186,7067,16,5,371.39
21187,7067,766,4,3003.02
21188,7067,866,4,4068.88
21189,7068,1057,1,970.79
21190,7068,194,3,95.58
21191,7068,1400,5,3928.26
21192,7068,420,4,792.48
21193,7068,1084,1,137.28
21194,7069,606,3,4526.52
21195,7069,1056,9,2938.16
21196,7070,249,3,3552.64
21197,7071,1150,9,1075.27
21198,7071,150,8,1162.38
21199,7072,1323,4,3435.83
21200,7072,973,3,792.83
21201,7072,1173,9,112.2
21202,7073,1312,7,1775.51
21203,7073,562,3,2086.16
21204,7073,1412,2,1091.01
21205,7074,987,7,4846.67
21206,7074,637,5,4194.41
21207,7075,1066,1,728.99
21208,7075,1116,10,731.31
21209,7075,1566,8,1637.51
21210,7076,1263,8,4613.64
21211,7076,663,6,696.84
21212,7076,1463,4,2137.11
21213,7076,1413,2,2994.38
21214,7077,555,10,555.86
21215,7077,605,4,1417.12
21216,7077,505,4,1776.05
21217,7077,1955,8,4696.63
21218,7078,1741,5,1623.18
21219,7078,341,5,4062.33
21220,7078,1491,1,1519.25
21221,7078,741,9,795.7
21222,7078,441,7,428.29
21223,7079,1101,2,4389.55
21224,7079,1401,9,4310.91
21225,7079,751,5,4580.65
21226,7080,449,2,3828.95
21227,7080,286,8,4637.33
21228,7081,1128,7,3978.75
21229,7081,1378,1,2599.32
21230,7081,478,5,3478.64
21231,7081,1678,4,570.0
21232,7082,775,3,4666.09
21233,7083,1476,8,2966.13
21234,7084,230,10,4386.14
21235,7084,1380,4,209.92
21236,7084,1380,4,420.48
21237,7084,1580,2,4851.59
21238,7085,1200,9,1597.81
21239,7085,1850,7,3187.99
21240,7086,1623,4,2380.1
21241,7086,673,8,371.86
21242,7087,196,5,3412.14
21243,7087,1496,7,3713.43
21244,7087,96,8,76.56
21245,7087,996,2,3180.9
21246,7087,1646,7,3726.77
21247,7088,226,6,248.45
21248,7088,476,6,4345.96
21249,7088,1726,7,3755.5
21250,7088,1276,1,4213.6
21251,7088,726,4,1959.01
21252,7089,1012,1,762.27
21253,7089,262,7,2971.02
21254,7089,912,3,1003.68
21255,7090,188,9,1720.94
21256,7090,938,8,3706.6
21257,7090,1138,7,670.84
21258,7090,1188,3,2436.55
21259,7090,1038,2,397.42
21260,7091,1720,5,3734.29
21261,7091,1420,7,1193.79
21262,7092,619,4,1397.01
21263,7092,1921,4,1212.67
21264,7092,272,5,3876.26
21265,7092,203,2,3261.42
21266,7092,219,2,4216.01
21267,7093,1716,9,3872.0
21268,7093,1927,2,3315.2
21269,7093,1669,10,4022.1
21270,7093,1260,7,1591.06
21271,7093,1323,9,422.97
21272,7094,413,10,1170.04
21273,7095,1703,6,4115.32
21274,7095,1703,4,1172.54
21275,7096,1159,9,3354.63
21276,7096,109,2,3935.45
21277,7096,1159,7,3309.6
21278,7097,1019,10,1132.5
21279,7097,1469,6,3753.46
21280,7097,969,2,2150.92
21281,7097,719,9,4820.18
21282,7098,1872,3,1781.81
21283,7098,1522,1,3781.03
21284,7098,222,6,2761.31
21285,7098,1522,6,2574.4
21286,7099,1623,8,1820.36
21287,7099,323,2,3704.98
21288,7099,1623,10,2381.43
21289,7099,523,9,1375.16
21290,7099,773,4,649.81
21291,7100,1490,1,605.15
21292,7100,890,9,495.34
21293,7100,1090,8,3791.99
21294,7100,1490,9,4907.36
21295,7101,81,1,3788.37
21296,7101,1532,2,4516.42
21297,7101,1962,7,4719.07
21298,7102,1236,7,1110.44
21299,7102,86,9,3656.93
21300,7102,936,4,2178.64
21301,7102,636,4,3543.16
21302,7103,1998,9,1771.66
21303,7103,433,5,3380.48
21304,7103,1906,4,2829.74
21305,7104,1960,5,4158.42
21306,7104,542,3,3461.96
21307,7105,824,4,1407.6
21308,7105,674,1,275.28
21309,7105,1624,1,1975.95
21310,7106,1320,1,1660.74
21311,7106,1938,2,940.34
21312,7107,101,3,2282.72
21313,7107,965,6,3651.64
21314,7107,1511,3,1423.88
21315,7107,113,5,3690.46
21316,7107,832,1,3963.06
21317,7108,1782,3,433.08
21318,7108,1132,4,1463.54
21319,7108,1932,2,1697.42
21320,7108,1732,10,3132.57
21321,7109,569,8,4176.48
21322,7109,269,5,2797.92
21323,7109,1719,4,4460.5
21324,7109,269,1,3777.81
21325,7110,850,7,2628.59
21326,7110,1850,1,3860.63
21327,7110,1300,7,2319.62
21328,7110,1350,4,3810.79
21329,7110,50,9,2965.84
21330,7111,395,7,4171.05
21331,7111,1345,1,1135.3
21332,7112,841,7,811.46
21333,7112,841,1,4334.82
21334,7112,741,3,214.94
21335,7113,1143,10,1471.42
21336,7113,709,7,2548.64
21337,7113,716,10,3389.34
21338,7113,1842,7,59.07
21339,7113,931,6,2115.18
21340,7114,383,10,4577.32
21341,7114,1993,5,3785.75
21342,7115,1190,2,3151.59
21343,7115,740,6,663.04
21344,7115,1590,9,4798.21
21345,7115,590,1,904.82
21346,7115,40,4,2027.59
21347,7116,103,7,4256.32
21348,7117,1363,3,1521.79
21349,7118,934,4,2490.92
21350,7118,764,9,816.23
21351,7118,435,10,2455.81
21352,7118,1862,7,104.02
21353,7118,1117,3,921.4
21354,7119,1074,6,4806.46
21355,7119,474,6,2059.24
21356,7119,224,10,1942.18
21357,7119,374,6,4050.31
21358,7119,1024,2,4004.33
21359,7120,477,10,1210.47
21360,7120,1477,10,2613.63
21361,7121,1822,2,4088.93
21362,7121,1022,7,3311.49
21363,7122,120,8,1464.26
21364,7123,1917,6,420.65
21365,7124,642,3,2787.88
21366,7125,1399,9,4989.84
21367,7125,599,6,621.52
21368,7125,149,5,1854.11
21369,7125,99,7,315.85
21370,7126,29,1,358.31
21371,7126,1887,4,3837.04
21372,7126,1635,2,1591.14
21373,7127,1889,3,3817.34
21374,7127,1896,5,1509.1
21375,7127,1363,5,907.19
21376,7128,736,7,1865.71
21377,7128,469,2,1127.32
21378,7128,1037,6,2164.4
21379,7129,827,6,3075.4
21380,7129,1877,7,2634.58
21381,7129,1627,10,4722.11
21382,7129,1877,4,555.55
21383,7130,504,5,4015.01
21384,7130,554,10,1972.87
21385,7130,1454,8,2419.97
21386,7131,1431,4,71.91
21387,7131,581,3,1425.23
21388,7131,1631,8,3687.59
21389,7131,1431,10,394.01
21390,7132,188,10,3504.84
21391,7133,1091,9,2720.09
21392,7133,191,2,1568.41
21393,7133,391,6,3374.9
21394,7133,241,10,4267.22
21395,7134,856,5,4459.0
21396,7134,206,4,3736.33
21397,7134,456,1,1802.02
21398,7134,1256,1,789.53
21399,7134,1606,3,770.72
21400,7135,1512,2,581.55
21401,7135,1975,7,4807.94
21402,7135,1107,3,446.88
21403,7136,197,6,1229.29
21404,7136,1097,6,3617.4
21405,7136,297,3,3239.78
21406,7136,947,2,993.29
21407,7137,1961,5,479.83
21408,7137,611,9,1600.63
21409,7137,1311,5,4045.31
21410,7137,1461,9,4172.39
21411,7137,1461,9,3655.88
21412,7138,1533,10,4114.61
21413,7138,133,5,489.24
21414,7138,483,6,1760.08
21415,7138,233,5,4980.99
21416,7139,356,4,2847.37
21417,7139,1231,10,94.68
21418,7139,356,2,3291.29
21419,7140,728,4,491.35
21420,7140,1734,1,3584.34
21421,7140,1790,9,2647.37
21422,7140,75,7,3526.86
21423,7140,1456,5,4848.58
21424,7141,1260,3,2903.1
21425,7141,650,6,3712.49
21426,7141,1574,8,2724.48
21427,7141,954,10,370.52
21428,7142,1275,7,961.63
21429,7143,1336,6,297.32
21430,7143,736,5,4119.38
21431,7143,986,9,3685.78
21432,7143,1286,6,2374.35
21433,7144,1524,8,4450.94
21434,7144,144,8,1507.5
21435,7144,1556,9,494.5
21436,7144,899,3,96.75
21437,7145,245,3,3887.56
21438,7146,129,3,4204.18
21439,7147,984,4,1078.11
21440,7147,934,1,123.82
21441,7148,1233,5,3136.66
21442,7148,1383,8,982.04
21443,7148,1183,7,1153.47
21444,7148,1283,2,2710.55
21445,7148,1083,10,2260.22
21446,7149,403,4,521.39
21447,7149,844,5,1290.5
21448,7150,1489,6,3644.55
21449,7150,789,5,2109.51
21450,7151,1322,10,3106.04
21451,7152,14,3,3877.35
21452,7152,1660,1,3182.02
21453,7153,1926,6,2667.55
21454,7153,683,9,4506.38
21455,7154,1493,10,3224.22
21456,7154,1393,8,842.07
21457,7154,593,9,2348.66
21458,7155,946,6,1783.4
21459,7155,346,6,2738.59
21460,7156,1735,7,2603.13
21461,7156,515,3,2737.76
21462,7156,983,9,151.97
21463,7156,1576,9,2910.08
21464,7156,1811,6,2429.49
21465,7157,1760,10,1399.27
21466,7158,118,4,1135.53
21467,7158,468,8,2360.63
21468,7158,1368,9,1782.79
21469,7159,553,8,58.44
21470,7159,387,5,250.88
21471,7160,502,6,2618.3
21472,7160,1402,9,3021.83
21473,7160,802,1,2778.33
21474,7160,702,1,3062.18
21475,7160,102,8,3500.03
21476,7161,378,2,3497.06
21477,7161,1528,7,2061.87
21478,7161,1378,1,2173.35
21479,7161,278,3,3391.8
21480,7162,261,8,2755.06
21481,7162,761,5,921.74
21482,7163,1623,2,2859.22
21483,7163,1923,5,4674.48
21484,7163,23,5,3202.38
21485,7163,1173,7,2446.86
21486,7164,1644,5,4290.81
21487,7164,944,1,4194.16
21488,7164,1344,5,1317.8
21489,7164,544,4,2788.27
21490,7165,1561,2,1453.83
21491,7165,1911,5,2415.75
21492,7165,1061,4,823.52
21493,7165,61,9,3204.66
21494,7166,333,1,2630.64
21495,7166,1298,4,77.23
21496,7167,1653,5,1012.97
21497,7167,1253,4,752.55
21498,7167,753,5,4654.4
21499,7167,1453,3,4236.79
21500,7168,348,1,1575.64
21501,7168,248,1,4251.62
21502,7169,1490,4,3280.46
21503,7169,166,7,3538.96
21504,7170,1830,4,3209.42
21505,7171,1836,3,4357.81
21506,7172,504,5,3662.74
21507,7172,359,7,4730.12
21508,7172,916,3,3159.87
21509,7172,1270,8,1089.9
21510,7172,1201,4,3494.92
21511,7173,337,9,600.24
21512,7173,1437,9,879.65
21513,7174,1451,5,533.5
21514,7175,1104,3,1856.48
21515,7176,933,1,2784.44
21516,7176,33,8,1955.79
21517,7176,983,9,2156.5
21518,7176,333,2,3789.49
21519,7176,983,5,325.97
21520,7177,140,9,4246.34
21521,7177,990,10,1335.99
21522,7177,390,10,2132.27
21523,7177,690,8,1466.92
21524,7177,740,2,1502.95
21525,7178,300,9,2484.57
21526,7178,1450,1,827.56
21527,7178,900,9,3947.7
21528,7178,1950,10,3634.26
21529,7179,415,8,617.27
21530,7179,515,1,69.49
21531,7179,865,3,4088.01
21532,7179,1115,1,1647.85
21533,7179,965,4,389.07
21534,7180,122,9,3215.1
21535,7180,122,9,1411.45
21536,7181,209,5,3462.58
21537,7181,959,1,3596.59
21538,7181,1559,8,127.72
21539,7181,309,4,2467.94
21540,7182,1904,9,4466.8
21541,7182,1704,6,499.02
21542,7182,454,4,3852.25
21543,7183,1850,5,4020.49
21544,7183,1750,5,3620.27
21545,7183,1400,5,2863.15
21546,7183,1300,2,3669.33
21547,7183,900,7,2387.12
21548,7184,1562,3,165.91
21549,7184,912,8,960.75
21550,7184,462,5,2773.01
21551,7184,362,5,660.13
21552,7184,462,7,3096.33
21553,7185,759,3,4162.31
21554,7185,509,9,4814.14
21555,7185,259,10,3254.64
21556,7186,296,3,3547.6
21557,7186,446,3,4663.37
21558,7186,1796,5,1007.0
21559,7187,857,9,3035.48
21560,7187,357,10,3825.27
21561,7188,1140,7,105.75
21562,7188,940,5,273.05
21563,7188,290,6,4547.49
21564,7188,1690,10,3919.55
21565,7189,30,8,1414.66
21566,7189,1080,1,621.03
21567,7189,1680,6,4080.89
21568,7189,980,1,3942.58
21569,7189,80,7,4041.29
21570,7190,1785,7,3827.46
21571,7190,1649,2,2260.18
21572,7191,1424,4,1158.49
21573,7192,1769,3,692.79
21574,7193,1409,4,2182.48
21575,7193,1559,4,2589.25
21576,7194,988,4,2099.27
21577,7194,1038,1,4601.78
21578,7194,1488,1,1732.98
21579,7195,809,9,3442.95
21580,7196,1977,2,496.47
21581,7196,777,3,3430.22
21582,7196,827,6,4182.61
21583,7197,470,7,4675.88
21584,7197,670,5,4034.94
21585,7197,1720,1,3258.31
21586,7198,1053,4,1310.41
21587,7199,1670,2,458.8
21588,7200,202,1,3933.74
21589,7200,1752,6,3135.42
21590,7200,1052,1,3894.52
21591,7201,1716,5,999.14
21592,7201,1066,8,3270.01
21593,7201,1566,3,2154.15
21594,7201,1516,2,4343.39
21595,7202,1389,9,2642.32
21596,7202,160,1,290.41
21597,7202,2,3,3884.18
21598,7202,475,10,2455.06
21599,7202,1828,8,1608.82
21600,7203,1362,9,4590.13
21601,7203,462,3,1750.24
21602,7203,112,10,1916.26
21603,7203,1912,5,2113.6
21604,7203,1462,2,2543.05
21605,7204,1962,3,4025.53
21606,7204,1150,5,3593.19
21607,7204,458,10,1181.67
21608,7204,1238,5,3492.23
21609,7205,1928,5,762.83
21610,7206,135,3,3276.43
21611,7206,735,2,3554.85
21612,7206,335,7,3649.03
21613,7207,1379,2,2135.62
21614,7208,942,8,1838.17
21615,7208,1742,2,3142.8
21616,7208,692,4,3548.89
21617,7208,1392,8,970.21
21618,7208,542,7,4374.58
21619,7209,1422,9,2890.94
21620,7210,1215,3,2771.25
21621,7211,1884,5,3612.5
21622,7211,534,9,406.23
21623,7212,1909,4,152.94
21624,7212,1678,4,4065.7
21625,7212,1050,9,4494.34
21626,7212,1052,8,1877.16
21627,7213,829,8,3351.57
21628,7213,1979,1,1160.95
21629,7213,1479,3,2414.73
21630,7213,1129,8,1297.02
21631,7214,1423,2,3345.25
21632,7214,973,4,97.99
21633,7214,1673,8,3030.72
21634,7215,618,2,627.02
21635,7215,449,9,4953.61
21636,7215,1240,1,2759.69
21637,7216,1994,2,4963.74
21638,7216,138,4,1540.22
21639,7216,878,7,4370.37
21640,7217,180,4,2221.8
21641,7218,212,5,149.4
21642,7219,1628,5,4609.41
21643,7219,1328,10,1876.77
21644,7219,428,6,1050.19
21645,7219,1278,9,4050.59
21646,7220,292,2,4037.07
21647,7221,223,4,3841.63
21648,7221,1073,3,331.54
21649,7221,723,5,3429.51
21650,7222,456,5,3893.39
21651,7222,392,3,54.53
21652,7222,67,6,3840.1
21653,7222,881,5,2556.06
21654,7223,1291,9,2647.44
21655,7223,1241,7,681.81
21656,7224,1450,8,1877.35
21657,7224,1800,5,532.42
21658,7225,873,1,3554.37
21659,7225,1473,1,2216.11
21660,7225,1773,8,4225.9
21661,7225,373,9,81.91
21662,7226,1641,2,126.61
21663,7226,1591,4,748.24
21664,7226,1741,8,4759.57
21665,7226,441,3,907.16
21666,7226,741,3,4290.49
21667,7227,1992,2,1413.45
21668,7227,542,6,1528.07
21669,7227,442,4,4698.3
21670,7228,155,8,4997.42
21671,7228,1655,7,302.22
21672,7228,105,10,115.7
21673,7228,205,9,3111.29
21674,7229,1161,5,2778.35
21675,7229,1411,8,2562.14
21676,7229,561,2,1994.44
21677,7229,1811,8,518.64
21678,7229,1711,1,1957.9
21679,7230,1269,5,1597.4
21680,7230,919,5,1209.87
21681,7231,151,3,4675.87
21682,7231,535,2,4220.69
21683,7231,1875,7,2385.17
21684,7232,1620,9,3717.32
21685,7232,570,1,3064.78
21686,7233,806,2,866.43
21687,7233,1656,5,1367.63
21688,7233,1306,7,3649.88
21689,7233,1106,1,4261.29
21690,7233,856,7,223.7
21691,7234,1804,6,588.38
21692,7234,1154,3,4828.79
21693,7235,869,1,3358.44
21694,7235,1919,9,4689.73
21695,7235,1519,8,1013.46
21696,7236,1377,3,515.03
21697,7236,1477,2,4074.61
21698,7237,270,1,2807.71
21699,7238,1029,9,623.25
21700,7238,779,2,3066.48
21701,7238,1429,9,749.08
21702,7239,1177,10,3341.16
21703,7240,301,7,1202.86
21704,7240,1851,8,2865.23
21705,7240,1501,1,1798.87
21706,7240,651,10,1967.55
21707,7241,1542,8,3225.42
21708,7241,1021,4,629.53
21709,7241,91,5,4884.57
21710,7241,244,7,3586.57
21711,7242,958,7,1254.29
21712,7242,1458,8,2648.58
21713,7243,576,8,3049.19
21714,7243,476,1,3065.65
21715,7243,1926,4,3041.15
21716,7243,1426,2,3589.66
21717,7243,1976,1,218.05
21718,7244,850,5,131.88
21719,7244,700,7,2368.83
21720,7245,1447,10,2115.92
21721,7246,548,8,979.71
21722,7246,1498,10,378.42
21723,7246,398,10,4718.41
21724,7246,748,8,2135.24
21725,7247,1369,7,959.67
21726,7247,1319,6,731.09
21727,7247,1619,3,249.05
21728,7247,1469,2,4325.78
21729,7247,919,4,2079.62
21730,7248,11,8,2984.3
21731,7248,361,6,4924.75
21732,7249,1122,5,2655.3
21733,7249,22,1,904.5
21734,7249,272,4,1132.56
21735,7250,1534,9,3450.02
21736,7250,284,4,1385.37
21737,7251,1348,2,962.05
21738,7251,648,8,3377.63
21739,7252,1457,4,3840.37
21740,7252,1207,7,2031.87
21741,7252,857,2,351.39
21742,7252,1907,7,3324.77
21743,7252,1307,1,4870.33
21744,7253,1671,5,2608.09
21745,7253,751,5,633.8
21746,7254,1055,8,4235.34
21747,7254,1905,6,580.35
21748,7254,1905,7,4896.05
21749,7255,1106,8,310.62
21750,7255,1758,8,4287.3
21751,7255,543,8,1700.03
21752,7255,1026,10,4634.86
21753,7255,712,3,2511.01
21754,7256,535,10,132.12
21755,7257,771,6,4756.46
21756,7257,1944,10,939.9
21757,7257,1921,7,3633.52
21758,7257,20,7,2022.67
21759,7257,1118,4,4843.99
21760,7258,1033,4,3616.86
21761,7258,1333,4,4439.19
21762,7259,737,6,4160.31
21763,7259,300,6,1400.56
21764,7259,400,6,3865.33
21765,7260,1453,5,2670.34
21766,7260,1443,9,1450.8
21767,7260,932,7,3056.61
21768,7260,1426,4,4649.86
21769,7260,1084,3,3408.43
21770,7261,1015,10,771.53
21771,7261,983,5,795.03
21772,7261,794,3,1817.78
21773,7261,1104,8,1140.88
21774,7262,539,5,2278.1
21775,7262,739,1,1543.24
21776,7262,1789,8,1424.9
21777,7263,1805,7,1911.94
21778,7263,455,9,502.81
21779,7263,1522,9,67.84
21780,7263,707,10,3986.28
21781,7264,1631,1,1554.2
21782,7264,681,7,1412.2
21783,7264,1681,2,156.55
21784,7264,1431,2,3225.7
21785,7264,1131,9,1526.26
21786,7265,1187,7,4400.55
21787,7265,237,4,343.23
21788,7265,1187,3,536.83
21789,7266,560,7,3477.44
21790,7267,1644,5,2310.6
21791,7267,776,8,2969.08
21792,7267,1436,1,2319.41
21793,7267,927,6,4155.35
21794,7268,1086,3,1084.29
21795,7269,429,8,3394.37
21796,7269,879,6,1739.78
21797,7270,58,8,1166.26
21798,7270,1358,3,4924.13
21799,7270,1858,9,3171.24
21800,7271,346,5,633.44
21801,7272,1392,8,3854.74
21802,7272,592,7,1166.36
21803,7272,442,2,2781.71
21804,7272,742,2,1111.14
21805,7273,649,8,1365.71
21806,7274,403,9,4941.3
21807,7274,1903,2,2698.37
21808,7274,303,3,146.03
21809,7274,603,4,2849.99
21810,7275,1721,6,4759.58
21811,7275,21,4,1781.93
21812,7275,1371,3,2457.46
21813,7275,1771,10,4430.19
21814,7276,1161,3,1416.16
21815,7276,818,8,1808.59
21816,7276,742,2,2191.78
21817,7276,80,1,2943.89
21818,7276,469,1,3849.91
21819,7277,1031,3,776.95
21820,7277,381,1,4687.21
21821,7277,281,1,3761.44
21822,7277,681,3,3246.59
21823,7277,531,10,1163.11
21824,7278,354,1,4195.15
21825,7278,154,7,3220.74
21826,7278,1104,2,4132.7
21827,7278,304,3,4103.84
21828,7278,154,6,4969.02
21829,7279,290,5,2684.26
21830,7280,1903,10,3953.48
21831,7280,1653,5,1921.0
21832,7280,1053,10,2887.67
21833,7280,1703,6,1042.31
21834,7281,1237,1,2528.44
21835,7281,1980,5,4632.65
21836,7281,1110,6,2003.44
21837,7281,18,2,4839.08
21838,7281,1251,4,1573.1
21839,7282,1406,5,1494.25
21840,7282,506,1,1378.06
21841,7282,6,2,1033.23
21842,7282,1206,2,1848.49
21843,7283,1396,2,2661.43
21844,7284,675,1,1000.1
21845,7284,183,10,3101.14
21846,7284,171,6,4046.58
21847,7285,296,9,922.51
21848,7286,1232,10,4752.45
21849,7286,1832,9,64.89
21850,7286,1182,3,1559.96
21851,7286,1532,3,1981.55
21852,7287,1460,3,1205.58
21853,7287,1610,8,1050.2
21854,7287,1810,10,2207.19
21855,7287,710,2,4220.37
21856,7287,560,6,1919.19
21857,7288,614,3,2329.71
21858,7288,1514,2,1851.57
21859,7289,1877,6,673.71
21860,7289,1427,7,4733.04
21861,7289,1577,6,1987.36
21862,7289,177,8,2611.5
21863,7289,127,10,4193.05
21864,7290,560,7,1983.75
21865,7290,984,6,3148.76
21866,7290,392,3,95.73
21867,7290,453,10,1534.84
21868,7291,1287,2,4843.83
21869,7291,1237,2,3945.35
21870,7291,287,2,359.99
21871,7291,1837,8,1998.16
21872,7291,287,3,1275.08
21873,7292,1167,1,4099.99
21874,7293,1335,3,1974.87
21875,7293,385,3,2739.87
21876,7293,385,9,4147.12
21877,7294,721,8,4447.41
21878,7294,1371,4,3010.01
21879,7294,1221,6,475.85
21880,7294,1571,7,1928.5
21881,7294,971,3,2920.51
21882,7295,346,6,3368.74
21883,7295,775,4,800.42
21884,7295,1196,5,4593.47
21885,7295,678,8,806.34
21886,7296,787,9,1976.83
21887,7296,1337,10,3054.77
21888,7296,1087,4,4291.89
21889,7296,737,4,4714.87
21890,7296,1187,9,1661.8
21891,7297,1949,3,271.55
21892,7297,219,6,1203.63
21893,7297,593,4,1453.91
21894,7297,1642,9,3945.19
21895,7298,447,9,1105.7
21896,7298,1192,10,3618.8
21897,7298,505,4,1656.29
21898,7298,1387,6,3364.09
21899,7299,41,1,3214.75
21900,7299,1641,3,3908.58
21901,7299,391,8,1135.13
21902,7300,539,6,4888.54
21903,7300,1209,8,418.9
21904,7300,878,7,3743.73
21905,7300,1115,4,260.15
21906,7300,712,2,3514.56
21907,7301,1742,2,1575.52
21908,7301,1692,10,4965.47
21909,7301,542,6,2188.02
21910,7302,983,2,255.16
21911,7302,1733,4,494.22
21912,7302,633,2,1420.89
21913,7302,1933,6,1535.82
21914,7302,283,8,2200.6
21915,7303,1268,8,4131.07
21916,7303,1518,7,4017.89
21917,7304,907,8,735.72
21918,7304,1673,7,2986.78
21919,7304,724,7,2723.3
21920,7304,781,10,270.49
21921,7305,993,8,1058.91
21922,7305,1643,9,540.29
21923,7305,1943,1,1034.23
21924,7306,113,5,1457.2
21925,7306,1113,5,3908.85
21926,7306,1413,7,4377.92
21927,7306,963,10,4510.87
21928,7306,1063,4,2229.62
21929,7307,626,5,4803.48
21930,7307,1476,1,1415.62
21931,7307,1926,7,3206.02
21932,7307,1926,1,4374.42
21933,7308,508,5,3060.88
21934,7308,1008,7,644.77
21935,7308,1958,4,3701.46
21936,7309,1736,7,2825.1
21937,7309,899,7,4892.86
21938,7309,966,10,3634.97
21939,7309,1423,6,3268.58
21940,7310,353,10,4397.96
21941,7310,1611,9,1984.21
21942,7310,1534,4,2502.74
21943,7311,470,7,1031.29
21944,7312,526,4,4391.33
21945,7312,376,8,259.81
21946,7312,1676,8,3760.25
21947,7312,1626,5,3025.49
21948,7312,176,9,4698.72
21949,7313,194,1,2174.75
21950,7313,644,10,2865.74
21951,7313,394,4,4320.25
21952,7314,1005,7,3251.26
21953,7315,1601,6,966.62
21954,7315,646,9,2627.68
21955,7315,57,9,3268.88
21956,7316,518,9,282.4
21957,7316,118,1,1690.2
21958,7316,418,4,1572.5
21959,7317,448,5,4923.92
21960,7317,1088,8,4265.88
21961,7317,634,5,791.56
21962,7317,288,8,124.24
21963,7317,1402,2,405.33
21964,7318,589,7,4649.57
21965,7319,17,1,1852.55
21966,7319,767,4,3529.34
21967,7319,1117,5,3018.09
21968,7319,717,2,4772.26
21969,7319,1267,4,1707.96
21970,7320,868,3,2954.66
21971,7320,260,7,971.17
21972,7320,678,2,3769.23
21973,7320,1652,5,3114.12
21974,7320,768,8,2583.26
21975,7321,1298,8,2127.15
21976,7321,1448,3,2416.68
21977,7321,98,3,4327.3
21978,7322,69,9,4976.06
21979,7322,769,4,2715.94
21980,7322,975,6,1696.54
21981,7322,317,2,3981.57
21982,7323,1759,1,214.44
21983,7323,859,3,2592.45
21984,7324,1122,4,100.45
21985,7324,1722,8,1622.59
21986,7325,380,9,4880.19
21987,7325,180,4,661.09
21988,7325,180,5,4498.98
21989,7326,290,7,2203.39
21990,7327,1400,10,169.06
21991,7328,966,9,1742.05
21992,7329,1361,10,3546.97
21993,7329,1761,3,1578.47
21994,7329,1561,4,3051.15
21995,7329,361,9,2707.66
21996,7329,1661,9,2497.25
21997,7330,1684,8,2634.73
21998,7330,484,2,3762.22
21999,7331,808,2,501.64
22000,7332,1532,6,4354.05
22001,7332,1482,9,3544.33
22002,7332,82,9,372.49
22003,7333,564,7,1131.93
22004,7334,1756,8,560.72
22005,7334,106,5,4641.37
22006,7334,756,1,1285.61
22007,7335,1775,7,3941.12
22008,7335,575,7,4256.34
22009,7335,1775,9,637.35
22010,7335,25,4,385.45
22011,7336,520,7,2639.19
22012,7336,1159,6,4642.33
22013,7336,1517,8,3839.33
22014,7337,309,9,1081.53
22015,7338,1981,4,2945.47
22016,7338,1574,2,2473.77
22017,7338,199,9,1033.17
22018,7338,1669,1,1675.9
22019,7338,596,6,2588.76
22020,7339,456,10,2130.21
22021,7339,1006,8,1121.38
22022,7339,256,3,978.53
22023,7339,406,2,649.83
22024,7340,967,10,1961.66
22025,7340,517,5,213.39
22026,7340,1417,3,3526.73
22027,7340,1017,9,4309.78
22028,7341,334,5,2666.89
22029,7341,1034,4,2454.22
22030,7341,484,6,3587.18
22031,7341,1334,2,3891.41
22032,7342,928,9,2688.14
22033,7342,1278,6,2764.47
22034,7342,528,1,1336.63
22035,7342,228,5,2309.83
22036,7342,978,3,1583.13
22037,7343,547,6,851.48
22038,7343,1844,2,2957.27
22039,7343,1743,4,1666.75
22040,7343,586,8,3329.48
22041,7343,1813,1,1233.03
22042,7344,284,5,688.46
22043,7344,34,6,3487.77
22044,7344,684,4,3323.41
22045,7344,1534,6,1151.06
22046,7344,584,6,4925.79
22047,7345,1237,7,1058.28
22048,7345,1287,6,1658.85
22049,7346,1737,4,2385.21
22050,7347,1589,6,4067.76
22051,7347,589,1,1852.36
22052,7347,789,3,3888.64
22053,7347,189,5,1780.95
22054,7348,481,5,2903.2
22055,7348,31,2,3798.38
22056,7349,636,5,2912.72
22057,7349,1508,1,1982.2
22058,7350,1491,2,2720.24
22059,7350,1241,3,3922.64
22060,7350,1041,10,88.57
22061,7351,384,5,3852.22
22062,7351,184,7,1668.34
22063,7351,984,1,1212.65
22064,7351,1784,1,4270.39
22065,7351,434,10,3632.91
22066,7352,1112,6,1784.33
22067,7352,262,1,4583.57
22068,7352,1412,4,2435.87
22069,7352,862,5,2297.75
22070,7353,435,1,1324.42
22071,7354,890,4,486.14
22072,7354,1301,10,447.83
22073,7354,716,10,861.24
22074,7354,397,6,3919.57
22075,7355,257,6,4725.37
22076,7355,457,10,1919.58
22077,7356,1238,10,67.92
22078,7357,159,5,486.89
22079,7357,9,8,4886.41
22080,7357,1959,1,2525.73
22081,7358,1473,1,3878.66
22082,7358,923,10,2455.55
22083,7358,1223,4,3483.75
22084,7359,323,1,4202.95
22085,7359,508,10,3394.83
22086,7359,156,7,1264.74
22087,7359,97,7,3202.88
22088,7359,1745,2,203.26
22089,7360,573,7,4811.28
22090,7360,153,7,2463.69
22091,7361,1934,4,3743.94
22092,7361,876,3,1151.32
22093,7361,466,8,4594.25
22094,7362,328,4,1439.82
22095,7362,1428,8,1978.55
22096,7362,978,4,921.36
22097,7362,728,9,1765.18
22098,7362,1228,10,4202.46
22099,7363,319,7,3013.19
22100,7363,1019,8,4734.28
22101,7363,1069,6,4718.24
22102,7363,719,4,1255.85
22103,7363,419,4,2804.84
22104,7364,1934,10,319.48
22105,7364,684,2,269.7
22106,7364,634,4,2822.16
22107,7364,1334,6,715.01
22108,7365,168,6,4487.46
22109,7365,418,9,723.82
22110,7366,48,9,3373.48
22111,7366,1148,4,3374.01
22112,7367,913,8,4336.41
22113,7367,755,4,4832.88
22114,7367,1487,2,3498.01
22115,7367,958,6,1959.05
22116,7368,1724,5,2648.51
22117,7368,595,7,152.24
22118,7368,825,8,4365.32
22119,7368,888,1,1957.95
22120,7369,1513,4,1975.61
22121,7369,1245,5,4050.63
22122,7370,1786,1,3438.14
22123,7371,913,5,2626.8
22124,7372,1313,10,4421.82
22125,7372,1850,10,1517.8
22126,7372,1013,1,1625.6
22127,7372,1680,3,3151.12
22128,7372,1869,1,1157.56
22129,7373,643,5,4220.95
22130,7373,132,6,3922.86
22131,7373,165,6,82.61
22132,7374,1324,5,2635.51
22133,7374,324,7,1552.13
22134,7375,1058,6,3658.42
22135,7376,29,2,4632.37
22136,7376,1479,2,1126.99
22137,7376,1179,10,2920.57
22138,7376,1629,4,313.3
22139,7377,1679,4,3501.21
22140,7377,279,4,3600.95
22141,7378,1912,7,4174.95
22142,7378,562,6,2474.58
22143,7378,812,4,200.66
22144,7378,1162,9,275.97
22145,7379,1942,5,2049.35
22146,7380,212,1,3732.08
22147,7380,11,7,3925.3
22148,7380,1168,10,1242.22
22149,7380,1879,6,567.3
22150,7381,935,10,614.47
22151,7381,1885,9,2595.83
22152,7381,585,5,2168.71
22153,7382,841,1,4307.42
22154,7382,1841,3,749.71
22155,7383,716,8,914.94
22156,7383,403,3,1839.14
22157,7383,1165,7,971.82
22158,7383,472,5,825.4
22159,7383,1184,9,2317.21
22160,7384,919,6,1967.22
22161,7384,1816,9,4558.39
22162,7384,713,5,2073.8
22163,7385,15,5,2785.61
22164,7386,743,6,2649.24
22165,7386,1493,10,604.63
22166,7386,193,7,697.18
22167,7387,1888,5,829.36
22168,7387,1326,6,2743.14
22169,7387,13,6,782.84
22170,7388,976,4,3376.24
22171,7388,276,7,4341.11
22172,7388,1676,10,2879.7
22173,7389,665,5,4313.31
22174,7390,1525,4,602.04
22175,7390,283,5,3793.9
22176,7390,959,9,162.79
22177,7390,1660,4,1335.28
22178,7391,1672,3,2888.72
22179,7392,722,6,2730.23
22180,7392,1322,9,1263.86
22181,7392,1972,8,3969.52
22182,7392,1822,4,94.66
22183,7392,922,6,3230.53
22184,7393,942,10,2605.17
22185,7394,252,5,2958.59
22186,7394,562,6,3511.73
22187,7394,691,6,232.04
22188,7395,924,6,3062.49
22189,7395,1924,2,3515.0
22190,7395,474,1,1128.74
22191,7395,1574,8,2153.95
22192,7396,94,5,2221.06
22193,7396,1394,8,3289.77
22194,7396,1244,5,939.74
22195,7396,894,6,112.65
22196,7397,1102,7,4759.31
22197,7397,1392,7,3087.38
22198,7397,43,9,578.21
22199,7397,1996,10,2762.35
22200,7398,221,8,2021.68
22201,7398,721,6,2825.92
22202,7398,871,4,1461.36
22203,7398,1371,4,3252.65
22204,7398,21,4,4179.9
22205,7399,237,8,2097.94
22206,7399,297,5,4174.98
22207,7399,94,9,4659.56
22208,7399,1155,3,1628.02
22209,7399,1139,5,600.15
22210,7400,1026,10,3560.2
22211,7401,470,5,4592.4
22212,7401,1070,9,1905.15
22213,7401,1370,9,2149.04
22214,7402,454,1,1260.72
22215,7402,1254,3,3807.74
22216,7402,304,8,386.41
22217,7402,1054,5,778.47
22218,7403,1829,4,316.86
22219,7403,1529,1,771.11
22220,7403,1679,8,3344.08
22221,7403,1979,10,2904.68
22222,7403,129,6,1888.08
22223,7404,551,2,279.37
22224,7404,1892,7,3298.54
22225,7404,169,7,4910.89
22226,7404,273,8,3658.07
22227,7404,1352,5,4570.37
22228,7405,1156,10,1464.12
22229,7405,149,6,2205.13
22230,7405,1051,10,4307.32
22231,7405,590,10,4856.73
22232,7406,1801,10,3668.95
22233,7406,1108,10,4147.29
22234,7406,1900,5,4770.24
22235,7406,590,4,3014.65
22236,7406,926,2,2543.0
22237,7407,313,3,4394.17
22238,7407,1363,7,2549.73
22239,7407,1313,9,58.44
22240,7407,1063,5,3325.26
22241,7408,177,2,4494.37
22242,7408,676,2,3992.54
22243,7408,114,4,865.09
22244,7409,1060,3,2672.74
22245,7409,710,4,1799.57
22246,7409,360,9,4051.49
22247,7409,160,5,957.67
22248,7410,707,7,3630.56
22249,7410,1307,2,2491.79
22250,7410,1757,5,3967.93
22251,7411,603,1,1626.81
22252,7411,403,4,4387.18
22253,7412,1671,3,1200.08
22254,7412,1571,9,4484.2
22255,7413,1222,1,1493.73
22256,7414,1434,6,1943.49
22257,7414,1084,9,255.66
22258,7414,1184,8,2932.26
22259,7414,684,3,1582.7
22260,7414,1784,9,2855.04
22261,7415,625,5,2229.12
22262,7415,1653,7,2928.72
22263,7415,1005,9,4224.34
22264,7416,1814,3,269.68
22265,7416,1312,4,2236.32
22266,7417,989,6,2199.01
22267,7417,1089,1,4065.22
22268,7418,60,8,3131.55
22269,7418,1010,1,3583.84
22270,7418,260,4,3496.31
22271,7418,1260,8,2332.77
22272,7419,589,8,1775.72
22273,7419,489,7,959.18
22274,7419,689,1,2625.26
22275,7419,139,9,2334.44
22276,7419,1039,6,4983.7
22277,7420,1304,5,3326.87
22278,7420,1154,7,4070.65
22279,7420,1754,4,4624.32
22280,7420,954,10,3612.97
22281,7421,1920,1,1692.29
22282,7421,1270,7,4601.9
22283,7421,1670,5,4570.32
22284,7421,1470,4,1536.2
22285,7421,1220,8,3211.24
22286,7422,1535,9,3319.39
22287,7422,1335,7,823.3
22288,7422,935,7,3412.09
22289,7422,635,7,481.11
22290,7423,1997,1,165.62
22291,7423,597,6,1356.35
22292,7423,1747,3,1162.08
22293,7423,1597,4,1913.47
22294,7424,723,8,589.38
22295,7424,511,4,2068.37
22296,7424,943,3,4251.75
22297,7424,1223,10,265.76
22298,7425,1601,9,3340.28
22299,7425,701,10,3425.81
22300,7425,301,3,3991.63
22301,7425,851,8,2857.62
22302,7426,521,5,4914.09
22303,7426,821,4,701.91
22304,7426,521,8,4668.16
22305,7427,924,10,708.06
22306,7427,1174,3,3365.21
22307,7428,1367,10,3770.46
22308,7428,1067,1,1191.24
22309,7428,717,7,4838.69
22310,7428,1417,6,1322.96
22311,7429,1000,8,3539.78
22312,7429,565,1,3355.15
22313,7430,1268,9,2477.83
22314,7430,468,8,4985.44
22315,7430,368,10,978.35
22316,7430,1168,2,902.97
22317,7431,1038,4,4906.22
22318,7431,1838,2,1630.87
22319,7432,1352,9,2510.33
22320,7432,1557,9,2214.96
22321,7432,1233,2,3999.57
22322,7432,938,1,4422.24
22323,7433,609,2,808.8
22324,7433,159,7,2966.76
22325,7433,1059,10,3844.41
22326,7433,1209,7,2342.71
22327,7433,659,8,549.01
22328,7434,754,7,3102.2
22329,7434,578,8,3327.03
22330,7434,762,1,3016.28
22331,7434,1398,9,4061.17
22332,7435,92,8,517.61
22333,7436,708,5,1769.34
22334,7436,487,10,2872.84
22335,7436,1811,5,4422.44
22336,7436,1846,8,3365.21
22337,7436,1826,8,2711.01
22338,7437,383,6,1908.61
22339,7437,1933,1,3230.64
22340,7438,11,7,1088.68
22341,7438,111,10,4207.82
22342,7438,511,2,3771.64
22343,7438,1511,7,4029.43
22344,7439,170,9,1522.02
22345,7439,1870,1,1133.1
22346,7439,770,8,4827.74
22347,7440,118,5,2827.84
22348,7440,1868,3,200.07
22349,7440,568,8,1733.79
22350,7440,1868,4,2287.55
22351,7440,1318,9,4983.27
22352,7441,1930,10,2011.79
22353,7442,934,1,1881.66
22354,7442,1884,8,4597.2
22355,7442,184,8,4085.0
22356,7443,1766,10,234.4
22357,7443,1629,10,2132.28
22358,7443,1604,9,242.36
22359,7443,83,10,1145.4
22360,7443,1978,1,3528.14
22361,7444,1015,9,3114.74
22362,7444,1865,8,4811.76
22363,7444,815,7,2467.74
22364,7444,915,6,1700.54
22365,7445,1870,9,1131.63
22366,7445,621,1,3179.93
22367,7445,1409,6,3380.9
22368,7445,944,7,1520.83
22369,7445,1266,1,4083.6
22370,7446,298,10,3813.02
22371,7446,948,1,491.9
22372,7447,946,4,1441.94
22373,7447,796,1,1051.03
22374,7447,796,5,973.43
22375,7447,646,6,2364.25
22376,7447,1746,10,2147.11
22377,7448,1891,8,4394.88
22378,7448,33,2,1172.74
22379,7449,1432,10,969.87
22380,7449,932,2,4110.24
22381,7450,1969,1,3097.05
22382,7450,81,7,3366.48
22383,7450,569,7,2142.84
22384,7450,686,7,3569.96
22385,7451,1107,4,3247.98
22386,7451,1757,2,1100.26
22387,7451,407,7,232.98
22388,7451,207,8,3058.96
22389,7451,957,5,1378.69
22390,7452,760,3,879.63
22391,7452,1710,7,1611.43
22392,7452,1160,5,4606.52
22393,7452,860,9,1621.91
22394,7453,775,5,291.85
22395,7453,575,6,1364.8
22396,7453,175,6,1344.39
22397,7453,125,8,469.42
22398,7454,1073,4,3957.1
22399,7455,1335,3,852.24
22400,7455,396,9,660.31
22401,7455,1943,7,4471.56
22402,7455,1674,10,1285.61
22403,7455,922,1,904.07
22404,7456,949,7,1126.75
22405,7457,1753,9,824.99
22406,7457,1053,9,226.58
22407,7457,803,5,4868.14
22408,7458,14,7,799.51
22409,7458,1401,10,669.7
22410,7459,1773,2,4742.02
22411,7459,1812,1,3155.79
22412,7459,1362,4,3339.45
22413,7460,994,2,2538.34
22414,7460,694,10,4249.66
22415,7461,1622,2,2853.21
22416,7461,1972,4,1615.76
22417,7461,172,3,2778.45
22418,7461,1372,9,432.79
22419,7461,572,2,3816.44
22420,7462,424,5,1423.78
22421,7462,1524,5,2219.9
22422,7463,1589,7,3138.02
22423,7463,1539,9,2486.13
22424,7464,20,9,855.15
22425,7465,1214,4,4335.35
22426,7466,664,3,3514.17
22427,7467,1926,7,2354.39
22428,7467,376,9,4257.02
22429,7468,1833,6,2046.4
22430,7468,483,7,620.69
22431,7469,1548,3,1741.69
22432,7469,1998,2,920.4
22433,7469,948,10,3417.04
22434,7470,1795,1,1440.64
22435,7471,1794,4,269.55
22436,7471,592,2,4490.07
22437,7471,73,2,1039.93
22438,7471,1067,3,4386.2
22439,7472,1817,2,3066.58
22440,7472,255,5,2872.48
22441,7472,1315,10,937.09
22442,7473,672,5,705.2
22443,7474,1295,7,4922.06
22444,7474,1428,9,1502.18
22445,7474,212,7,864.55
22446,7475,1896,9,4414.36
22447,7475,796,2,644.33
22448,7475,1796,9,4408.81
22449,7475,1796,10,469.49
22450,7476,7,7,1529.77
22451,7476,1157,5,256.1
22452,7476,1707,3,485.31
22453,7476,707,10,4052.19
22454,7476,1407,7,2432.4
22455,7477,226,1,2528.03
22456,7477,1426,5,433.59
22457,7477,126,8,1829.0
22458,7477,526,5,3585.86
22459,7478,1889,2,3218.75
22460,7478,471,2,3228.96
22461,7478,383,5,3469.92
22462,7479,1902,6,698.85
22463,7479,402,9,1424.31
22464,7480,1720,1,3346.14
22465,7480,711,9,4453.3
22466,7480,405,4,327.86
22467,7481,924,2,4089.76
22468,7482,1061,7,398.32
22469,7483,1649,4,162.24
22470,7483,799,6,2143.55
22471,7483,249,2,2289.02
22472,7483,649,3,3850.59
22473,7483,249,10,497.07
22474,7484,1333,2,3967.16
22475,7484,1431,8,1339.97
22476,7484,104,5,617.51
22477,7484,1687,7,2902.86
22478,7485,19,8,1929.24
22479,7486,1889,10,887.66
22480,7486,489,3,3417.03
22481,7486,39,2,2222.58
22482,7487,979,6,934.63
22483,7488,1255,3,2310.84
22484,7489,1185,6,3812.93
22485,7490,678,6,148.74
22486,7490,928,5,3833.26
22487,7490,228,5,4532.59
22488,7490,328,1,1696.89
22489,7490,1478,5,728.32
22490,7491,749,9,4492.38
22491,7491,1084,6,2496.7
22492,7491,124,9,936.64
22493,7491,1361,9,2867.83
22494,7492,1111,3,594.81
22495,7492,1061,4,3082.04
22496,7492,1811,10,4582.74
22497,7492,1861,10,297.17
22498,7493,1650,7,1735.07
22499,7493,1654,1,4563.97
22500,7493,923,5,3646.76
22501,7494,646,8,3232.68
22502,7494,1467,4,258.9
22503,7494,141,4,178.78
22504,7494,1366,9,3569.06
22505,7495,228,9,2249.57
22506,7496,1640,5,1990.97
22507,7497,928,4,2705.89
22508,7497,1228,1,4136.28
22509,7497,1378,2,467.67
22510,7498,234,10,914.34
22511,7498,1782,1,4838.95
22512,7498,514,8,2634.99
22513,7498,1892,8,4600.62
22514,7498,254,7,3459.03
22515,7499,188,3,2629.72
22516,7499,1688,6,1440.07
22517,7499,488,8,3079.74
22518,7499,988,8,603.84
22519,7499,1738,1,3491.03
22520,7500,1406,5,2443.13
22521,7500,1556,8,4950.27
22522,7500,1556,7,2209.49
22523,7500,6,3,1721.69
22524,7501,1938,4,4303.52
22525,7501,438,6,1131.16
22526,7502,276,8,1752.3
22527,7502,672,1,2999.45
22528,7502,686,7,3108.23
22529,7503,1390,9,4082.34
22530,7503,540,9,563.96
22531,7504,1855,9,1263.18
22532,7504,1705,2,491.95
22533,7504,455,10,635.0
22534,7505,1714,9,318.04
22535,7505,64,8,1939.22
22536,7505,1664,3,1678.46
22537,7505,114,9,3195.83
22538,7506,1460,2,701.98
22539,7506,1966,9,4426.43
22540,7506,1348,2,2919.7
22541,7507,354,6,3317.16
22542,7507,704,9,278.66
22543,7507,704,2,3324.67
22544,7507,704,9,1965.46
22545,7508,1438,8,2055.15
22546,7508,588,9,2351.91
22547,7509,1400,5,193.73
22548,7509,1400,6,2492.88
22549,7509,2000,4,2412.02
22550,7510,1800,4,1036.99
22551,7510,150,9,3197.5
22552,7510,400,4,4198.53
22553,7510,1350,4,2638.83
22554,7510,1700,10,3899.33
22555,7511,1331,2,1221.44
22556,7512,1227,2,296.73
22557,7512,1619,7,1232.7
22558,7512,1728,3,863.25
22559,7512,1069,4,2551.94
22560,7512,1774,5,2612.13
22561,7513,1558,8,404.46
22562,7514,1753,8,1437.82
22563,7514,3,10,613.19
22564,7514,1453,4,2378.07
22565,7514,1003,1,2032.5
22566,7515,1367,5,2820.05
22567,7515,1117,1,244.2
22568,7516,235,9,229.49
22569,7516,1535,10,2917.41
22570,7517,258,10,3581.71
22571,7518,1411,9,3671.08
22572,7518,1611,9,3446.15
22573,7518,1411,8,1976.6
22574,7519,1400,1,1426.42
22575,7519,613,9,3765.74
22576,7519,1732,5,4878.28
22577,7520,139,3,3368.95
22578,7520,1959,8,4542.22
22579,7520,1900,10,1685.96
22580,7520,1766,8,1767.06
22581,7521,1971,10,3665.14
22582,7521,221,3,2610.62
22583,7522,203,4,4735.64
22584,7522,1625,8,4599.49
22585,7522,887,7,1459.99
22586,7522,25,10,3202.24
22587,7522,51,3,3226.23
22588,7523,704,10,2228.11
22589,7524,96,10,2476.85
22590,7524,1396,6,2908.26
22591,7524,396,4,3571.58
22592,7524,846,1,768.82
22593,7524,246,3,1114.27
22594,7525,1142,3,2382.04
22595,7526,1470,5,2536.26
22596,7526,213,6,2072.49
22597,7526,27,1,3648.19
22598,7526,1918,5,4764.13
22599,7526,1618,7,4579.18
22600,7527,1084,3,4055.73
22601,7527,1234,1,4055.83
22602,7527,1684,6,794.29
22603,7527,834,6,1056.68
22604,7528,553,2,4700.09
22605,7528,610,1,4382.64
22606,7529,873,7,2991.23
22607,7529,473,2,1988.67
22608,7529,223,5,1274.45
22609,7529,1473,9,166.98
22610,7530,1042,6,1562.27
22611,7530,892,3,4643.83
22612,7530,242,1,1120.97
22613,7530,992,8,3440.09
22614,7531,454,8,1740.01
22615,7531,1640,4,4361.98
22616,7531,363,8,573.33
22617,7532,229,9,4398.56
22618,7533,584,7,1717.64
22619,7533,301,2,3693.28
22620,7533,973,9,2002.43
22621,7533,54,6,1489.06
22622,7534,1266,10,1684.02
22623,7535,1737,2,2007.36
22624,7535,1437,2,2452.57
22625,7536,1218,5,3866.43
22626,7536,1218,2,744.73
22627,7536,568,3,1087.36
22628,7537,378,8,2869.66
22629,7537,1878,9,295.76
22630,7538,446,4,1707.66
22631,7539,1025,10,2492.73
22632,7540,1017,9,1198.64
22633,7540,167,5,1136.14
22634,7541,328,7,4013.36
22635,7542,345,9,4555.99
22636,7543,1927,2,1015.61
22637,7544,484,10,1010.47
22638,7544,241,4,1588.74
22639,7544,1372,10,1737.09
22640,7544,912,4,3184.83
22641,7545,924,6,3153.14
22642,7545,894,1,558.9
22643,7545,1151,9,1502.93
22644,7546,228,3,1101.19
22645,7546,1978,7,2716.43
22646,7547,850,5,363.26
22647,7547,300,2,2139.28
22648,7547,2000,3,863.51
22649,7547,900,7,4221.45
22650,7548,8,4,279.38
22651,7549,477,6,2817.05
22652,7550,366,1,4372.84
22653,7550,416,4,1775.05
22654,7550,216,8,4984.61
22655,7550,1116,5,66.31
22656,7550,866,8,1206.82
22657,7551,438,1,1399.5
22658,7552,893,10,3986.93
22659,7553,567,2,4981.85
22660,7553,1367,3,4138.92
22661,7553,167,5,4502.92
22662,7553,1267,9,2206.09
22663,7553,517,1,3064.75
22664,7554,172,5,1773.66
22665,7554,572,6,2357.49
22666,7554,322,9,2264.37
22667,7554,572,5,693.98
22668,7554,822,2,2421.82
22669,7555,1323,7,3214.53
22670,7555,1773,8,705.08
22671,7555,1173,5,3006.49
22672,7556,1213,8,2911.68
22673,7557,828,2,4039.15
22674,7557,1331,2,848.83
22675,7557,629,4,4697.66
22676,7558,29,4,1505.14
22677,7558,1229,5,2644.87
22678,7558,1429,4,2396.06
22679,7558,1029,2,3852.56
22680,7558,29,7,4942.4
22681,7559,169,1,3039.91
22682,7559,1469,4,2041.68
22683,7559,1969,2,3284.29
22684,7559,1719,5,2392.7
22685,7559,1469,10,1505.93
22686,7560,1972,5,4873.92
22687,7560,1172,2,2651.32
22688,7560,72,1,4212.91
22689,7561,40,2,1008.2
22690,7562,113,4,4742.72
22691,7562,976,5,3682.56
22692,7563,1591,3,458.08
22693,7563,1591,6,4013.66
22694,7564,871,6,3043.11
22695,7564,1029,10,3808.41
22696,7564,465,6,2833.88
22697,7564,1143,2,2202.33
22698,7565,1751,5,2772.28
22699,7565,901,3,4927.08
22700,7565,901,5,2043.75
22701,7565,1801,8,180.44
22702,7566,1350,5,2686.8
22703,7566,550,8,2433.66
22704,7566,1550,9,879.13
22705,7567,1771,1,4323.71
22706,7567,171,8,1223.47
22707,7567,771,6,2046.1
22708,7567,1371,1,2058.67
22709,7568,1061,6,4147.38
22710,7568,1011,8,4698.35
22711,7568,1311,4,2782.85
22712,7569,1373,6,795.74
22713,7569,573,8,2363.52
22714,7569,323,1,1146.75
22715,7569,1923,10,2770.53
22716,7569,123,1,450.96
22717,7570,1859,4,4639.11
22718,7570,1459,5,1842.06
22719,7570,1559,8,2901.27
22720,7570,409,5,2920.66
22721,7571,593,3,1635.57
22722,7571,266,9,2261.55
22723,7572,895,6,1344.19
22724,7572,1716,9,2212.05
22725,7573,661,3,988.84
22726,7573,611,9,4124.55
22727,7573,1761,5,2741.09
22728,7573,1111,2,4629.4
22729,7573,1661,3,4525.98
22730,7574,81,6,3561.51
22731,7574,1043,9,456.4
22732,7574,331,4,1855.63
22733,7574,922,10,3907.94
22734,7575,903,8,202.21
22735,7575,1003,3,3359.13
22736,7575,1753,1,2563.28
22737,7575,1453,2,2491.47
22738,7576,1505,1,4531.8
22739,7576,1505,1,505.59
22740,7576,55,1,4003.17
22741,7576,605,3,3966.79
22742,7576,555,4,1769.97
22743,7577,151,8,971.13
22744,7577,1001,10,4619.19
22745,7577,1901,9,3592.97
22746,7577,301,8,4322.32
22747,7578,1401,10,3123.36
22748,7578,240,8,1389.85
22749,7579,607,1,3392.8
22750,7579,257,3,3965.45
22751,7580,387,10,4569.7
22752,7580,1522,3,1261.21
22753,7581,1466,4,2578.08
22754,7581,16,7,406.23
22755,7581,1466,3,2989.55
22756,7582,1945,7,1587.43
22757,7583,34,4,4953.04
22758,7583,1861,4,115.31
22759,7583,557,5,1066.54
22760,7583,737,5,940.78
22761,7583,732,10,1628.53
22762,7584,989,5,1857.83
22763,7585,1715,9,4534.94
22764,7585,1165,9,4385.83
22765,7586,213,1,1454.66
22766,7586,213,3,1529.9
22767,7586,1563,8,1466.32
22768,7586,563,1,2273.34
22769,7587,1935,10,1523.44
22770,7587,885,4,4791.49
22771,7587,735,4,2660.61
22772,7587,735,10,4932.89
22773,7588,1135,7,409.87
22774,7589,669,10,4882.8
22775,7589,69,1,4753.3
22776,7589,369,8,4179.75
22777,7590,1843,10,4343.41
22778,7590,143,4,3077.47
22779,7590,143,3,4596.44
22780,7590,93,5,2017.73
22781,7590,1693,5,105.08
22782,7591,114,7,232.32
22783,7592,1856,4,4225.74
22784,7592,864,3,1624.69
22785,7592,1767,9,62.09
22786,7593,1195,4,1469.74
22787,7593,1095,3,2434.86
22788,7593,395,8,2066.44
22789,7594,992,5,879.52
22790,7594,942,7,2601.79
22791,7595,1967,5,786.14
22792,7595,917,5,4735.32
22793,7595,417,5,215.85
22794,7595,1517,4,4610.39
22795,7595,1967,2,1184.16
22796,7596,1134,1,1369.91
22797,7596,1484,8,4136.91
22798,7596,1134,4,3294.86
22799,7597,531,8,1164.44
22800,7597,1931,6,643.48
22801,7597,881,8,4109.37
22802,7597,1781,2,3378.51
22803,7598,92,10,1608.92
22804,7598,1316,6,2187.76
22805,7598,1392,10,198.83
22806,7599,1887,5,2559.0
22807,7599,529,2,4428.75
22808,7600,715,3,4219.76
22809,7600,1525,2,916.44
22810,7600,1689,2,4378.44
22811,7601,1543,3,4068.67
22812,7601,1893,9,2196.49
22813,7601,693,2,3355.52
22814,7601,893,7,1206.88
22815,7601,293,7,4265.68
22816,7602,339,9,4059.3
22817,7602,796,4,1257.33
22818,7602,1722,5,2313.51
22819,7603,499,2,2093.23
22820,7604,1141,9,2411.22
22821,7604,1341,7,1880.28
22822,7605,720,1,4693.52
22823,7605,1520,2,1749.98
22824,7606,678,9,4230.86
22825,7606,578,9,1615.86
22826,7607,586,9,3048.96
22827,7607,1988,6,575.08
22828,7608,318,3,104.21
22829,7608,1018,7,4980.88
22830,7608,1818,1,799.27
22831,7609,1857,2,1917.91
22832,7609,1957,8,1461.92
22833,7609,507,9,188.59
22834,7609,1807,4,2139.48
22835,7609,407,10,3592.65
22836,7610,601,3,2591.65
22837,7610,501,9,184.59
22838,7610,801,1,3845.02
22839,7611,847,5,1777.75
22840,7612,1086,2,4013.93
22841,7612,1853,7,743.0
22842,7612,130,9,2275.03
22843,7612,1292,4,4632.93
22844,7612,1753,3,903.31
22845,7613,1876,10,800.4
22846,7613,1426,7,3782.25
22847,7613,1626,3,4677.71
22848,7613,1676,10,2908.56
22849,7613,226,2,1076.13
22850,7614,313,2,1949.43
22851,7614,1664,5,934.85
22852,7614,219,2,2662.98
22853,7614,1387,2,1352.39
22854,7615,583,10,1121.08
22855,7615,433,4,410.52
22856,7615,483,2,1497.21
22857,7615,333,1,2071.22
22858,7616,1433,6,4180.9
22859,7616,883,10,4002.81
22860,7616,583,5,2237.59
22861,7616,533,8,2558.4
22862,7616,1733,3,755.3
22863,7617,1930,3,3083.16
22864,7618,178,8,1296.82
22865,7618,828,9,430.34
22866,7618,1228,7,1857.98
22867,7619,1849,4,2533.27
22868,7620,221,3,4224.73
22869,7620,1471,8,3405.49
22870,7620,1321,4,711.91
22871,7621,1094,4,3750.57
22872,7621,765,7,4594.06
22873,7621,1470,5,4223.3
22874,7621,1181,5,1699.85
22875,7622,11,8,1574.83
22876,7622,11,9,1912.67
22877,7622,1361,10,2434.97
22878,7622,1711,1,4854.84
22879,7623,162,1,2222.77
22880,7623,612,2,301.21
22881,7623,1962,5,4047.18
22882,7623,1562,8,2827.27
22883,7624,903,7,2645.16
22884,7624,1403,8,3338.28
22885,7624,3,4,2058.29
22886,7624,803,5,3475.97
22887,7624,1303,1,3929.59
22888,7625,252,10,1159.97
22889,7625,514,9,1136.26
22890,7625,1062,9,1036.23
22891,7626,1600,9,4873.39
22892,7626,450,3,3381.64
22893,7626,850,7,2137.84
22894,7627,1743,8,3043.92
22895,7627,1609,1,755.64
22896,7627,1999,6,1121.64
22897,7627,966,3,1692.77
22898,7628,587,1,555.99
22899,7629,1651,1,4622.48
22900,7629,601,9,3837.26
22901,7629,851,8,2718.31
22902,7629,51,6,4645.56
22903,7630,1015,9,903.38
22904,7630,1597,3,4185.96
22905,7630,1251,8,4543.47
22906,7630,1803,3,117.97
22907,7630,936,1,908.48
22908,7631,1098,8,2516.29
22909,7631,1448,9,2444.67
22910,7632,255,1,1419.34
22911,7633,779,7,3357.69
22912,7633,1928,10,3831.1
22913,7633,894,3,2911.1
22914,7633,943,6,4231.8
22915,7634,1912,9,697.77
22916,7635,1967,6,2694.23
22917,7635,717,9,195.25
22918,7635,167,8,2792.89
22919,7635,1967,10,786.62
22920,7635,267,5,4135.91
22921,7636,587,10,1045.75
22922,7637,605,1,4868.49
22923,7637,705,3,2861.36
22924,7637,1005,6,2167.3
22925,7638,290,5,221.59
22926,7638,1081,7,1549.29
22927,7638,388,8,4860.99
22928,7638,999,9,3055.16
22929,7639,834,9,3830.07
22930,7640,318,9,3515.07
22931,7640,68,2,2205.66
22932,7641,4,6,1595.37
22933,7641,804,9,3763.51
22934,7641,4,8,534.89
22935,7641,804,7,2483.73
22936,7642,551,2,2017.48
22937,7642,1201,3,1236.21
22938,7643,116,9,1270.48
22939,7643,166,6,790.81
22940,7643,1466,3,184.87
22941,7644,260,10,237.86
22942,7644,1210,7,2625.69
22943,7644,1710,8,2604.97
22944,7644,110,7,197.65
22945,7644,910,6,4639.24
22946,7645,385,3,2732.29
22947,7645,735,10,4478.01
22948,7645,1035,10,4205.39
22949,7645,435,4,2954.43
22950,7645,835,5,1492.15
22951,7646,1556,3,2328.87
22952,7647,623,3,980.24
22953,7647,623,2,4993.8
22954,7648,663,4,3022.0
22955,7648,663,6,4191.07
22956,7648,163,9,753.21
22957,7649,1754,4,109.94
22958,7650,1131,6,1927.03
22959,7650,14,10,769.65
22960,7651,1803,5,1775.65
22961,7651,353,2,683.65
22962,7652,224,2,2596.48
22963,7653,1564,10,2681.12
22964,7654,362,6,3773.09
22965,7654,1678,4,1124.87
22966,7654,410,4,485.23
22967,7654,1459,3,406.18
22968,7654,903,3,2985.12
22969,7655,512,9,305.99
22970,7655,1212,2,4331.37
22971,7656,1605,7,4605.64
22972,7656,1305,5,2302.18
22973,7657,789,3,2260.8
22974,7657,217,9,4298.32
22975,7657,1037,6,2495.0
22976,7658,1070,10,2815.1
22977,7658,1570,6,3674.7
22978,7659,258,1,1645.96
22979,7659,1358,9,121.45
22980,7660,801,3,3458.96
22981,7660,611,10,1962.49
22982,7660,118,4,493.39
22983,7660,107,9,2898.16
22984,7660,1611,2,107.92
22985,7661,1544,5,3550.08
22986,7661,694,6,2708.88
22987,7661,1444,4,4948.97
22988,7661,544,6,3775.61
22989,7662,1393,5,175.47
22990,7662,1893,6,4390.5
22991,7662,1993,9,3698.23
22992,7663,162,10,748.96
22993,7663,412,3,3506.4
22994,7663,62,9,969.57
22995,7664,127,1,1559.78
22996,7665,1158,7,1191.53
22997,7666,656,6,93.85
22998,7666,1556,5,4554.81
22999,7666,1406,9,4548.15
23000,7666,1306,9,1126.77
23001,7667,1941,4,4064.07
23002,7667,1841,4,4036.39
23003,7667,641,10,3997.84
23004,7667,891,9,3880.08
23005,7668,1518,9,2996.63
23006,7668,1218,9,3585.06
23007,7668,918,2,2058.64
23008,7669,902,2,662.94
23009,7669,1297,5,2971.37
23010,7669,471,7,1529.73
23011,7669,1337,8,2246.98
23012,7670,911,6,3783.34
23013,7670,1950,7,529.0
23014,7670,492,3,2631.97
23015,7671,255,4,1290.51
23016,7671,428,2,2824.41
23017,7671,1023,2,1927.3
23018,7671,1421,6,215.32
23019,7671,1663,4,215.6
23020,7672,1887,7,2030.03
23021,7672,937,3,1930.69
23022,7672,1687,2,1924.93
23023,7672,487,6,3563.81
23024,7672,1587,4,684.18
23025,7673,1338,6,1806.69
23026,7673,488,5,2607.01
23027,7674,267,7,748.52
23028,7674,507,6,1449.02
23029,7674,1053,3,4926.08
23030,7674,869,10,3088.77
23031,7675,1111,6,3584.26
23032,7675,1411,9,3735.06
23033,7675,1261,9,2021.95
23034,7675,1911,10,714.86
23035,7676,463,10,2722.18
23036,7676,963,9,3819.51
23037,7676,1113,3,1158.47
23038,7676,113,3,2041.81
23039,7677,94,5,3712.04
23040,7677,1944,7,2178.79
23041,7677,444,9,4647.76
23042,7677,944,6,2837.95
23043,7677,1894,4,1485.46
23044,7678,1864,7,3572.35
23045,7679,760,6,3487.52
23046,7679,1210,3,3433.09
23047,7679,460,4,2498.39
23048,7679,1610,6,4257.26
23049,7680,1930,3,2843.74
23050,7680,330,8,2350.31
23051,7680,1480,6,4473.74
23052,7680,580,10,559.75
23053,7681,1413,5,3854.77
23054,7681,1113,6,595.49
23055,7682,172,5,1206.54
23056,7682,518,1,269.36
23057,7682,50,2,3846.67
23058,7683,1971,4,3168.08
23059,7683,271,8,4256.75
23060,7683,221,9,4569.31
23061,7683,1821,5,2579.91
23062,7683,1571,6,753.6
23063,7684,1671,3,4047.77
23064,7684,381,4,3865.23
23065,7684,1373,1,4133.91
23066,7684,1850,1,4957.24
23067,7685,361,2,2464.0
23068,7685,1311,3,202.92
23069,7685,1561,2,3853.96
23070,7686,1797,9,896.43
23071,7686,747,4,3177.89
23072,7686,247,8,2969.76
23073,7687,1298,6,588.06
23074,7687,439,1,2229.56
23075,7687,1190,4,4304.55
23076,7687,987,9,190.95
23077,7688,1230,7,2143.13
23078,7688,562,2,3126.39
23079,7689,126,9,3884.27
23080,7689,326,4,2236.65
23081,7689,426,9,3112.91
23082,7690,797,1,2165.82
23083,7690,307,2,3503.53
23084,7690,1014,4,3633.59
23085,7691,329,1,4988.14
23086,7691,1318,5,106.89
23087,7692,1020,8,4934.25
23088,7692,1670,8,4984.39
23089,7692,120,7,2150.52
23090,7692,1120,3,2995.33
23091,7693,992,6,972.4
23092,7693,237,1,4269.23
23093,7693,1682,2,250.41
23094,7693,9,8,3662.74
23095,7693,1759,7,2786.44
23096,7694,1614,8,2397.95
23097,7694,414,6,4904.85
23098,7695,1960,5,2649.85
23099,7695,960,6,1473.9
23100,7695,1460,4,3328.04
23101,7695,1460,10,4360.59
23102,7696,573,7,4689.15
23103,7696,1329,4,4840.13
23104,7696,1567,4,2146.86
23105,7696,1964,7,4861.17
23106,7696,815,1,4307.91
23107,7697,456,10,1209.71
23108,7697,70,3,3570.92
23109,7697,923,2,4785.47
23110,7697,1273,5,486.21
23111,7697,877,7,3762.94
23112,7698,1934,9,2811.87
23113,7698,1484,7,2871.52
23114,7698,1834,10,1345.65
23115,7699,26,4,4454.27
23116,7699,1176,6,1011.53
23117,7699,1276,4,297.67
23118,7699,1626,8,4812.31
23119,7700,1018,10,2387.95
23120,7700,823,9,3819.02
23121,7701,1826,7,4067.21
23122,7701,79,10,2022.66
23123,7701,255,7,3029.12
23124,7702,132,4,2693.79
23125,7702,332,5,4307.39
23126,7702,1532,8,1000.89
23127,7702,1582,5,168.36
23128,7702,882,8,4573.63
23129,7703,470,4,3905.61
23130,7703,220,4,2377.54
23131,7703,1470,5,3347.63
23132,7703,1370,4,4046.27
23133,7703,1870,8,3211.19
23134,7704,1932,3,2089.05
23135,7705,1420,3,4993.85
23136,7705,820,5,3612.01
23137,7706,1650,1,521.57
23138,7706,850,10,828.3
23139,7706,550,8,3513.99
23140,7707,1542,4,4769.77
23141,7708,1350,5,4663.56
23142,7708,50,8,3376.89
23143,7708,600,7,3445.07
23144,7708,1350,3,2012.22
23145,7709,1862,2,1620.01
23146,7709,996,3,3075.43
23147,7709,1396,6,727.46
23148,7709,1953,7,2848.05
23149,7709,1743,1,3864.14
23150,7710,3,5,3068.16
23151,7710,1753,5,1431.78
23152,7711,218,4,2972.5
23153,7711,618,5,4704.15
23154,7712,127,9,2641.58
23155,7713,1307,4,4645.55
23156,7713,407,5,660.63
23157,7713,1707,9,1566.86
23158,7714,243,10,4394.68
23159,7714,93,9,1236.07
23160,7714,1543,1,3203.57
23161,7715,613,4,2378.09
23162,7715,1951,5,1033.78
23163,7715,1816,3,995.27
23164,7715,1495,1,2757.58
23165,7715,309,8,3858.48
23166,7716,508,2,2392.87
23167,7716,708,5,2385.95
23168,7716,108,7,4465.61
23169,7717,1125,9,240.96
23170,7717,1577,9,3247.55
23171,7718,5,7,588.09
23172,7718,805,4,3245.07
23173,7719,1472,9,3921.62
23174,7719,1146,9,1275.12
23175,7719,1551,10,3979.74
23176,7719,373,6,2539.46
23177,7719,1850,4,3539.43
23178,7720,1245,4,1548.9
23179,7720,457,3,4104.81
23180,7720,216,6,170.96
23181,7720,1228,5,3931.28
23182,7720,1448,7,327.74
23183,7721,268,7,1898.12
23184,7721,935,8,165.24
23185,7721,1554,3,1439.65
23186,7721,1012,1,4770.62
23187,7722,360,5,1647.67
23188,7722,1610,4,2541.4
23189,7723,640,3,3303.17
23190,7723,1240,8,2032.42
23191,7723,640,5,4643.37
23192,7724,1167,7,3633.77
23193,7725,114,3,2155.18
23194,7726,397,10,1282.86
23195,7727,1165,6,1391.95
23196,7727,1265,3,1800.08
23197,7727,1515,1,4469.76
23198,7728,491,1,1998.79
23199,7728,1591,4,2904.99
23200,7729,633,7,4235.37
23201,7730,1004,3,1748.8
23202,7730,704,6,1332.54
23203,7730,204,9,4373.89
23204,7730,954,2,4343.27
23205,7730,1254,1,2968.07
23206,7731,1887,7,3033.22
23207,7731,1380,8,3897.77
23208,7732,772,6,3751.03
23209,7732,743,10,375.62
23210,7732,130,7,4596.63
23211,7732,1079,2,3402.87
23212,7733,1198,10,2642.89
23213,7733,98,8,4753.47
23214,7733,648,5,2717.01
23215,7733,398,8,1904.91
23216,7734,408,2,2072.53
23217,7734,608,3,1888.41
23218,7734,1608,1,882.93
23219,7734,208,8,1579.23
23220,7735,1767,4,283.53
23221,7735,840,5,2339.02
23222,7735,138,8,1732.07
23223,7735,81,6,2639.78
23224,7735,1205,7,361.18
23225,7736,1366,6,4500.44
23226,7737,534,2,3928.41
23227,7737,484,1,4590.8
23228,7737,1534,6,1110.69
23229,7738,1681,7,4189.03
23230,7738,223,7,3593.75
23231,7738,118,7,2241.48
23232,7739,1075,8,3354.42
23233,7739,955,10,1792.67
23234,7739,1741,9,4591.18
23235,7740,1963,7,4806.22
23236,7740,1167,1,3792.15
23237,7741,861,3,2000.67
23238,7741,1011,5,3495.15
23239,7741,261,4,2634.25
23240,7741,61,7,4743.34
23241,7742,1417,4,4514.46
23242,7743,412,9,2744.81
23243,7743,157,9,1136.73
23244,7743,295,4,487.01
23245,7743,725,7,2197.36
23246,7744,1246,8,869.31
23247,7744,1846,6,2868.61
23248,7745,317,9,3082.18
23249,7745,17,7,3344.32
23250,7745,817,9,3196.0
23251,7746,1632,2,699.2
23252,7746,1582,10,519.88
23253,7747,853,10,4889.22
23254,7747,300,5,4167.7
23255,7747,1690,4,454.52
23256,7748,1856,6,213.95
23257,7748,1806,6,962.89
23258,7748,1406,2,3206.78
23259,7748,456,3,4820.56
23260,7748,356,9,4679.96
23261,7749,1050,4,1647.2
23262,7749,584,9,2267.57
23263,7750,408,5,2172.03
23264,7750,1254,2,3534.17
23265,7751,105,1,1537.1
23266,7751,1499,3,4410.43
23267,7751,1271,1,2478.23
23268,7751,1229,2,379.41
23269,7751,624,3,856.07
23270,7752,1284,2,3053.04
23271,7752,484,8,2772.22
23272,7752,484,8,327.62
23273,7752,584,3,3407.53
23274,7752,1384,7,4707.36
23275,7753,206,6,3112.99
23276,7753,306,8,3280.06
23277,7753,606,9,1799.25
23278,7753,756,8,3483.65
23279,7754,1518,8,3459.34
23280,7754,1518,5,395.82
23281,7754,1818,5,1017.62
23282,7754,918,5,2700.82
23283,7755,471,6,1890.35
23284,7755,1005,5,3292.28
23285,7755,1999,4,3558.17
23286,7756,839,10,4412.61
23287,7756,1280,10,4069.96
23288,7756,1524,10,65.45
23289,7756,1204,1,3011.69
23290,7756,654,1,499.84
23291,7757,728,1,723.31
23292,7758,1512,5,3310.86
23293,7758,262,1,634.67
23294,7759,1724,9,4215.4
23295,7759,1824,10,3730.02
23296,7759,824,5,2605.56
23297,7759,124,4,4514.75
23298,7759,474,9,4577.2
23299,7760,387,5,495.66
23300,7760,1058,5,4523.9
23301,7760,636,4,3490.23
23302,7760,920,6,285.22
23303,7761,115,8,250.51
23304,7761,1665,3,4497.48
23305,7761,965,1,1815.94
23306,7761,615,4,582.18
23307,7761,1315,5,3366.83
23308,7762,1515,7,1052.57
23309,7762,815,6,4664.45
23310,7762,1965,3,2885.08
23311,7762,165,4,4723.27
23312,7762,365,6,1736.18
23313,7763,1073,5,4059.31
23314,7763,1123,3,230.46
23315,7763,1723,8,1183.62
23316,7763,373,8,4963.19
23317,7764,1084,6,650.81
23318,7764,310,4,1304.89
23319,7764,1604,2,4444.47
23320,7765,1971,9,2652.38
23321,7765,21,7,125.94
23322,7766,1417,4,1697.75
23323,7766,117,4,3508.29
23324,7766,768,10,3823.46
23325,7767,1429,9,4838.83
23326,7767,979,9,4473.25
23327,7767,879,7,4139.99
23328,7767,1829,2,413.19
23329,7768,600,5,103.42
23330,7768,350,10,882.24
23331,7768,2000,1,3719.94
23332,7768,650,4,1495.23
23333,7768,1100,9,1056.93
23334,7769,172,7,152.21
23335,7769,1634,8,3079.39
23336,7769,1654,10,3486.78
23337,7769,987,6,567.17
23338,7770,163,2,494.01
23339,7770,1663,6,3549.31
23340,7770,1363,6,3473.02
23341,7771,315,4,3252.85
23342,7771,165,3,510.88
23343,7771,1715,4,106.18
23344,7772,1352,3,4249.13
23345,7772,985,3,2835.92
23346,7772,1044,6,3050.77
23347,7773,1206,2,1351.08
23348,7773,456,10,2434.71
23349,7773,1656,8,1501.61
23350,7773,806,10,674.7
23351,7774,966,9,3378.02
23352,7774,1566,6,3174.99
23353,7774,566,7,4281.85
23354,7774,316,8,1115.2
23355,7775,1697,5,1065.78
23356,7775,764,2,3630.46
23357,7775,380,7,2935.43
23358,7775,797,1,1193.19
23359,7775,852,6,4968.37
23360,7776,1417,6,2922.93
23361,7776,717,1,3226.33
23362,7776,1067,2,693.58
23363,7777,1037,4,3835.44
23364,7777,737,5,2852.13
23365,7777,1037,4,926.94
23366,7777,487,10,258.29
23367,7778,189,7,1582.92
23368,7779,851,4,3930.57
23369,7779,1505,3,869.22
23370,7779,1428,4,2094.77
23371,7780,1589,9,4294.9
23372,7781,1819,2,3767.72
23373,7782,1554,4,4694.75
23374,7782,1554,10,3105.11
23375,7782,954,4,983.14
23376,7782,1054,7,399.66
23377,7782,54,7,2389.04
23378,7783,484,3,4023.2
23379,7784,196,1,2217.3
23380,7785,1153,6,2389.21
23381,7785,1471,8,1406.02
23382,7786,1322,9,3280.44
23383,7786,672,4,3253.99
23384,7786,322,8,681.78
23385,7786,722,5,2876.49
23386,7786,1222,3,354.98
23387,7787,1060,2,857.92
23388,7787,1210,3,544.2
23389,7788,685,2,2128.37
23390,7788,1754,3,3864.95
23391,7788,737,1,3675.85
23392,7788,137,1,2894.28
23393,7789,983,5,792.52
23394,7789,637,5,3284.03
23395,7789,100,2,4085.68
23396,7790,930,6,3230.52
23397,7790,1202,2,4920.19
23398,7791,254,1,4518.85
23399,7792,329,1,2490.36
23400,7793,1348,7,4527.35
23401,7793,98,2,4213.7
23402,7793,1898,7,1895.9
23403,7794,1283,10,2236.6
23404,7794,583,8,1232.97
23405,7794,1983,3,3272.73
23406,7794,183,3,1707.04
23407,7795,666,6,4044.61
23408,7795,1766,7,4525.79
23409,7795,366,2,4607.26
23410,7795,1266,8,1262.07
23411,7795,16,4,1426.4
23412,7796,1752,3,2947.8
23413,7796,402,7,1883.29
23414,7796,752,8,4825.57
23415,7796,1202,2,64.85
23416,7796,1102,8,3727.05
23417,7797,1675,6,1497.46
23418,7797,1293,4,4694.71
23419,7797,154,2,4478.28
23420,7797,1857,5,3284.85
23421,7798,591,6,3936.73
23422,7798,1291,6,4505.31
23423,7798,341,10,1766.26
23424,7798,891,1,3425.43
23425,7798,141,2,301.25
23426,7799,1355,4,3570.71
23427,7799,255,10,1381.31
23428,7799,1355,8,3303.08
23429,7799,255,7,4538.9
23430,7800,354,1,4840.67
23431,7800,1881,5,4020.9
23432,7800,611,8,1125.44
23433,7801,1026,1,4111.81
23434,7801,1276,3,1855.29
23435,7801,326,2,2536.67
23436,7802,1950,8,815.01
23437,7802,1900,5,4675.17
23438,7802,2000,2,2697.44
23439,7802,1150,8,3402.36
23440,7802,50,5,2109.75
23441,7803,981,4,1536.05
23442,7804,730,4,1426.18
23443,7804,228,8,4914.74
23444,7804,1976,1,4347.49
23445,7804,1492,1,242.48
23446,7804,1118,3,2785.82
23447,7805,174,10,2307.26
23448,7805,524,7,4335.87
23449,7806,454,3,1813.79
23450,7806,304,1,2488.14
23451,7807,1432,9,2268.37
23452,7807,882,8,3937.37
23453,7807,1782,8,2888.06
23454,7808,168,6,4007.58
23455,7809,246,8,1644.07
23456,7809,346,6,3059.88
23457,7810,1705,4,3052.84
23458,7811,1439,8,3268.27
23459,7811,639,5,2467.66
23460,7811,1639,3,3347.76
23461,7811,389,7,631.67
23462,7811,1989,9,418.44
23463,7812,1974,2,3836.91
23464,7812,1896,5,3783.62
23465,7812,1003,5,1393.67
23466,7812,230,1,2509.62
23467,7813,553,6,4323.13
23468,7813,853,8,252.33
23469,7814,1550,4,3528.06
23470,7814,810,6,718.58
23471,7815,180,7,1891.68
23472,7816,1465,6,1333.24
23473,7817,416,4,4981.28
23474,7818,1735,2,2545.67
23475,7818,1156,2,1774.35
23476,7819,1535,8,2873.99
23477,7819,385,6,2898.1
23478,7819,985,8,144.83
23479,7819,1235,6,867.7
23480,7819,1035,1,4249.5
23481,7820,647,3,2655.24
23482,7820,147,4,489.87
23483,7820,1747,7,4249.94
23484,7820,1497,10,339.18
23485,7821,1809,9,3653.2
23486,7822,94,8,1461.28
23487,7823,1627,1,3679.28
23488,7823,427,10,2203.13
23489,7823,277,6,2410.34
23490,7823,1677,1,2851.02
23491,7824,1027,6,4114.45
23492,7824,777,10,1685.69
23493,7824,277,1,3024.48
23494,7824,427,7,4067.79
23495,7824,777,1,414.91
23496,7825,939,4,2104.58
23497,7825,1652,4,2233.47
23498,7826,1955,3,1937.26
23499,7826,5,1,2696.09
23500,7827,1344,7,4559.21
23501,7827,829,3,2533.2
23502,7827,1609,5,3255.56
23503,7827,1866,7,4257.99
23504,7827,1284,1,3359.05
23505,7828,1137,10,2210.62
23506,7829,300,3,2121.62
23507,7829,1300,6,3243.19
23508,7829,350,2,4154.03
23509,7829,1000,7,1798.82
23510,7830,54,2,3118.03
23511,7830,1554,2,4758.25
23512,7830,604,4,505.05
23513,7830,1054,9,2317.44
23514,7830,1704,10,3449.94
23515,7831,1873,5,2186.51
23516,7832,32,4,1177.24
23517,7832,376,6,149.46
23518,7832,1715,6,1709.92
23519,7832,1917,8,3806.31
23520,7833,24,9,2613.91
23521,7833,824,9,3054.08
23522,7833,724,1,118.45
23523,7833,774,6,2547.79
23524,7834,359,8,1998.84
23525,7834,1210,7,873.4
23526,7834,1717,1,379.67
23527,7834,1197,6,2395.02
23528,7834,156,1,3468.38
23529,7835,599,10,2134.43
23530,7835,1449,3,4331.31
23531,7835,1849,4,2295.26
23532,7836,325,5,4231.35
23533,7836,825,7,57.21
23534,7836,1475,10,1014.35
23535,7837,980,10,3131.74
23536,7837,180,2,347.75
23537,7837,1680,1,1234.12
23538,7838,1604,2,2421.89
23539,7838,804,9,4618.12
23540,7838,204,8,1769.61
23541,7838,1104,8,3401.31
23542,7838,354,4,1083.99
23543,7839,831,2,1781.95
23544,7840,439,7,2655.23
23545,7840,839,6,3559.76
23546,7840,839,8,3833.81
23547,7840,1539,10,851.38
23548,7841,1241,7,3305.3
23549,7842,1931,5,2301.69
23550,7842,1400,10,1047.61
23551,7842,952,7,2186.33
23552,7842,506,1,3986.64
23553,7842,575,9,1485.09
23554,7843,1797,1,3738.11
23555,7843,397,6,4810.41
23556,7843,297,7,2430.0
23557,7844,924,7,4914.24
23558,7844,7,9,2597.66
23559,7845,1499,7,4841.25
23560,7845,1299,5,3456.05
23561,7846,647,4,3319.28
23562,7847,128,2,3564.39
23563,7847,1178,8,4755.11
23564,7847,1828,5,4781.78
23565,7847,428,6,245.7
23566,7847,878,8,3852.88
23567,7848,1289,4,3403.79
23568,7849,1278,5,1894.15
23569,7849,378,10,4187.01
23570,7849,1928,2,4132.31
23571,7849,178,5,3039.07
23572,7850,1127,1,2958.45
23573,7850,1927,10,189.24
23574,7851,1437,8,3012.67
23575,7851,1487,3,938.25
23576,7851,1037,8,3437.72
23577,7851,1637,1,123.15
23578,7852,329,10,253.0
23579,7852,129,6,3515.56
23580,7852,529,3,1849.05
23581,7852,829,10,2307.87
23582,7853,596,8,3547.41
23583,7853,996,9,4471.08
23584,7853,846,4,3606.86
23585,7854,51,5,2677.91
23586,7854,1296,8,4722.2
23587,7855,1016,4,1212.52
23588,7855,660,10,3477.58
23589,7855,570,4,2303.02
23590,7855,945,9,1434.35
23591,7856,1667,2,600.4
23592,7856,212,1,2128.59
23593,7856,862,6,4952.93
23594,7857,1540,5,2973.21
23595,7857,390,1,708.53
23596,7858,1700,1,567.37
23597,7858,793,4,1886.83
23598,7858,1747,5,3550.87
23599,7859,539,1,193.64
23600,7859,989,7,1270.26
23601,7859,1139,1,892.01
23602,7860,1012,8,2105.17
23603,7860,1921,1,332.49
23604,7861,1218,5,4401.52
23605,7861,1718,6,1937.86
23606,7861,1668,6,1265.07
23607,7861,1518,8,557.22
23608,7862,1900,6,3508.62
23609,7862,1350,6,2255.73
23610,7862,400,7,3138.36
23611,7862,600,6,760.73
23612,7862,2000,9,2545.1
23613,7863,1821,10,1273.81
23614,7864,788,2,4226.29
23615,7865,1964,3,946.29
23616,7866,803,2,1705.76
23617,7866,1653,2,360.96
23618,7866,1003,1,4824.71
23619,7866,103,2,4246.7
23620,7866,453,8,1682.09
23621,7867,427,6,4756.02
23622,7867,927,8,1722.76
23623,7867,377,9,1888.08
23624,7868,1198,6,1307.29
23625,7868,1848,1,296.91
23626,7868,348,10,829.03
23627,7868,248,2,3990.17
23628,7869,536,5,471.19
23629,7870,1393,7,3402.92
23630,7870,393,6,2067.92
23631,7870,743,2,141.4
23632,7870,1243,8,1593.1
23633,7871,1938,7,4790.66
23634,7871,338,5,1660.76
23635,7872,661,9,2766.71
23636,7873,889,10,2996.73
23637,7874,1897,1,2187.66
23638,7875,1949,8,2319.1
23639,7875,249,3,3869.08
23640,7875,1849,5,4741.51
23641,7875,1649,6,176.87
23642,7875,1349,10,4859.29
23643,7876,1735,3,2870.98
23644,7876,1035,8,4538.49
23645,7876,1085,2,4836.62
23646,7876,635,4,1643.13
23647,7877,1739,5,709.6
23648,7877,1167,9,1777.58
23649,7877,1019,2,64.85
23650,7877,388,10,590.27
23651,7877,1557,8,2358.28
23652,7878,1947,5,1122.79
23653,7878,1947,9,4738.29
23654,7878,1897,4,680.7
23655,7878,1097,7,1545.58
23656,7879,385,7,4158.33
23657,7880,1758,7,993.11
23658,7880,858,1,761.5
23659,7881,538,8,826.13
23660,7881,188,7,746.01
23661,7882,1805,2,225.53
23662,7882,1555,9,4233.29
23663,7882,1905,7,847.2
23664,7883,186,8,3043.65
23665,7883,786,9,4458.68
23666,7883,86,5,404.79
23667,7883,1986,4,2182.87
23668,7883,1536,5,1480.92
23669,7884,505,7,580.88
23670,7885,644,2,1467.97
23671,7886,1849,9,3117.91
23672,7887,1275,9,1608.22
23673,7888,1001,8,2511.11
23674,7888,401,1,3900.49
23675,7888,1751,10,1173.29
23676,7889,183,8,775.14
23677,7889,483,6,3637.4
23678,7889,583,3,1286.0
23679,7889,683,5,1132.65
23680,7890,1574,1,2565.93
23681,7890,624,2,750.1
23682,7890,1224,7,879.78
23683,7890,424,1,3143.03
23684,7890,974,7,297.05
23685,7891,367,6,4231.36
23686,7891,867,6,3970.43
23687,7891,1117,6,3285.25
23688,7891,1167,9,4908.99
23689,7891,1317,3,4904.62
23690,7892,744,6,2410.91
23691,7893,1275,1,2407.81
23692,7893,1075,4,2564.05
23693,7894,511,9,1835.02
23694,7894,1361,3,2892.58
23695,7895,1545,2,4621.25
23696,7895,1380,5,2080.29
23697,7895,543,2,1484.78
23698,7895,90,5,3446.92
23699,7895,130,5,4270.33
23700,7896,80,6,3833.81
23701,7896,130,10,1916.94
23702,7896,1820,10,3078.55
23703,7897,493,2,3357.77
23704,7897,493,1,645.52
23705,7897,1293,8,3099.58
23706,7897,1293,1,577.66
23707,7897,993,5,2010.14
23708,7898,1582,5,4687.32
23709,7898,720,9,2804.81
23710,7898,1633,9,2490.26
23711,7898,452,4,824.42
23712,7898,836,6,3549.22
23713,7899,1422,7,2369.1
23714,7899,1472,2,1224.07
23715,7900,824,8,1810.86
23716,7900,1174,6,4416.22
23717,7900,974,9,4257.65
23718,7900,874,3,4249.02
23719,7900,174,3,61.22
23720,7901,193,8,4809.19
23721,7902,1204,7,2209.36
23722,7902,1054,2,867.37
23723,7902,554,6,166.67
23724,7903,1794,9,4438.6
23725,7903,320,3,932.4
23726,7903,543,10,4384.52
23727,7903,417,9,4262.88
23728,7904,1764,7,2072.78
23729,7904,1914,5,2939.6
23730,7905,1438,9,1381.55
23731,7906,385,6,1538.49
23732,7906,635,1,2235.56
23733,7906,635,4,686.9
23734,7907,955,9,3439.93
23735,7907,1705,9,236.27
23736,7907,355,6,2581.88
23737,7907,105,2,4827.16
23738,7907,1555,8,3300.24
23739,7908,1478,1,3690.13
23740,7908,1261,3,229.05
23741,7908,971,1,1452.26
23742,7908,893,2,2347.51
23743,7908,1497,8,2190.73
23744,7909,1585,6,3743.81
23745,7909,1985,9,2912.01
23746,7909,1585,2,1264.75
23747,7909,1335,9,4334.18
23748,7910,1457,9,3490.94
23749,7910,1674,4,4470.82
23750,7910,935,8,133.49
23751,7911,1958,9,1114.73
23752,7911,658,9,449.88
23753,7911,8,9,1833.98
23754,7911,458,8,114.74
23755,7912,549,9,2226.32
23756,7913,1484,5,1085.94
23757,7913,334,8,4776.31
23758,7913,234,2,4348.3
23759,7913,434,5,553.73
23760,7914,1223,7,2294.25
23761,7915,1227,3,2140.11
23762,7915,1882,4,3440.58
23763,7915,1994,7,3580.02
23764,7915,161,3,4923.44
23765,7916,927,2,4687.85
23766,7916,1377,4,4741.29
23767,7916,1677,8,2827.62
23768,7917,933,1,3918.12
23769,7917,33,3,4170.79
23770,7918,1388,7,3177.42
23771,7918,838,8,4436.53
23772,7918,988,9,4232.06
23773,7918,1688,8,207.97
23774,7919,1336,5,1844.83
23775,7919,36,5,488.41
23776,7919,936,10,133.72
23777,7919,1186,6,2530.92
23778,7920,235,5,4331.22
23779,7920,1985,4,3146.3
23780,7920,435,5,4377.35
23781,7921,1817,2,3999.26
23782,7921,1817,10,4411.85
23783,7921,1967,1,1825.86
23784,7922,1723,1,4465.94
23785,7922,1973,7,4364.69
23786,7922,1173,2,3646.24
23787,7922,1323,8,309.59
23788,7922,173,4,2023.56
23789,7923,607,3,2295.05
23790,7923,10,5,4237.53
23791,7924,1374,3,1735.0
23792,7925,283,1,1005.27
23793,7925,333,7,2828.93
23794,7926,1582,4,3243.37
23795,7926,732,4,4716.63
23796,7927,433,10,550.34
23797,7927,980,7,2577.07
23798,7927,836,8,918.22
23799,7928,455,9,3056.81
23800,7928,1255,2,1915.63
23801,7928,655,3,3404.2
23802,7928,205,10,2387.22
23803,7928,105,9,3081.15
23804,7929,295,4,3898.7
23805,7929,1095,1,2355.27
23806,7929,945,1,4141.62
23807,7929,495,6,968.4
23808,7929,1295,1,1310.27
23809,7930,211,1,773.33
23810,7930,1511,9,1828.08
23811,7930,1561,4,4207.67
23812,7930,1361,9,1986.5
23813,7931,1446,9,1063.69
23814,7931,1896,4,4346.46
23815,7931,46,8,2582.53
23816,7932,364,7,3154.37
23817,7932,1114,4,3121.03
23818,7933,655,6,4984.46
23819,7933,605,8,2747.55
23820,7933,855,8,3826.05
23821,7933,1505,10,423.45
23822,7934,1616,7,285.12
23823,7934,1166,1,3626.12
23824,7934,1866,5,4521.75
23825,7934,1466,10,4675.59
23826,7934,316,6,1582.98
23827,7935,813,1,2525.72
23828,7935,1263,8,1214.17
23829,7935,1263,7,80.49
23830,7935,1213,5,4099.38
23831,7935,1163,4,1314.69
23832,7936,834,10,2876.79
23833,7936,1434,9,1002.36
23834,7936,1834,1,1855.2
23835,7936,1534,10,2323.67
23836,7936,584,8,2909.78
23837,7937,1154,3,1204.7
23838,7938,1584,5,677.9
23839,7938,1582,8,883.62
23840,7938,1140,1,1990.45
23841,7939,1544,1,4096.82
23842,7939,658,2,414.94
23843,7939,1756,2,4342.58
23844,7939,1933,6,3529.09
23845,7939,906,5,4015.6
23846,7940,668,4,4152.79
23847,7941,886,4,4935.83
23848,7941,401,3,1757.24
23849,7941,992,7,429.59
23850,7941,1385,9,2671.06
23851,7941,844,8,4733.15
23852,7942,45,3,4154.04
23853,7942,895,8,1490.66
23854,7942,695,9,4929.72
23855,7942,1245,10,1912.21
23856,7942,745,3,2454.52
23857,7943,876,2,881.55
23858,7943,1276,7,1349.78
23859,7943,976,9,1876.09
23860,7944,1408,8,4515.62
23861,7945,1864,1,4107.1
23862,7945,850,9,467.77
23863,7945,1763,2,1028.56
23864,7945,1844,6,2453.5
23865,7946,997,3,1700.15
23866,7946,1964,9,2305.9
23867,7947,1977,8,782.11
23868,7947,1900,5,2468.57
23869,7947,1284,9,4373.43
23870,7947,1965,10,1043.91
23871,7948,1453,4,3914.88
23872,7948,853,2,3236.54
23873,7949,50,1,3062.21
23874,7949,800,5,2873.38
23875,7949,1750,1,4098.33
23876,7950,899,3,2276.98
23877,7951,1742,4,1139.96
23878,7951,842,2,4688.83
23879,7952,39,7,2378.56
23880,7953,94,4,3736.47
23881,7953,1597,6,1760.62
23882,7953,265,4,3793.02
23883,7953,1196,3,1692.25
23884,7954,151,7,1839.75
23885,7954,1397,1,1370.69
23886,7954,1624,6,299.78
23887,7954,506,1,1735.19
23888,7955,1740,10,1937.17
23889,7956,1157,3,4487.01
23890,7956,157,1,4146.87
23891,7956,157,1,2596.65
23892,7957,1904,4,1144.35
23893,7957,1604,7,1930.86
23894,7957,1204,10,2833.2
23895,7957,954,5,1926.73
23896,7958,1997,9,3042.11
23897,7958,547,9,4697.15
23898,7958,747,6,838.42
23899,7959,665,7,237.99
23900,7959,1615,1,2322.78
23901,7959,715,1,2106.69
23902,7959,1415,6,3309.63
23903,7959,165,4,53.45
23904,7960,1263,5,4136.07
23905,7961,1298,4,994.42
23906,7961,1848,6,4277.05
23907,7961,198,3,3821.7
23908,7961,498,6,4401.4
23909,7961,1848,7,1897.12
23910,7962,1592,1,341.96
23911,7962,1092,2,572.31
23912,7962,992,9,2992.31
23913,7962,542,6,1533.24
23914,7962,1692,8,4949.45
23915,7963,1826,6,4477.33
23916,7963,576,8,2099.07
23917,7963,676,8,706.04
23918,7963,826,5,3738.51
23919,7963,1126,10,4381.51
23920,7964,848,4,4010.68
23921,7964,1248,9,1953.29
23922,7964,1148,2,3872.88
23923,7964,248,3,3518.96
23924,7964,198,6,2218.22
23925,7965,784,5,1527.57
23926,7965,884,4,4292.94
23927,7966,231,5,1265.16
23928,7966,331,4,2937.71
23929,7966,1181,10,255.62
23930,7966,631,9,1794.9
23931,7966,1981,3,4129.79
23932,7967,1469,3,754.7
23933,7967,555,3,408.08
23934,7967,1028,7,3397.44
23935,7967,1848,9,3547.95
23936,7968,1958,5,773.78
23937,7968,1408,10,345.26
23938,7969,1663,10,996.13
23939,7969,213,5,2129.89
23940,7969,663,2,3329.59
23941,7970,918,8,4333.3
23942,7970,968,6,426.39
23943,7971,1200,9,4638.1
23944,7972,1995,10,4075.65
23945,7972,1595,8,4834.25
23946,7972,245,8,557.26
23947,7973,55,2,742.84
23948,7973,858,2,671.45
23949,7973,1379,1,1866.77
23950,7973,640,1,1947.61
23951,7973,306,2,3231.19
23952,7974,142,9,3914.83
23953,7974,942,2,1671.28
23954,7974,1842,6,1573.3
23955,7974,1542,9,3524.63
23956,7975,1515,10,3793.13
23957,7975,1165,5,106.95
23958,7975,365,1,1429.65
23959,7975,515,10,4627.98
23960,7975,715,5,1546.5
23961,7976,944,6,4108.85
23962,7976,1344,7,3157.49
23963,7977,637,7,2459.33
23964,7978,1934,4,1999.5
23965,7978,434,1,3964.85
23966,7978,1934,9,2536.04
23967,7978,634,7,1619.13
23968,7978,584,3,2494.15
23969,7979,1504,2,1644.61
23970,7979,1666,2,388.79
23971,7979,21,1,2524.0
23972,7979,1033,4,678.74
23973,7980,1188,5,1731.06
23974,7980,903,5,1831.53
23975,7980,1733,3,3169.76
23976,7981,100,3,3806.06
23977,7981,1200,9,3377.6
23978,7981,450,8,4187.94
23979,7981,1650,9,1400.13
23980,7982,557,4,4244.04
23981,7982,634,3,3123.2
23982,7982,550,9,4406.91
23983,7982,12,8,3949.64
23984,7983,687,9,1870.61
23985,7983,1002,4,4606.1
23986,7983,51,2,2689.4
23987,7984,1324,9,2078.24
23988,7984,1301,10,3129.26
23989,7984,1409,10,2574.99
23990,7984,1175,8,4068.58
23991,7984,652,3,4631.11
23992,7985,1749,9,1954.72
23993,7986,1719,7,3115.21
23994,7986,1049,1,806.96
23995,7986,1906,5,1557.25
23996,7986,1674,7,1820.64
23997,7987,509,4,2450.52
23998,7988,1463,2,4455.37
23999,7989,1806,7,2644.54
24000,7989,556,1,791.05
24001,7990,256,7,2085.39
24002,7990,756,4,4734.05
24003,7990,1706,8,1719.9
24004,7990,506,4,3371.16
24005,7990,6,5,841.42
24006,7991,1411,10,760.82
24007,7991,492,4,4018.89
24008,7991,437,6,453.05
24009,7991,978,3,2689.58
24010,7992,1825,6,869.39
24011,7992,1248,9,3864.51
24012,7992,1620,10,4148.41
24013,7993,141,10,4393.38
24014,7993,291,6,4793.49
24015,7993,191,10,1494.17
24016,7993,1691,10,3988.3
24017,7994,1289,10,283.11
24018,7994,139,10,3808.59
24019,7994,1339,10,4725.85
24020,7994,389,10,1356.6
24021,7994,1389,10,4948.09
24022,7995,44,8,1420.32
24023,7996,18,4,1578.48
24024,7996,1166,4,4200.46
24025,7997,566,1,2785.4
24026,7997,666,2,4136.64
24027,7997,1016,3,2611.95
24028,7997,216,6,2267.81
24029,7998,108,10,4176.62
24030,7999,1743,2,4519.16
24031,7999,1093,7,3144.36
24032,8000,1225,9,3269.45
24033,8001,930,8,4254.94
24034,8001,1130,6,3626.34
24035,8001,1380,5,249.36
24036,8001,1980,7,4571.83
24037,8002,1117,6,4987.86
24038,8002,567,3,1707.0
24039,8002,217,1,2804.16
24040,8002,467,6,3467.58
24041,8002,717,10,986.69
24042,8003,193,10,4943.04
24043,8003,102,3,540.2
24044,8003,1821,4,3237.66
24045,8003,297,8,3138.46
24046,8003,1419,1,3165.65
24047,8004,1250,7,1813.16
24048,8004,150,7,2422.48
24049,8004,50,3,1046.0
24050,8004,750,10,1812.37
24051,8005,276,9,1210.55
24052,8005,1476,10,169.19
24053,8005,376,5,3451.68
24054,8005,576,1,3633.52
24055,8006,141,4,4843.12
24056,8006,441,7,3029.74
24057,8006,1691,5,504.45
24058,8007,1299,8,2564.26
24059,8008,176,10,2290.07
24060,8008,1976,7,3816.17
24061,8008,1426,2,2104.02
24062,8008,1176,2,3476.27
24063,8009,1771,6,4773.79
24064,8010,770,1,1474.32
24065,8010,1120,1,1375.26
24066,8011,1607,8,3181.27
24067,8011,307,9,2052.32
24068,8011,1507,6,223.56
24069,8012,670,6,1791.08
24070,8012,820,2,3867.34
24071,8013,276,8,2264.97
24072,8013,176,7,827.94
24073,8013,726,9,1762.13
24074,8013,1326,5,140.32
24075,8014,531,9,364.29
24076,8014,1601,3,3146.0
24077,8014,1134,5,2154.82
24078,8014,1433,6,664.36
24079,8014,1211,9,234.22
24080,8015,659,5,4365.89
24081,8015,1509,10,4039.9
24082,8015,1609,8,3219.96
24083,8015,1709,4,1819.22
24084,8016,506,3,2496.97
24085,8016,1306,4,153.17
24086,8016,6,4,4556.86
24087,8016,1906,8,1422.97
24088,8016,356,2,4016.94
24089,8017,1844,2,466.36
24090,8018,1204,5,3184.65
24091,8018,654,1,2289.59
24092,8019,332,8,2468.36
24093,8020,1512,6,2233.34
24094,8020,1112,5,3458.71
24095,8020,162,7,4834.79
24096,8020,312,9,2900.65
24097,8021,1058,8,1049.84
24098,8022,1457,3,2256.06
24099,8023,751,8,3264.92
24100,8023,261,1,4969.09
24101,8023,218,10,2072.29
24102,8023,1778,4,2574.91
24103,8023,1920,5,1804.22
24104,8024,1901,8,1326.09
24105,8025,1515,8,2873.72
24106,8025,462,8,2126.08
24107,8025,897,8,805.31
24108,8026,1525,3,4302.5
24109,8026,275,8,2475.26
24110,8027,1074,3,4658.92
24111,8027,1824,3,796.98
24112,8028,192,5,2768.57
24113,8028,792,5,1790.96
24114,8028,1342,1,2243.56
24115,8028,942,4,1754.26
24116,8029,1642,2,400.48
24117,8029,542,3,1280.39
24118,8029,1042,9,137.44
24119,8029,1192,9,1934.95
24120,8030,1189,5,3327.78
24121,8030,1639,4,4099.34
24122,8030,189,7,707.46
24123,8030,689,2,3200.67
24124,8031,323,2,257.65
24125,8032,702,7,4315.21
24126,8032,1835,8,4985.28
24127,8032,126,5,1705.96
24128,8033,1211,6,4716.6
24129,8033,1711,3,3862.11
24130,8034,1673,1,4919.17
24131,8034,1473,7,1253.33
24132,8034,323,6,4191.62
24133,8034,23,3,1517.17
24134,8034,573,9,786.49
24135,8035,1611,6,4043.03
24136,8035,959,3,2823.09
24137,8035,253,4,2354.71
24138,8035,1,8,1900.67
24139,8036,868,2,2356.73
24140,8036,1488,3,4705.62
24141,8036,1230,2,3269.92
24142,8036,616,7,1720.6
24143,8037,718,9,4483.2
24144,8037,1568,4,4092.29
24145,8037,1418,4,4870.7
24146,8038,1613,1,2088.85
24147,8038,513,4,1580.71
24148,8038,163,9,1397.76
24149,8038,563,6,456.52
24150,8039,502,8,3494.3
24151,8039,852,10,1244.52
24152,8039,1302,10,1829.42
24153,8039,1252,5,764.7
24154,8040,505,2,2039.35
24155,8041,1212,9,1287.46
24156,8042,699,1,2095.87
24157,8042,1518,7,1658.03
24158,8043,566,10,4391.66
24159,8044,241,6,722.5
24160,8044,1138,7,3219.38
24161,8044,423,9,3853.06
24162,8045,18,3,156.78
24163,8046,1602,6,2710.53
24164,8047,1193,4,4662.26
24165,8047,1624,8,4660.78
24166,8047,1405,10,1350.69
24167,8047,1820,1,2809.87
24168,8047,22,3,510.02
24169,8048,347,8,4972.25
24170,8048,1613,6,747.49
24171,8048,1768,4,4911.18
24172,8049,496,10,180.03
24173,8049,1646,9,881.39
24174,8049,1746,3,1588.33
24175,8049,646,8,3991.55
24176,8050,268,10,626.59
24177,8050,618,4,1611.39
24178,8050,518,9,2213.09
24179,8050,1618,2,1905.78
24180,8051,1827,7,645.27
24181,8051,1277,8,4064.82
24182,8051,1077,3,3607.17
24183,8051,1627,3,372.05
24184,8052,1892,1,374.42
24185,8052,1992,2,4929.36
24186,8052,492,7,295.54
24187,8052,242,3,4811.74
24188,8052,1342,1,2021.25
24189,8053,1519,4,2461.98
24190,8053,1518,1,1793.09
24191,8053,1349,7,3697.55
24192,8053,1514,8,1811.67
24193,8053,1286,3,1024.73
24194,8054,5,8,2125.86
24195,8055,196,2,606.82
24196,8055,396,8,1202.67
24197,8055,696,8,2224.86
24198,8055,346,2,1608.17
24199,8055,96,8,4078.12
24200,8056,1690,1,3672.83
24201,8056,355,5,4314.91
24202,8056,969,10,882.57
24203,8056,306,9,3074.47
24204,8056,203,7,404.31
24205,8057,200,9,468.41
24206,8057,200,7,1556.75
24207,8057,1000,4,1714.18
24208,8057,900,9,4722.73
24209,8057,250,2,4143.44
24210,8058,1891,9,277.43
24211,8059,1752,9,2736.45
24212,8059,537,3,234.65
24213,8059,836,6,2922.55
24214,8059,1931,8,4928.96
24215,8060,1295,10,2950.07
24216,8060,1272,5,1185.41
24217,8061,1428,4,4992.63
24218,8061,128,3,2231.69
24219,8061,1078,4,900.14
24220,8062,1773,8,2271.39
24221,8062,187,8,2377.26
24222,8062,524,1,4078.29
24223,8062,1966,8,1634.1
24224,8063,1334,7,3780.25
24225,8064,1348,1,2293.69
24226,8064,1448,4,2193.09
24227,8064,1148,10,2132.93
24228,8064,1598,2,929.07
24229,8064,1398,2,2444.75
24230,8065,729,10,4648.35
24231,8065,1479,3,4046.5
24232,8065,529,2,3587.68
24233,8065,1379,7,1415.08
24234,8065,1829,7,1822.2
24235,8066,291,7,2528.96
24236,8066,1317,3,4264.68
24237,8067,886,1,2900.54
24238,8068,820,7,3474.76
24239,8068,737,3,1325.7
24240,8068,1841,2,1548.01
24241,8068,1419,7,2211.77
24242,8068,984,1,3046.89
24243,8069,988,6,2614.4
24244,8069,1088,8,2436.3
24245,8069,1638,10,2515.19
24246,8069,488,4,4145.72
24247,8070,569,2,2340.96
24248,8071,1261,7,4794.81
24249,8072,1318,6,4215.38
24250,8073,1456,3,3257.35
24251,8073,1006,8,1686.05
24252,8073,456,5,2653.95
24253,8073,1606,1,3723.23
24254,8074,1274,3,1625.96
24255,8074,1874,8,3821.07
24256,8074,1574,6,2408.28
24257,8074,424,10,3558.95
24258,8074,324,1,1420.27
24259,8075,911,10,1365.29
24260,8075,1461,8,1623.21
24261,8076,618,5,3899.38
24262,8076,1618,6,714.19
24263,8076,1368,5,4497.94
24264,8076,818,5,369.65
24265,8076,1518,10,3821.61
24266,8077,1925,3,3114.15
24267,8077,1025,5,1221.28
24268,8077,1425,2,285.11
24269,8078,1343,7,1136.49
24270,8078,1343,3,1856.09
24271,8078,993,3,1939.72
24272,8078,1493,10,2102.32
24273,8079,1993,10,4411.93
24274,8079,548,6,3305.02
24275,8079,1876,8,4309.99
24276,8079,1059,4,602.11
24277,8080,1568,8,2506.89
24278,8080,1418,5,2847.89
24279,8081,1384,1,469.71
24280,8081,1184,6,3079.08
24281,8081,1634,7,1220.29
24282,8081,1534,4,1077.21
24283,8081,134,3,4165.54
24284,8082,470,9,2617.65
24285,8082,755,6,4545.13
24286,8082,1014,9,2293.81
24287,8082,859,10,293.51
24288,8082,1897,6,2361.15
24289,8083,68,1,3310.65
24290,8083,1375,10,4777.76
24291,8083,1946,10,4077.52
24292,8083,985,8,1744.99
24293,8083,823,3,144.79
24294,8084,889,2,3485.25
24295,8085,1353,2,856.15
24296,8085,153,10,1836.36
24297,8085,1153,7,2272.17
24298,8085,603,8,779.23
24299,8086,377,7,1903.53
24300,8087,1279,5,1048.38
24301,8087,229,7,4663.91
24302,8087,1979,6,241.74
24303,8087,1379,5,1446.13
24304,8087,279,10,4480.84
24305,8088,1886,5,4115.03
24306,8088,986,8,1632.89
24307,8089,70,8,681.33
24308,8089,370,5,3879.54
24309,8090,1812,6,1000.72
24310,8091,1007,7,3518.54
24311,8092,713,1,2472.75
24312,8092,1313,5,1168.49
24313,8092,463,4,4525.04
24314,8092,1463,5,2802.1
24315,8093,1335,1,1821.91
24316,8094,1479,7,3070.55
24317,8094,229,4,4773.23
24318,8094,1879,2,1092.82
24319,8094,929,5,3981.49
24320,8095,1386,5,754.4
24321,8095,1293,1,4759.55
24322,8095,724,10,1968.07
24323,8095,198,10,862.46
24324,8095,99,8,3187.25
24325,8096,1358,6,2600.0
24326,8097,1546,5,656.87
24327,8097,1246,6,551.07
24328,8098,335,8,677.25
24329,8098,1785,4,2603.33
24330,8098,1385,3,587.71
24331,8098,1135,9,3170.26
24332,8099,780,10,3915.08
24333,8099,1873,5,4325.08
24334,8100,660,4,345.26
24335,8100,510,3,4267.04
24336,8101,1316,4,839.57
24337,8101,966,5,4263.24
24338,8101,1266,8,3112.45
24339,8101,1316,3,2518.59
24340,8101,1616,4,3484.12
24341,8102,1631,10,1137.56
24342,8102,331,6,3805.66
24343,8102,731,10,1839.17
24344,8102,631,2,2862.61
24345,8102,1681,5,4915.37
24346,8103,821,3,4075.2
24347,8103,221,6,3677.62
24348,8103,1571,2,4352.51
24349,8104,1045,7,828.11
24350,8104,595,2,847.98
24351,8104,195,6,4609.47
24352,8104,845,1,1603.45
24353,8104,1445,5,2316.21
24354,8105,1482,4,1070.71
24355,8106,1026,5,2056.81
24356,8106,1676,2,1043.95
24357,8106,626,10,490.95
24358,8107,662,2,3070.44
24359,8108,369,2,1288.1
24360,8108,1669,4,4892.41
24361,8108,1469,2,3085.39
24362,8109,1971,5,3993.19
24363,8109,71,8,1058.2
24364,8109,1971,7,3793.24
24365,8109,1371,4,276.57
24366,8110,339,7,3295.95
24367,8110,489,7,1914.29
24368,8110,639,2,2958.59
24369,8110,389,6,675.51
24370,8111,1319,2,878.21
24371,8112,795,5,1489.83
24372,8112,1345,3,3520.43
24373,8112,1295,6,2931.75
24374,8112,1195,6,1276.44
24375,8112,1945,8,3310.65
24376,8113,1454,6,3803.75
24377,8113,1054,6,2079.22
24378,8113,654,6,851.68
24379,8113,154,1,3353.79
24380,8114,1026,9,3965.61
24381,8115,182,9,3157.1
24382,8115,1332,9,887.4
24383,8115,1932,9,3418.21
24384,8115,1982,5,221.36
24385,8115,1732,9,3590.47
24386,8116,1942,2,922.0
24387,8116,982,5,1250.63
24388,8116,816,4,303.97
24389,8116,1297,2,4685.14
24390,8116,1794,9,4608.89
24391,8117,125,6,2695.6
24392,8117,525,6,2288.47
24393,8118,691,5,4778.13
24394,8118,1791,8,3659.65
24395,8118,1491,7,4025.21
24396,8118,241,2,4302.36
24397,8118,1141,2,4120.23
24398,8119,794,6,312.27
24399,8119,344,4,2683.33
24400,8119,444,4,3142.29
24401,8120,840,6,2938.13
24402,8120,357,3,2733.68
24403,8120,630,8,4336.13
24404,8120,1374,2,1200.31
24405,8121,1741,8,2694.61
24406,8121,791,7,2415.44
24407,8121,591,3,1932.34
24408,8122,1312,8,1890.25
24409,8123,8,5,571.54
24410,8124,23,5,4300.65
24411,8125,545,1,1633.35
24412,8126,588,1,576.53
24413,8126,1738,6,1378.15
24414,8127,724,6,4795.71
24415,8127,1574,1,3100.07
24416,8128,413,5,3372.32
24417,8128,1599,10,3143.2
24418,8128,357,4,4750.1
24419,8128,877,6,4386.16
24420,8129,51,6,1657.37
24421,8130,946,8,1296.69
24422,8130,1817,3,1508.21
24423,8130,1563,2,960.55
24424,8130,276,4,4330.97
24425,8131,878,8,3930.74
24426,8131,278,6,2354.44
24427,8131,378,5,3701.85
24428,8132,45,3,2709.27
24429,8133,69,10,2224.48
24430,8133,1569,4,3159.76
24431,8134,1764,7,2178.42
24432,8134,514,9,381.68
24433,8134,964,8,261.76
24434,8134,1864,8,4770.79
24435,8135,1358,8,1359.09
24436,8135,95,4,4474.58
24437,8135,968,8,400.48
24438,8136,1956,6,122.54
24439,8136,777,9,4533.02
24440,8136,872,3,750.59
24441,8136,287,4,88.41
24442,8137,1343,6,404.57
24443,8137,416,2,2439.43
24444,8137,1833,2,2002.57
24445,8137,953,9,2713.24
24446,8138,59,1,1349.76
24447,8138,209,10,1619.35
24448,8138,1759,6,2443.54
24449,8138,59,3,176.79
24450,8138,1409,2,190.03
24451,8139,1524,8,1331.5
24452,8140,176,1,2179.55
24453,8140,1184,10,4625.16
24454,8141,1572,10,4159.18
24455,8142,1555,7,3840.99
24456,8143,783,4,1903.47
24457,8143,1733,3,1613.32
24458,8143,733,3,3017.03
24459,8144,863,2,4688.17
24460,8144,463,4,4790.0
24461,8144,1413,2,1066.2
24462,8144,463,3,4151.94
24463,8145,755,2,3863.32
24464,8145,5,8,4331.44
24465,8145,1455,10,3655.43
24466,8145,305,3,4706.7
24467,8145,1805,10,2813.41
24468,8146,993,2,1431.42
24469,8146,1643,6,1814.49
24470,8146,643,7,1969.33
24471,8147,355,6,3086.87
24472,8147,1905,3,4536.33
24473,8148,1734,7,342.25
24474,8148,1984,4,876.55
24475,8148,84,9,1823.98
24476,8149,212,4,4158.58
24477,8149,964,10,3689.62
24478,8149,873,10,1699.21
24479,8149,1596,1,1141.41
24480,8149,706,3,530.55
24481,8150,1790,9,2689.84
24482,8151,1900,1,3637.08
24483,8152,72,8,2367.71
24484,8152,372,2,252.17
24485,8152,1222,1,4712.83
24486,8152,1572,5,916.34
24487,8153,1505,1,158.35
24488,8153,905,10,3475.51
24489,8153,1155,3,1269.6
24490,8153,1855,5,4561.8
24491,8154,443,9,4715.74
24492,8154,343,9,2308.36
24493,8154,1443,2,2113.79
24494,8155,1902,10,3282.51
24495,8155,152,10,4070.71
24496,8155,1002,3,4181.59
24497,8156,38,8,679.18
24498,8156,1047,5,2034.16
24499,8156,1362,5,973.81
24500,8156,1490,5,2413.29
24501,8156,1482,5,2177.42
24502,8157,103,10,4979.71
24503,8158,904,9,3147.45
24504,8158,904,2,3893.11
24505,8158,1304,2,310.02
24506,8158,104,2,1011.2
24507,8159,1042,5,75.95
24508,8159,692,8,2165.47
24509,8159,242,8,2097.71
24510,8159,942,2,2810.86
24511,8160,476,6,2457.26
24512,8161,798,10,4322.67
24513,8161,298,8,1616.15
24514,8161,598,4,3226.95
24515,8161,1098,5,4767.23
24516,8161,1348,3,4930.09
24517,8162,1976,1,4415.67
24518,8162,276,7,2579.09
24519,8162,726,7,4288.11
24520,8163,358,2,2064.07
24521,8163,758,4,805.25
24522,8163,1258,2,3828.04
24523,8163,358,10,198.47
24524,8164,828,9,2005.71
24525,8164,828,1,1657.39
24526,8164,28,3,3813.18
24527,8165,912,10,3449.33
24528,8165,462,4,2279.31
24529,8165,962,6,441.1
24530,8165,212,3,3943.18
24531,8165,912,6,3957.11
24532,8166,755,1,3013.57
24533,8167,140,8,200.83
24534,8168,265,9,1266.15
24535,8168,515,10,4251.77
24536,8168,1165,5,2990.41
24537,8168,365,8,4244.79
24538,8169,1451,9,3714.16
24539,8169,51,8,3565.07
24540,8169,1001,3,313.25
24541,8169,651,8,483.74
24542,8169,1951,9,4985.79
24543,8170,351,8,1855.33
24544,8170,1605,5,3872.23
24545,8171,827,1,517.17
24546,8171,527,7,3126.94
24547,8171,1127,2,114.06
24548,8171,1077,4,351.31
24549,8171,1977,10,1767.69
24550,8172,946,9,2833.58
24551,8172,1796,1,3535.07
24552,8172,796,3,454.98
24553,8172,846,5,1566.91
24554,8172,1746,5,598.49
24555,8173,523,5,3868.32
24556,8173,473,7,3246.38
24557,8173,173,1,3300.26
24558,8173,1773,8,1729.52
24559,8174,82,7,1063.84
24560,8174,1232,7,4074.34
24561,8174,1632,7,3968.98
24562,8174,882,7,926.43
24563,8174,1632,9,3300.33
24564,8175,544,1,1870.28
24565,8175,787,10,2695.66
24566,8176,1246,6,1114.28
24567,8176,1696,2,613.73
24568,8176,1196,8,2928.98
24569,8176,146,7,1598.82
24570,8177,150,7,3101.79
24571,8177,1500,4,2264.21
24572,8177,1450,2,4661.08
24573,8178,64,5,2161.47
24574,8178,72,7,4823.51
24575,8178,1011,9,3352.72
24576,8178,1528,9,3781.57
24577,8178,427,10,4723.57
24578,8179,1223,4,534.77
24579,8180,890,6,711.06
24580,8180,488,3,1825.79
24581,8180,1940,1,1401.67
24582,8180,416,10,4580.55
24583,8181,1936,9,3712.76
24584,8181,1336,4,1479.78
24585,8181,936,5,4793.59
24586,8181,1386,6,2257.54
24587,8181,1236,10,3060.19
24588,8182,726,10,3839.56
24589,8182,1426,2,2465.6
24590,8183,926,6,152.34
24591,8183,1626,5,1139.96
24592,8184,1334,6,951.49
24593,8184,1734,5,1206.63
24594,8184,984,9,3312.23
24595,8184,934,6,1119.14
24596,8185,1658,6,3024.22
24597,8185,358,6,4227.88
24598,8185,58,5,4230.48
24599,8185,1858,3,3545.39
24600,8185,1958,1,474.57
24601,8186,1924,7,2228.25
24602,8187,1032,4,4272.77
24603,8187,882,1,4712.32
24604,8188,1690,8,3791.8
24605,8188,1890,3,892.62
24606,8188,1540,4,4389.59
24607,8188,1440,3,396.44
24608,8189,1828,8,1350.12
24609,8189,328,3,869.04
24610,8189,578,4,141.59
24611,8189,1678,5,4663.35
24612,8190,380,7,2992.25
24613,8190,1830,2,1817.13
24614,8190,830,6,4371.76
24615,8190,1580,5,4066.47
24616,8191,1812,8,2441.3
24617,8191,1312,5,3107.34
24618,8191,1169,2,4137.15
24619,8192,394,5,3217.1
24620,8193,989,8,4785.95
24621,8193,89,2,914.49
24622,8194,205,3,332.29
24623,8194,1724,10,4017.84
24624,8194,1740,10,4632.42
24625,8195,104,1,683.61
24626,8195,1504,1,888.64
24627,8195,904,6,4847.22
24628,8195,1304,5,1102.72
24629,8196,331,7,1285.13
24630,8196,931,4,3035.86
24631,8196,531,2,857.39
24632,8196,231,9,4251.81
24633,8196,1981,5,2735.17
24634,8197,209,2,1840.15
24635,8198,52,7,3809.6
24636,8198,687,1,3370.94
24637,8198,1255,2,4478.54
24638,8198,1784,6,2963.95
24639,8198,1918,4,1681.17
24640,8199,1066,9,201.26
24641,8199,716,2,4502.99
24642,8199,1616,8,4397.7
24643,8199,216,4,4430.98
24644,8200,348,8,110.23
24645,8200,148,8,3990.03
24646,8201,396,10,1484.34
24647,8201,396,7,3762.35
24648,8201,46,8,1925.21
24649,8202,1647,6,3039.43
24650,8202,1287,6,4497.4
24651,8203,1701,5,354.67
24652,8203,201,7,1453.78
24653,8203,51,9,2884.67
24654,8203,251,7,3463.52
24655,8203,1801,9,4660.44
24656,8204,1572,5,2042.21
24657,8205,632,5,1691.96
24658,8205,1882,9,1189.96
24659,8205,1982,10,2423.61
24660,8206,1289,1,150.28
24661,8206,89,10,1258.03
24662,8206,1289,8,645.95
24663,8206,589,4,317.68
24664,8206,1089,2,4970.4
24665,8207,271,7,733.33
24666,8207,1371,10,1449.5
24667,8207,821,5,314.37
24668,8207,521,3,3792.18
24669,8208,18,4,3377.24
24670,8208,503,3,1303.41
24671,8209,1797,6,3538.16
24672,8209,197,8,3113.5
24673,8209,1997,6,3755.3
24674,8209,297,4,4972.81
24675,8210,1101,6,1361.28
24676,8211,317,7,2050.96
24677,8211,267,8,3106.39
24678,8211,1667,6,228.03
24679,8212,1213,10,2719.76
24680,8212,163,8,4947.12
24681,8213,727,1,358.51
24682,8214,267,2,1853.31
24683,8214,717,10,4158.82
24684,8214,1717,8,4578.73
24685,8214,1517,3,1807.34
24686,8214,1917,10,4527.09
24687,8215,900,5,3485.44
24688,8215,2000,1,4400.08
24689,8216,1424,3,3884.91
24690,8217,87,6,4420.07
24691,8217,764,2,2160.94
24692,8217,1935,1,87.51
24693,8217,19,4,4439.06
24694,8218,1100,7,936.86
24695,8218,750,10,53.27
24696,8219,941,2,1869.59
24697,8220,371,2,2505.48
24698,8220,1586,3,4880.65
24699,8220,1056,10,3106.6
24700,8220,926,4,3192.83
24701,8221,405,6,4676.01
24702,8221,605,8,1395.37
24703,8221,1005,3,4357.55
24704,8221,655,4,4053.52
24705,8221,1005,10,678.3
24706,8222,155,2,2790.22
24707,8222,1555,3,3383.18
24708,8222,1155,10,3940.9
24709,8222,55,7,4770.82
24710,8223,1165,10,73.14
24711,8223,815,4,1997.39
24712,8223,515,10,3306.15
24713,8223,1115,9,1643.24
24714,8224,449,6,668.86
24715,8224,759,4,4939.3
24716,8224,1288,1,229.25
24717,8225,1208,6,2450.94
24718,8225,808,4,4060.82
24719,8226,1538,6,235.88
24720,8226,492,9,3855.97
24721,8226,1011,4,2768.83
24722,8226,697,4,2333.05
24723,8227,655,2,2669.56
24724,8227,1855,2,4297.79
24725,8228,543,9,4385.57
24726,8229,371,7,2826.07
24727,8229,1288,7,197.53
24728,8230,661,3,3262.7
24729,8230,1011,5,4398.81
24730,8230,1111,2,1313.5
24731,8230,611,4,381.63
24732,8231,1449,4,501.29
24733,8231,1349,5,2858.59
24734,8232,643,8,4344.94
24735,8232,465,4,2820.06
24736,8232,1202,5,1926.19
24737,8233,970,7,2441.12
24738,8233,137,4,3843.95
24739,8233,1908,10,1380.93
24740,8234,1847,10,1133.74
24741,8234,597,3,1232.37
24742,8234,647,6,2904.09
24743,8234,1947,4,563.38
24744,8235,449,10,4222.27
24745,8236,1358,9,3018.77
24746,8236,1608,3,1058.14
24747,8236,158,10,1996.71
24748,8236,108,1,392.98
24749,8237,1740,8,1586.5
24750,8237,1690,2,4455.44
24751,8237,1590,5,119.81
24752,8237,440,4,244.73
24753,8237,1640,1,1950.48
24754,8238,1626,1,4547.16
24755,8239,1293,8,4397.11
24756,8239,992,1,1594.54
24757,8240,1939,7,2429.23
24758,8240,239,8,3114.92
24759,8240,439,3,88.08
24760,8240,39,8,1732.66
24761,8240,1989,4,2772.7
24762,8241,488,7,1842.58
24763,8241,1438,7,1782.32
24764,8242,80,10,2211.27
24765,8242,1880,4,408.84
24766,8242,530,4,4254.76
24767,8242,230,8,949.47
24768,8243,762,9,386.08
24769,8243,362,9,1801.81
24770,8243,1412,7,440.37
24771,8244,1041,6,3781.65
24772,8244,691,6,4379.77
24773,8244,441,9,3442.14
24774,8244,1141,5,2540.51
24775,8245,913,6,1866.91
24776,8245,1763,6,4373.2
24777,8245,1813,2,3732.99
24778,8245,1313,8,1703.73
24779,8245,1263,8,1320.58
24780,8246,1190,1,4590.67
24781,8247,1250,10,2792.37
24782,8247,1250,7,617.6
24783,8247,1300,9,3049.39
24784,8247,1750,1,3650.68
24785,8247,800,3,2630.83
24786,8248,564,4,2313.59
24787,8248,214,1,2964.85
24788,8248,864,2,879.83
24789,8249,1299,6,2591.94
24790,8249,442,8,3186.48
24791,8250,1923,5,1979.97
24792,8250,723,8,3281.48
24793,8250,773,5,3043.17
24794,8251,411,4,3102.15
24795,8251,211,2,3607.31
24796,8252,945,10,1085.13
24797,8253,1738,9,4184.63
24798,8253,1838,2,2523.36
24799,8253,388,9,1857.09
24800,8253,488,7,3076.31
24801,8253,488,9,2944.02
24802,8254,1254,9,1434.28
24803,8254,704,3,2349.89
24804,8254,604,7,3603.97
24805,8255,580,6,4996.46
24806,8255,1430,9,625.08
24807,8255,1330,9,3986.47
24808,8256,1850,6,3814.03
24809,8257,10,1,567.07
24810,8257,1060,1,3361.52
24811,8258,15,2,3710.68
24812,8258,815,3,1476.12
24813,8259,699,5,2923.59
24814,8259,1349,9,1779.66
24815,8259,1899,2,557.5
24816,8259,349,2,207.88
24817,8260,1815,2,2258.11
24818,8260,1265,2,3902.57
24819,8260,815,9,909.01
24820,8260,515,2,1358.99
24821,8260,865,6,3318.22
24822,8261,1218,6,1446.45
24823,8261,1468,2,1995.53
24824,8261,418,4,4126.13
24825,8261,1518,4,3851.87
24826,8261,718,3,1334.29
24827,8262,1242,8,3417.08
24828,8262,1542,10,2171.38
24829,8262,692,4,4746.08
24830,8262,1042,8,1963.41
24831,8263,679,9,4078.03
24832,8263,429,2,3048.26
24833,8264,196,1,680.69
24834,8264,1646,5,439.7
24835,8264,746,7,683.93
24836,8264,746,6,3443.54
24837,8265,1435,9,2246.54
24838,8265,1235,9,3493.31
24839,8265,685,8,2343.7
24840,8266,289,2,544.06
24841,8266,1936,8,508.26
24842,8267,1604,4,3073.91
24843,8267,1604,2,4439.97
24844,8267,54,6,2895.56
24845,8268,1020,6,1981.48
24846,8268,182,4,4341.64
24847,8269,788,1,2795.48
24848,8270,1203,8,4790.78
24849,8270,903,8,3657.12
24850,8270,1603,9,196.51
24851,8270,353,6,455.43
24852,8270,1753,7,1331.9
24853,8271,516,7,91.48
24854,8271,27,6,2762.09
24855,8272,1254,2,1683.06
24856,8273,612,9,3347.48
24857,8274,403,3,4685.62
24858,8274,1803,3,4773.79
24859,8275,857,6,3432.77
24860,8275,1107,8,3787.84
24861,8275,457,1,3647.57
24862,8275,707,5,962.53
24863,8275,1357,3,1186.86
24864,8276,1344,3,854.17
24865,8276,794,4,4719.39
24866,8277,1762,8,3710.3
24867,8277,1112,9,324.83
24868,8277,962,6,471.83
24869,8277,1762,8,688.39
24870,8277,862,6,3450.24
24871,8278,1458,6,527.67
24872,8278,1935,6,4935.44
24873,8278,1997,7,3267.31
24874,8278,12,2,767.2
24875,8279,1246,6,3236.82
24876,8279,752,8,4792.69
24877,8280,1953,6,3526.99
24878,8280,1853,7,2777.82
24879,8280,1253,10,4006.03
24880,8280,403,8,3880.54
24881,8280,1003,7,4940.64
24882,8281,628,6,62.51
24883,8281,1387,4,1056.47
24884,8281,1214,2,1559.6
24885,8281,1032,5,2338.75
24886,8281,1874,2,1109.23
24887,8282,730,7,1630.2
24888,8282,1680,3,1436.67
24889,8282,1780,5,3180.58
24890,8282,780,3,1206.44
24891,8283,1630,3,719.43
24892,8283,1100,7,1279.95
24893,8283,162,5,436.62
24894,8283,742,8,4210.17
24895,8283,911,9,2408.5
24896,8284,794,6,1528.69
24897,8284,1494,5,2974.03
24898,8284,1244,6,1881.95
24899,8285,1789,8,1602.35
24900,8285,1949,3,3901.13
24901,8286,1122,2,2874.98
24902,8286,22,6,2806.84
24903,8286,172,3,3158.02
24904,8286,1322,2,1308.07
24905,8287,506,4,4627.96
24906,8287,6,6,2463.81
24907,8287,556,9,3532.89
24908,8288,1929,9,2996.11
24909,8288,779,6,3438.0
24910,8288,1129,6,1895.46
24911,8288,1629,9,675.25
24912,8289,74,6,715.75
24913,8289,24,7,2339.64
24914,8290,1126,10,3564.61
24915,8291,1953,9,3427.72
24916,8292,412,7,3409.75
24917,8292,1212,8,3285.11
24918,8292,1712,7,3566.31
24919,8292,1112,8,183.72
24920,8292,1762,5,4327.81
24921,8293,1548,3,4023.86
24922,8293,1272,3,235.42
24923,8294,1466,7,1916.69
24924,8294,466,5,2622.87
24925,8295,1507,9,3607.26
24926,8295,1186,1,3786.88
24927,8295,99,9,3299.61
24928,8295,1616,1,1802.78
24929,8295,788,2,114.68
24930,8296,1104,4,978.2
24931,8296,1304,4,2750.8
24932,8296,1354,9,4664.69
24933,8296,104,6,4016.88
24934,8297,1325,4,2111.25
24935,8297,1075,4,1052.89
24936,8297,475,5,2433.21
24937,8297,725,6,4652.49
24938,8297,1025,10,2087.06
24939,8298,192,6,2054.74
24940,8298,842,4,1109.83
24941,8299,1600,5,1319.79
24942,8299,900,1,1476.31
24943,8299,1750,9,4615.04
24944,8299,500,8,916.51
24945,8300,324,7,1475.49
24946,8300,574,1,331.14
24947,8300,1624,8,3339.48
24948,8300,1024,1,4831.19
24949,8300,274,10,1580.12
24950,8301,71,4,330.15
24951,8301,306,10,186.86
24952,8301,395,6,2412.4
24953,8301,1980,1,1258.75
24954,8302,1035,5,2395.49
24955,8302,235,8,4904.22
24956,8302,1935,3,3077.92
24957,8302,885,8,2280.25
24958,8302,785,3,302.05
24959,8303,1930,7,4978.06
24960,8303,1030,3,1353.41
24961,8303,1880,10,740.77
24962,8303,1980,5,1579.0
24963,8303,980,4,2728.77
24964,8304,437,9,3507.55
24965,8304,37,10,1238.21
24966,8304,387,8,4303.99
24967,8305,1878,5,1726.01
24968,8305,199,1,599.21
24969,8305,1413,3,2513.73
24970,8305,415,1,3131.24
24971,8305,1842,8,256.55
24972,8306,1266,3,2371.76
24973,8306,1616,5,535.78
24974,8306,166,10,814.21
24975,8306,1616,2,1149.29
24976,8307,729,7,1997.08
24977,8307,129,10,3616.2
24978,8307,529,1,4105.21
24979,8307,1079,2,1111.29
24980,8308,205,9,1209.76
24981,8309,1774,3,4795.12
24982,8309,174,5,3553.23
24983,8309,1724,8,3970.47
24984,8309,1074,1,1014.21
24985,8309,924,2,4158.39
24986,8310,525,2,2001.07
24987,8310,1830,6,3495.71
24988,8310,88,10,3910.6
24989,8311,339,2,712.19
24990,8311,487,1,3332.6
24991,8311,1729,1,3197.01
24992,8311,1261,3,4093.87
24993,8311,1766,7,1315.06
24994,8312,988,5,4030.97
24995,8312,1538,9,3664.64
24996,8312,1938,7,4945.37
24997,8312,688,3,3702.84
24998,8313,11,9,2736.22
24999,8314,1192,1,1430.65
25000,8314,1403,8,752.91
25001,8315,1036,8,1606.88
25002,8315,366,4,687.17
25003,8315,781,6,4934.2
25004,8315,857,6,1352.64
25005,8315,1563,8,1305.44
25006,8316,1201,2,1351.83
25007,8316,1151,9,739.47
25008,8316,51,2,2970.71
25009,8316,1701,10,409.76
25010,8317,1509,7,4108.14
25011,8317,1035,8,1364.19
25012,8318,1889,6,4012.9
25013,8318,221,9,66.11
25014,8318,1765,6,3037.23
25015,8318,866,5,371.12
25016,8319,1529,2,2633.32
25017,8319,829,2,3452.37
25018,8319,1779,9,4480.04
25019,8320,232,9,1721.48
25020,8321,1629,3,2906.58
25021,8321,929,6,3468.39
25022,8322,326,6,3529.95
25023,8322,1776,4,3041.89
25024,8322,626,10,2751.61
25025,8322,1976,7,1460.76
25026,8323,1165,1,1357.89
25027,8323,765,3,1184.42
25028,8323,315,10,3855.94
25029,8323,1915,10,4348.56
25030,8323,865,2,1422.56
25031,8324,1887,2,1677.94
25032,8324,537,6,3484.72
25033,8324,1437,5,1170.79
25034,8325,145,1,2771.58
25035,8325,13,8,4485.82
25036,8325,738,7,3851.99
25037,8325,670,5,4878.5
25038,8325,636,6,2879.6
25039,8326,130,6,2955.81
25040,8326,280,3,2127.43
25041,8326,1280,4,4635.04
25042,8326,680,10,2477.35
25043,8326,280,6,1681.61
25044,8327,1649,6,511.73
25045,8328,1606,8,3004.63
25046,8329,4,7,1347.48
25047,8329,654,10,2473.87
25048,8329,304,9,2100.51
25049,8329,254,5,2861.05
25050,8329,254,5,2157.03
25051,8330,669,2,1873.74
25052,8330,1569,7,4029.18
25053,8330,19,1,2411.18
25054,8330,619,1,2211.23
25055,8330,719,10,2861.65
25056,8331,873,6,589.58
25057,8331,1973,4,1332.6
25058,8331,1023,2,2098.74
25059,8331,1673,9,1643.53
25060,8332,1983,9,4843.84
25061,8332,1033,6,2712.76
25062,8332,183,9,4790.8
25063,8332,233,8,2205.12
25064,8332,883,7,3843.74
25065,8333,492,6,1098.65
25066,8333,1827,8,823.0
25067,8334,851,4,3057.55
25068,8334,101,1,386.49
25069,8335,1395,5,4618.82
25070,8335,295,5,2211.92
25071,8335,1711,1,966.11
25072,8336,510,3,1178.08
25073,8336,310,7,4724.99
25074,8337,1293,6,1692.62
25075,8337,143,4,3188.28
25076,8337,1893,10,3407.66
25077,8337,693,9,3345.05
25078,8338,487,2,2199.19
25079,8338,637,9,117.9
25080,8338,837,9,535.49
25081,8338,1037,5,4980.24
25082,8339,146,7,3752.71
25083,8339,9,8,2758.56
25084,8339,133,3,782.79
25085,8340,430,7,1963.82
25086,8340,1880,6,590.97
25087,8340,980,3,3879.31
25088,8340,1680,6,242.79
25089,8340,1280,7,2699.94
25090,8341,479,5,4999.49
25091,8341,1929,3,515.27
25092,8341,629,4,3600.35
25093,8342,81,7,3758.27
25094,8342,1031,7,3219.66
25095,8342,1281,10,4754.24
25096,8342,1731,9,1237.03
25097,8343,507,4,3048.87
25098,8343,957,4,711.66
25099,8343,1707,4,4490.83
25100,8343,807,5,3432.86
25101,8343,1057,6,3998.53
25102,8344,1359,3,3221.76
25103,8344,759,10,2329.75
25104,8344,1609,5,640.23
25105,8344,909,4,3676.71
25106,8344,959,3,1835.75
25107,8345,1739,10,2762.88
25108,8345,1039,2,193.8
25109,8345,39,10,4746.96
25110,8346,258,5,1764.52
25111,8346,1358,2,4199.5
25112,8346,1958,8,948.58
25113,8346,1908,4,1831.13
25114,8346,1208,8,3460.49
25115,8347,620,3,1776.56
25116,8348,1011,9,4634.85
25117,8348,561,4,3683.62
25118,8349,1745,5,1814.17
25119,8349,1445,6,4878.89
25120,8349,595,8,166.71
25121,8349,1895,6,2958.4
25122,8349,1845,10,4131.53
25123,8350,1407,4,2113.16
25124,8350,1407,2,2895.97
25125,8350,207,6,4654.64
25126,8350,607,10,421.08
25127,8350,1307,10,1668.04
25128,8351,1128,5,3348.42
25129,8352,943,3,2731.4
25130,8352,593,4,3830.57
25131,8352,1493,1,3899.71
25132,8352,1593,4,262.86
25133,8352,543,8,1702.47
25134,8353,1639,9,2016.23
25135,8353,89,3,2447.68
25136,8354,1792,7,3963.85
25137,8354,984,1,1239.25
25138,8354,1323,2,2473.42
25139,8354,1146,6,3552.89
25140,8355,992,8,2161.21
25141,8355,1642,5,3253.89
25142,8355,1142,9,3909.88
25143,8356,428,6,163.35
25144,8356,1844,3,1423.07
25145,8357,1318,6,395.08
25146,8357,1568,2,1638.54
25147,8358,1168,7,1833.06
25148,8358,368,6,4518.9
25149,8358,1568,1,380.75
25150,8358,618,5,3816.3
25151,8358,968,4,1318.1
25152,8359,228,3,2089.0
25153,8360,843,2,333.36
25154,8360,1443,3,2608.86
25155,8360,93,6,2329.93
25156,8360,943,5,4123.34
25157,8361,1541,3,2161.29
25158,8361,541,3,1011.8
25159,8361,341,4,4228.42
25160,8362,327,7,2440.35
25161,8362,1327,4,3571.54
25162,8363,401,10,4537.22
25163,8363,451,2,1979.51
25164,8363,1351,7,2979.74
25165,8364,1329,2,3260.04
25166,8364,529,3,1795.19
25167,8364,979,1,1884.76
25168,8364,1579,4,707.58
25169,8365,1719,10,1264.82
25170,8365,316,6,2940.08
25171,8365,1936,6,3907.56
25172,8366,166,1,3625.78
25173,8367,432,1,4696.36
25174,8367,1182,9,3207.82
25175,8367,282,7,1916.79
25176,8367,1532,2,4095.32
25177,8367,632,3,418.02
25178,8368,830,4,809.69
25179,8369,1520,10,2876.59
25180,8370,1113,10,2305.3
25181,8371,1380,7,614.77
25182,8371,1830,2,2065.1
25183,8371,1830,2,2760.72
25184,8371,30,4,836.49
25185,8372,1158,6,4311.56
25186,8372,1272,5,3004.11
25187,8372,724,10,2264.96
25188,8372,1323,3,983.91
25189,8373,883,3,3351.28
25190,8373,1413,2,4499.23
25191,8373,716,5,1642.9
25192,8373,495,9,1917.35
25193,8373,950,10,1451.1
25194,8374,1112,7,4785.58
25195,8374,1362,8,1928.86
25196,8374,712,8,3139.55
25197,8375,1800,6,1851.49
25198,8375,832,8,4708.85
25199,8375,1583,6,1695.77
25200,8376,1605,4,4705.87
25201,8376,1155,9,1888.52
25202,8376,855,6,4786.67
25203,8376,405,1,3394.69
25204,8376,1605,5,1414.5
25205,8377,1301,5,648.64
25206,8377,1503,5,4583.34
25207,8377,1595,7,271.86
25208,8377,459,8,2013.05
25209,8378,1751,1,1000.68
25210,8378,93,9,1997.53
25211,8378,367,7,660.82
25212,8378,708,5,438.62
25213,8379,1131,3,3559.73
25214,8380,1588,9,684.1
25215,8380,1428,4,1402.03
25216,8380,1080,7,1012.65
25217,8380,243,4,3864.36
25218,8380,196,6,4370.72
25219,8381,504,2,4373.89
25220,8381,854,1,4685.32
25221,8381,754,2,4700.75
25222,8381,1754,6,3604.63
25223,8381,154,9,1381.68
25224,8382,932,10,138.57
25225,8382,1182,9,4411.98
25226,8382,832,9,2321.62
25227,8382,1732,9,4263.21
25228,8382,1232,2,3934.54
25229,8383,703,5,4661.61
25230,8384,1552,4,901.16
25231,8384,1235,6,2617.52
25232,8385,76,4,2252.7
25233,8385,1126,5,3850.02
25234,8385,1826,6,2850.25
25235,8385,1076,5,1950.28
25236,8385,1426,4,1266.97
25237,8386,1791,3,2542.77
25238,8386,1102,1,474.42
25239,8387,562,5,414.31
25240,8388,155,9,3415.29
25241,8389,119,2,3436.88
25242,8389,819,4,4087.55
25243,8390,1858,7,1070.33
25244,8390,108,10,2584.97
25245,8390,708,10,820.96
25246,8391,1951,8,2682.87
25247,8391,1451,5,1057.36
25248,8392,80,1,1486.89
25249,8393,1693,8,4845.02
25250,8394,749,5,1969.58
25251,8394,1549,8,3376.28
25252,8394,649,1,1567.9
25253,8394,399,8,2841.12
25254,8395,1093,3,105.4
25255,8395,1343,10,4269.8
25256,8395,1493,8,1277.48
25257,8395,1993,5,4841.26
25258,8395,1993,7,1318.52
25259,8396,35,6,3599.6
25260,8396,1735,4,2310.28
25261,8396,485,3,2290.37
25262,8397,562,2,940.78
25263,8397,892,1,1085.43
25264,8397,1685,1,3028.77
25265,8398,1234,9,232.96
25266,8398,134,4,4121.19
25267,8398,334,6,1513.59
25268,8399,1969,7,80.64
25269,8399,1919,4,1900.69
25270,8399,619,9,4143.13
25271,8399,1319,4,4630.52
25272,8399,1669,4,4787.24
25273,8400,1843,2,1844.35
25274,8400,1345,1,4597.62
25275,8400,32,5,4819.04
25276,8400,534,4,1880.44
25277,8401,1244,2,2959.87
25278,8402,133,3,1949.03
25279,8402,1683,8,1145.1
25280,8403,1327,8,1283.11
25281,8404,1474,6,1829.19
25282,8404,424,3,3923.67
25283,8405,1922,8,984.33
25284,8405,1072,4,4464.88
25285,8405,122,8,4921.44
25286,8406,1300,2,2752.65
25287,8406,900,1,1236.66
25288,8406,1050,6,2615.01
25289,8406,250,3,1130.66
25290,8407,796,7,2535.1
25291,8407,396,3,1870.18
25292,8408,1133,4,1128.02
25293,8408,683,8,2426.34
25294,8408,1183,2,4338.24
25295,8408,383,5,1061.56
25296,8408,1733,8,1690.81
25297,8409,280,2,4876.25
25298,8410,471,9,3398.58
25299,8411,1038,5,3496.16
25300,8411,1853,1,890.56
25301,8411,774,10,190.61
25302,8412,1905,9,789.17
25303,8412,1855,6,147.08
25304,8412,505,1,3617.78
25305,8413,1491,5,1244.35
25306,8413,1056,7,162.11
25307,8413,513,9,757.12
25308,8414,1604,4,1022.95
25309,8414,989,4,634.79
25310,8415,357,6,4856.77
25311,8416,1810,5,771.75
25312,8416,178,5,2944.15
25313,8416,993,7,1097.43
25314,8416,1525,4,3654.71
25315,8417,1170,10,3043.33
25316,8417,270,7,2393.24
25317,8417,420,3,2767.29
25318,8417,1620,6,2666.99
25319,8418,1345,10,4919.29
25320,8418,945,5,3750.21
25321,8418,1895,7,1971.79
25322,8418,695,3,1388.05
25323,8419,210,1,3296.27
25324,8420,1850,8,53.11
25325,8420,1250,9,4687.84
25326,8421,1934,1,2709.84
25327,8422,710,3,2668.2
25328,8422,1710,1,2564.83
25329,8422,10,7,1275.87
25330,8422,1010,7,2097.15
25331,8423,1448,9,4649.62
25332,8424,1990,1,785.67
25333,8424,1390,8,551.23
25334,8424,240,1,4945.19
25335,8424,340,5,1075.88
25336,8425,1651,5,2302.06
25337,8425,1001,10,1656.18
25338,8425,1401,4,575.32
25339,8425,351,8,4746.47
25340,8425,251,2,899.3
25341,8426,1606,7,989.79
25342,8426,1306,8,4606.67
25343,8426,806,3,376.16
25344,8426,1256,3,1365.41
25345,8427,1219,2,3108.6
25346,8427,1450,4,3645.62
25347,8428,1876,8,2795.35
25348,8428,1062,9,3161.42
25349,8428,616,7,881.87
25350,8428,1742,9,4490.68
25351,8428,1161,8,4877.74
25352,8429,920,4,255.68
25353,8429,70,7,916.97
25354,8429,970,7,1241.92
25355,8430,855,10,3400.05
25356,8430,1255,9,4359.29
25357,8430,5,4,3061.67
25358,8430,1555,5,3740.58
25359,8431,1506,3,1664.77
25360,8432,483,2,1338.62
25361,8433,1614,1,1440.68
25362,8434,1150,5,699.22
25363,8435,553,3,3644.59
25364,8435,1503,10,3260.91
25365,8435,503,7,404.78
25366,8435,153,10,4185.57
25367,8436,959,5,3881.16
25368,8436,433,5,2405.83
25369,8436,138,4,2174.0
25370,8436,1439,10,3925.29
25371,8436,1755,6,973.89
25372,8437,1040,7,3495.12
25373,8437,1590,6,1212.5
25374,8437,1290,7,1556.8
25375,8437,1140,9,427.91
25376,8437,90,4,2986.21
25377,8438,164,9,1742.25
25378,8438,1364,2,836.8
25379,8438,1964,2,3746.23
25380,8439,1540,4,2230.29
25381,8439,390,8,1654.05
25382,8439,1290,5,4536.11
25383,8440,655,9,3187.83
25384,8440,1005,7,2633.31
25385,8441,1210,4,1274.12
25386,8441,1105,4,1696.42
25387,8442,989,8,3810.71
25388,8442,439,4,3381.41
25389,8443,1349,7,4319.37
25390,8443,449,5,2978.02
25391,8443,1749,5,4295.74
25392,8443,1399,9,3487.37
25393,8444,1817,1,2839.88
25394,8444,117,9,1410.92
25395,8444,1017,10,2561.38
25396,8444,1317,10,1468.24
25397,8445,1618,8,1128.53
25398,8445,1271,3,3498.24
25399,8445,708,6,1048.63
25400,8445,830,2,3422.98
25401,8446,1494,9,4580.31
25402,8446,1844,4,416.94
25403,8446,44,7,1407.85
25404,8447,636,5,4170.56
25405,8447,46,2,1431.28
25406,8447,1032,2,3936.96
25407,8447,1620,4,1632.93
25408,8447,945,4,3180.02
25409,8448,220,2,4575.05
25410,8448,720,5,1141.57
25411,8448,170,8,3087.68
25412,8449,1264,2,4860.73
25413,8449,414,2,4012.27
25414,8449,1714,5,989.42
25415,8450,1955,3,998.36
25416,8450,705,6,3524.23
25417,8450,1305,9,3930.05
25418,8450,855,8,2150.99
25419,8451,803,8,91.79
25420,8451,103,8,1095.82
25421,8452,839,6,2229.82
25422,8453,1451,2,2652.39
25423,8453,368,7,1740.77
25424,8453,1696,4,3030.75
25425,8454,769,3,476.55
25426,8454,1519,4,431.69
25427,8454,1669,6,4802.06
25428,8454,1169,1,4796.25
25429,8455,410,6,613.0
25430,8456,1101,7,326.88
25431,8457,1666,9,3457.02
25432,8457,1313,2,4994.71
25433,8457,1100,3,2663.64
25434,8458,1839,9,4713.2
25435,8458,239,9,3498.61
25436,8459,486,5,2590.53
25437,8460,351,1,3883.78
25438,8460,51,4,3550.92
25439,8460,1601,10,3040.21
25440,8461,635,5,3314.1
25441,8461,685,6,2820.72
25442,8461,1135,5,2794.17
25443,8462,1060,8,2567.14
25444,8462,1379,1,2488.92
25445,8462,168,8,471.89
25446,8462,149,5,3720.11
25447,8463,1977,2,88.61
25448,8463,877,9,1018.21
25449,8463,427,3,397.14
25450,8463,1777,6,4496.61
25451,8464,1987,5,1683.89
25452,8464,1137,8,4678.44
25453,8464,1087,2,1457.31
25454,8465,1492,5,3130.92
25455,8465,1292,3,3976.38
25456,8466,406,6,3350.61
25457,8466,706,8,3241.23
25458,8467,1698,5,1318.86
25459,8467,1048,3,186.05
25460,8467,1098,10,1570.06
25461,8468,811,2,4051.4
25462,8468,804,7,2865.0
25463,8468,309,3,617.42
25464,8468,1408,6,1512.49
25465,8469,1047,7,206.04
25466,8469,1697,6,4735.26
25467,8469,1047,1,3164.66
25468,8470,1545,10,3355.17
25469,8470,1645,10,1496.15
25470,8470,1095,3,2496.67
25471,8470,1395,9,2504.46
25472,8470,295,9,810.93
25473,8471,970,4,3444.82
25474,8472,1717,2,3593.87
25475,8472,1367,9,414.94
25476,8472,767,8,2296.0
25477,8473,385,3,2159.14
25478,8473,1290,1,3927.21
25479,8473,1888,4,2023.28
25480,8473,588,5,2140.64
25481,8474,478,7,1072.79
25482,8474,828,6,603.7
25483,8474,1528,7,2188.65
25484,8474,1578,7,3568.03
25485,8474,378,7,704.86
25486,8475,1421,7,4207.92
25487,8475,671,5,4297.15
25488,8476,395,4,3353.41
25489,8476,1372,8,4152.42
25490,8476,1491,6,4876.86
25491,8476,414,6,3934.89
25492,8477,1397,7,1849.32
25493,8478,1031,2,4501.71
25494,8479,963,3,1771.13
25495,8479,963,7,695.27
25496,8480,476,4,2766.85
25497,8480,526,1,4341.13
25498,8480,1926,3,2347.0
25499,8481,291,10,3597.43
25500,8481,1791,10,3302.22
25501,8481,291,3,982.18
25502,8481,691,9,4513.54
25503,8482,1934,6,2880.51
25504,8482,984,1,112.8
25505,8482,1334,3,1691.5
25506,8483,959,3,59.5
25507,8483,1230,8,4864.92
25508,8483,360,8,598.74
25509,8483,771,3,3656.93
25510,8484,439,10,4688.29
25511,8485,42,10,4649.8
25512,8485,1289,10,2553.39
25513,8485,849,2,2502.76
25514,8485,1557,3,2102.21
25515,8486,782,8,1067.79
25516,8486,1632,8,171.58
25517,8487,272,2,1144.62
25518,8487,1722,7,3701.29
25519,8487,672,2,702.29
25520,8487,872,10,3049.67
25521,8488,1583,7,4923.79
25522,8489,1725,2,1149.41
25523,8489,525,1,478.28
25524,8489,325,8,4124.84
25525,8489,275,4,157.26
25526,8489,425,10,2958.52
25527,8490,166,3,4770.66
25528,8490,1502,6,2007.67
25529,8490,1640,6,2595.47
25530,8490,1375,6,1523.07
25531,8490,137,2,3795.5
25532,8491,692,7,3638.22
25533,8491,842,6,3463.5
25534,8491,1042,8,318.23
25535,8491,692,2,770.03
25536,8492,1585,6,3555.82
25537,8493,1781,10,1685.76
25538,8494,381,4,2967.84
25539,8495,1429,2,3292.48
25540,8495,579,2,2080.3
25541,8495,529,3,3579.68
25542,8495,579,2,2073.55
25543,8496,1929,3,2613.62
25544,8496,1276,10,3596.87
25545,8497,1140,4,4042.84
25546,8498,358,1,1098.33
25547,8498,1408,3,762.63
25548,8499,1382,2,1844.38
25549,8499,1732,10,4540.45
25550,8499,1082,2,4803.76
25551,8500,1877,9,2832.95
25552,8500,527,3,3148.76
25553,8500,677,9,1192.92
25554,8500,827,5,4658.54
25555,8501,1350,5,1177.61
25556,8502,1690,9,1258.87
25557,8502,1290,3,2210.89
25558,8502,790,2,2525.69
25559,8503,1643,10,3613.59
25560,8503,1641,9,2213.15
25561,8503,1821,3,4932.98
25562,8503,1577,6,4810.22
25563,8504,83,4,4290.84
25564,8505,334,2,3763.28
25565,8506,284,5,3204.47
25566,8506,1117,8,443.12
25567,8506,1168,6,4177.51
25568,8506,614,7,1433.02
25569,8507,1116,3,3721.19
25570,8507,1416,8,3638.1
25571,8508,165,7,4769.74
25572,8508,1270,9,4603.45
25573,8509,678,7,936.72
25574,8509,1728,3,4778.52
25575,8509,528,4,231.13
25576,8509,978,4,4752.5
25577,8509,928,4,3549.16
25578,8510,186,2,405.88
25579,8510,1336,3,2552.64
25580,8511,1920,6,2917.29
25581,8511,920,5,4027.85
25582,8511,70,1,307.33
25583,8511,1770,10,1138.16
25584,8511,570,1,4418.1
25585,8512,766,9,1131.53
25586,8512,466,2,4548.54
25587,8512,1766,9,3195.34
25588,8512,316,5,3056.26
25589,8513,1082,5,4402.6
25590,8513,1882,10,2039.72
25591,8513,382,10,4814.33
25592,8514,1880,5,1801.2
25593,8514,1123,1,929.8
25594,8514,553,5,182.37
25595,8515,152,3,392.12
25596,8515,1202,1,1251.27
25597,8515,1452,10,2372.34
25598,8515,1252,1,3304.73
25599,8515,552,8,1830.73
25600,8516,1763,8,507.65
25601,8516,413,1,550.84
25602,8516,1313,9,4082.63
25603,8517,1737,5,2636.37
25604,8518,1493,3,4509.97
25605,8518,54,1,4659.25
25606,8519,976,8,3572.98
25607,8519,1315,5,3538.97
25608,8520,145,8,1853.98
25609,8521,1185,10,509.53
25610,8521,435,8,3572.77
25611,8521,1235,6,1206.27
25612,8522,1355,9,1929.09
25613,8522,305,9,1144.89
25614,8522,1655,10,4887.46
25615,8522,905,3,2116.3
25616,8523,1463,5,513.3
25617,8523,1563,1,4029.4
25618,8524,1978,6,1905.97
25619,8524,1440,6,404.93
25620,8524,1347,1,2488.89
25621,8525,306,8,2005.88
25622,8525,356,8,2236.18
25623,8526,399,5,3425.24
25624,8526,1184,2,696.44
25625,8526,73,4,3317.42
25626,8527,1335,6,988.47
25627,8528,667,4,2674.93
25628,8529,1377,7,3532.0
25629,8529,1627,5,2146.98
25630,8529,1527,6,1531.49
25631,8530,986,8,4721.72
25632,8530,440,2,3898.92
25633,8530,181,4,4797.36
25634,8530,1042,4,2508.86
25635,8531,1617,2,4801.28
25636,8531,1717,6,4778.26
25637,8531,1367,6,4972.73
25638,8531,767,9,457.54
25639,8531,1117,8,3310.79
25640,8532,823,7,856.45
25641,8532,1123,2,1873.15
25642,8532,1873,1,3404.75
25643,8533,1064,6,2774.42
25644,8533,964,4,2207.84
25645,8533,714,8,4650.68
25646,8534,192,6,3207.03
25647,8534,1642,10,4684.64
25648,8534,1192,6,4611.23
25649,8535,1485,2,129.82
25650,8535,1068,7,3883.89
25651,8535,112,2,205.36
25652,8535,1789,7,1687.2
25653,8536,1496,7,3251.23
25654,8536,496,10,1038.42
25655,8536,696,2,4962.32
25656,8536,946,1,3550.0
25657,8537,224,6,3434.18
25658,8537,632,8,3143.02
25659,8538,1400,8,604.53
25660,8538,1200,7,4135.46
25661,8538,1750,8,3880.2
25662,8538,1400,9,477.34
25663,8538,1750,7,4634.92
25664,8539,713,4,695.76
25665,8539,1863,5,1538.22
25666,8540,1578,3,816.84
25667,8540,233,2,2555.22
25668,8540,1885,4,4995.8
25669,8540,106,3,3406.76
25670,8541,1896,8,1615.8
25671,8541,1746,9,2218.97
25672,8542,491,8,4352.29
25673,8542,1555,3,214.41
25674,8542,343,2,2643.8
25675,8542,449,1,2248.04
25676,8542,29,9,3696.85
25677,8543,1869,3,3177.13
25678,8543,1219,2,3205.51
25679,8543,919,2,4086.17
25680,8543,369,3,3537.95
25681,8543,1519,8,4378.12
25682,8544,1619,8,1264.28
25683,8544,986,9,2127.6
25684,8544,447,9,462.85
25685,8544,287,10,4714.3
25686,8544,1466,7,4214.06
25687,8545,1239,10,1533.55
25688,8545,39,3,2599.66
25689,8545,1389,10,3587.97
25690,8545,339,6,3875.32
25691,8546,500,6,3632.08
25692,8547,669,5,2805.3
25693,8547,1919,9,1013.11
25694,8548,321,4,2623.55
25695,8548,71,3,1744.51
25696,8549,508,5,2968.12
25697,8549,613,3,2665.74
25698,8549,1724,1,3888.34
25699,8550,1674,10,677.32
25700,8550,1367,8,2241.59
25701,8550,364,4,3414.38
25702,8550,506,1,1123.18
25703,8551,189,6,2138.47
25704,8551,1426,6,793.14
25705,8552,1984,2,2132.01
25706,8552,56,7,2692.68
25707,8553,1508,4,1945.93
25708,8554,1285,2,1517.0
25709,8554,735,10,3765.03
25710,8554,1285,8,1146.37
25711,8555,1523,7,4883.98
25712,8556,946,2,3943.85
25713,8556,1146,9,3775.6
25714,8557,1002,9,3325.72
25715,8557,1652,10,2088.21
25716,8558,1228,7,2388.53
25717,8558,1728,10,4099.21
25718,8559,800,8,3711.55
25719,8560,1618,6,965.92
25720,8561,1102,8,4452.15
25721,8562,1465,2,1355.7
25722,8562,1783,9,2121.55
25723,8563,600,4,2649.53
25724,8563,1300,2,2262.92
25725,8564,660,3,2274.41
25726,8564,1610,4,59.79
25727,8564,1810,5,327.81
25728,8564,360,2,93.57
25729,8565,1092,3,3432.24
25730,8565,1640,10,3686.47
25731,8565,1456,4,3599.12
25732,8565,969,6,4540.82
25733,8565,326,5,4344.64
25734,8566,770,6,2466.05
25735,8566,1870,1,3339.08
25736,8566,520,1,1869.43
25737,8567,982,8,3460.92
25738,8567,1032,8,1067.53
25739,8568,1129,7,164.85
25740,8568,1079,2,1610.22
25741,8568,1129,10,467.5
25742,8568,579,4,4790.46
25743,8569,1687,3,362.09
25744,8569,1251,6,1823.65
25745,8569,894,4,3228.5
25746,8570,170,1,2624.77
25747,8570,1470,3,557.18
25748,8570,420,8,4940.09
25749,8570,520,9,1640.18
25750,8570,320,10,3030.58
25751,8571,473,7,2240.79
25752,8571,1147,7,4499.71
25753,8571,617,2,69.37
25754,8571,178,1,1133.69
25755,8571,1222,9,3243.2
25756,8572,2000,8,1955.81
25757,8572,450,3,2241.4
25758,8573,1190,1,100.44
25759,8573,165,4,3184.23
25760,8573,772,4,285.85
25761,8573,1261,4,819.28
25762,8573,694,3,1551.94
25763,8574,1160,10,3227.37
25764,8574,860,5,302.62
25765,8574,310,8,1526.96
25766,8575,1750,5,2809.63
25767,8575,1600,9,172.95
25768,8575,850,4,4590.33
25769,8575,450,9,2905.0
25770,8575,450,5,4820.51
25771,8576,1175,10,769.86
25772,8576,476,5,3481.91
25773,8576,31,6,3626.6
25774,8576,1912,1,4709.57
25775,8576,1373,2,4125.24
25776,8577,936,2,3829.63
25777,8577,536,5,2222.23
25778,8577,1786,2,4957.87
25779,8578,236,9,2428.97
25780,8579,1192,3,3314.07
25781,8579,1292,3,4665.87
25782,8579,92,10,1631.43
25783,8580,552,2,272.55
25784,8581,1584,3,4066.81
25785,8582,50,4,2486.44
25786,8583,290,7,2502.35
25787,8584,443,7,741.03
25788,8584,493,7,2878.81
25789,8585,1145,8,2060.18
25790,8585,995,8,1362.14
25791,8585,95,8,2274.22
25792,8585,245,2,4381.08
25793,8585,395,2,202.21
25794,8586,313,3,1761.58
25795,8586,1713,10,1396.86
25796,8587,713,6,2574.51
25797,8587,1113,4,1715.47
25798,8587,1613,3,210.53
25799,8588,1630,9,1708.84
25800,8588,1330,4,237.29
25801,8588,580,6,2361.07
25802,8588,1830,7,1962.33
25803,8588,1880,10,1143.99
25804,8589,1605,10,827.94
25805,8590,375,10,1085.71
25806,8590,925,8,3143.83
25807,8590,625,2,2914.22
25808,8590,1725,8,683.26
25809,8591,929,5,4716.76
25810,8591,1629,7,2185.61
25811,8592,587,4,3269.04
25812,8592,137,6,1982.93
25813,8592,937,1,1010.98
25814,8592,687,1,2591.0
25815,8592,37,10,2355.7
25816,8593,438,7,1607.28
25817,8593,338,1,3194.17
25818,8593,1038,4,4350.48
25819,8593,938,9,2701.97
25820,8593,1588,2,1846.77
25821,8594,1913,9,3192.8
25822,8594,1063,10,986.99
25823,8595,17,8,772.72
25824,8595,17,7,1961.88
25825,8595,467,4,1770.46
25826,8596,198,6,4769.15
25827,8597,444,8,3250.63
25828,8597,794,10,2983.75
25829,8597,1544,6,1475.92
25830,8598,467,2,4427.54
25831,8598,17,5,339.75
25832,8598,367,4,730.11
25833,8598,1967,1,2942.17
25834,8599,127,7,2468.47
25835,8599,1177,2,3255.53
25836,8599,777,7,1344.8
25837,8599,1827,2,3254.39
25838,8600,1060,8,899.32
25839,8600,160,2,3155.86
25840,8600,760,7,681.54
25841,8601,1298,3,3723.12
25842,8601,1597,10,1567.41
25843,8601,1034,8,1810.92
25844,8602,1926,3,4971.57
25845,8602,1585,2,139.82
25846,8603,1862,2,2595.12
25847,8604,926,3,2291.52
25848,8605,1114,10,3880.16
25849,8605,361,2,3937.42
25850,8606,1756,7,4510.16
25851,8606,1664,4,1901.99
25852,8607,61,5,1898.28
25853,8607,1861,7,886.55
25854,8607,611,9,4818.44
25855,8607,1511,3,4984.09
25856,8608,205,10,2386.08
25857,8608,505,4,333.5
25858,8609,1437,5,569.18
25859,8609,721,8,599.39
25860,8609,308,5,481.28
25861,8609,1167,7,3479.76
25862,8609,837,9,1006.41
25863,8610,701,4,462.82
25864,8610,1292,4,1174.19
25865,8611,368,6,4836.7
25866,8612,1274,5,3635.71
25867,8613,1358,7,719.93
25868,8614,91,4,293.2
25869,8615,999,2,2752.08
25870,8616,1724,3,531.11
25871,8616,31,3,1690.98
25872,8617,195,9,2968.56
25873,8617,1945,4,2903.36
25874,8617,345,6,4057.7
25875,8618,1115,9,3261.03
25876,8618,1415,8,4114.37
25877,8618,915,3,2175.17
25878,8619,749,5,2683.48
25879,8620,1010,9,1639.3
25880,8620,110,4,315.31
25881,8620,510,2,4915.67
25882,8620,1360,3,633.31
25883,8620,1410,10,3178.07
25884,8621,1760,10,862.91
25885,8621,1110,3,952.84
25886,8621,910,3,3733.98
25887,8621,760,10,3659.83
25888,8622,586,1,2470.0
25889,8622,1583,1,3525.72
25890,8623,503,10,3013.43
25891,8623,1207,5,2799.11
25892,8623,371,3,1166.06
25893,8623,1993,1,1123.32
25894,8624,760,6,3685.8
25895,8624,360,4,2572.05
25896,8624,1810,2,2985.88
25897,8625,732,6,1533.04
25898,8626,1420,5,2664.76
25899,8626,1870,5,3725.48
25900,8626,570,8,1840.7
25901,8626,370,6,571.62
25902,8627,829,9,172.77
25903,8627,1229,10,240.85
25904,8628,254,6,4518.82
25905,8629,1069,8,2896.14
25906,8629,19,3,2502.9
25907,8629,369,8,2198.51
25908,8629,819,9,427.39
25909,8629,769,2,935.23
25910,8630,578,10,678.97
25911,8631,1070,5,980.85
25912,8631,1020,3,4243.01
25913,8631,870,2,2713.0
25914,8631,770,2,306.02
25915,8632,1397,9,1490.19
25916,8632,1347,4,961.95
25917,8633,792,7,4092.1
25918,8633,1092,8,4225.07
25919,8633,1592,6,4733.32
25920,8633,142,5,3556.94
25921,8634,1646,9,1462.32
25922,8634,746,10,990.32
25923,8634,946,4,1439.63
25924,8634,696,10,2283.4
25925,8635,667,7,1175.2
25926,8635,767,3,2553.43
25927,8635,617,6,4039.5
25928,8636,959,8,2716.12
25929,8636,9,7,3343.32
25930,8636,1109,10,1491.14
25931,8637,1096,5,397.65
25932,8637,886,10,3096.25
25933,8637,312,9,2726.33
25934,8637,338,6,4117.76
25935,8638,820,10,3035.19
25936,8638,1170,1,3681.45
25937,8638,220,7,1956.13
25938,8638,720,5,4034.13
25939,8639,296,7,2502.46
25940,8639,1946,9,1843.63
25941,8640,1034,1,4298.08
25942,8640,1184,1,646.76
25943,8640,1334,5,4426.71
25944,8640,534,5,980.89
25945,8640,1984,8,1245.63
25946,8641,1995,1,305.26
25947,8641,345,2,1230.87
25948,8641,645,4,914.78
25949,8641,1895,3,1100.42
25950,8642,818,5,4043.81
25951,8642,468,7,1789.89
25952,8642,868,9,1659.68
25953,8642,1518,3,3235.95
25954,8642,1268,6,1608.12
25955,8643,1013,8,2489.84
25956,8643,313,7,302.03
25957,8643,863,6,2071.26
25958,8643,563,5,639.9
25959,8644,1668,3,2136.55
25960,8644,749,4,2714.44
25961,8644,938,7,4402.43
25962,8644,130,5,1745.43
25963,8645,830,9,3741.66
25964,8645,980,6,2144.12
25965,8645,1330,6,3415.44
25966,8645,630,1,3674.47
25967,8645,430,3,1690.68
25968,8646,516,4,867.11
25969,8646,1616,1,3142.5
25970,8646,1116,2,1090.36
25971,8646,966,8,1321.47
25972,8646,1166,9,3052.03
25973,8647,1334,3,3304.99
25974,8647,884,9,3005.17
25975,8647,134,3,4287.17
25976,8648,840,3,3074.71
25977,8649,826,2,2986.59
25978,8650,194,4,3296.23
25979,8650,1094,1,1401.22
25980,8650,1244,5,1127.15
25981,8650,694,9,2716.21
25982,8651,1909,8,844.37
25983,8651,309,1,1601.27
25984,8651,909,2,3249.93
25985,8652,542,6,1204.09
25986,8653,1355,5,1397.18
25987,8653,1805,3,337.95
25988,8653,5,8,4521.92
25989,8653,905,9,910.46
25990,8654,1366,3,227.26
25991,8654,966,2,4760.35
25992,8654,1616,8,126.25
25993,8654,666,7,3007.66
25994,8655,1858,1,4971.77
25995,8655,1858,6,1881.73
25996,8655,1208,4,899.71
25997,8655,108,1,2571.91
25998,8656,221,8,2870.71
25999,8656,494,3,1898.89
26000,8656,1631,8,962.0
26001,8656,1617,9,2340.38
26002,8656,1317,1,207.82
26003,8657,1471,9,999.73
26004,8658,817,9,51.32
26005,8658,1467,3,4470.55
26006,8659,362,8,1831.45
26007,8660,15,6,1427.78
26008,8661,1716,1,74.77
26009,8661,216,9,4795.76
26010,8661,816,10,1048.3
26011,8661,816,1,988.55
26012,8662,1824,4,4114.1
26013,8662,1272,9,1095.69
26014,8662,278,9,1557.99
26015,8662,476,4,1622.24
26016,8663,1297,8,2010.82
26017,8663,197,4,1325.44
26018,8664,1565,10,4584.89
26019,8664,1065,3,3987.17
26020,8664,1515,5,4043.55
26021,8664,565,4,1690.66
26022,8664,315,3,1509.16
26023,8665,207,5,1830.46
26024,8665,107,6,1049.58
26025,8666,1948,1,2641.73
26026,8667,615,8,4887.4
26027,8667,965,6,2896.56
26028,8667,615,7,1805.95
26029,8667,1915,3,4657.68
26030,8667,65,10,691.3
26031,8668,698,10,80.29
26032,8668,748,1,920.06
26033,8668,1248,4,2103.55
26034,8669,569,4,858.22
26035,8669,1169,6,1886.46
26036,8669,1819,6,2145.72
26037,8670,1538,5,2108.48
26038,8670,1196,2,543.78
26039,8670,298,10,751.8
26040,8670,1678,5,1255.06
26041,8670,619,1,2160.31
26042,8671,1931,6,896.84
26043,8671,1581,3,298.11
26044,8671,1231,8,4180.04
26045,8671,431,8,998.12
26046,8671,1181,3,3642.12
26047,8672,415,10,2290.97
26048,8672,1402,8,2941.27
26049,8672,40,2,2927.57
26050,8673,514,8,3514.29
26051,8673,164,9,1090.54
26052,8673,314,5,3593.03
26053,8673,1814,9,4619.46
26054,8673,1814,3,1632.77
26055,8674,1004,9,3798.9
26056,8674,1552,3,896.47
26057,8675,664,2,4081.12
26058,8675,914,2,1937.28
26059,8675,364,7,2996.27
26060,8676,698,7,1063.32
26061,8676,298,1,4162.82
26062,8677,1586,2,3613.45
26063,8677,436,2,2359.39
26064,8678,474,6,1862.87
26065,8678,1374,7,1328.07
26066,8678,1924,9,4611.45
26067,8678,224,2,3934.32
26068,8678,1374,8,2542.62
26069,8679,191,3,2220.86
26070,8680,1261,4,2823.2
26071,8681,186,6,4552.88
26072,8681,36,2,83.33
26073,8681,236,2,1089.67
26074,8682,1646,4,4978.06
26075,8682,596,2,1830.3
26076,8682,396,8,4257.31
26077,8683,1711,7,3222.41
26078,8683,809,8,3643.86
26079,8683,433,9,2131.58
26080,8683,828,10,247.98
26081,8683,1830,6,4306.96
26082,8684,1399,9,3753.44
26083,8684,649,8,4081.34
26084,8685,2000,3,171.66
26085,8686,958,3,2183.87
26086,8686,108,5,3474.31
26087,8687,1722,10,3809.19
26088,8687,1822,8,3239.92
26089,8688,1882,1,1739.75
26090,8688,258,5,4499.04
26091,8688,1142,5,3727.94
26092,8688,1961,7,2453.02
26093,8689,1990,2,1853.18
26094,8690,1268,3,4831.28
26095,8690,707,4,682.04
26096,8690,1573,1,3873.6
26097,8690,967,10,3759.2
26098,8690,844,8,574.4
26099,8691,362,8,999.07
26100,8691,712,9,1502.83
26101,8692,1431,1,2040.6
26102,8692,281,8,347.58
26103,8692,1531,1,2970.34
26104,8692,131,10,3391.82
26105,8692,1781,1,2529.79
26106,8693,914,8,1284.91
26107,8693,1778,6,963.2
26108,8694,1874,7,3734.06
26109,8695,36,2,4585.14
26110,8695,1186,10,4694.1
26111,8695,736,10,633.25
26112,8695,86,4,3824.9
26113,8695,1986,1,219.57
26114,8696,46,5,2546.39
26115,8697,1448,8,1380.83
26116,8697,1998,6,114.2
26117,8697,48,3,4935.64
26118,8698,374,5,3188.89
26119,8698,1224,3,2143.13
26120,8698,1674,2,3736.52
26121,8698,1724,4,397.34
26122,8699,390,1,2877.51
26123,8700,982,2,2725.42
26124,8700,1632,9,4484.71
26125,8700,1032,9,1088.27
26126,8700,1082,2,4859.59
26127,8700,1482,9,4433.13
26128,8701,263,8,1407.45
26129,8701,1713,10,1443.31
26130,8701,1763,10,935.67
26131,8701,463,8,1784.8
26132,8702,1332,3,1723.6
26133,8702,1682,10,267.88
26134,8703,1106,10,351.49
26135,8704,1112,2,3219.63
26136,8704,1468,10,218.48
26137,8704,199,2,3482.4
26138,8704,845,4,2341.77
26139,8705,1283,1,1816.14
26140,8705,1433,8,2881.11
26141,8705,1133,5,4304.73
26142,8705,233,3,4462.36
26143,8705,1133,1,1804.46
26144,8706,1855,8,4643.25
26145,8706,104,9,2768.42
26146,8706,580,4,2887.06
26147,8706,375,10,3713.52
26148,8707,449,9,4006.96
26149,8707,99,1,243.26
26150,8708,439,9,4963.26
26151,8708,1889,6,1075.82
26152,8708,1089,2,3516.95
26153,8709,1317,4,1348.08
26154,8709,1143,6,2235.16
26155,8709,281,1,3910.47
26156,8709,1764,1,2017.67
26157,8709,897,2,4829.13
26158,8710,1023,3,3965.29
26159,8711,562,8,105.3
26160,8711,1562,3,3654.74
26161,8711,1412,2,2871.2
26162,8711,512,8,2115.12
26163,8712,1961,8,1489.03
26164,8712,1011,10,3081.39
26165,8712,261,4,2164.82
26166,8712,161,5,3524.86
26167,8712,961,7,4244.05
26168,8713,1363,5,2986.1
26169,8713,963,4,3632.55
26170,8714,1129,2,2999.56
26171,8714,129,2,4050.78
26172,8714,1829,10,3908.79
26173,8714,1029,2,1827.16
26174,8715,1216,5,1513.41
26175,8715,1616,5,1525.24
26176,8716,35,4,4814.08
26177,8716,935,4,3006.02
26178,8716,985,4,2252.25
26179,8716,135,9,1796.92
26180,8717,987,3,3697.39
26181,8717,1337,10,4370.54
26182,8718,456,5,2053.04
26183,8718,1406,4,2093.52
26184,8718,1206,5,4265.24
26185,8718,456,1,4312.27
26186,8718,906,8,3061.1
26187,8719,1751,2,2353.65
26188,8719,1851,2,3281.9
26189,8719,1501,9,442.82
26190,8720,1661,9,2621.93
26191,8720,611,6,2897.18
26192,8720,411,10,1904.67
26193,8721,442,8,4957.86
26194,8722,1629,2,3537.52
26195,8723,328,10,405.62
26196,8723,378,10,2404.96
26197,8723,1028,5,2004.88
26198,8724,1271,3,2537.42
26199,8724,871,1,2570.19
26200,8724,971,10,612.76
26201,8725,1754,4,1612.88
26202,8726,1984,4,3913.11
26203,8726,784,10,1605.05
26204,8726,384,8,3340.92
26205,8727,605,8,3218.77
26206,8727,905,8,3591.02
26207,8727,1805,7,84.06
26208,8728,797,4,419.76
26209,8728,1547,7,1480.05
26210,8728,1047,4,2418.47
26211,8728,197,4,145.61
26212,8728,547,6,686.14
26213,8729,665,8,4057.46
26214,8729,1415,7,965.47
26215,8730,241,10,3242.46
26216,8730,274,5,2897.71
26217,8730,426,6,1007.27
26218,8731,148,9,2616.55
26219,8731,448,6,4047.07
26220,8732,1712,10,4600.59
26221,8732,662,1,3488.76
26222,8732,129,3,4608.34
26223,8733,899,4,2773.44
26224,8733,300,2,4014.11
26225,8733,1712,4,4853.77
26226,8733,1511,5,1406.98
26227,8733,461,2,2369.36
26228,8734,1358,6,1940.59
26229,8734,158,2,2887.8
26230,8735,1531,8,3344.8
26231,8735,1031,10,3580.34
26232,8735,1781,9,2024.62
26233,8736,1337,4,2750.59
26234,8736,1737,3,797.18
26235,8736,1937,4,2515.86
26236,8736,1437,1,931.74
26237,8737,559,1,4417.1
26238,8738,887,8,1872.61
26239,8739,1929,3,3451.93
26240,8739,179,2,2988.91
26241,8740,1268,7,4179.75
26242,8740,1818,1,4703.42
26243,8740,568,3,4044.62
26244,8740,18,9,2394.01
26245,8740,1618,9,1973.7
26246,8741,1679,4,412.11
26247,8741,879,3,3960.67
26248,8741,1429,1,273.1
26249,8742,1431,2,1730.75
26250,8742,1431,7,4248.22
26251,8743,1535,5,4144.34
26252,8743,885,1,2991.45
26253,8743,185,3,2037.38
26254,8743,585,7,4537.94
26255,8744,853,4,3665.08
26256,8744,303,8,3272.06
26257,8744,1153,10,1328.58
26258,8745,1858,3,587.0
26259,8746,1230,9,2489.57
26260,8746,1530,8,1210.35
26261,8746,1330,10,3488.16
26262,8746,1130,2,4038.51
26263,8746,1230,8,3258.38
26264,8747,1975,7,4985.14
26265,8748,227,8,1793.19
26266,8749,1919,4,3899.48
26267,8749,719,2,4691.66
26268,8749,1719,7,3714.86
26269,8750,41,5,4828.28
26270,8750,991,4,1403.46
26271,8751,1338,2,1861.78
26272,8751,1473,3,416.18
26273,8751,694,7,135.47
26274,8751,1765,1,4122.21
26275,8751,1112,10,3182.4
26276,8752,436,1,3940.06
26277,8752,1536,7,1440.68
26278,8753,1205,3,4613.85
26279,8753,1411,10,389.96
26280,8754,1167,8,3998.96
26281,8754,817,6,1692.35
26282,8754,1667,9,4403.5
26283,8754,817,4,4472.69
26284,8754,517,3,4749.15
26285,8755,1864,5,3427.68
26286,8755,1661,7,3143.76
26287,8755,1054,10,4355.05
26288,8756,385,4,2135.88
26289,8756,151,3,4683.79
26290,8757,587,2,1808.6
26291,8757,1711,4,360.41
26292,8757,1812,4,4778.34
26293,8757,1310,9,3215.06
26294,8757,1369,1,3104.08
26295,8758,831,6,2558.09
26296,8758,181,1,4400.97
26297,8758,1731,7,3036.95
26298,8758,1031,10,3304.3
26299,8758,1781,4,1126.87
26300,8759,1120,4,3981.45
26301,8759,670,2,3976.29
26302,8759,520,10,132.39
26303,8760,376,3,3552.28
26304,8760,667,2,3668.77
26305,8760,995,3,2769.28
26306,8761,1495,2,2937.29
26307,8761,895,9,215.67
26308,8762,341,7,1789.97
26309,8762,741,8,2101.38
26310,8762,1991,3,4355.2
26311,8763,1428,1,4388.26
26312,8763,428,10,1012.48
26313,8763,1678,1,4608.88
26314,8763,1878,9,4854.84
26315,8763,628,2,4133.82
26316,8764,359,9,3330.94
26317,8765,1665,2,2427.46
26318,8765,1765,5,3073.3
26319,8765,815,1,4206.04
26320,8765,1715,6,4178.3
26321,8765,1165,9,1051.08
26322,8766,396,9,2290.3
26323,8766,1896,3,73.84
26324,8766,946,1,4714.36
26325,8767,1902,5,1476.15
26326,8767,125,7,811.73
26327,8767,1755,4,1634.82
26328,8767,233,7,4086.29
26329,8768,771,6,942.15
26330,8769,844,7,2902.85
26331,8769,544,4,2540.57
26332,8769,1294,1,1294.4
26333,8770,534,8,1448.08
26334,8770,984,5,4010.44
26335,8770,1134,7,2177.89
26336,8771,1490,6,218.7
26337,8771,1313,10,2458.71
26338,8772,1951,6,4340.64
26339,8772,483,5,4298.39
26340,8773,1663,3,4114.17
26341,8773,213,3,1471.44
26342,8773,363,5,1493.65
26343,8773,1013,6,911.26
26344,8774,1834,6,3721.02
26345,8774,254,1,1720.4
26346,8775,1456,7,2323.31
26347,8776,1211,8,1477.15
26348,8776,1561,5,3223.95
26349,8776,1261,9,4216.77
26350,8777,1466,6,3231.79
26351,8777,1633,1,2708.94
26352,8777,251,9,3882.62
26353,8778,694,10,157.71
26354,8778,544,6,565.12
26355,8778,1794,10,4475.8
26356,8778,1644,2,249.64
26357,8778,1494,7,4454.49
26358,8779,1014,3,969.81
26359,8779,614,6,3984.06
26360,8779,1914,8,4817.38
26361,8779,1714,7,2752.45
26362,8779,1314,9,4955.11
26363,8780,1118,2,3529.21
26364,8781,1801,10,3748.37
26365,8781,1251,1,2505.07
26366,8781,251,2,4381.61
26367,8782,248,1,2461.54
26368,8783,418,2,3073.85
26369,8783,1721,7,3032.31
26370,8783,1788,5,4392.85
26371,8784,1155,6,1758.66
26372,8784,855,6,4366.43
26373,8784,1755,2,275.2
26374,8784,905,7,3986.61
26375,8784,1605,8,2135.2
26376,8785,258,7,62.65
26377,8785,1208,8,4071.81
26378,8785,1708,7,1336.94
26379,8785,358,8,2485.65
26380,8786,112,3,1309.44
26381,8786,1301,9,4864.91
26382,8786,1017,9,4082.81
26383,8787,986,9,3926.84
26384,8787,1536,2,2690.9
26385,8788,1903,1,1122.6
26386,8788,1853,8,2156.84
26387,8788,1603,1,888.56
26388,8788,353,9,1089.34
26389,8788,1753,5,3156.94
26390,8789,634,7,3536.45
26391,8789,484,10,3005.27
26392,8789,584,9,4080.08
26393,8789,434,7,1063.51
26394,8789,1084,7,490.96
26395,8790,1804,5,1792.6
26396,8790,1904,8,1367.42
26397,8790,1554,8,2231.28
26398,8791,73,8,421.61
26399,8791,823,2,3038.61
26400,8792,1779,4,633.07
26401,8793,1806,9,1058.37
26402,8793,6,3,797.53
26403,8793,1356,8,4416.78
26404,8793,706,9,2651.11
26405,8794,1487,7,1120.89
26406,8794,1687,4,3423.47
26407,8794,1937,9,2947.22
26408,8795,1265,4,4883.66
26409,8795,760,9,1264.66
26410,8795,1161,4,4816.12
26411,8795,1494,2,3819.33
26412,8795,712,5,65.74
26413,8796,1843,10,4003.76
26414,8796,154,5,1013.66
26415,8796,1753,4,3917.91
26416,8796,41,9,4989.35
26417,8797,44,7,3743.69
26418,8797,1677,4,1314.84
26419,8798,501,4,3399.06
26420,8798,1989,1,975.62
26421,8799,883,9,2024.58
26422,8800,1470,5,4325.3
26423,8801,205,6,4329.99
26424,8801,1755,10,2376.97
26425,8801,305,9,72.9
26426,8802,583,1,3947.76
26427,8803,1056,8,3565.52
26428,8803,56,9,2091.07
26429,8804,509,6,4775.84
26430,8804,459,3,3483.08
26431,8804,459,1,4874.85
26432,8804,259,6,419.67
26433,8805,960,5,4564.94
26434,8806,167,1,4674.12
26435,8806,349,4,4006.89
26436,8807,1551,8,1893.79
26437,8807,1451,6,4441.42
26438,8807,651,3,918.12
26439,8808,1582,9,3959.63
26440,8808,1982,6,1754.09
26441,8808,182,8,289.57
26442,8808,1732,1,3394.46
26443,8808,1382,3,4763.98
26444,8809,1556,2,4136.12
26445,8809,956,7,1247.99
26446,8810,1117,10,1420.0
26447,8810,423,7,3006.52
26448,8810,1600,5,3852.25
26449,8810,1816,5,2857.79
26450,8811,179,1,4103.86
26451,8811,1529,6,1215.44
26452,8811,1529,4,1068.36
26453,8811,1979,4,1677.47
26454,8811,579,2,1199.77
26455,8812,1375,1,2088.15
26456,8812,221,10,183.68
26457,8812,875,1,4343.53
26458,8812,1962,9,2531.96
26459,8813,1332,5,4255.58
26460,8814,303,10,3358.15
26461,8814,353,7,2031.05
26462,8814,1653,1,2235.19
26463,8814,1803,8,2675.26
26464,8815,760,1,4325.94
26465,8816,547,3,2968.43
26466,8816,543,10,2306.7
26467,8817,660,2,1529.06
26468,8817,410,7,4461.73
26469,8817,260,4,195.59
26470,8818,1742,7,1800.42
26471,8818,1042,7,4194.31
26472,8819,1954,4,3622.95
26473,8819,742,6,3474.11
26474,8819,1195,4,393.45
26475,8819,833,5,3544.64
26476,8819,1606,1,2947.76
26477,8820,1666,4,200.69
26478,8820,1816,1,3156.61
26479,8820,616,5,4613.99
26480,8820,16,8,909.49
26481,8820,1466,5,4401.68
26482,8821,206,2,2102.06
26483,8821,206,4,2328.7
26484,8822,33,5,1938.76
26485,8822,83,6,206.14
26486,8822,483,10,1089.47
26487,8822,1433,6,2041.61
26488,8822,783,8,1704.78
26489,8823,541,5,778.49
26490,8823,1791,2,2885.34
26491,8823,1591,6,2198.79
26492,8823,491,8,1974.4
26493,8823,1341,7,1879.57
26494,8824,857,1,716.75
26495,8825,1333,10,2551.33
26496,8825,1133,1,1804.07
26497,8826,281,6,3510.02
26498,8826,861,10,2238.33
26499,8827,1302,10,3038.63
26500,8827,266,10,1672.3
26501,8827,575,4,2750.88
26502,8828,232,7,2367.37
26503,8829,1037,9,3087.68
26504,8829,204,7,1184.45
26505,8829,564,7,585.27
26506,8830,1606,3,3993.07
26507,8830,1484,8,4650.7
26508,8831,1154,3,1479.17
26509,8831,1454,1,3738.29
26510,8832,1984,3,259.25
26511,8832,1226,8,2685.04
26512,8832,49,10,4622.98
26513,8832,758,2,668.39
26514,8832,1731,6,1035.07
26515,8833,1428,4,4963.04
26516,8834,618,8,949.5
26517,8835,1823,1,3055.64
26518,8835,1799,8,2121.75
26519,8835,1912,3,2742.98
26520,8835,878,8,2385.6
26521,8835,584,4,2979.18
26522,8836,457,9,4780.93
26523,8836,1638,3,407.52
26524,8836,1272,10,2026.28
26525,8837,749,6,2370.97
26526,8837,382,1,1082.53
26527,8838,173,1,255.08
26528,8838,1823,2,3457.64
26529,8839,210,6,263.4
26530,8839,10,5,3506.08
26531,8840,892,9,4075.16
26532,8840,1442,10,1621.34
26533,8840,142,3,3785.94
26534,8840,642,6,435.1
26535,8841,1620,3,4436.77
26536,8841,1420,9,4438.85
26537,8841,1820,7,1529.12
26538,8841,20,4,368.36
26539,8841,1870,4,63.05
26540,8842,952,4,4117.61
26541,8842,402,6,1150.8
26542,8842,1452,2,3001.38
26543,8842,752,1,4568.31
26544,8843,1521,10,2643.37
26545,8843,471,6,4530.4
26546,8843,571,7,1297.99
26547,8844,781,9,2258.08
26548,8844,431,6,3645.21
26549,8845,1087,8,2434.01
26550,8845,1337,5,838.08
26551,8846,1006,3,1969.57
26552,8846,656,1,3133.45
26553,8846,556,9,1587.96
26554,8847,1360,6,3661.59
26555,8847,1710,9,973.7
26556,8847,960,7,1817.63
26557,8848,399,6,2397.82
26558,8848,499,3,1755.99
26559,8848,349,10,2457.0
26560,8848,249,7,185.74
26561,8848,849,8,2833.01
26562,8849,347,5,1883.06
26563,8849,661,8,4337.91
26564,8849,648,7,113.34
26565,8849,806,6,1587.54
26566,8850,890,5,946.41
26567,8851,21,5,1418.49
26568,8852,777,9,2298.02
26569,8852,527,1,1530.81
26570,8853,1096,8,2190.35
26571,8853,696,5,4588.43
26572,8853,146,8,2424.33
26573,8853,1396,9,2983.52
26574,8853,1946,2,1676.24
26575,8854,239,9,164.77
26576,8854,1039,6,169.95
26577,8854,239,3,4587.18
26578,8854,1539,9,3821.84
26579,8855,1593,5,4508.96
26580,8855,843,6,1307.9
26581,8855,993,10,3395.42
26582,8856,1212,9,135.22
26583,8856,1762,10,2631.13
26584,8856,1012,3,2516.71
26585,8857,100,3,1661.99
26586,8858,1243,2,341.32
26587,8858,993,4,2407.42
26588,8858,993,1,1543.62
26589,8858,1243,1,1289.75
26590,8858,1243,5,60.0
26591,8859,1189,1,2414.12
26592,8859,1339,1,2465.56
26593,8859,1589,8,2698.91
26594,8860,507,2,3703.32
26595,8860,1457,8,482.63
26596,8860,1357,3,3809.78
26597,8861,1495,8,1214.39
26598,8861,1895,3,4761.77
26599,8861,945,6,710.42
26600,8862,1088,8,1114.02
26601,8862,6,9,4497.57
26602,8862,803,5,1649.78
26603,8862,1253,2,3423.98
26604,8863,1411,10,3037.61
26605,8864,1945,5,4537.08
26606,8864,1295,3,1790.46
26607,8864,795,7,370.52
26608,8864,1795,4,2107.71
26609,8864,1445,5,4287.3
26610,8865,623,1,849.04
26611,8865,1173,3,1163.58
26612,8865,1673,4,2592.26
26613,8865,1223,7,4155.35
26614,8866,592,8,1190.2
26615,8867,970,5,2102.91
26616,8867,470,4,4177.91
26617,8867,420,10,947.81
26618,8868,1058,8,172.6
26619,8868,1508,10,1152.81
26620,8868,358,10,4197.73
26621,8868,1858,8,4470.26
26622,8869,283,3,2448.83
26623,8869,416,7,4323.15
26624,8870,100,4,3517.31
26625,8870,1600,5,1691.56
26626,8870,650,8,2340.28
26627,8871,451,8,3373.92
26628,8871,1751,2,3533.78
26629,8871,1501,7,730.13
26630,8872,304,1,2489.74
26631,8872,1554,3,136.69
26632,8872,404,6,2911.8
26633,8873,644,3,1703.28
26634,8874,1289,8,599.33
26635,8874,839,3,4590.15
26636,8874,1539,10,79.02
26637,8874,39,7,2860.05
26638,8875,654,8,2960.08
26639,8875,645,4,3174.78
26640,8875,204,7,2541.82
26641,8875,1942,7,3211.75
26642,8875,1923,4,1521.1
26643,8876,892,10,2834.16
26644,8877,1722,2,1455.0
26645,8877,372,4,273.84
26646,8878,1781,7,1159.79
26647,8878,131,8,90.22
26648,8879,825,2,2373.15
26649,8879,1817,10,1151.05
26650,8880,1036,9,2948.41
26651,8880,1536,1,3809.64
26652,8880,1286,1,3813.97
26653,8880,1936,8,3254.0
26654,8881,665,8,3383.67
26655,8882,854,4,4093.11
26656,8882,854,1,1926.76
26657,8882,554,6,1017.34
26658,8882,1754,9,3829.52
26659,8883,104,9,3998.99
26660,8883,604,6,3624.4
26661,8883,254,2,4180.89
26662,8883,754,7,4137.0
26663,8884,1902,10,3498.04
26664,8884,1552,6,644.88
26665,8884,1352,7,3805.8
26666,8884,402,1,2479.41
26667,8884,1352,3,3075.36
26668,8885,481,10,2861.52
26669,8885,1631,9,3498.63
26670,8885,1781,4,4978.95
26671,8885,1081,10,1469.53
26672,8885,231,10,584.63
26673,8886,1829,2,2392.86
26674,8886,479,1,2693.34
26675,8886,1529,4,4683.63
26676,8886,829,5,2556.21
26677,8887,560,2,1853.12
26678,8887,386,9,2045.14
26679,8888,1984,5,3889.68
26680,8888,271,10,4444.74
26681,8888,1622,2,4670.82
26682,8888,1340,1,1225.47
26683,8889,1288,4,767.4
26684,8889,488,6,300.72
26685,8890,1956,8,858.43
26686,8890,970,7,2629.46
26687,8890,300,3,4182.44
26688,8890,746,7,137.36
26689,8890,799,2,3753.16
26690,8891,1304,9,3319.13
26691,8891,604,8,2809.05
26692,8891,204,3,2091.57
26693,8891,354,4,2171.61
26694,8892,697,10,796.27
26695,8892,797,10,3155.11
26696,8892,1947,7,1671.09
26697,8892,1897,8,3631.07
26698,8893,1914,10,3127.82
26699,8894,1710,5,4847.39
26700,8894,1210,4,2215.54
26701,8895,466,7,3478.62
26702,8895,1966,9,2669.77
26703,8895,1766,7,1829.07
26704,8895,16,2,2640.17
26705,8895,1166,10,1193.17
26706,8896,1501,1,230.84
26707,8896,1201,1,627.2
26708,8897,1594,9,467.61
26709,8897,394,7,2851.23
26710,8897,544,3,2574.79
26711,8898,1280,5,4289.47
26712,8898,1730,4,2885.11
26713,8898,730,6,2846.84
26714,8898,130,5,289.99
26715,8899,805,8,2802.26
26716,8899,1105,9,2847.1
26717,8899,1305,8,2965.82
26718,8899,705,8,4341.13
26719,8900,1327,3,2098.34
26720,8900,1527,2,4974.06
26721,8901,1720,7,3112.85
26722,8901,620,4,3116.83
26723,8901,1570,5,114.53
26724,8901,1720,4,165.67
26725,8902,854,9,3157.64
26726,8902,1341,6,1486.33
26727,8902,466,7,4968.18
26728,8902,1809,3,3515.23
26729,8903,1937,5,202.42
26730,8903,1637,9,2220.22
26731,8904,1463,4,1674.36
26732,8905,415,1,2836.87
26733,8905,415,3,903.26
26734,8906,937,3,2275.74
26735,8906,787,5,3804.09
26736,8907,308,6,1661.77
26737,8907,262,3,1270.9
26738,8907,199,10,610.34
26739,8908,1308,4,3001.04
26740,8908,708,3,446.67
26741,8908,608,8,1582.33
26742,8909,1868,8,3468.42
26743,8909,1068,9,3792.97
26744,8909,1318,4,622.53
26745,8910,1512,8,2568.49
26746,8910,1312,1,314.39
26747,8911,1650,3,1556.24
26748,8911,394,4,2407.05
26749,8912,1163,5,4424.58
26750,8913,899,4,1676.76
26751,8913,1499,7,503.64
26752,8913,49,2,3311.44
26753,8914,678,3,1214.21
26754,8914,1378,1,1186.11
26755,8915,1341,4,247.83
26756,8916,813,5,3981.93
26757,8916,163,9,4024.42
26758,8917,1345,3,4277.76
26759,8918,105,4,2589.79
26760,8918,1619,5,817.29
26761,8918,562,6,864.7
26762,8919,105,5,4090.93
26763,8919,1205,10,1863.65
26764,8919,1555,3,1088.42
26765,8919,1855,7,3360.95
26766,8919,205,5,4124.2
26767,8920,1989,3,857.93
26768,8920,989,9,2187.46
26769,8920,339,10,2714.12
26770,8920,1039,6,3661.19
26771,8921,1578,4,4927.69
26772,8921,428,2,953.27
26773,8922,1372,8,340.43
26774,8923,370,7,2982.04
26775,8923,1799,10,2580.86
26776,8923,6,2,1286.55
26777,8923,184,6,4036.77
26778,8924,1071,10,2312.46
26779,8925,1785,1,1131.99
26780,8925,835,10,4778.74
26781,8925,1785,7,3496.97
26782,8925,335,5,3233.49
26783,8926,248,2,3126.9
26784,8926,848,3,4641.01
26785,8926,398,6,4483.84
26786,8927,346,5,4873.54
26787,8927,1196,6,329.35
26788,8927,596,9,3198.1
26789,8927,696,3,4804.08
26790,8927,696,8,2030.63
26791,8928,748,3,3374.06
26792,8928,198,5,2720.3
26793,8928,1048,1,3427.07
26794,8928,1798,4,575.1
26795,8928,1098,10,2377.04
26796,8929,472,9,3299.43
26797,8930,1410,10,966.84
26798,8930,1010,1,3515.31
26799,8931,671,8,3536.08
26800,8932,1622,9,2790.19
26801,8933,1693,5,113.17
26802,8933,25,1,2488.63
26803,8933,6,7,4999.83
26804,8933,372,10,232.89
26805,8934,1808,1,4108.65
26806,8934,1156,4,4506.95
26807,8935,146,8,1491.93
26808,8935,1696,7,3343.93
26809,8935,1446,10,1903.44
26810,8935,1296,9,1727.27
26811,8936,626,1,1531.77
26812,8936,800,9,4032.89
26813,8937,1441,9,4872.24
26814,8937,1041,7,1676.41
26815,8937,1291,3,4769.71
26816,8937,991,6,3127.18
26817,8937,741,8,536.15
26818,8938,1254,2,1266.69
26819,8938,844,3,4257.73
26820,8938,1323,10,4846.07
26821,8938,1776,10,3312.85
26822,8938,1344,8,2393.41
26823,8939,801,6,3706.39
26824,8939,1551,1,1105.81
26825,8939,451,6,2198.33
26826,8940,1360,8,4572.84
26827,8940,1410,2,3418.72
26828,8940,410,5,2711.14
26829,8940,1410,5,1876.07
26830,8941,1923,3,3494.57
26831,8941,957,10,1501.39
26832,8941,1679,10,2326.85
26833,8941,1357,6,2461.66
26834,8942,539,2,1504.82
26835,8942,1685,5,3089.64
26836,8943,733,3,4267.75
26837,8943,309,2,2550.11
26838,8943,238,1,940.92
26839,8943,550,6,3958.95
26840,8943,939,5,2354.32
26841,8944,1192,4,524.52
26842,8944,354,4,2607.81
26843,8944,210,6,281.94
26844,8945,1419,7,1195.78
26845,8945,869,4,2869.61
26846,8946,1952,9,4301.15
26847,8946,1202,6,2971.62
26848,8946,452,2,3124.56
26849,8946,602,6,196.5
26850,8946,1902,10,2774.18
26851,8947,177,2,3675.26
26852,8947,1727,3,3902.87
26853,8948,48,5,91.22
26854,8948,148,4,4063.05
26855,8948,1598,10,1076.65
26856,8948,998,6,4030.01
26857,8948,98,6,1525.66
26858,8949,508,1,3432.16
26859,8950,724,6,2495.19
26860,8950,924,9,1765.0
26861,8950,474,2,2979.5
26862,8950,74,2,252.76
26863,8951,876,8,4153.63
26864,8951,1682,3,1486.73
26865,8951,1060,3,2432.13
26866,8951,1632,6,4891.75
26867,8951,1744,5,3931.91
26868,8952,1745,8,1306.76
26869,8952,195,7,956.43
26870,8952,1895,1,1695.56
26871,8952,45,2,1596.23
26872,8953,1552,7,1720.68
26873,8953,352,10,1967.19
26874,8953,1252,3,2349.14
26875,8953,252,10,3803.73
26876,8954,1385,3,2393.84
26877,8954,835,3,371.14
26878,8954,435,6,892.3
26879,8955,1614,9,4157.71
26880,8955,1664,3,4034.91
26881,8955,1314,1,2440.76
26882,8955,764,4,3622.87
26883,8955,1564,1,1684.58
26884,8956,1990,7,3648.19
26885,8956,1458,3,3272.42
26886,8956,1560,3,2022.44
26887,8956,1542,4,3812.57
26888,8956,933,9,157.11
26889,8957,318,8,4035.92
26890,8957,1518,4,1693.58
26891,8957,1868,2,3632.36
26892,8957,218,7,621.83
26893,8958,458,10,1293.78
26894,8958,758,9,937.75
26895,8959,482,1,2609.82
26896,8960,519,8,1195.06
26897,8960,1363,9,4465.62
26898,8960,1409,9,2722.56
26899,8960,1054,8,3432.61
26900,8960,1282,9,4795.62
26901,8961,1174,1,4407.05
26902,8961,174,1,1203.26
26903,8961,24,2,2434.93
26904,8961,974,4,2279.63
26905,8961,1274,8,4298.33
26906,8962,845,10,3825.85
26907,8962,198,1,1363.55
26908,8962,846,4,4349.15
26909,8962,1779,5,2083.71
26910,8962,1835,5,4965.99
26911,8963,161,9,1659.18
26912,8963,961,3,1612.78
26913,8963,1711,8,3323.42
26914,8963,211,6,1455.11
26915,8963,1861,10,4983.56
26916,8964,1621,7,2524.88
26917,8964,971,8,1376.12
26918,8965,65,10,2469.23
26919,8966,1243,2,419.01
26920,8966,1893,6,4202.35
26921,8966,893,5,2966.94
26922,8966,793,5,2368.5
26923,8966,1593,3,2667.05
26924,8967,1461,10,4240.87
26925,8967,1611,5,2779.92
26926,8967,361,6,747.56
26927,8968,1485,5,1544.34
26928,8969,1760,6,4194.67
26929,8969,460,7,2451.94
26930,8970,1299,1,4073.95
26931,8971,514,9,991.68
26932,8971,1214,1,2291.82
26933,8971,364,2,1561.79
26934,8971,1064,10,4168.02
26935,8972,30,5,178.27
26936,8972,130,1,4335.48
26937,8972,280,1,1855.52
26938,8973,244,5,1437.82
26939,8974,1730,2,2152.59
26940,8974,1767,8,1157.29
26941,8974,1763,3,3991.57
26942,8974,909,2,1971.09
26943,8974,1996,9,1219.54
26944,8975,1664,4,2762.05
26945,8975,1864,1,207.53
26946,8976,930,6,3383.63
26947,8976,1080,7,1410.96
26948,8976,1130,8,1209.84
26949,8977,1221,6,2400.23
26950,8977,1571,2,589.01
26951,8977,321,9,2341.72
26952,8977,1221,7,964.74
26953,8978,555,3,4259.42
26954,8978,1255,2,3377.85
26955,8978,5,7,3410.39
26956,8978,1305,7,909.93
26957,8979,429,8,2893.62
26958,8979,179,5,2664.34
26959,8979,379,8,3119.99
26960,8980,276,7,2255.25
26961,8981,390,2,1613.37
26962,8981,940,1,3967.16
26963,8981,1290,3,4435.07
26964,8982,1309,2,2270.84
26965,8982,609,4,3179.9
26966,8982,1309,9,3493.01
26967,8982,1609,10,3864.36
26968,8983,67,8,4941.07
26969,8983,1267,3,1013.04
26970,8983,167,2,3228.02
26971,8983,367,6,3533.82
26972,8984,1095,10,4263.52
26973,8984,1550,4,3493.32
26974,8984,1891,9,2692.52
26975,8985,190,8,3179.68
26976,8985,540,6,582.82
26977,8985,1390,2,766.99
26978,8985,340,7,2903.81
26979,8985,840,2,4186.66
26980,8986,1836,3,1594.79
26981,8987,1626,3,3895.98
26982,8987,1859,6,2215.11
26983,8987,733,7,1639.32
26984,8988,1048,1,3470.11
26985,8988,1598,10,4977.01
26986,8988,1724,8,3013.87
26987,8989,898,4,1068.96
26988,8989,1798,3,4413.72
26989,8989,998,6,4016.46
26990,8989,1598,6,1274.83
26991,8990,976,2,3426.35
26992,8990,76,10,1330.16
26993,8990,176,9,2123.3
26994,8990,1126,2,2444.89
26995,8991,759,3,4662.02
26996,8991,559,1,2743.91
26997,8991,259,1,1382.67
26998,8991,9,8,2481.71
26999,8991,59,8,3426.94
27000,8992,332,2,443.59
27001,8992,356,7,2276.85
27002,8993,170,4,4860.74
27003,8993,970,5,3681.05
27004,8993,1570,3,1582.02
27005,8993,1220,4,4698.11
27006,8993,970,6,4681.3
27007,8994,737,9,2862.59
27008,8995,1560,9,3733.44
27009,8996,1583,10,814.93
27010,8996,913,6,3433.28
27011,8996,1971,7,3418.97
27012,8996,1116,8,672.72
27013,8996,1294,4,2168.72
27014,8997,948,9,4119.79
27015,8997,248,1,3611.34
27016,8997,398,5,1741.99
27017,8997,698,3,4628.76
27018,8997,948,3,2000.68
27019,8998,413,2,3970.45
27020,8998,563,10,181.41
27021,8998,1013,1,925.17
27022,8998,1713,3,1817.47
27023,8998,1113,5,2045.16
27024,8999,1627,9,3291.53
27025,8999,1177,6,4669.26
27026,8999,1527,7,1314.27
27027,8999,327,7,4051.82
27028,9000,1122,9,4277.64
27029,9000,422,4,1517.71
27030,9000,22,4,947.51
27031,9000,1822,2,2914.64
27032,9000,1272,8,1301.32
27033,9001,1561,8,3855.34
27034,9001,1211,8,2156.61
27035,9001,611,9,2047.03
27036,9001,561,8,1266.95
27037,9001,811,1,2342.44
27038,9002,306,4,3377.65
27039,9002,1450,7,3270.34
27040,9002,1439,3,4495.41
27041,9003,1280,9,1461.4
27042,9003,1980,2,2098.86
27043,9004,896,10,3599.39
27044,9005,837,4,2832.35
27045,9005,637,3,851.58
27046,9006,145,9,1765.22
27047,9006,545,6,3261.98
27048,9006,1545,2,4329.99
27049,9007,519,9,752.34
27050,9007,69,4,3732.01
27051,9007,19,4,968.44
27052,9007,1519,5,3324.93
27053,9008,276,5,1924.19
27054,9008,66,3,1529.91
27055,9008,1055,6,2035.04
27056,9009,743,2,1021.64
27057,9009,1571,1,631.32
27058,9009,382,3,1272.14
27059,9009,90,8,1969.71
27060,9009,918,5,2312.27
27061,9010,1381,3,1250.18
27062,9011,1564,10,3424.53
27063,9011,1981,10,3540.12
27064,9011,195,5,3103.24
27065,9011,1626,7,4957.84
27066,9011,1586,8,1195.74
27067,9012,492,7,2910.19
27068,9012,42,10,415.39
27069,9012,392,2,3498.34
27070,9012,1342,6,1218.02
27071,9012,1992,3,2740.65
27072,9013,308,7,4128.84
27073,9013,1558,1,481.02
27074,9013,358,10,264.33
27075,9013,1008,10,2787.98
27076,9014,1985,10,4550.3
27077,9014,1985,1,3188.97
27078,9014,285,8,2636.8
27079,9014,485,6,2043.6
27080,9015,672,1,650.9
27081,9016,1769,1,1925.73
27082,9016,269,5,3675.95
27083,9017,1197,2,2918.27
27084,9017,497,1,3355.29
27085,9017,47,1,834.15
27086,9017,1197,8,4914.88
27087,9018,252,6,120.74
27088,9018,619,2,1381.46
27089,9019,102,4,732.47
27090,9019,1602,9,3323.32
27091,9019,552,3,1231.78
27092,9019,352,3,2188.54
27093,9020,426,6,587.02
27094,9020,26,1,1788.74
27095,9020,776,6,1348.65
27096,9020,376,2,4280.89
27097,9021,650,5,2826.1
27098,9022,991,8,2608.82
27099,9022,191,1,1938.76
27100,9022,191,9,2703.06
27101,9023,353,4,3562.01
27102,9023,253,4,3445.67
27103,9023,1803,8,734.08
27104,9023,1153,5,885.31
27105,9024,667,7,1536.71
27106,9025,1422,5,2781.02
27107,9025,245,8,2313.34
27108,9025,560,8,3289.07
27109,9025,922,5,3808.55
27110,9025,259,8,947.06
27111,9026,382,8,3663.99
27112,9026,1582,9,4715.4
27113,9027,2000,8,3250.5
27114,9027,1750,2,3186.44
27115,9027,1050,4,2307.4
27116,9028,2,6,1287.44
27117,9028,552,2,1019.34
27118,9028,702,3,2014.42
27119,9028,1702,10,4232.78
27120,9028,1202,7,2650.93
27121,9029,70,4,4329.94
27122,9030,306,9,3307.56
27123,9030,1156,5,3537.31
27124,9030,1256,8,751.84
27125,9030,1606,7,1260.29
27126,9030,556,8,1231.66
27127,9031,1843,6,1474.08
27128,9031,1543,6,2539.02
27129,9031,1593,8,3123.33
27130,9031,1043,1,1160.95
27131,9032,1904,7,1753.35
27132,9033,30,10,449.11
27133,9034,1972,1,3147.17
27134,9034,372,8,2095.24
27135,9034,1972,10,4582.61
27136,9034,172,8,2621.4
27137,9034,1772,6,1016.34
27138,9035,747,6,4156.84
27139,9035,947,10,3966.38
27140,9035,1447,9,3456.76
27141,9035,797,5,280.6
27142,9036,1540,2,1507.8
27143,9036,109,1,3598.53
27144,9036,905,3,94.21
27145,9036,1296,9,2222.8
27146,9036,1602,5,4719.2
27147,9037,1054,4,4516.6
27148,9037,654,7,4852.16
27149,9037,4,2,381.03
27150,9038,1788,6,3850.37
27151,9038,388,5,4547.68
27152,9038,1338,8,305.68
27153,9038,1388,10,4156.57
27154,9038,1938,3,150.17
27155,9039,1552,7,3833.34
27156,9039,352,9,1361.23
27157,9039,1352,6,342.48
27158,9039,1402,3,2297.5
27159,9040,374,7,411.48
27160,9040,1724,5,285.35
27161,9041,369,8,2748.14
27162,9041,121,7,3018.51
27163,9041,716,3,2969.19
27164,9042,1533,1,1019.47
27165,9042,1333,2,4376.9
27166,9043,604,7,3715.52
27167,9043,1904,1,1972.59
27168,9043,604,8,3090.78
27169,9043,454,9,1212.92
27170,9044,995,10,4988.57
27171,9045,795,1,820.15
27172,9045,995,8,3949.18
27173,9045,195,4,2715.36
27174,9045,1095,5,2990.11
27175,9045,1295,5,3724.1
27176,9046,1170,8,1514.75
27177,9046,370,8,3649.04
27178,9046,520,5,3840.91
27179,9046,70,4,3032.2
27180,9046,1020,7,1425.99
27181,9047,1413,9,1990.98
27182,9047,347,8,4827.45
27183,9047,633,8,2902.03
27184,9048,1692,3,780.06
27185,9049,1039,9,1997.39
27186,9049,1639,8,1580.96
27187,9049,1989,2,4820.42
27188,9049,289,1,3632.44
27189,9050,670,1,927.08
27190,9050,820,4,699.31
27191,9051,1348,6,633.18
27192,9051,1348,6,1979.38
27193,9052,73,9,865.91
27194,9052,823,9,2222.03
27195,9052,1473,3,1368.98
27196,9052,323,3,4080.54
27197,9052,1173,8,3834.27
27198,9053,446,10,3281.05
27199,9053,496,1,1008.75
27200,9053,1096,2,1713.47
27201,9054,1631,6,4375.04
27202,9054,967,5,4281.94
27203,9054,346,1,1725.95
27204,9054,1389,1,732.68
27205,9054,884,6,1709.94
27206,9055,606,1,1559.33
27207,9055,439,4,742.05
27208,9055,876,6,1861.11
27209,9055,186,1,552.43
27210,9055,788,4,3996.38
27211,9056,1311,3,3658.65
27212,9056,852,1,258.04
27213,9056,633,1,316.22
27214,9056,1290,8,557.25
27215,9056,1965,7,1975.0
27216,9057,1068,4,1032.93
27217,9057,68,3,4376.52
27218,9057,318,8,4089.02
27219,9057,1468,9,4374.85
27220,9057,218,4,1401.04
27221,9058,1480,5,2615.17
27222,9058,1025,4,1501.67
27223,9058,1695,3,2151.24
27224,9058,226,8,1966.68
27225,9058,891,9,1983.69
27226,9059,1999,1,587.48
27227,9060,1686,2,715.7
27228,9060,1486,10,1513.39
27229,9060,1686,5,583.97
27230,9060,1386,4,3106.96
27231,9060,786,2,4241.43
27232,9061,25,7,4927.77
27233,9061,1715,9,3366.17
27234,9061,1048,3,4183.34
27235,9061,192,5,1575.21
27236,9062,1406,2,1608.98
27237,9062,1756,5,1152.02
27238,9063,729,1,2082.33
27239,9063,379,10,3943.05
27240,9063,1479,7,1906.0
27241,9064,221,6,2062.91
27242,9065,650,3,3677.65
27243,9065,500,2,3780.23
27244,9065,1100,5,3960.35
27245,9066,770,10,4037.55
27246,9066,120,2,2715.31
27247,9067,1361,6,590.0
27248,9068,243,9,4264.97
27249,9068,1443,7,3986.2
27250,9068,1243,6,3892.65
27251,9069,1936,4,4486.56
27252,9069,486,8,973.65
27253,9069,736,3,721.59
27254,9070,1018,1,3776.93
27255,9070,1466,3,4349.67
27256,9071,908,4,3703.93
27257,9071,1608,2,2953.79
27258,9072,1927,4,1178.31
27259,9072,927,4,4174.4
27260,9072,1577,1,3658.9
27261,9072,527,9,973.47
27262,9072,1077,4,4308.13
27263,9073,1590,3,2122.97
27264,9073,740,2,432.03
27265,9074,1453,4,236.91
27266,9074,1853,10,4269.19
27267,9074,453,8,1001.29
27268,9075,1193,8,1894.51
27269,9075,1793,8,2629.63
27270,9075,1893,10,1669.91
27271,9075,643,2,3805.43
27272,9075,1293,1,3309.05
27273,9076,69,7,3470.19
27274,9076,969,2,769.09
27275,9076,1369,1,1089.76
27276,9077,1273,4,4601.55
27277,9077,73,3,4814.75
27278,9077,373,1,4193.47
27279,9077,173,1,3372.19
27280,9077,223,8,2924.86
27281,9078,1722,1,4235.32
27282,9078,1536,8,69.57
27283,9078,1819,8,2953.7
27284,9078,559,10,4362.23
27285,9078,1064,3,4330.99
27286,9079,1235,1,1321.23
27287,9079,85,3,3936.73
27288,9080,848,10,3872.06
27289,9080,1563,4,4972.94
27290,9081,1302,5,2312.34
27291,9081,802,9,1756.3
27292,9082,1980,7,2571.96
27293,9082,280,7,917.43
27294,9082,980,1,2423.6
27295,9083,1870,10,4340.46
27296,9083,1970,7,2056.5
27297,9083,1870,5,2044.7
27298,9084,1990,1,203.64
27299,9084,809,7,3535.83
27300,9084,1431,3,1262.5
27301,9085,1599,10,4355.54
27302,9085,999,2,3794.75
27303,9085,899,10,4514.14
27304,9085,1049,10,4175.88
27305,9085,199,6,669.63
27306,9086,1896,5,3583.39
27307,9086,1399,1,355.65
27308,9086,683,9,765.21
27309,9086,1899,2,4092.16
27310,9087,1863,6,404.43
27311,9087,663,4,3740.74
27312,9087,1313,8,3315.01
27313,9088,260,9,2902.93
27314,9088,910,7,3599.34
27315,9088,110,8,2278.51
27316,9088,1610,7,3183.58
27317,9088,1460,5,4271.0
27318,9089,1004,9,3625.93
27319,9089,1954,9,386.84
27320,9089,1404,4,648.91
27321,9090,873,1,1441.39
27322,9090,1969,3,4132.87
27323,9090,367,1,1002.54
27324,9090,93,8,3103.95
27325,9091,1413,6,2007.66
27326,9091,913,2,1623.17
27327,9091,763,6,4259.8
27328,9091,1813,4,1826.0
27329,9091,813,5,1434.81
27330,9092,1147,1,2372.27
27331,9092,1872,1,4926.42
27332,9092,1872,5,2029.15
27333,9092,1156,2,4546.73
27334,9093,1296,10,3643.68
27335,9093,746,4,4046.24
27336,9093,1646,3,1924.19
27337,9093,496,1,2987.23
27338,9093,1796,4,1875.15
27339,9094,1340,7,1354.48
27340,9094,240,1,3607.53
27341,9094,390,10,144.44
27342,9094,190,5,4769.34
27343,9095,1409,9,1849.11
27344,9095,909,10,694.24
27345,9095,209,10,1497.6
27346,9095,309,3,2660.38
27347,9095,559,3,1932.9
27348,9096,1311,9,557.27
27349,9096,1561,9,2082.28
27350,9096,1561,6,4261.55
27351,9096,211,8,1026.32
27352,9096,861,8,2820.79
27353,9097,1691,4,840.2
27354,9098,689,3,2535.36
27355,9098,940,6,1578.44
27356,9098,1171,7,1683.81
27357,9098,887,10,1857.17
27358,9099,673,5,4041.54
27359,9099,1073,5,1557.53
27360,9099,323,6,3717.47
27361,9099,1873,3,4194.07
27362,9100,667,4,4971.82
27363,9101,1397,2,126.96
27364,9101,447,6,4618.47
27365,9101,497,1,4899.53
27366,9101,247,7,3146.74
27367,9101,1247,1,1062.93
27368,9102,531,3,2693.37
27369,9103,1317,1,3435.22
27370,9104,542,2,1382.12
27371,9104,992,5,801.24
27372,9104,942,6,3345.0
27373,9105,1104,10,1228.42
27374,9106,1277,2,1207.34
27375,9106,1277,10,3632.78
27376,9106,1527,8,2079.45
27377,9106,1427,3,3589.02
27378,9107,1525,1,1441.1
27379,9107,1351,1,3321.78
27380,9107,881,3,4187.28
27381,9108,892,4,2271.76
27382,9108,992,2,1959.43
27383,9108,1492,3,2883.52
27384,9108,1242,10,1917.36
27385,9109,380,2,4802.69
27386,9109,1930,5,3903.35
27387,9109,1730,8,4002.8
27388,9109,1330,3,3958.97
27389,9110,233,9,1394.72
27390,9110,158,7,4567.5
27391,9110,1820,6,2507.43
27392,9110,1887,4,1609.92
27393,9111,1506,9,3218.34
27394,9111,306,6,3910.67
27395,9111,1006,7,2842.48
27396,9112,468,3,433.26
27397,9112,168,5,2764.05
27398,9113,1284,1,1533.51
27399,9113,934,6,4459.36
27400,9113,534,7,4727.81
27401,9113,1884,1,4333.18
27402,9114,1662,2,3904.5
27403,9114,1012,2,260.35
27404,9114,1762,7,2206.44
27405,9114,1112,4,301.81
27406,9114,1262,7,486.3
27407,9115,1498,10,4500.56
27408,9116,620,5,1885.42
27409,9116,630,2,2506.85
27410,9116,890,3,535.74
27411,9116,1488,7,3650.89
27412,9116,244,2,3253.96
27413,9117,1028,10,1284.21
27414,9118,1619,7,122.97
27415,9118,919,2,4057.39
27416,9118,1869,3,899.37
27417,9118,1919,9,3788.1
27418,9119,1037,4,2380.57
27419,9119,1337,8,471.86
27420,9120,214,9,570.21
27421,9120,364,10,3659.41
27422,9120,1964,5,3746.66
27423,9120,814,10,1493.88
27424,9121,458,8,437.07
27425,9121,308,10,4064.69
27426,9121,1058,6,2751.74
27427,9121,408,7,646.22
27428,9121,1908,5,4594.2
27429,9122,925,7,613.07
27430,9123,266,9,3390.75
27431,9123,566,2,1435.3
27432,9123,1166,8,752.02
27433,9123,1716,7,1285.05
27434,9123,16,3,3049.82
27435,9124,1782,7,1659.41
27436,9124,1732,8,3551.46
27437,9124,1232,10,1546.12
27438,9125,1017,10,4840.79
27439,9125,67,7,4471.22
27440,9125,1567,8,3811.62
27441,9125,1067,5,3813.36
27442,9126,1444,6,4798.91
27443,9126,694,8,3334.09
27444,9126,394,2,1744.29
27445,9127,437,3,1476.6
27446,9127,1596,3,4427.31
27447,9127,1779,10,1579.26
27448,9127,990,1,1439.87
27449,9128,1850,4,3092.82
27450,9129,455,5,937.94
27451,9129,1105,4,1566.75
27452,9129,855,8,2175.72
27453,9129,305,3,4479.29
27454,9130,23,7,1620.33
27455,9130,1173,2,1890.97
27456,9130,1573,4,3248.45
27457,9130,1373,8,3496.78
27458,9130,373,10,355.6
27459,9131,1369,4,2793.2
27460,9131,1619,2,208.47
27461,9131,1869,10,4993.51
27462,9131,1069,6,4353.05
27463,9131,1619,3,1249.13
27464,9132,532,6,3445.73
27465,9133,924,1,2362.83
27466,9133,724,8,4907.5
27467,9134,1144,6,3106.9
27468,9134,1344,4,4273.36
27469,9134,1644,3,4862.35
27470,9134,694,10,710.97
27471,9134,1594,3,2484.28
27472,9135,1741,6,3639.64
27473,9135,1391,2,1260.77
27474,9135,1841,8,4842.9
27475,9135,1691,10,4820.33
27476,9135,1341,7,3864.19
27477,9136,1387,3,1329.18
27478,9136,1706,9,1671.45
27479,9136,1761,2,2955.19
27480,9137,1651,1,3680.21
27481,9137,801,1,1868.81
27482,9138,1971,5,3358.22
27483,9138,1671,6,3019.38
27484,9139,580,10,626.23
27485,9139,641,7,972.71
27486,9139,1503,4,4567.62
27487,9139,566,4,668.89
27488,9140,318,6,3692.32
27489,9140,1218,9,2455.54
27490,9140,668,9,3383.89
27491,9140,1468,7,2770.59
27492,9141,747,9,1288.88
27493,9142,432,8,2176.82
27494,9142,482,10,3571.23
27495,9142,882,4,1042.4
27496,9143,1871,7,180.81
27497,9143,1621,6,2439.99
27498,9143,1821,4,1232.64
27499,9143,21,9,141.69
27500,9143,1221,4,3807.98
27501,9144,705,7,1554.96
27502,9144,305,2,1019.09
27503,9144,1305,5,3340.82
27504,9145,1857,8,1416.98
27505,9145,707,2,1731.99
27506,9145,807,6,1464.17
27507,9145,57,10,4709.92
27508,9146,1817,2,197.27
27509,9146,700,2,4857.52
27510,9147,37,2,799.99
27511,9148,192,5,3322.06
27512,9148,842,6,2195.39
27513,9148,142,3,2322.12
27514,9149,106,7,1088.46
27515,9149,1698,1,1627.1
27516,9149,89,10,1857.06
27517,9149,1532,7,412.79
27518,9150,1913,6,4236.98
27519,9151,1203,4,3161.88
27520,9151,753,4,3380.08
27521,9151,903,5,4113.05
27522,9151,53,5,3994.7
27523,9152,1173,4,2793.78
27524,9152,342,6,2669.78
27525,9152,1643,7,4286.67
27526,9153,716,5,1446.04
27527,9153,316,8,2788.54
27528,9153,1716,5,336.4
27529,9154,1724,3,4833.36
27530,9155,1843,2,2804.56
27531,9155,1503,9,1480.01
27532,9155,846,6,3612.52
27533,9155,1197,5,1099.02
27534,9155,266,6,104.76
27535,9156,1840,3,4819.02
27536,9156,673,5,2811.05
27537,9156,1175,4,1450.12
27538,9156,34,8,595.74
27539,9157,590,5,356.57
27540,9157,1840,10,4366.5
27541,9157,1640,8,3739.04
27542,9157,490,10,1066.59
27543,9157,1190,5,3625.16
27544,9158,1023,8,1180.06
27545,9158,623,9,2191.26
27546,9158,873,3,1737.68
27547,9158,23,5,1859.95
27548,9159,1152,10,1442.18
27549,9159,1848,7,3397.0
27550,9159,1726,1,4693.65
27551,9160,787,4,3314.63
27552,9160,987,8,2212.58
27553,9160,987,5,2388.37
27554,9161,1522,4,4252.78
27555,9161,522,6,2321.75
27556,9161,1922,5,4766.27
27557,9162,896,5,4595.19
27558,9162,896,9,3844.3
27559,9162,1696,3,437.09
27560,9163,505,4,1669.79
27561,9164,818,10,3836.61
27562,9164,1843,1,4570.77
27563,9164,690,10,3510.89
27564,9164,1885,7,195.75
27565,9164,905,7,4574.8
27566,9165,1232,9,4055.29
27567,9165,232,1,3107.03
27568,9165,1732,4,3521.35
27569,9165,932,9,4174.52
27570,9165,132,4,2670.93
27571,9166,1462,3,379.04
27572,9166,912,6,2355.3
27573,9166,862,6,4241.65
27574,9166,1662,9,4276.98
27575,9167,1092,8,3321.46
27576,9168,956,3,2777.92
27577,9168,24,10,2002.03
27578,9168,1813,8,1565.37
27579,9168,1050,5,666.86
27580,9168,709,7,3012.01
27581,9169,571,5,1285.84
27582,9170,966,10,2604.2
27583,9171,1458,6,1853.33
27584,9171,921,1,4663.52
27585,9172,813,8,991.99
27586,9172,163,3,1895.33
27587,9172,1163,10,684.76
27588,9172,1613,4,3253.45
27589,9173,1007,7,1949.37
27590,9173,207,7,4829.8
27591,9173,107,8,286.9
27592,9173,1857,1,1264.21
27593,9174,1951,5,792.86
27594,9174,1881,9,909.74
27595,9174,1484,1,4665.77
27596,9174,52,8,1926.26
27597,9175,689,1,2753.66
27598,9176,1127,3,2023.51
27599,9176,277,1,2829.64
27600,9177,55,4,836.67
27601,9177,955,5,1341.66
27602,9177,805,10,3699.48
27603,9177,1255,1,2667.56
27604,9177,1705,5,1282.99
27605,9178,475,5,3815.81
27606,9178,275,2,2623.43
27607,9178,25,7,2023.27
27608,9179,1267,5,3032.95
27609,9179,567,2,4007.27
27610,9180,789,5,4919.49
27611,9180,339,7,928.15
27612,9180,1539,10,2883.56
27613,9181,1479,7,1654.17
27614,9181,929,8,2646.52
27615,9181,329,6,659.68
27616,9181,1779,10,4497.62
27617,9182,1584,4,3318.49
27618,9182,1884,3,675.29
27619,9182,84,10,4782.86
27620,9183,255,8,3589.2
27621,9183,1605,4,104.85
27622,9183,1555,2,961.02
27623,9184,737,7,4866.65
27624,9184,1612,1,1587.19
27625,9184,483,2,4703.82
27626,9184,731,8,2549.7
27627,9185,1869,4,2694.07
27628,9185,1819,3,3355.5
27629,9185,1769,5,2863.88
27630,9185,319,10,447.08
27631,9186,1786,2,260.5
27632,9187,920,6,1151.07
27633,9187,570,7,1179.5
27634,9188,1510,9,1684.1
27635,9189,1821,8,3173.18
27636,9189,1021,2,4911.99
27637,9189,371,6,3722.35
27638,9189,1721,9,4460.3
27639,9190,501,9,549.02
27640,9190,815,1,1238.23
27641,9190,1607,2,3833.72
27642,9191,1142,4,1098.59
27643,9191,1292,10,3332.56
27644,9191,1742,1,3133.98
27645,9192,547,7,3340.08
27646,9192,347,8,4334.77
27647,9192,1147,8,191.02
27648,9192,897,1,1571.5
27649,9193,621,7,4142.9
27650,9193,102,9,3417.68
27651,9193,1437,9,1751.73
27652,9194,457,5,4927.95
27653,9194,1,7,1925.47
27654,9194,73,8,4332.23
27655,9194,296,10,1094.81
27656,9194,345,7,1686.19
27657,9195,1423,10,462.68
27658,9195,573,4,2168.66
27659,9196,212,7,1535.13
27660,9196,1853,10,2168.49
27661,9196,932,7,1777.18
27662,9197,1064,1,3674.96
27663,9197,532,4,4345.0
27664,9197,398,7,2853.7
27665,9198,1288,7,446.34
27666,9198,1738,3,2705.35
27667,9199,1885,9,2001.87
27668,9199,485,2,552.3
27669,9199,1235,6,1596.19
27670,9199,135,7,3878.84
27671,9200,571,7,339.64
27672,9200,1721,10,3335.63
27673,9200,321,10,4634.07
27674,9200,671,3,1253.85
27675,9200,1221,8,1959.99
27676,9201,3,2,2834.42
27677,9202,634,3,3815.26
27678,9203,156,6,3272.59
27679,9204,900,8,293.23
27680,9205,343,4,4260.97
27681,9205,1843,3,4650.2
27682,9206,892,8,481.2
27683,9206,1542,10,4701.65
27684,9207,1898,7,2539.06
27685,9207,48,9,1270.64
27686,9207,598,5,325.79
27687,9207,698,5,864.1
27688,9207,1348,7,1632.38
27689,9208,1676,4,1095.57
27690,9208,927,4,3562.56
27691,9208,1771,1,2172.99
27692,9208,1402,2,1838.68
27693,9209,1821,4,2657.35
27694,9209,589,7,906.34
27695,9209,1805,7,3105.11
27696,9209,327,6,3293.95
27697,9209,1514,10,1644.71
27698,9210,1314,7,1780.84
27699,9210,1953,2,231.62
27700,9210,1798,4,1817.8
27701,9211,419,6,1354.9
27702,9211,793,10,1660.72
27703,9211,492,8,2807.14
27704,9212,1309,10,3915.89
27705,9212,1309,10,4601.3
27706,9212,9,4,1341.02
27707,9212,1659,6,1707.17
27708,9212,1859,1,1121.17
27709,9213,1673,9,3420.79
27710,9213,535,10,2591.14
27711,9214,1955,3,4734.39
27712,9214,155,9,4027.04
27713,9215,1172,2,4676.26
27714,9215,1672,6,2157.24
27715,9215,522,8,4206.12
27716,9216,1886,1,3033.97
27717,9216,1465,2,4064.75
27718,9217,546,8,1662.04
27719,9217,1895,2,4428.51
27720,9218,1036,1,3997.33
27721,9218,486,8,669.59
27722,9218,986,4,3051.09
27723,9219,693,9,1790.96
27724,9219,1193,2,4957.53
27725,9219,493,4,2469.37
27726,9219,1243,10,4100.74
27727,9219,493,7,1394.7
27728,9220,100,6,1482.53
27729,9221,1347,10,4095.54
27730,9221,1497,10,2797.98
27731,9221,447,3,2427.28
27732,9221,47,7,3858.61
27733,9221,1947,2,2599.22
27734,9222,47,5,2737.71
27735,9222,1547,5,1919.77
27736,9222,947,7,3320.24
27737,9222,1397,2,261.77
27738,9223,958,9,3017.55
27739,9223,1008,6,3162.0
27740,9223,658,10,1120.87
27741,9223,408,4,3759.35
27742,9223,1008,7,4464.63
27743,9224,51,9,3055.56
27744,9224,1040,9,153.84
27745,9225,729,8,151.13
27746,9225,29,6,2452.62
27747,9226,910,4,1048.28
27748,9226,629,7,2463.81
27749,9227,182,7,1137.83
27750,9227,324,10,2999.81
27751,9227,124,5,2305.67
27752,9228,780,4,1792.86
27753,9228,1132,8,4854.12
27754,9229,832,10,3033.67
27755,9229,1882,7,3421.5
27756,9229,182,9,4811.96
27757,9230,1402,2,3053.07
27758,9230,1952,8,3846.16
27759,9231,29,5,975.22
27760,9231,729,2,454.51
27761,9231,1929,8,813.66
27762,9231,779,9,2159.62
27763,9231,1929,1,4410.95
27764,9232,1513,10,210.58
27765,9232,1023,2,3616.9
27766,9232,664,5,2264.95
27767,9232,1684,5,2117.17
27768,9233,1267,2,4510.82
27769,9233,1617,1,1123.49
27770,9234,1684,9,3706.12
27771,9234,834,1,4893.97
27772,9235,1290,6,2697.5
27773,9236,1835,2,2282.1
27774,9237,705,8,1384.65
27775,9237,155,1,2262.6
27776,9237,905,7,4938.19
27777,9238,1830,7,3712.39
27778,9239,1286,10,2255.67
27779,9239,624,5,539.15
27780,9239,1715,7,4800.22
27781,9240,1183,6,2408.35
27782,9240,1133,2,2067.59
27783,9240,1483,3,2958.2
27784,9241,657,7,4631.87
27785,9241,707,5,2209.29
27786,9241,1407,8,3073.16
27787,9241,857,3,2118.82
27788,9241,707,2,1575.61
27789,9242,1822,2,2612.08
27790,9242,1327,3,3312.77
27791,9242,1132,8,4342.59
27792,9242,766,1,76.4
27793,9242,1503,4,1929.06
27794,9243,1624,9,4649.82
27795,9243,1574,10,2185.16
27796,9244,1723,8,3239.44
27797,9244,173,9,179.84
27798,9244,773,10,4202.64
27799,9244,273,6,4835.12
27800,9244,1073,10,4182.0
27801,9245,15,3,331.9
27802,9246,251,8,2222.66
27803,9246,202,4,3416.68
27804,9246,1277,10,2202.46
27805,9246,753,5,4023.63
27806,9246,1411,10,4260.29
27807,9247,306,8,3902.83
27808,9247,156,8,2522.71
27809,9248,270,3,3313.72
27810,9248,470,2,4341.03
27811,9248,1570,4,2897.87
27812,9248,1170,7,2844.79
27813,9248,1320,9,4989.25
27814,9249,414,5,415.96
27815,9250,696,7,1003.83
27816,9250,1796,2,307.69
27817,9251,461,4,4994.6
27818,9251,1761,9,3953.43
27819,9252,331,3,324.02
27820,9252,681,8,98.34
27821,9252,1131,9,3459.91
27822,9252,81,1,2688.05
27823,9252,1181,4,3675.08
27824,9253,46,6,65.46
27825,9253,241,5,515.85
27826,9253,131,7,2928.12
27827,9253,1657,1,4329.26
27828,9254,1121,3,4423.2
27829,9254,384,3,419.13
27830,9254,895,5,1368.27
27831,9254,1049,4,129.76
27832,9254,1394,5,4565.61
27833,9255,1833,4,3555.76
27834,9255,83,6,1406.84
27835,9256,266,3,3692.63
27836,9256,266,9,1988.53
27837,9257,1066,9,725.56
27838,9258,458,4,1822.9
27839,9258,1758,4,3467.22
27840,9258,1458,6,1003.95
27841,9258,758,5,1361.73
27842,9259,1720,8,1872.61
27843,9259,720,8,3971.59
27844,9259,1520,3,2731.77
27845,9259,220,9,4618.54
27846,9259,1970,3,1834.94
27847,9260,1324,4,3028.27
27848,9260,1574,4,1683.92
27849,9261,1438,7,4366.63
27850,9261,38,6,2536.04
27851,9262,1497,6,1599.92
27852,9263,1117,9,3304.45
27853,9263,1438,7,542.55
27854,9263,1478,10,3968.65
27855,9263,1762,2,851.03
27856,9264,226,7,3274.48
27857,9265,1588,8,1032.56
27858,9265,388,1,1790.15
27859,9265,1838,2,1060.43
27860,9265,1538,7,3152.59
27861,9265,988,5,4613.45
27862,9266,1237,2,1308.05
27863,9266,51,10,1370.84
27864,9266,1714,10,1496.55
27865,9266,675,7,990.21
27866,9266,1752,6,4072.97
27867,9267,1547,8,2477.75
27868,9267,1147,6,2935.47
27869,9267,997,2,1712.7
27870,9267,1547,2,4318.21
27871,9268,1442,10,2554.67
27872,9268,1242,4,3380.24
27873,9269,1456,10,4629.79
27874,9269,706,9,4078.38
27875,9269,206,7,1344.35
27876,9269,106,10,58.34
27877,9270,417,10,3050.67
27878,9271,1738,9,3972.08
27879,9271,538,1,3867.72
27880,9271,1688,2,1993.09
27881,9271,838,3,3855.36
27882,9271,938,3,3556.68
27883,9272,1897,1,954.87
27884,9273,514,10,564.87
27885,9273,111,1,3005.11
27886,9273,5,3,1780.35
27887,9274,1500,8,3026.37
27888,9274,1900,1,1177.21
27889,9274,400,8,2547.5
27890,9275,1442,5,2646.24
27891,9276,515,9,1095.4
27892,9276,1715,2,3384.99
27893,9276,1315,2,820.77
27894,9277,42,5,4918.47
27895,9278,414,8,4602.82
27896,9278,943,5,2402.69
27897,9278,1217,8,377.48
27898,9279,346,2,2650.7
27899,9279,1596,1,972.93
27900,9279,596,3,3776.66
27901,9279,1546,3,1255.12
27902,9280,356,4,673.66
27903,9280,1815,8,2345.57
27904,9280,1326,3,4192.19
27905,9281,1810,7,1800.03
27906,9281,1410,9,4811.41
27907,9281,860,3,4650.75
27908,9282,893,6,3789.38
27909,9282,1493,7,966.68
27910,9282,443,8,3021.32
27911,9282,943,10,3154.11
27912,9283,1362,5,3902.31
27913,9283,1370,8,1781.98
27914,9283,1067,7,3655.72
27915,9283,175,1,507.69
27916,9283,1236,1,4665.47
27917,9284,974,1,3453.23
27918,9284,443,10,2766.25
27919,9284,1150,9,1110.65
27920,9284,1644,6,2769.57
27921,9284,956,2,894.57
27922,9285,1938,8,789.63
27923,9285,138,3,3076.78
27924,9285,1238,5,2823.28
27925,9285,588,9,2778.05
27926,9285,588,1,434.21
27927,9286,1571,1,1154.63
27928,9286,1971,8,3901.29
27929,9287,648,3,375.11
27930,9287,1998,5,221.2
27931,9287,298,7,3270.52
27932,9288,1476,6,4098.86
27933,9288,703,2,4972.3
27934,9288,885,4,3701.83
27935,9288,579,9,325.89
27936,9288,1614,8,3352.17
27937,9289,919,10,1751.19
27938,9289,969,8,1946.17
27939,9289,519,7,2586.51
27940,9289,719,8,978.23
27941,9290,580,9,2555.53
27942,9290,985,5,2197.62
27943,9291,1627,9,3993.11
27944,9291,998,1,1106.57
27945,9291,458,2,989.58
27946,9291,1630,1,2082.99
27947,9291,48,5,4577.99
27948,9292,282,3,3380.47
27949,9292,1932,4,4235.75
27950,9293,847,7,4890.04
27951,9293,1497,6,640.94
27952,9293,1747,1,4128.01
27953,9294,830,3,2387.5
27954,9294,680,4,4798.41
27955,9294,480,8,1822.09
27956,9295,563,7,4673.5
27957,9296,352,9,152.73
27958,9296,902,4,1179.67
27959,9296,1302,3,2431.28
27960,9296,252,5,3643.9
27961,9296,1102,3,533.13
27962,9297,89,7,4678.04
27963,9297,1839,6,4800.58
27964,9297,89,3,3943.6
27965,9297,389,3,2438.46
27966,9297,1589,9,2910.32
27967,9298,1435,6,3415.46
27968,9298,35,1,2914.65
27969,9298,76,10,1192.59
27970,9298,1953,3,704.07
27971,9298,1043,9,4707.79
27972,9299,1145,6,4439.88
27973,9299,1945,4,3662.56
27974,9300,1218,4,87.51
27975,9300,1568,2,378.4
27976,9300,768,3,819.64
27977,9300,1168,4,2150.28
27978,9301,844,8,4357.92
27979,9301,825,9,3644.04
27980,9302,829,8,2722.16
27981,9302,1393,8,747.69
27982,9302,270,5,4556.8
27983,9302,234,1,2930.17
27984,9302,501,3,4904.87
27985,9303,1564,3,2430.84
27986,9304,764,2,726.28
27987,9304,265,7,3038.41
27988,9304,1211,3,2477.28
27989,9305,766,8,4226.38
27990,9305,820,5,1885.95
27991,9305,1796,9,2005.46
27992,9305,1058,3,3082.12
27993,9305,286,6,4571.73
27994,9306,1105,1,487.78
27995,9307,1049,5,1722.34
27996,9307,1399,2,3857.22
27997,9307,249,7,3326.66
27998,9307,749,1,333.01
27999,9308,1032,9,2863.12
28000,9308,332,1,1385.89
28001,9309,1820,5,4079.78
28002,9310,1081,1,3132.26
28003,9310,1131,1,942.77
28004,9310,1081,4,966.02
28005,9311,832,10,4341.14
28006,9312,1751,4,1949.56
28007,9312,551,5,1597.21
28008,9312,1551,9,2540.89
28009,9312,1101,1,4030.78
28010,9313,771,1,3191.1
28011,9313,1357,3,3545.56
28012,9314,782,4,512.43
28013,9314,832,10,592.94
28014,9314,382,5,3379.8
28015,9314,932,5,1497.77
28016,9315,1395,1,996.37
28017,9315,1695,1,4931.57
28018,9316,407,2,643.19
28019,9317,447,1,239.7
28020,9317,47,10,4842.99
28021,9317,597,4,155.37
28022,9318,1986,4,3624.59
28023,9318,86,5,249.44
28024,9319,1653,2,4611.74
28025,9319,859,3,2866.09
28026,9320,117,3,688.08
28027,9321,1687,3,1067.27
28028,9321,987,5,2815.54
28029,9321,1187,10,289.08
28030,9321,1287,8,546.09
28031,9321,1737,9,3741.07
28032,9322,255,6,442.62
28033,9322,1751,10,1132.42
28034,9322,888,4,3408.03
28035,9322,1411,4,3571.96
28036,9322,1107,5,2324.24
28037,9323,1294,7,2655.02
28038,9323,1044,4,2744.2
28039,9323,1994,9,3412.94
28040,9324,264,5,1268.58
28041,9324,514,9,279.28
28042,9324,864,10,1451.09
28043,9324,914,10,765.7
28044,9324,864,4,345.28
28045,9325,1141,1,2542.29
28046,9325,791,7,199.38
28047,9326,114,2,59.75
28048,9326,47,10,1128.76
28049,9326,1770,3,534.21
28050,9326,1178,8,2704.66
28051,9327,1754,5,4661.41
28052,9327,1054,4,2718.97
28053,9327,454,3,3315.11
28054,9327,1204,3,2407.28
28055,9327,1604,7,858.38
28056,9328,613,7,1753.42
28057,9328,1575,4,1865.08
28058,9328,1411,4,3934.31
28059,9328,1383,2,4573.67
28060,9328,458,4,4936.74
28061,9329,1866,1,2970.84
28062,9330,69,8,2247.61
28063,9330,1469,6,4545.99
28064,9331,1834,3,4237.04
28065,9331,1234,2,688.91
28066,9331,134,4,2399.62
28067,9332,1879,5,714.87
28068,9333,809,8,1866.71
28069,9333,1959,9,1141.37
28070,9334,879,1,4211.91
28071,9334,429,1,4275.65
28072,9334,1779,4,2084.98
28073,9334,629,10,4916.66
28074,9335,605,8,933.28
28075,9336,404,1,1695.13
28076,9336,1254,2,4315.99
28077,9336,704,2,3315.99
28078,9336,1604,2,4515.86
28079,9337,1274,7,3609.02
28080,9337,1224,9,2368.32
28081,9337,1124,8,1096.59
28082,9337,1074,8,1410.89
28083,9338,1755,7,523.87
28084,9338,655,10,4503.94
28085,9338,255,6,3338.46
28086,9339,1593,4,3429.66
28087,9339,843,4,567.88
28088,9339,1493,1,2670.19
28089,9339,1793,5,86.63
28090,9340,574,4,3680.16
28091,9340,1674,10,524.69
28092,9340,1974,10,165.17
28093,9340,1474,9,2841.71
28094,9340,374,7,2528.25
28095,9341,935,4,1935.09
28096,9341,1717,4,4721.03
28097,9341,1602,4,836.82
28098,9342,397,10,622.88
28099,9342,1447,4,3067.31
28100,9342,1147,2,532.62
28101,9342,1947,5,2770.34
28102,9342,247,6,2868.84
28103,9343,254,5,2817.8
28104,9343,1304,10,3878.26
28105,9343,704,9,4714.88
28106,9344,177,2,4992.28
28107,9344,1627,10,858.49
28108,9344,1927,2,1347.29
28109,9345,1782,4,3164.84
28110,9345,1532,8,1230.55
28111,9346,1444,8,467.73
28112,9346,1955,5,1808.99
28113,9346,640,3,4873.99
28114,9346,1256,10,2559.51
28115,9347,865,7,1347.44
28116,9347,815,6,3646.71
28117,9347,365,10,3958.48
28118,9347,715,1,2291.65
28119,9348,652,4,4968.88
28120,9348,180,7,134.3
28121,9348,707,1,1539.14
28122,9349,751,10,1603.46
28123,9350,1502,7,4079.4
28124,9350,152,10,4533.6
28125,9350,1152,4,724.09
28126,9351,1657,3,4145.27
28127,9351,1393,4,164.13
28128,9351,1857,4,2998.76
28129,9351,760,7,2603.11
28130,9351,1729,3,2195.59
28131,9352,1561,1,4953.52
28132,9352,1231,7,263.04
28133,9352,1661,5,3943.5
28134,9353,97,2,2864.05
28135,9353,847,2,192.48
28136,9353,1247,7,2827.23
28137,9353,797,4,1125.72
28138,9354,367,7,1809.62
28139,9354,767,2,1861.95
28140,9354,667,4,718.74
28141,9354,167,3,705.77
28142,9355,659,5,1201.71
28143,9356,1495,7,364.67
28144,9356,1195,9,881.33
28145,9356,745,7,1152.36
28146,9356,1195,2,4160.15
28147,9356,495,1,2716.88
28148,9357,1320,10,3247.36
28149,9358,926,2,3282.8
28150,9359,1551,5,408.59
28151,9360,172,3,273.06
28152,9360,1372,2,4180.11
28153,9360,222,4,498.35
28154,9361,39,8,3785.29
28155,9361,1989,6,1835.51
28156,9361,89,2,496.54
28157,9361,389,10,1870.43
28158,9362,1710,3,2729.71
28159,9362,1789,2,4215.76
28160,9363,668,6,2723.03
28161,9364,1118,3,3806.95
28162,9364,21,1,3285.86
28163,9364,1407,7,2834.15
28164,9364,114,8,1449.54
28165,9364,378,10,4422.5
28166,9365,325,5,3317.43
28167,9366,498,5,3807.75
28168,9366,548,1,4400.19
28169,9366,1148,5,4636.41
28170,9366,748,8,4905.55
28171,9367,1489,5,391.17
28172,9367,1019,7,643.16
28173,9367,1548,9,4142.25
28174,9368,1920,5,3247.41
28175,9368,570,6,65.83
28176,9368,120,4,443.88
28177,9368,120,9,3170.24
28178,9368,1820,2,4479.69
28179,9369,815,3,2776.71
28180,9369,815,7,1678.78
28181,9369,1465,8,3205.58
28182,9369,1365,6,2377.13
28183,9369,765,3,4527.24
28184,9370,37,1,3468.84
28185,9370,1987,6,2232.29
28186,9370,1237,1,1076.86
28187,9370,1237,3,1901.56
28188,9370,1637,10,4014.82
28189,9371,1173,4,92.05
28190,9371,123,1,3635.64
28191,9371,1373,8,2313.01
28192,9372,405,4,3478.23
28193,9372,770,7,4581.06
28194,9372,714,9,3415.42
28195,9372,924,4,3389.03
28196,9373,655,10,3048.31
28197,9373,105,9,2385.57
28198,9373,55,10,4220.76
28199,9373,705,4,2417.12
28200,9374,1763,7,4296.54
28201,9375,1750,9,2829.87
28202,9375,2000,7,964.14
28203,9376,1316,9,4432.7
28204,9376,1516,3,3211.32
28205,9376,1916,1,247.59
28206,9377,1443,10,4498.79
28207,9377,815,6,1016.22
28208,9377,286,3,3915.34
28209,9377,1186,9,2088.14
28210,9378,288,4,2447.76
28211,9378,1038,3,3241.34
28212,9378,338,9,3989.2
28213,9379,1005,2,4365.15
28214,9379,455,8,3388.37
28215,9379,555,10,1336.22
28216,9380,939,8,924.96
28217,9381,495,6,3307.53
28218,9381,1395,2,991.34
28219,9381,645,6,785.65
28220,9381,1595,10,4919.15
28221,9382,1076,3,413.32
28222,9382,776,2,4313.42
28223,9382,1276,5,2436.53
28224,9382,276,5,3562.83
28225,9383,1078,6,777.92
28226,9383,978,3,3780.65
28227,9383,1128,1,4960.9
28228,9383,1478,10,2048.03
28229,9383,678,2,1146.68
28230,9384,466,9,2923.97
28231,9385,783,9,4515.95
28232,9386,1491,3,345.69
28233,9387,1143,2,588.58
28234,9387,1793,5,1386.35
28235,9387,743,7,3973.45
28236,9388,1909,6,1162.44
28237,9388,1109,4,2099.93
28238,9388,48,3,822.49
28239,9388,575,3,462.84
28240,9388,1626,3,1208.44
28241,9389,1668,3,641.3
28242,9389,1718,4,4375.6
28243,9389,168,7,900.55
28244,9390,1357,3,3417.31
28245,9390,907,2,830.51
28246,9390,1107,5,2957.62
28247,9390,1457,4,3645.59
28248,9390,1857,8,2937.75
28249,9391,539,8,3579.93
28250,9391,260,7,4270.75
28251,9391,1012,4,266.01
28252,9391,1312,6,1395.6
28253,9391,1753,7,571.7
28254,9392,1626,1,312.27
28255,9392,1176,7,3752.45
28256,9392,1576,4,911.32
28257,9393,1355,4,1917.91
28258,9393,810,4,4607.96
28259,9393,1517,4,4787.41
28260,9393,1319,10,1617.65
28261,9393,22,10,2290.16
28262,9394,868,9,1092.41
28263,9395,1483,7,4560.89
28264,9395,880,10,1935.47
28265,9395,426,1,2814.88
28266,9396,89,2,2732.68
28267,9396,1839,2,3581.74
28268,9396,639,7,2926.1
28269,9396,139,8,4579.2
28270,9397,1430,8,3162.86
28271,9397,730,8,1014.2
28272,9397,280,8,2045.17
28273,9398,290,4,4628.9
28274,9398,540,10,4916.67
28275,9398,490,5,896.4
28276,9398,1290,9,2377.27
28277,9398,240,10,4506.87
28278,9399,1278,7,2801.02
28279,9399,1878,10,4527.78
28280,9399,1328,10,590.65
28281,9400,169,9,2784.35
28282,9400,919,1,3910.96
28283,9400,519,6,4741.34
28284,9401,258,9,4554.69
28285,9401,808,3,4736.24
28286,9401,608,7,928.92
28287,9401,1508,4,1228.63
28288,9401,158,4,4257.91
28289,9402,1289,6,4111.54
28290,9402,1639,7,1325.71
28291,9402,1689,9,541.77
28292,9403,543,4,2086.3
28293,9403,1782,8,525.87
28294,9404,1224,5,2551.39
28295,9404,380,3,2144.67
28296,9404,445,10,3122.12
28297,9404,606,2,1394.66
28298,9404,1200,6,2122.35
28299,9405,631,8,2276.92
28300,9405,1194,8,1822.62
28301,9405,247,10,796.8
28302,9406,1444,3,1940.44
28303,9406,494,9,3486.2
28304,9406,94,8,3205.45
28305,9407,742,8,2495.94
28306,9407,267,6,2272.52
28307,9407,1194,6,4043.63
28308,9408,640,7,4582.26
28309,9409,1963,5,1015.24
28310,9409,1513,8,2491.8
28311,9410,1617,3,2910.18
28312,9410,1817,3,4327.65
28313,9410,517,6,836.94
28314,9411,421,6,4852.65
28315,9411,1771,4,4491.52
28316,9411,521,10,1397.03
28317,9411,121,5,4543.2
28318,9411,1421,3,785.38
28319,9412,1365,8,552.07
28320,9413,946,7,2381.29
28321,9413,1946,5,3768.39
28322,9413,596,9,899.22
28323,9413,1146,9,1661.66
28324,9413,1646,7,3675.61
28325,9414,833,3,2600.95
28326,9414,1746,8,2137.47
28327,9415,852,10,1917.07
28328,9416,1929,6,230.11
28329,9416,29,3,241.36
28330,9416,329,6,3957.24
28331,9416,1929,2,3713.24
28332,9417,1239,5,4558.26
28333,9417,339,9,855.45
28334,9418,1417,5,4604.34
28335,9418,567,6,358.33
28336,9418,1817,3,1336.7
28337,9419,869,8,827.14
28338,9419,32,2,4659.76
28339,9419,1758,5,2414.16
28340,9420,1463,3,2058.5
28341,9420,1563,1,973.94
28342,9420,1263,10,1550.29
28343,9420,813,3,3943.18
28344,9421,145,9,3817.02
28345,9421,550,2,1069.81
28346,9421,944,10,870.38
28347,9422,1953,8,3464.36
28348,9422,1553,6,2486.03
28349,9423,647,10,2209.84
28350,9424,1889,6,4690.47
28351,9424,739,4,3035.61
28352,9424,989,3,3387.72
28353,9424,539,6,4832.48
28354,9425,622,6,2211.38
28355,9425,522,4,1438.79
28356,9426,845,3,730.52
28357,9427,1059,1,286.87
28358,9428,1992,9,893.5
28359,9428,592,8,3307.04
28360,9428,1392,8,4499.0
28361,9429,1521,2,2234.42
28362,9429,1175,8,1465.9
28363,9430,1489,3,3338.57
28364,9430,1639,1,513.36
28365,9430,589,6,2875.39
28366,9430,339,9,1551.66
28367,9430,1539,8,1877.22
28368,9431,1042,5,2155.98
28369,9432,107,3,987.28
28370,9432,907,5,1233.6
28371,9432,107,9,1120.13
28372,9433,500,5,4785.85
28373,9434,830,8,4798.71
28374,9434,978,7,3746.47
28375,9434,1390,3,1711.14
28376,9434,1708,3,2720.93
28377,9435,276,1,1265.14
28378,9436,270,10,2235.13
28379,9436,620,5,1001.24
28380,9436,1320,6,2893.82
28381,9436,470,5,108.2
28382,9437,1012,10,129.8
28383,9437,512,3,3902.6
28384,9438,1773,9,1448.04
28385,9439,839,6,1496.2
28386,9439,868,5,3607.44
28387,9439,825,4,262.17
28388,9439,661,1,2717.09
28389,9440,1820,6,1442.16
28390,9440,69,8,4773.4
28391,9440,612,8,2686.11
28392,9441,546,6,2477.04
28393,9441,196,7,4155.79
28394,9442,916,10,4059.39
28395,9442,1166,4,1690.54
28396,9443,640,7,282.61
28397,9443,1340,3,295.48
28398,9443,1690,5,1576.86
28399,9444,114,4,3670.89
28400,9445,1562,3,4966.89
28401,9445,1812,9,4226.63
28402,9445,1712,3,431.48
28403,9445,12,6,4750.42
28404,9446,1002,7,2120.2
28405,9446,1652,5,334.94
28406,9446,1502,2,1594.91
28407,9446,1102,5,249.97
28408,9447,863,1,1115.48
28409,9447,241,2,4861.41
28410,9448,1351,1,1221.53
28411,9448,151,2,4791.82
28412,9449,1780,4,1977.39
28413,9449,1522,9,4122.52
28414,9450,535,10,1649.59
28415,9451,1111,5,924.43
28416,9451,1161,1,3936.44
28417,9451,1361,3,1772.02
28418,9451,811,8,3230.63
28419,9452,1640,9,1247.01
28420,9452,1240,7,2854.89
28421,9452,1190,1,1457.99
28422,9452,990,7,4153.6
28423,9453,1254,9,2393.48
28424,9453,1054,8,2053.32
28425,9453,1104,3,2242.78
28426,9454,1400,2,1155.74
28427,9454,350,5,1050.41
28428,9454,600,1,4532.61
28429,9454,100,8,1236.79
28430,9455,1081,10,3585.93
28431,9456,58,1,963.62
28432,9457,1350,1,1280.46
28433,9457,1550,7,3759.83
28434,9458,1108,2,2512.52
28435,9458,1331,9,1750.86
28436,9458,1260,6,4669.82
28437,9459,464,5,1194.35
28438,9459,1720,2,1661.67
28439,9459,898,3,500.34
28440,9459,1001,1,123.84
28441,9459,41,3,2977.01
28442,9460,160,6,225.51
28443,9460,502,1,2448.72
28444,9460,1163,7,3975.67
28445,9460,626,2,3795.96
28446,9461,308,3,1503.26
28447,9461,1928,2,3896.72
28448,9461,1087,4,1381.45
28449,9461,1701,1,3512.38
28450,9461,1532,5,3287.88
28451,9462,219,1,4271.27
28452,9463,1630,5,2735.55
28453,9463,1530,10,1086.5
28454,9463,1180,8,2551.82
28455,9463,1480,2,4807.19
28456,9463,780,3,372.11
28457,9464,1520,6,3163.47
28458,9464,1467,1,4889.4
28459,9464,431,6,919.78
28460,9465,286,2,2669.89
28461,9465,1236,5,4441.85
28462,9465,886,10,101.63
28463,9466,349,4,2157.94
28464,9467,1659,6,526.39
28465,9467,263,2,838.6
28466,9467,1372,5,2313.76
28467,9468,1573,2,4385.91
28468,9468,1323,2,2697.05
28469,9468,523,6,2308.8
28470,9468,1423,8,2208.69
28471,9468,1623,3,3788.38
28472,9469,631,9,1992.17
28473,9470,344,4,765.15
28474,9470,1944,1,2875.14
28475,9470,994,4,1971.6
28476,9470,994,1,2336.96
28477,9471,780,3,1901.21
28478,9471,230,1,3291.43
28479,9471,1830,8,4592.11
28480,9472,1556,4,3574.07
28481,9472,1306,3,4082.88
28482,9472,56,8,1387.08
28483,9473,1938,9,3895.74
28484,9473,938,2,1752.56
28485,9473,1738,9,4124.19
28486,9473,288,9,4412.8
28487,9473,288,2,4333.96
28488,9474,675,3,4188.38
28489,9474,1775,4,4698.49
28490,9474,525,3,4740.63
28491,9474,775,9,4481.5
28492,9474,1925,2,1471.76
28493,9475,1115,9,3450.29
28494,9475,1331,3,4446.47
28495,9475,817,10,1155.46
28496,9476,901,2,4069.13
28497,9476,1501,1,2066.59
28498,9477,1312,6,2680.6
28499,9478,1563,5,4055.96
28500,9479,1827,4,3035.69
28501,9479,1527,1,4785.6
28502,9480,1835,2,3358.18
28503,9480,315,8,506.06
28504,9480,1903,9,2040.12
28505,9481,1319,3,2699.8
28506,9481,519,8,2614.1
28507,9482,295,10,1521.2
28508,9482,1745,2,3511.9
28509,9483,1706,10,4256.8
28510,9483,1306,6,649.22
28511,9484,1686,3,2145.96
28512,9484,1836,8,314.93
28513,9484,1086,7,1186.87
28514,9484,286,10,1861.75
28515,9484,136,4,2567.07
28516,9485,1752,2,1929.42
28517,9485,1802,8,3895.11
28518,9485,1802,2,3747.18
28519,9485,602,8,245.86
28520,9485,252,9,4382.99
28521,9486,945,8,329.13
28522,9487,935,1,4888.35
28523,9488,897,4,1553.52
28524,9488,497,1,4755.02
28525,9488,1397,8,2628.13
28526,9488,647,3,4619.19
28527,9488,247,8,3103.39
28528,9489,480,4,4506.37
28529,9490,412,2,1230.98
28530,9490,473,4,1026.07
28531,9490,119,5,877.76
28532,9490,825,1,3051.41
28533,9491,1020,8,3827.86
28534,9492,168,2,1849.89
28535,9492,268,1,1239.9
28536,9492,318,8,4407.84
28537,9492,168,9,3389.88
28538,9492,1718,7,2784.15
28539,9493,1956,7,1088.7
28540,9493,1806,2,3006.47
28541,9493,156,5,891.5
28542,9493,1756,7,1929.85
28543,9493,6,9,4106.72
28544,9494,765,9,3290.14
28545,9494,708,7,4508.69
28546,9494,945,10,1585.81
28547,9494,1728,6,145.59
28548,9494,1663,10,2318.1
28549,9495,923,5,3323.69
28550,9495,23,9,3075.6
28551,9495,1223,6,1699.49
28552,9495,1973,2,2089.94
28553,9495,923,8,115.61
28554,9496,780,4,3994.23
28555,9496,1380,9,2458.79
28556,9496,830,7,1386.33
28557,9496,280,9,1863.99
28558,9496,1780,3,4365.34
28559,9497,1782,10,1108.52
28560,9497,582,8,2338.77
28561,9497,632,9,2333.81
28562,9497,1282,10,3696.76
28563,9498,286,6,3826.66
28564,9499,1200,5,1024.72
28565,9499,697,3,1764.56
28566,9499,1128,3,1846.16
28567,9500,735,9,2097.58
28568,9501,887,8,3996.31
28569,9502,181,8,3394.35
28570,9503,525,4,476.7
28571,9504,1589,10,3057.81
28572,9504,1264,2,3265.26
28573,9504,98,6,686.21
28574,9505,560,10,3434.5
28575,9506,162,6,1796.11
28576,9506,827,5,1338.85
28577,9507,5,2,286.76
28578,9507,1266,10,1752.56
28579,9508,1024,2,4844.58
28580,9508,1661,4,1978.99
28581,9508,1804,5,3794.81
28582,9508,407,10,1885.57
28583,9508,163,4,4769.0
28584,9509,1893,2,1364.73
28585,9509,98,9,942.99
28586,9509,81,7,3918.98
28587,9509,1543,9,3853.88
28588,9510,1834,7,213.43
28589,9510,659,4,2093.92
28590,9510,619,10,1732.88
28591,9510,15,8,2587.62
28592,9511,1163,5,2420.0
28593,9511,213,10,3353.26
28594,9512,1807,3,2676.49
28595,9512,707,2,2910.87
28596,9512,1707,10,4566.81
28597,9512,507,9,344.88
28598,9512,257,5,2886.44
28599,9513,1585,3,4236.36
28600,9513,1135,2,3352.87
28601,9513,1135,3,686.19
28602,9514,205,10,544.23
28603,9514,1085,1,66.35
28604,9514,1265,1,1015.6
28605,9514,478,10,2733.19
28606,9514,1091,7,1623.19
28607,9515,1389,6,3323.18
28608,9515,842,10,3832.01
28609,9516,156,5,2801.38
28610,9517,1035,9,2201.91
28611,9517,1885,4,4882.61
28612,9517,435,10,4275.61
28613,9517,1885,9,1193.75
28614,9517,235,4,4932.99
28615,9518,1600,8,3933.1
28616,9518,1100,6,4938.04
28617,9518,750,9,3755.7
28618,9519,81,9,3229.79
28619,9519,1131,10,3054.74
28620,9519,1981,1,964.62
28621,9519,1031,8,1752.16
28622,9520,846,7,4075.76
28623,9520,1896,10,2751.88
28624,9520,446,7,4383.98
28625,9521,1972,6,1301.13
28626,9521,1372,8,729.36
28627,9521,1822,7,2193.48
28628,9521,1922,3,3635.98
28629,9521,1372,5,4007.04
28630,9522,33,10,3909.21
28631,9522,283,2,1952.49
28632,9522,1283,10,1403.17
28633,9522,233,1,2524.68
28634,9523,1583,4,4079.25
28635,9523,1783,8,1237.2
28636,9523,1633,4,963.55
28637,9524,70,1,121.74
28638,9524,284,8,2567.97
28639,9525,1645,9,892.29
28640,9525,1295,9,290.33
28641,9525,1095,8,4329.16
28642,9525,1445,7,1342.68
28643,9526,237,10,2607.27
28644,9526,596,8,2176.51
28645,9526,407,6,549.96
28646,9527,1621,3,341.26
28647,9527,721,7,4722.62
28648,9527,1771,1,1498.96
28649,9528,759,9,3236.44
28650,9528,159,9,82.58
28651,9528,1009,8,2241.39
28652,9528,559,2,1793.45
28653,9529,976,10,1866.7
28654,9529,1149,2,572.28
28655,9529,1330,9,2330.85
28656,9530,1444,1,613.06
28657,9530,1694,10,3251.64
28658,9530,819,7,3807.2
28659,9531,1313,4,1905.31
28660,9531,371,3,1820.87
28661,9531,1795,6,3751.66
28662,9532,1959,9,2325.63
28663,9533,1969,5,3773.63
28664,9533,1919,6,3356.17
28665,9533,469,1,3786.08
28666,9533,1069,10,405.41
28667,9534,807,1,2291.31
28668,9534,1157,9,1022.81
28669,9534,1707,7,2028.54
28670,9534,957,5,2049.66
28671,9535,1214,3,4048.67
28672,9536,1768,8,1595.34
28673,9536,744,3,2805.34
28674,9537,1191,9,698.55
28675,9537,441,2,646.74
28676,9538,337,8,407.12
28677,9538,587,9,2331.96
28678,9538,1537,5,1219.79
28679,9538,687,5,3856.84
28680,9538,1487,3,324.05
28681,9539,1674,8,2858.55
28682,9539,1924,6,4294.15
28683,9539,1774,1,3475.07
28684,9539,1374,1,4844.25
28685,9540,1247,3,1881.61
28686,9541,1494,1,1780.36
28687,9541,1994,5,438.33
28688,9541,594,8,2902.89
28689,9541,244,4,1814.8
28690,9541,1794,5,3310.62
28691,9542,1508,6,4871.54
28692,9543,1730,7,814.14
28693,9543,780,5,976.1
28694,9543,530,2,579.01
28695,9544,1196,2,3271.06
28696,9544,1946,4,149.86
28697,9545,25,5,3273.04
28698,9545,775,6,4628.4
28699,9545,825,4,1574.34
28700,9545,1675,3,4633.98
28701,9546,1870,1,4696.34
28702,9547,770,6,4858.42
28703,9547,1970,6,2690.1
28704,9548,58,5,1365.2
28705,9548,408,3,4478.14
28706,9548,108,4,3501.45
28707,9548,1108,9,54.74
28708,9548,1608,8,326.8
28709,9549,933,2,1911.87
28710,9549,194,9,2394.2
28711,9549,209,1,4975.45
28712,9550,1569,7,57.87
28713,9550,1990,3,3169.59
28714,9551,925,4,4859.84
28715,9551,975,2,3453.68
28716,9551,1875,4,1434.31
28717,9551,1575,10,1513.03
28718,9551,25,5,648.38
28719,9552,311,10,2182.51
28720,9552,1711,6,1518.19
28721,9552,1411,4,3530.06
28722,9552,811,8,2464.27
28723,9553,1151,3,1040.72
28724,9553,1651,3,1906.87
28725,9553,1801,6,1270.5
28726,9554,1064,6,3501.31
28727,9554,1023,5,446.35
28728,9554,1803,3,1534.2
28729,9554,766,9,422.86
28730,9554,1074,1,1523.91
28731,9555,485,7,249.59
28732,9555,1635,6,4691.9
28733,9555,85,4,4122.68
28734,9555,835,4,1895.89
28735,9555,885,9,3271.64
28736,9556,1742,6,4414.85
28737,9556,292,3,4980.22
28738,9557,1617,7,2523.02
28739,9557,1567,1,4793.91
28740,9557,17,7,3462.99
28741,9557,1667,5,3431.82
28742,9558,978,9,1728.89
28743,9558,428,7,2752.15
28744,9558,1128,7,2220.76
28745,9559,1472,4,4618.32
28746,9559,141,7,3557.3
28747,9559,525,4,4516.57
28748,9559,1136,1,3977.15
28749,9559,791,5,4288.02
28750,9560,343,3,2307.44
28751,9560,93,10,1895.84
28752,9561,911,7,4004.78
28753,9561,1211,2,4505.18
28754,9561,1611,7,819.82
28755,9561,161,9,879.79
28756,9561,511,7,4973.81
28757,9562,1194,8,4334.46
28758,9562,1494,8,829.14
28759,9562,344,7,1126.91
28760,9563,981,1,1395.94
28761,9563,1881,10,2177.87
28762,9563,1981,10,4088.03
28763,9563,1781,6,3534.02
28764,9563,1481,6,2320.5
28765,9564,1014,4,4293.01
28766,9564,1314,1,3137.11
28767,9564,1314,6,4680.78
28768,9565,1814,6,2183.41
28769,9565,964,10,862.66
28770,9565,1214,3,2944.56
28771,9565,1064,2,3565.43
28772,9565,1364,9,2512.39
28773,9566,797,1,3942.93
28774,9566,797,6,3891.58
28775,9566,1047,2,108.91
28776,9567,1741,7,2343.95
28777,9567,451,2,3769.61
28778,9567,243,3,2941.19
28779,9567,1972,6,3547.08
28780,9567,383,4,2079.93
28781,9568,1426,4,1817.97
28782,9569,1417,1,1633.68
28783,9569,267,10,2079.63
28784,9569,1417,1,4152.62
28785,9569,1917,3,2007.38
28786,9570,307,9,4147.33
28787,9570,1557,2,3055.91
28788,9570,407,10,4641.2
28789,9571,179,7,4417.16
28790,9571,412,6,3172.02
28791,9571,1790,3,2785.11
28792,9571,1464,8,3874.8
28793,9571,1937,10,2050.58
28794,9572,1341,3,3696.46
28795,9572,991,8,555.15
28796,9573,1706,3,3045.08
28797,9573,1442,7,4026.34
28798,9573,1415,4,4319.28
28799,9573,984,3,2758.42
28800,9574,1709,3,2246.49
28801,9574,1959,2,3327.47
28802,9574,909,1,4495.25
28803,9574,1759,7,2621.55
28804,9575,1063,8,2002.64
28805,9576,1790,8,663.59
28806,9576,84,1,3712.88
28807,9576,230,8,284.76
28808,9576,866,10,4589.37
28809,9577,346,5,4255.01
28810,9577,1796,2,4454.82
28811,9577,1196,3,3729.25
28812,9578,1175,6,4370.85
28813,9579,897,5,1984.73
28814,9579,1656,6,1791.86
28815,9579,1889,5,3891.11
28816,9579,399,5,4098.4
28817,9580,997,10,1237.54
28818,9580,1197,7,1475.21
28819,9580,397,6,3747.1
28820,9581,354,3,4120.94
28821,9581,1204,4,2772.37
28822,9581,1554,3,893.6
28823,9582,1099,10,2699.28
28824,9582,1899,9,1065.87
28825,9582,1199,9,1026.74
28826,9582,1449,5,2675.53
28827,9583,504,1,1689.19
28828,9583,1754,10,1233.69
28829,9583,1254,7,1346.04
28830,9584,1904,1,2852.43
28831,9584,1954,9,4125.43
28832,9584,1704,1,4119.99
28833,9585,835,3,3535.51
28834,9585,1292,1,3229.86
28835,9586,464,2,864.31
28836,9586,328,7,809.07
28837,9586,1170,10,2611.63
28838,9587,834,1,3045.94
28839,9587,484,5,817.52
28840,9587,1134,10,2979.91
28841,9587,134,7,3552.53
28842,9588,1155,6,493.42
28843,9588,1563,5,2941.67
28844,9588,1163,1,4319.21
28845,9589,1112,7,4344.78
28846,9589,512,10,382.4
28847,9589,12,9,2554.76
28848,9590,573,8,3350.26
28849,9590,1203,6,1692.18
28850,9591,792,9,2019.03
28851,9592,516,3,2601.05
28852,9592,1766,2,4043.14
28853,9592,1466,5,1061.27
28854,9593,1418,1,807.36
28855,9593,99,5,1669.83
28856,9593,1913,7,577.38
28857,9594,955,7,248.74
28858,9595,1910,5,2212.35
28859,9595,1560,3,791.86
28860,9595,410,2,1883.96
28861,9595,160,7,4527.13
28862,9595,260,1,4168.43
28863,9596,643,6,4884.3
28864,9596,693,10,209.02
28865,9596,1767,7,3624.56
28866,9597,1287,10,2153.39
28867,9597,837,9,3310.55
28868,9597,837,4,882.78
28869,9597,537,4,2604.93
28870,9597,437,1,4283.55
28871,9598,371,3,2300.05
28872,9598,871,7,1665.0
28873,9598,1871,9,2998.96
28874,9598,1771,6,4872.38
28875,9598,821,7,1691.79
28876,9599,1544,1,4831.72
28877,9599,434,9,3534.12
28878,9599,1674,6,587.77
28879,9599,1564,8,4698.08
28880,9600,1917,9,4506.03
28881,9600,1667,8,3252.04
28882,9601,1698,4,3668.67
28883,9601,1548,5,2342.58
28884,9601,1848,1,3065.39
28885,9602,2,3,1368.72
28886,9603,1962,2,1795.96
28887,9603,812,1,330.6
28888,9603,112,6,4847.55
28889,9603,12,6,827.98
28890,9604,1388,9,1434.7
28891,9604,1088,4,2831.55
28892,9605,1664,4,4065.52
28893,9605,1664,6,2933.0
28894,9606,578,8,4155.27
28895,9606,1198,4,3302.18
28896,9606,510,8,4562.13
28897,9606,1928,8,3708.56
28898,9607,1484,4,461.32
28899,9607,734,3,1083.26
28900,9608,242,9,236.57
28901,9608,1242,10,3832.92
28902,9608,942,5,272.7
28903,9608,742,8,765.35
28904,9609,862,4,757.05
28905,9610,1067,4,4819.08
28906,9610,1517,5,2958.21
28907,9610,1817,6,3092.33
28908,9610,667,4,2152.11
28909,9611,1257,8,2654.53
28910,9611,1707,8,1094.25
28911,9611,7,2,4059.65
28912,9611,57,1,574.11
28913,9611,857,1,1652.02
28914,9612,1267,2,2113.19
28915,9612,67,1,2320.21
28916,9612,1517,5,4438.57
28917,9612,217,9,4635.75
28918,9612,1017,1,3485.65
28919,9613,529,9,3958.12
28920,9613,1451,9,852.01
28921,9613,1772,7,4770.73
28922,9613,1406,9,4114.19
28923,9614,439,3,1643.31
28924,9615,749,1,3733.12
28925,9615,1249,9,3663.61
28926,9615,1499,5,4481.9
28927,9615,1349,7,1845.62
28928,9616,1838,10,3827.66
28929,9616,38,8,1606.38
28930,9616,1838,10,873.84
28931,9617,980,8,4340.7
28932,9617,1289,9,1619.65
28933,9618,1544,6,3174.31
28934,9618,1425,8,2068.55
28935,9618,1758,4,2922.46
28936,9619,662,5,738.18
28937,9619,162,9,1031.21
28938,9619,1062,2,1022.08
28939,9619,1262,10,1383.39
28940,9619,62,1,1534.75
28941,9620,1975,8,2345.12
28942,9621,679,1,1063.77
28943,9621,129,6,343.27
28944,9622,972,7,341.87
28945,9622,1338,1,4629.1
28946,9622,888,8,3690.81
28947,9622,1561,9,2902.23
28948,9623,306,4,3847.21
28949,9623,1356,3,700.6
28950,9623,1706,4,2378.86
28951,9623,1206,5,2587.74
28952,9624,856,3,171.26
28953,9624,1506,1,2668.91
28954,9625,1321,4,4252.2
28955,9625,1071,6,2345.11
28956,9626,1418,8,1544.05
28957,9626,28,5,4641.5
28958,9627,525,9,219.49
28959,9628,872,10,2167.0
28960,9628,1072,3,749.29
28961,9628,1722,4,1096.12
28962,9628,122,7,4763.41
28963,9628,1922,4,1310.55
28964,9629,555,10,852.04
28965,9629,155,5,3329.87
28966,9630,966,5,1602.69
28967,9630,1066,8,294.25
28968,9630,766,3,4040.11
28969,9630,116,7,1945.85
28970,9631,1361,7,1161.06
28971,9632,972,8,2184.52
28972,9632,1372,3,3275.49
28973,9632,222,4,298.09
28974,9633,1855,7,3836.11
28975,9633,5,5,61.64
28976,9633,905,5,2901.19
28977,9633,255,6,4131.32
28978,9634,680,1,3412.84
28979,9635,290,9,4125.46
28980,9635,1290,7,1755.36
28981,9635,590,4,4523.49
28982,9636,157,9,830.21
28983,9636,1499,10,1762.03
28984,9637,955,9,106.28
28985,9637,1955,6,2558.21
28986,9637,1155,8,2785.68
28987,9637,1205,1,3308.85
28988,9638,1944,4,2095.33
28989,9639,345,9,1187.43
28990,9639,1045,10,1790.79
28991,9639,595,7,2844.76
28992,9639,545,4,2331.26
28993,9640,1639,8,1420.75
28994,9640,139,8,2070.89
28995,9640,489,3,3483.12
28996,9640,1639,10,4400.22
28997,9640,1189,4,4851.0
28998,9641,1261,2,1796.69
28999,9641,961,7,456.5
29000,9641,311,1,388.16
29001,9641,1611,1,1066.34
29002,9642,1528,8,2234.24
29003,9642,328,2,1756.06
29004,9642,828,5,2999.06
29005,9643,871,4,4723.04
29006,9643,1321,9,1855.92
29007,9644,979,4,76.13
29008,9644,329,10,4268.99
29009,9645,22,8,1121.43
29010,9645,958,6,2566.06
29011,9645,443,4,4974.89
29012,9646,1287,3,3599.06
29013,9646,1377,5,123.78
29014,9646,1967,3,1349.93
29015,9646,763,2,1587.51
29016,9646,1987,1,2156.69
29017,9647,715,6,3526.65
29018,9647,1856,5,3662.11
29019,9648,1998,1,2624.07
29020,9648,1848,6,3444.04
29021,9648,1248,6,2486.05
29022,9648,1948,5,157.96
29023,9649,1931,8,4377.22
29024,9649,481,3,3809.02
29025,9649,531,2,4714.85
29026,9649,881,4,4250.38
29027,9649,431,6,2754.93
29028,9650,1655,7,3571.44
29029,9650,1585,7,4585.27
29030,9650,1536,8,4659.52
29031,9650,1771,8,2860.16
29032,9651,662,8,2759.01
29033,9651,1612,5,4231.63
29034,9651,912,3,2306.25
29035,9651,862,3,3081.28
29036,9651,1562,9,892.23
29037,9652,1224,4,1463.61
29038,9652,874,7,983.74
29039,9652,874,5,3377.8
29040,9652,924,10,611.83
29041,9653,1879,1,3332.13
29042,9653,1584,10,692.2
29043,9653,1279,1,262.34
29044,9653,1191,6,3855.03
29045,9654,1880,7,4704.66
29046,9654,98,3,3567.44
29047,9654,1991,10,1310.47
29048,9655,165,2,2116.78
29049,9655,115,10,2954.32
29050,9655,1265,9,752.49
29051,9655,315,3,3083.02
29052,9656,1390,7,1163.66
29053,9656,1340,3,4952.85
29054,9656,1797,8,4164.89
29055,9656,1684,5,313.95
29056,9657,1062,9,2326.9
29057,9658,1850,8,1050.12
29058,9658,800,5,178.37
29059,9658,650,9,2920.92
29060,9658,1150,3,3768.19
29061,9659,471,9,3014.22
29062,9660,1012,3,505.95
29063,9660,414,9,2305.43
29064,9661,47,6,2959.8
29065,9661,790,3,4287.62
29066,9661,1602,3,3853.3
29067,9661,1978,2,683.56
29068,9661,662,8,4102.82
29069,9662,1942,8,4428.07
29070,9662,1592,5,1126.43
29071,9662,1492,9,4573.48
29072,9663,947,8,501.09
29073,9663,842,1,1666.24
29074,9663,522,8,554.68
29075,9663,1413,8,4446.57
29076,9664,156,5,4465.92
29077,9664,6,4,4704.38
29078,9664,606,7,2313.16
29079,9665,686,7,705.25
29080,9665,236,6,2729.3
29081,9665,1336,2,423.23
29082,9666,1899,1,358.9
29083,9666,634,7,1889.54
29084,9666,1005,6,780.17
29085,9666,1336,1,4499.89
29086,9667,929,8,2334.27
29087,9668,1112,6,2431.57
29088,9668,1885,2,4199.82
29089,9668,156,1,323.32
29090,9668,1982,8,611.18
29091,9668,670,8,3043.64
29092,9669,853,6,4918.14
29093,9669,103,6,3003.14
29094,9669,1803,2,2689.07
29095,9669,1803,1,3504.91
29096,9670,1681,9,3405.66
29097,9670,1900,1,894.46
29098,9670,1573,1,3037.98
29099,9670,388,7,3590.0
29100,9671,1731,9,964.15
29101,9671,731,3,3186.85
29102,9671,1381,6,1954.41
29103,9671,681,3,1140.89
29104,9671,331,1,4306.81
29105,9672,1059,1,749.39
29106,9672,459,8,2988.0
29107,9673,222,9,90.32
29108,9673,672,7,4502.41
29109,9673,1672,6,1409.89
29110,9673,972,6,1154.39
29111,9674,74,1,3230.77
29112,9674,645,6,3610.23
29113,9674,1079,1,1362.46
29114,9674,557,8,1036.37
29115,9674,1396,9,2346.82
29116,9675,1222,5,3523.75
29117,9675,1522,6,729.49
29118,9675,1757,10,644.89
29119,9676,35,8,3813.74
29120,9676,1185,9,4438.31
29121,9676,1285,4,4408.28
29122,9677,1952,6,4292.55
29123,9678,1557,9,2761.49
29124,9678,1457,10,2674.91
29125,9678,307,4,2512.97
29126,9679,930,6,4702.55
29127,9679,1730,4,960.91
29128,9680,317,8,4369.57
29129,9680,1267,9,3271.8
29130,9681,1702,6,1817.3
29131,9682,1978,2,886.79
29132,9683,1816,1,3401.17
29133,9683,166,1,3469.19
29134,9684,1364,9,1711.01
29135,9684,414,1,626.3
29136,9684,964,1,3491.55
29137,9685,644,9,2727.69
29138,9685,1389,2,2542.17
29139,9686,1272,4,3969.48
29140,9686,399,2,2944.5
29141,9686,491,6,4033.98
29142,9687,1025,7,2105.7
29143,9687,424,3,1750.89
29144,9687,1849,8,4967.58
29145,9688,1371,2,2659.35
29146,9688,271,9,1970.84
29147,9689,1768,4,2763.36
29148,9689,568,6,710.8
29149,9689,18,4,121.75
29150,9689,1168,8,524.03
29151,9690,1806,10,3308.12
29152,9690,1137,9,2790.76
29153,9691,1169,7,4634.31
29154,9691,618,9,2693.77
29155,9692,1389,3,2592.6
29156,9692,1939,3,1619.82
29157,9692,639,1,3897.58
29158,9692,939,10,538.7
29159,9692,1789,1,4359.55
29160,9693,725,5,4533.91
29161,9693,1684,3,2758.13
29162,9693,626,6,3856.76
29163,9693,433,1,3679.66
29164,9693,649,8,4486.42
29165,9694,1658,7,3328.15
29166,9694,1358,10,3012.41
29167,9694,808,5,593.94
29168,9694,658,9,1319.01
29169,9695,1205,4,4057.29
29170,9695,755,2,2487.14
29171,9695,155,8,2153.76
29172,9695,505,7,2850.95
29173,9696,296,3,3036.49
29174,9696,1153,10,997.92
29175,9697,1413,10,3229.1
29176,9698,1210,4,3466.45
29177,9698,1760,10,4336.18
29178,9698,510,2,2209.02
29179,9698,1910,2,4543.34
29180,9699,1907,1,4661.29
29181,9699,1407,1,738.0
29182,9700,1310,3,1459.16
29183,9700,1174,10,3491.3
29184,9700,1402,9,4640.78
29185,9700,1154,2,629.79
29186,9700,970,2,4391.84
29187,9701,460,9,3962.49
29188,9701,1618,2,1648.06
29189,9702,481,1,4108.8
29190,9703,1516,4,773.5
29191,9703,1316,7,1946.77
29192,9703,1916,5,4687.87
29193,9703,1566,4,652.87
29194,9703,516,5,3533.07
29195,9704,308,6,3944.25
29196,9704,1808,2,1433.22
29197,9704,1108,2,4117.73
29198,9705,669,4,4494.29
29199,9705,1369,8,4255.19
29200,9705,1319,3,3382.38
29201,9705,69,3,3695.86
29202,9706,1930,5,2910.31
29203,9706,630,1,4917.51
29204,9706,30,5,597.9
29205,9707,263,1,2081.93
29206,9707,1433,4,3598.76
29207,9707,356,10,2207.17
29208,9707,196,2,127.4
29209,9707,466,3,540.81
29210,9708,1846,9,89.35
29211,9708,96,4,2361.35
29212,9708,1746,1,1887.27
29213,9708,246,7,4866.92
29214,9708,596,2,2925.67
29215,9709,1330,4,4700.83
29216,9709,709,1,409.64
29217,9710,1637,8,3954.89
29218,9710,1037,5,1204.26
29219,9711,1425,4,1644.7
29220,9711,325,4,2547.13
29221,9712,110,5,4674.72
29222,9712,360,9,4945.65
29223,9712,1660,7,1823.17
29224,9712,1810,8,1297.2
29225,9712,1760,6,4563.94
29226,9713,746,10,3036.38
29227,9713,1746,8,2090.07
29228,9713,1396,2,4215.3
29229,9714,102,5,3417.82
29230,9715,1634,4,249.38
29231,9715,1984,2,421.73
29232,9715,34,3,544.94
29233,9715,584,2,1401.89
29234,9715,934,8,3225.05
29235,9716,1506,4,135.14
29236,9716,406,1,1277.65
29237,9716,1306,2,4320.41
29238,9716,1756,9,2831.58
29239,9717,1098,3,1603.11
29240,9718,25,8,739.57
29241,9718,1125,3,1167.66
29242,9719,466,3,4251.07
29243,9719,1316,4,3207.41
29244,9719,766,4,2726.43
29245,9719,716,6,4691.37
29246,9719,866,4,2514.67
29247,9720,1806,4,4759.45
29248,9720,130,1,777.9
29249,9720,1666,8,280.12
29250,9720,593,2,3464.71
29251,9721,1891,2,4451.14
29252,9721,191,7,1708.03
29253,9721,291,6,3356.25
29254,9722,594,2,147.33
29255,9722,1285,3,3412.28
29256,9722,117,10,3698.49
29257,9722,1916,1,1879.38
29258,9722,1116,7,2625.81
29259,9723,1534,2,2665.65
29260,9723,1534,3,3481.53
29261,9723,734,4,1910.7
29262,9723,284,10,4977.3
29263,9724,1435,9,4375.29
29264,9724,485,4,3401.0
29265,9724,385,10,397.82
29266,9724,1485,1,4242.57
29267,9724,485,7,1621.86
29268,9725,1792,4,1747.11
29269,9725,1042,1,3055.92
29270,9725,1692,6,2350.12
29271,9726,1446,1,431.56
29272,9726,1846,1,1262.92
29273,9726,1146,2,1944.52
29274,9726,1646,5,815.56
29275,9726,1796,3,2691.27
29276,9727,1679,7,3366.14
29277,9728,1964,1,2836.79
29278,9728,1164,9,1544.42
29279,9729,1718,7,1896.03
29280,9730,1255,9,3305.64
29281,9730,1059,1,1653.1
29282,9730,1134,1,3011.0
29283,9731,193,3,4831.5
29284,9731,411,7,251.0
29285,9731,1144,6,465.7
29286,9731,394,8,2859.54
29287,9731,123,9,3536.54
29288,9732,613,2,1505.24
29289,9732,1663,5,2389.52
29290,9732,463,8,108.48
29291,9732,1813,1,1016.35
29292,9733,540,2,1194.82
29293,9733,1790,7,4242.86
29294,9733,1240,2,4347.8
29295,9734,327,6,243.61
29296,9734,777,6,1835.71
29297,9735,1967,9,2686.18
29298,9735,1917,4,1757.71
29299,9735,467,1,4086.32
29300,9735,17,7,1798.5
29301,9736,748,7,4900.72
29302,9736,1798,2,347.61
29303,9737,906,4,3833.03
29304,9737,106,7,238.43
29305,9737,1606,3,2955.92
29306,9738,548,1,1417.05
29307,9738,1498,1,3271.16
29308,9739,613,10,4774.75
29309,9740,568,4,3086.44
29310,9741,148,8,4222.95
29311,9741,448,10,3398.23
29312,9741,1798,4,3508.49
29313,9741,398,3,123.19
29314,9742,1762,9,4265.12
29315,9742,1712,4,4554.29
29316,9742,62,5,804.29
29317,9742,12,9,3684.27
29318,9743,119,1,2023.92
29319,9743,1269,2,2078.83
29320,9743,1769,4,4165.3
29321,9744,1222,8,294.07
29322,9744,1172,5,1862.02
29323,9744,1772,3,1626.11
29324,9745,1454,5,1577.06
29325,9745,1502,7,3108.78
29326,9745,1873,9,1868.4
29327,9745,143,4,4989.72
29328,9745,586,7,113.08
29329,9746,1739,7,4554.38
29330,9746,1332,3,832.66
29331,9746,292,9,4080.92
29332,9746,894,1,196.55
29333,9747,233,6,1382.52
29334,9747,383,10,3570.76
29335,9747,583,10,1912.77
29336,9748,1752,9,1403.41
29337,9749,1837,1,125.94
29338,9749,1804,4,2470.64
29339,9749,401,10,3930.28
29340,9750,599,9,4005.91
29341,9750,749,9,2508.74
29342,9750,99,10,4756.66
29343,9750,1599,3,978.12
29344,9750,699,3,1169.24
29345,9751,1745,1,899.31
29346,9751,1345,1,220.25
29347,9752,1732,10,2972.85
29348,9752,1819,2,1292.47
29349,9753,786,2,4707.5
29350,9753,1486,9,2817.33
29351,9753,1586,7,2614.12
29352,9753,1486,8,713.7
29353,9754,619,10,4971.26
29354,9754,515,3,4361.87
29355,9754,1498,2,2539.21
29356,9754,379,7,2308.91
29357,9754,940,4,3533.56
29358,9755,1683,8,2169.85
29359,9755,1083,1,3790.02
29360,9755,1633,6,3625.84
29361,9755,1983,9,937.72
29362,9756,527,5,456.16
29363,9757,606,8,970.82
29364,9757,1136,9,2977.34
29365,9757,1045,2,647.04
29366,9757,1631,2,643.62
29367,9757,1404,6,4310.51
29368,9758,199,5,2536.69
29369,9758,224,6,367.3
29370,9759,1619,4,2863.67
29371,9759,569,2,2344.59
29372,9759,19,4,1007.79
29373,9759,1519,1,595.35
29374,9760,1311,7,4210.59
29375,9760,1279,9,2601.51
29376,9760,315,2,4884.83
29377,9760,1201,8,4017.36
29378,9760,358,5,2843.44
29379,9761,1930,6,3598.07
29380,9761,1030,3,1292.87
29381,9761,480,10,1632.91
29382,9761,1580,6,2881.88
29383,9761,680,1,1975.72
29384,9762,1681,6,910.4
29385,9762,860,8,2254.15
29386,9763,110,7,1936.73
29387,9763,1810,2,1429.22
29388,9763,260,2,3004.64
29389,9764,246,1,1616.9
29390,9764,1108,10,3598.1
29391,9765,434,9,4358.83
29392,9765,1084,3,739.74
29393,9765,584,5,887.11
29394,9765,1234,3,1995.83
29395,9766,631,1,2845.36
29396,9766,1931,9,1705.5
29397,9766,131,9,325.05
29398,9766,1331,3,2687.79
29399,9766,1581,3,638.87
29400,9767,748,9,1442.2
29401,9767,298,10,4017.01
29402,9768,1486,3,2075.29
29403,9768,886,7,937.54
29404,9768,1536,2,2740.48
29405,9769,7,2,2379.5
29406,9769,7,8,1340.13
29407,9769,557,1,3187.95
29408,9769,1957,8,1001.13
29409,9770,1116,2,658.19
29410,9770,1316,3,3141.84
29411,9770,916,4,2641.77
29412,9770,816,4,1068.87
29413,9770,716,1,1912.25
29414,9771,1096,5,3909.76
29415,9771,1246,3,4658.36
29416,9772,1174,4,3060.28
29417,9772,1474,5,200.04
29418,9772,324,7,366.61
29419,9773,1041,1,164.75
29420,9773,891,7,3737.01
29421,9774,1122,7,4066.36
29422,9774,872,9,2876.87
29423,9774,1222,10,3752.72
29424,9774,1772,1,1479.05
29425,9774,1472,5,227.61
29426,9775,356,8,2602.93
29427,9775,1206,8,2858.47
29428,9775,1456,2,1055.55
29429,9775,706,5,1645.1
29430,9775,1556,4,481.42
29431,9776,349,6,2149.79
29432,9776,1799,7,4506.32
29433,9776,1099,10,98.08
29434,9776,1349,6,1866.87
29435,9776,749,9,3776.22
29436,9777,104,4,2115.94
29437,9778,1795,6,4630.96
29438,9778,495,4,644.46
29439,9778,1945,1,2284.43
29440,9779,680,2,4652.33
29441,9780,1553,2,104.02
29442,9780,853,3,2446.64
29443,9781,144,3,815.22
29444,9781,1606,9,3868.31
29445,9781,1170,2,324.33
29446,9781,1922,8,793.54
29447,9782,384,2,1875.36
29448,9783,1677,4,881.34
29449,9784,1705,9,3099.58
29450,9784,552,4,1300.15
29451,9784,789,1,3424.61
29452,9784,1913,9,4465.17
29453,9784,1274,9,1551.95
29454,9785,1467,10,1599.46
29455,9786,848,2,3953.42
29456,9786,711,5,1496.01
29457,9786,397,10,1626.54
29458,9786,1268,2,342.48
29459,9787,580,8,4446.43
29460,9787,367,6,2521.36
29461,9787,576,8,582.21
29462,9787,1395,10,618.06
29463,9788,241,3,3906.29
29464,9788,1441,3,4909.04
29465,9788,491,7,1737.89
29466,9788,941,6,4869.61
29467,9789,1035,7,602.75
29468,9789,1053,7,532.14
29469,9789,1706,7,3937.36
29470,9790,1859,8,2223.8
29471,9790,259,4,4013.51
29472,9791,523,7,1877.13
29473,9791,1073,4,725.7
29474,9791,623,9,375.88
29475,9791,1023,10,2205.29
29476,9792,1604,7,1016.86
29477,9792,1804,9,410.31
29478,9792,304,5,2892.56
29479,9792,854,2,710.51
29480,9792,1304,6,479.61
29481,9793,1405,9,4433.42
29482,9793,1275,5,2997.48
29483,9793,1170,6,2403.6
29484,9793,585,6,2103.0
29485,9794,1861,2,2842.24
29486,9794,1561,6,426.56
29487,9794,1511,3,2268.82
29488,9795,729,4,661.05
29489,9795,1779,6,1570.27
29490,9795,1029,8,2177.4
29491,9795,579,6,162.65
29492,9795,179,2,1484.26
29493,9796,502,6,3618.94
29494,9796,1726,9,2312.32
29495,9796,315,7,2115.56
29496,9797,847,9,51.64
29497,9797,1219,5,823.22
29498,9797,533,10,813.77
29499,9798,54,1,3325.59
29500,9798,454,10,4815.58
29501,9798,104,1,4483.48
29502,9798,1754,2,1745.07
29503,9798,1004,3,2337.44
29504,9799,290,3,4177.22
29505,9799,840,3,1722.05
29506,9799,1490,7,3311.51
29507,9800,7,5,4285.25
29508,9800,757,2,3529.42
29509,9800,57,6,4369.27
29510,9801,76,5,4281.74
29511,9801,1976,6,3082.81
29512,9801,1276,5,1047.57
29513,9801,426,1,3836.68
29514,9801,1076,4,136.68
29515,9802,254,9,3716.42
29516,9802,1554,7,3473.71
29517,9802,1704,5,3487.0
29518,9803,86,8,4582.44
29519,9803,1486,3,3068.18
29520,9803,1086,1,4101.95
29521,9803,136,8,2943.02
29522,9804,391,10,461.56
29523,9804,41,1,1356.22
29524,9804,741,6,3123.48
29525,9805,842,10,799.13
29526,9805,1692,5,4793.92
29527,9806,1895,5,2914.26
29528,9806,645,3,3312.03
29529,9806,195,1,3656.78
29530,9806,745,1,389.14
29531,9806,295,1,3967.75
29532,9807,350,6,3223.65
29533,9807,1450,7,4536.98
29534,9807,1800,5,3573.19
29535,9807,1850,3,459.07
29536,9808,1484,8,2800.88
29537,9808,134,8,2921.03
29538,9809,1981,5,3592.22
29539,9809,1122,9,4280.34
29540,9809,175,1,4610.79
29541,9809,1233,6,400.0
29542,9810,680,10,2944.13
29543,9810,1980,9,3290.82
29544,9810,1330,6,4573.11
29545,9811,1061,6,2883.43
29546,9812,91,4,2851.68
29547,9812,1161,2,1707.66
29548,9813,1498,5,365.27
29549,9813,1298,8,1193.68
29550,9813,1898,2,1031.53
29551,9813,748,10,3469.3
29552,9813,1798,2,1246.63
29553,9814,1799,2,2635.91
29554,9814,949,7,3648.98
29555,9814,1849,9,4728.17
29556,9815,1966,7,4750.69
29557,9816,1139,4,4180.03
29558,9817,1459,3,2162.05
29559,9817,1609,9,652.7
29560,9818,1625,8,240.33
29561,9818,1266,5,2710.87
29562,9818,1449,4,1428.74
29563,9818,714,2,3053.39
29564,9818,875,1,375.3
29565,9819,503,3,2661.17
29566,9819,95,2,3798.27
29567,9819,1895,9,4753.75
29568,9819,1874,5,2186.27
29569,9819,1648,8,1951.15
29570,9820,34,5,3153.47
29571,9820,1249,8,3268.07
29572,9821,24,6,1798.97
29573,9821,1324,3,4143.13
29574,9821,1874,4,2195.03
29575,9821,1474,6,613.05
29576,9822,1182,10,3983.68
29577,9822,382,8,3245.39
29578,9822,1382,4,1466.12
29579,9823,877,6,4387.98
29580,9823,1027,3,899.99
29581,9823,277,4,2289.82
29582,9824,93,6,4685.2
29583,9824,393,1,1937.08
29584,9824,1143,4,857.43
29585,9824,1193,1,3877.04
29586,9825,1513,6,3109.46
29587,9825,1213,9,1379.27
29588,9825,863,6,4908.82
29589,9825,963,1,2850.78
29590,9826,1118,1,1335.95
29591,9826,118,10,3954.49
29592,9826,1268,7,2542.64
29593,9827,486,1,1588.41
29594,9827,786,7,4884.6
29595,9827,1186,1,1371.9
29596,9827,1186,6,659.25
29597,9827,1186,1,4835.0
29598,9828,1239,9,2464.23
29599,9828,1439,9,67.22
29600,9828,1539,3,4682.49
29601,9829,1259,7,4649.67
29602,9830,870,7,2791.5
29603,9831,611,5,82.86
29604,9831,961,5,3916.0
29605,9831,1161,1,836.03
29606,9831,711,2,1050.5
29607,9832,1279,1,4885.78
29608,9832,690,1,3435.5
29609,9832,680,2,1716.04
29610,9833,230,7,310.12
29611,9833,1930,2,3536.13
29612,9833,130,10,2289.31
29613,9833,230,2,3406.08
29614,9833,1980,4,1488.63
29615,9834,668,2,3380.74
29616,9835,1520,7,2771.87
29617,9835,320,10,3984.29
29618,9835,320,3,2879.39
29619,9835,220,4,4387.44
29620,9836,1501,1,650.88
29621,9836,1341,9,1549.68
29622,9836,259,3,1562.48
29623,9836,259,4,2893.11
29624,9837,1493,2,3497.55
29625,9838,897,2,1280.51
29626,9838,997,1,2005.22
29627,9838,247,3,2712.21
29628,9839,975,7,1912.44
29629,9839,25,9,4182.7
29630,9839,75,8,4550.35
29631,9839,1575,3,2803.72
29632,9839,1575,10,1251.71
29633,9840,649,10,3343.52
29634,9840,1666,1,243.71
29635,9841,1183,1,3450.59
29636,9841,433,3,1995.2
29637,9841,633,9,789.45
29638,9841,1483,5,3651.79
29639,9842,1987,3,3222.46
29640,9843,367,7,2295.4
29641,9843,1854,10,4220.34
29642,9843,887,4,4382.8
29643,9843,1635,3,3464.91
29644,9843,210,9,3400.12
29645,9844,504,7,298.54
29646,9844,406,7,1603.22
29647,9844,1327,4,3372.28
29648,9844,624,4,1922.74
29649,9844,978,8,2843.62
29650,9845,48,2,3560.6
29651,9846,526,5,4756.24
29652,9847,65,7,4418.67
29653,9847,765,10,1775.66
29654,9847,15,2,3565.52
29655,9847,515,5,2446.57
29656,9847,865,9,3975.82
29657,9848,1023,10,2095.27
29658,9848,696,1,4664.18
29659,9848,1917,4,2718.58
29660,9848,1690,1,3787.54
29661,9849,868,5,1644.76
29662,9850,854,2,1496.76
29663,9850,904,5,4559.68
29664,9850,1904,6,4850.4
29665,9850,1704,2,3558.85
29666,9850,1004,4,2715.75
29667,9851,1266,9,4911.1
29668,9851,116,5,1638.62
29669,9851,1750,10,642.3
29670,9851,586,7,2374.07
29671,9852,1321,5,1155.89
29672,9852,471,9,4022.58
29673,9852,1471,9,1131.17
29674,9853,1798,5,3088.49
29675,9853,226,9,3591.88
29676,9853,1336,6,1600.75
29677,9853,1388,3,4942.77
29678,9854,1750,8,601.11
29679,9854,40,4,2330.03
29680,9855,28,2,3104.13
29681,9855,428,2,2368.76
29682,9856,483,1,2158.13
29683,9856,233,4,2376.18
29684,9857,176,1,199.06
29685,9857,1776,9,1509.71
29686,9857,1626,3,4841.61
29687,9857,226,2,4354.68
29688,9857,626,8,4157.16
29689,9858,483,5,1176.83
29690,9858,333,9,1787.37
29691,9858,1783,8,4724.96
29692,9859,1003,1,674.63
29693,9859,1853,9,1651.32
29694,9859,253,9,399.66
29695,9859,453,7,83.67
29696,9859,1853,3,1036.69
29697,9860,1163,5,4527.81
29698,9861,1207,10,2087.75
29699,9862,665,3,1275.6
29700,9862,965,9,3978.24
29701,9862,115,3,2856.5
29702,9862,1915,2,3867.73
29703,9862,1565,6,2136.49
29704,9863,947,3,392.0
29705,9864,689,10,1588.81
29706,9864,1939,3,1327.45
29707,9864,539,7,3344.28
29708,9864,39,3,717.52
29709,9865,690,9,371.72
29710,9865,1690,8,4539.51
29711,9866,1742,7,4273.92
29712,9867,1625,7,4830.92
29713,9867,1825,6,3283.25
29714,9867,1975,1,266.88
29715,9868,90,7,1001.15
29716,9868,815,8,3254.19
29717,9869,988,9,2056.24
29718,9869,638,8,2864.82
29719,9869,538,6,4392.04
29720,9869,288,7,688.95
29721,9870,1412,4,2087.27
29722,9871,866,3,4389.51
29723,9871,621,5,2087.05
29724,9871,373,4,4064.87
29725,9871,863,2,4196.76
29726,9871,867,7,1225.65
29727,9872,956,5,4661.49
29728,9872,486,2,4974.2
29729,9872,593,8,967.64
29730,9872,972,10,4786.87
29731,9873,70,6,2745.94
29732,9873,920,1,849.1
29733,9873,1570,3,4015.73
29734,9874,349,9,1657.53
29735,9875,625,4,4648.24
29736,9875,1825,4,583.06
29737,9875,25,9,3115.73
29738,9875,1925,7,2117.85
29739,9875,1375,3,3487.05
29740,9876,322,7,2988.16
29741,9876,597,9,4263.27
29742,9877,1893,8,765.89
29743,9877,1543,2,4302.11
29744,9877,1243,4,4654.59
29745,9877,1743,9,4077.76
29746,9877,1593,2,1621.39
29747,9878,98,10,4205.7
29748,9878,1433,9,4753.35
29749,9878,1648,1,571.32
29750,9878,1060,10,4205.8
29751,9878,1820,10,607.86
29752,9879,1569,7,2098.71
29753,9879,1932,7,532.74
29754,9880,437,10,3453.28
29755,9880,387,1,2631.6
29756,9880,1737,10,65.78
29757,9880,837,3,4572.5
29758,9881,980,1,1747.55
29759,9882,1899,4,871.69
29760,9882,499,10,3615.21
29761,9882,1899,5,4807.76
29762,9882,49,7,897.38
29763,9883,1995,9,1608.2
29764,9884,1780,4,992.25
29765,9885,1593,4,700.71
29766,9885,1454,10,1355.38
29767,9886,1375,5,680.51
29768,9886,1775,5,4817.46
29769,9886,675,2,4822.96
29770,9887,508,7,272.83
29771,9887,1008,10,3637.0
29772,9887,958,7,1036.8
29773,9887,8,2,2832.28
29774,9887,1458,4,2011.01
29775,9888,1827,10,2703.63
29776,9888,227,9,3235.92
29777,9888,1977,8,563.78
29778,9888,1527,10,3008.64
29779,9889,240,7,591.37
29780,9889,790,4,1408.92
29781,9889,690,3,1718.05
29782,9890,410,3,358.72
29783,9890,1810,2,3934.6
29784,9890,1460,9,3294.26
29785,9890,810,3,3382.24
29786,9890,360,2,388.63
29787,9891,882,7,4676.25
29788,9892,1908,10,3653.43
29789,9892,1198,6,2487.28
29790,9893,1807,8,4174.06
29791,9893,1240,7,967.92
29792,9893,1722,3,577.94
29793,9893,912,6,1185.17
29794,9893,310,9,262.05
29795,9894,11,7,4128.25
29796,9894,461,10,2697.34
29797,9894,1011,8,4356.79
29798,9894,261,2,1054.21
29799,9894,611,10,2054.08
29800,9895,930,2,469.76
29801,9895,930,5,99.97
29802,9895,80,2,1884.09
29803,9896,1545,2,955.22
29804,9897,179,1,1568.72
29805,9897,801,9,2950.41
29806,9897,629,2,2623.86
29807,9898,1791,6,741.03
29808,9898,1141,7,3661.03
29809,9898,191,1,1806.02
29810,9898,1141,8,1285.66
29811,9898,741,2,374.43
29812,9899,8,8,1961.6
29813,9900,1934,7,454.36
29814,9900,584,9,3627.37
29815,9901,1343,6,713.0
29816,9901,1985,5,1941.99
29817,9901,1488,5,3490.85
29818,9901,1548,7,2453.81
29819,9902,1786,7,1602.27
29820,9902,1886,9,3448.11
29821,9902,1236,5,4319.83
29822,9903,52,6,4546.71
29823,9903,1902,7,4734.9
29824,9903,752,9,1498.75
29825,9904,1854,6,1855.83
29826,9905,1791,2,2198.71
29827,9905,1991,9,1637.97
29828,9906,1182,1,3208.85
29829,9906,1823,7,3445.03
29830,9906,421,2,2858.78
29831,9906,982,1,214.85
29832,9907,1619,9,1652.39
29833,9908,1303,7,4064.74
29834,9908,826,10,341.33
29835,9908,657,7,2520.51
29836,9908,1304,7,2833.48
29837,9908,1720,1,3249.88
29838,9909,1166,3,2650.55
29839,9910,768,10,3243.81
29840,9910,218,3,3055.89
29841,9910,468,1,1603.8
29842,9910,1968,5,1387.26
29843,9911,103,1,4474.69
29844,9911,1278,3,1227.48
29845,9911,1068,10,2381.88
29846,9911,169,6,4498.01
29847,9912,750,7,1679.22
29848,9912,500,4,1376.15
29849,9913,837,9,993.91
29850,9914,1395,7,1926.19
29851,9914,1895,6,3991.4
29852,9914,595,1,2067.55
29853,9914,945,8,4104.76
29854,9914,1245,10,4934.82
29855,9915,155,2,1269.86
29856,9915,968,5,1379.4
29857,9916,1246,10,2037.4
29858,9917,1811,4,1496.32
29859,9917,1672,5,3690.3
29860,9917,763,8,1055.83
29861,9918,911,4,2948.72
29862,9918,1411,9,3571.82
29863,9919,1500,8,1007.48
29864,9919,1050,10,555.71
29865,9919,800,2,4211.15
29866,9919,1400,4,4449.76
29867,9919,950,5,4336.99
29868,9920,570,3,1662.98
29869,9920,520,1,3622.5
29870,9920,1970,1,4312.85
29871,9920,1770,8,915.74
29872,9920,220,1,3833.62
29873,9921,1130,8,2100.97
29874,9921,980,9,1663.65
29875,9921,1430,2,2795.28
29876,9921,330,9,1161.69
29877,9922,1088,4,4262.82
29878,9922,1138,10,1490.22
29879,9922,1738,7,2447.5
29880,9923,1140,4,4250.23
29881,9924,926,7,1897.02
29882,9925,1368,4,4397.31
29883,9925,1868,9,4253.45
29884,9925,1118,10,2659.45
29885,9925,818,4,4510.6
29886,9926,1274,10,4223.49
29887,9927,574,7,3960.13
29888,9927,883,3,2539.5
29889,9927,1298,9,3871.62
29890,9927,1324,10,4619.91
29891,9928,587,8,215.39
29892,9928,1694,6,1959.36
29893,9928,617,1,2408.71
29894,9928,843,5,4642.81
29895,9928,1393,10,1916.52
29896,9929,192,1,4015.75
29897,9929,1392,9,66.84
29898,9929,342,9,1451.11
29899,9929,42,3,4349.14
29900,9929,1092,4,4988.55
29901,9930,516,5,2085.36
29902,9930,1516,8,1598.45
29903,9930,1166,8,2895.46
29904,9930,1916,3,4642.8
29905,9930,816,8,3567.78
29906,9931,483,10,3816.07
29907,9931,1783,7,424.6
29908,9931,133,10,2965.45
29909,9932,1122,9,3466.12
29910,9933,1344,6,1685.56
29911,9933,1144,6,1697.63
29912,9933,594,9,3689.24
29913,9933,294,9,1825.96
29914,9934,573,8,2523.54
29915,9935,1785,9,2004.18
29916,9935,185,7,3376.01
29917,9935,1285,5,1860.04
29918,9935,1035,10,3981.59
29919,9935,485,9,538.85
29920,9936,226,8,430.49
29921,9936,1126,5,4245.99
29922,9936,426,1,2789.3
29923,9936,726,1,4479.06
29924,9936,1326,10,293.67
29925,9937,1757,6,4712.25
29926,9937,207,5,2921.7
29927,9938,350,9,3972.83
29928,9938,750,3,321.91
29929,9939,1707,2,1641.68
29930,9939,907,6,4915.02
29931,9939,57,6,795.09
29932,9940,391,1,1019.2
29933,9940,791,7,4921.9
29934,9940,1241,5,3917.75
29935,9940,441,10,1361.22
29936,9941,1788,10,3938.85
29937,9941,1238,7,112.65
29938,9942,1247,8,4890.57
29939,9943,152,8,4916.99
29940,9943,1252,1,1874.18
29941,9943,802,1,4333.43
29942,9943,702,8,320.88
29943,9944,1188,6,3423.41
29944,9944,114,9,574.94
29945,9944,890,4,911.85
29946,9945,1764,7,4319.28
29947,9946,1071,9,4727.26
29948,9947,289,8,4995.0
29949,9947,1639,9,4987.81
29950,9947,1339,8,442.59
29951,9947,339,3,537.95
29952,9947,589,10,4210.85
29953,9948,1575,2,1739.1
29954,9948,1434,7,1502.31
29955,9949,678,9,1618.01
29956,9950,552,6,3046.14
29957,9950,102,4,4701.69
29958,9950,1252,10,4554.2
29959,9951,891,2,605.1
29960,9952,56,1,3177.08
29961,9952,556,9,2175.55
29962,9952,656,4,1565.08
29963,9952,1556,3,2955.05
29964,9953,1849,6,4855.64
29965,9953,399,8,3633.4
29966,9953,1899,6,3387.65
29967,9953,1099,1,4406.74
29968,9954,876,3,1410.93
29969,9954,776,10,3928.33
29970,9954,776,2,4800.35
29971,9954,1276,1,3508.05
29972,9955,1297,6,4934.64
29973,9955,697,6,1270.41
29974,9955,1697,3,4248.6
29975,9956,1906,9,85.54
29976,9956,206,7,4005.69
29977,9956,206,2,2695.93
29978,9956,106,5,3705.65
29979,9956,1706,8,2048.35
29980,9957,1895,3,860.56
29981,9958,1909,2,4852.89
29982,9959,1554,6,1306.31
29983,9959,404,8,2512.76
29984,9960,894,7,2851.87
29985,9960,1941,2,1197.93
29986,9961,1682,2,1139.25
29987,9961,1782,1,3487.9
29988,9961,982,7,3377.11
29989,9962,1169,7,3968.77
29990,9962,669,9,545.37
29991,9962,1369,4,845.76
29992,9962,969,1,3607.03
29993,9962,19,9,4530.94
29994,9963,1240,3,874.06
29995,9963,1863,9,988.64
29996,9963,1558,8,622.9
29997,9963,319,9,1716.14
29998,9964,1404,3,3994.02
29999,9964,104,9,750.95
30000,9964,104,1,499.91
30001,9964,1554,5,2593.82
30002,9965,1682,1,676.56
30003,9966,910,3,1696.86
30004,9966,832,5,614.86
30005,9966,408,8,796.69
30006,9967,276,3,2839.75
30007,9967,1426,8,53.72
30008,9968,1680,1,4190.88
30009,9968,1880,7,1376.63
30010,9968,1130,4,3231.04
30011,9968,30,8,2982.85
30012,9968,1680,5,2303.82
30013,9969,1629,9,626.93
30014,9969,422,2,1269.46
30015,9969,1188,2,253.47
30016,9970,1023,9,976.77
30017,9970,1823,5,1359.43
30018,9970,773,9,4896.75
30019,9970,723,9,2128.02
30020,9970,523,7,4941.82
30021,9971,431,10,4489.93
30022,9971,968,7,2653.4
30023,9972,1594,6,3999.56
30024,9973,833,2,2917.74
30025,9974,1634,1,3819.8
30026,9974,1134,3,4854.42
30027,9974,134,8,2880.48
30028,9975,882,1,3517.0
30029,9975,982,9,3490.72
30030,9975,1632,1,740.83
30031,9975,1982,5,1361.7
30032,9976,1334,9,4273.45
30033,9976,934,2,4199.53
30034,9976,1184,4,3239.11
30035,9977,52,6,4495.84
30036,9977,745,4,4394.24
30037,9977,738,5,1438.71
30038,9977,1621,2,943.37
30039,9977,1288,10,3484.38
30040,9978,442,9,4180.22
30041,9978,292,2,2893.49
30042,9978,1492,5,4015.6
30043,9978,1392,4,198.74
30044,9979,1313,7,626.34
30045,9979,1773,1,2146.92
30046,9979,1270,2,3446.98
30047,9979,1856,5,2071.87
30048,9979,1824,3,4016.71
30049,9980,633,10,4123.21
30050,9980,1383,9,4153.6
30051,9980,483,5,2901.59
30052,9980,833,10,278.56
30053,9980,1833,5,4300.03
30054,9981,1678,7,3571.12
30055,9981,178,6,2967.8
30056,9981,1428,5,368.09
30057,9982,1986,4,2684.4
30058,9982,174,5,4170.64
30059,9982,587,7,3546.25
30060,9982,1094,6,4496.99
30061,9982,1439,5,3544.39
30062,9983,144,1,3452.4
30063,9983,1844,9,4649.51
30064,9983,1944,8,3996.28
30065,9983,1344,1,576.62
30066,9983,44,3,1256.69
30067,9984,988,10,4887.98
30068,9984,488,5,4771.18
30069,9984,788,9,4305.05
30070,9984,1838,1,1032.89
30071,9984,1938,4,2263.38
30072,9985,671,3,3925.69
30073,9986,615,4,3059.54
30074,9986,965,10,4456.4
30075,9986,1465,2,3678.87
30076,9987,1713,3,4617.83
30077,9988,1350,9,2893.95
30078,9989,95,3,1930.12
30079,9989,245,9,3724.16
30080,9989,1995,5,1196.47
30081,9989,695,8,525.69
30082,9989,1045,3,1811.15
30083,9990,1958,4,884.8
30084,9990,1308,3,1213.3
30085,9990,1408,5,361.23
30086,9991,1392,2,3436.92
30087,9991,380,7,3790.68
30088,9991,919,9,3550.46
30089,9991,1061,5,4761.2
30090,9991,494,6,2731.58
30091,9992,34,7,778.56
30092,9992,384,4,2961.1
30093,9992,834,1,161.84
30094,9992,284,6,1327.44
30095,9992,1534,4,4801.74
30096,9993,1959,4,1080.0
30097,9993,1909,1,4053.14
30098,9993,1259,4,2302.49
30099,9993,559,4,4182.26
30100,9993,1659,9,3274.21
30101,9994,1245,1,4774.88
30102,9994,1295,8,2324.77
30103,9994,1595,5,1764.7
30104,9994,45,6,3797.92
30105,9995,242,5,886.65
30106,9996,392,2,3529.99
30107,9996,392,10,3951.54
30108,9997,1995,3,4466.89
30109,9997,1445,1,3009.02
30110,9997,1045,9,1382.39
30111,9997,1145,1,3908.57
30112,9997,495,6,2998.81
30113,9998,1190,3,2797.68
30114,9999,1206,5,4886.21
30115,10000,1343,1,3081.03
30116,10000,1893,6,3820.26
30117,10000,1093,1,3937.75
30118,10000,1143,6,4871.59
